scope,surface,source_owner,disposition,destination_owner,phase
destination,recovery_wal,worth-store/recovery-wal,create,worth-store/recovery-wal,phase-7
destination,recovery_wal::LogSequenceNumber,worth-store-wal/wal-topology/lsn,create,worth-store-wal/wal-topology/lsn,phase-3
destination,recovery_wal::VerifiedWalArtifact,worth-store-wal/artifact-store/segment-inventory/segment-inspection/owned-artifact,create,worth-store-wal/artifact-store/segment-inventory/segment-inspection/owned-artifact,phase-7
destination,recovery_wal::WalLsnRange,worth-store-wal/wal-topology/lsn-range,create,worth-store-wal/wal-topology/lsn-range,phase-3
destination,recovery_wal::WalSegmentArtifactIdentity,worth-store-wal/artifact-store/segment-inventory/artifact-name,create,worth-store-wal/artifact-store/segment-inventory/artifact-name,phase-3
destination,recovery_wal::WalSegmentGeneration,worth-store-wal/wal-topology/segment-identity,create,worth-store-wal/wal-topology/segment-identity,phase-3
destination,recovery_wal::WalSegmentId,worth-store-wal/wal-topology/segment-identity,create,worth-store-wal/wal-topology/segment-identity,phase-3
destination,AdmittedBTreeReplayPhysicalSource,worth-store-layout-indexes/recovery/btree_replay,create,worth-store-layout-indexes/recovery/btree_replay,phase-8
destination,AdmittedBTreeReplayPhysicalSource::admit,worth-store-layout-indexes/recovery/btree_replay,create,worth-store-layout-indexes/recovery/btree_replay,phase-8
destination,AdmittedBTreeReplayPhysicalSource::bind_intent,worth-store-layout-indexes/recovery/btree_replay,create,worth-store-layout-indexes/recovery/btree_replay,phase-8
destination,AdmittedBTreeReplayPhysicalSource::durable_source,worth-store-layout-indexes/recovery/btree_replay,create,worth-store-layout-indexes/recovery/btree_replay,phase-8
destination,AdmittedBTreeReplayPhysicalSource::identity,worth-store-layout-indexes/recovery/btree_replay,create,worth-store-layout-indexes/recovery/btree_replay,phase-8
destination,AdmittedBTreeReplayPhysicalSource::root_agreement,worth-store-layout-indexes/recovery/btree_replay,create,worth-store-layout-indexes/recovery/btree_replay,phase-8
destination,AdmittedBTreeReplayPhysicalSource::root_reference,worth-store-layout-indexes/recovery/btree_replay,create,worth-store-layout-indexes/recovery/btree_replay,phase-8
destination,AdmittedBTreeReplaySource,worth-store-layout-indexes/recovery/btree_replay,create,worth-store-layout-indexes/recovery/btree_replay,phase-8
destination,AdmittedBTreeReplaySource::durable_source,worth-store-layout-indexes/recovery/btree_replay,create,worth-store-layout-indexes/recovery/btree_replay,phase-8
destination,AdmittedBTreeReplaySource::intent,worth-store-layout-indexes/recovery/btree_replay,create,worth-store-layout-indexes/recovery/btree_replay,phase-8
destination,AdmittedBTreeReplaySource::persisted_layout,worth-store-layout-indexes/recovery/btree_replay,create,worth-store-layout-indexes/recovery/btree_replay,phase-8
destination,AdmittedBTreeReplaySource::physical_source,worth-store-layout-indexes/recovery/btree_replay,create,worth-store-layout-indexes/recovery/btree_replay,phase-8
destination,AdmittedBTreeReplaySource::reopen,worth-store-layout-indexes/recovery/btree_replay,create,worth-store-layout-indexes/recovery/btree_replay,phase-8
destination,AdmittedBTreeReplaySource::root_agreement,worth-store-layout-indexes/recovery/btree_replay,create,worth-store-layout-indexes/recovery/btree_replay,phase-8
destination,AdmittedBTreeReplaySource::root_reference,worth-store-layout-indexes/recovery/btree_replay,create,worth-store-layout-indexes/recovery/btree_replay,phase-8
destination,AdmittedReplayTailCursor,worth-store-wal/recovery-read,create,worth-store-wal/recovery-read,phase-3
destination,BTreeReplayPhysicalSourceIdentity,worth-store-layout-indexes/recovery/btree_replay,create,worth-store-layout-indexes/recovery/btree_replay,phase-8
destination,BTreeReplayRootAgreement,worth-store-layout-indexes/recovery/btree_replay,create,worth-store-layout-indexes/recovery/btree_replay,phase-8
destination,BTreeReplayRootAgreement::checkpoint_coverage,worth-store-layout-indexes/recovery/btree_replay,create,worth-store-layout-indexes/recovery/btree_replay,phase-8
destination,BTreeReplayRootAgreement::checkpoint_id,worth-store-layout-indexes/recovery/btree_replay,create,worth-store-layout-indexes/recovery/btree_replay,phase-8
destination,BTreeReplayRootAgreement::replay_tail,worth-store-layout-indexes/recovery/btree_replay,create,worth-store-layout-indexes/recovery/btree_replay,phase-8
destination,BTreeReplayRootAgreement::root_reference,worth-store-layout-indexes/recovery/btree_replay,create,worth-store-layout-indexes/recovery/btree_replay,phase-8
destination,BTreeReplaySourceDenial,worth-store-layout-indexes/recovery/btree_replay,create,worth-store-layout-indexes/recovery/btree_replay,phase-8
destination,LogSequenceNumber,worth-store-wal/wal-topology,create,worth-store-wal/wal-topology,phase-3
current,PageLsn,page_redo,preserve,worth-store-recovery-physics/page-redo,phase-4
current,PageLsn::from_lsn,page_redo,preserve,worth-store-recovery-physics/page-redo,phase-4
current,PageLsn::is_at_or_beyond,page_redo,preserve,worth-store-recovery-physics/page-redo,phase-4
current,PageLsn::is_covered_by_wal_range,page_redo,preserve,worth-store-recovery-physics/page-redo,phase-4
current,PageLsn::is_not_beyond_wal_frontier,page_redo,preserve,worth-store-recovery-physics/page-redo,phase-4
current,PageLsn::lsn,page_redo,preserve,worth-store-recovery-physics/page-redo,phase-4
current,PageLsnSkipApplyDecision,source_precedence,narrow,worth-store-recovery-physics/source-precedence,phase-3
current,PageLsnSkipApplyDecision::decide,source_precedence,narrow,worth-store-recovery-physics/source-precedence,phase-3
current,PageRedoApplicationBasis,page_redo,preserve,worth-store-recovery-physics/page-redo,phase-4
current,PageRedoApplicationBasis::idempotence_basis_digest,page_redo,preserve,worth-store-recovery-physics/page-redo,phase-4
current,PageRedoApplicationBasis::new,page_redo,preserve,worth-store-recovery-physics/page-redo,phase-4
current,PageRedoApplicationBasis::operation_digest,page_redo,preserve,worth-store-recovery-physics/page-redo,phase-4
current,PageRedoApplicationBasis::redo_lsn,page_redo,preserve,worth-store-recovery-physics/page-redo,phase-4
current,PageRedoApplicationBasis::target_generation,page_redo,preserve,worth-store-recovery-physics/page-redo,phase-4
current,PageRedoCounterSnapshot,page_redo,preserve,worth-store-recovery-physics/page-redo,phase-4
current,PageRedoCounterSnapshot::current_page_redo_skip_count,page_redo,preserve,worth-store-recovery-physics/page-redo,phase-4
current,PageRedoCounterSnapshot::empty,page_redo,preserve,worth-store-recovery-physics/page-redo,phase-4
current,PageRedoCounterSnapshot::generation_mismatch_denial_count,page_redo,preserve,worth-store-recovery-physics/page-redo,phase-4
current,PageRedoCounterSnapshot::idempotent_redo_application_count,page_redo,preserve,worth-store-recovery-physics/page-redo,phase-4
current,PageRedoCounterSnapshot::redo_basis_mismatch_denial_count,page_redo,preserve,worth-store-recovery-physics/page-redo,phase-4
current,PageRedoCounterSnapshot::redo_current_page_lsn_mismatch_denial_count,page_redo,preserve,worth-store-recovery-physics/page-redo,phase-4
current,PageRedoCounterSnapshot::stale_page_redo_required_count,page_redo,preserve,worth-store-recovery-physics/page-redo,phase-4
current,PageRedoDenial,page_redo,preserve,worth-store-recovery-physics/page-redo,phase-4
current,PageRedoDenial::counters,page_redo,preserve,worth-store-recovery-physics/page-redo,phase-4
current,PageRedoDenial::expected_lsn,page_redo,preserve,worth-store-recovery-physics/page-redo,phase-4
current,PageRedoDenial::expected_page,page_redo,preserve,worth-store-recovery-physics/page-redo,phase-4
current,PageRedoDenial::kind,page_redo,preserve,worth-store-recovery-physics/page-redo,phase-4
current,PageRedoDenial::observed_lsn,page_redo,preserve,worth-store-recovery-physics/page-redo,phase-4
current,PageRedoDenial::observed_page,page_redo,preserve,worth-store-recovery-physics/page-redo,phase-4
current,PageRedoDenialKind,page_redo,preserve,worth-store-recovery-physics/page-redo,phase-4
current,PageRedoDigestState,page_redo,preserve,worth-store-recovery-physics/page-redo,phase-4
current,PageRedoDigestState::new,page_redo,preserve,worth-store-recovery-physics/page-redo,phase-4
current,PageRedoDigestState::page_generation,page_redo,preserve,worth-store-recovery-physics/page-redo,phase-4
current,PageRedoDigestState::page_lsn,page_redo,preserve,worth-store-recovery-physics/page-redo,phase-4
current,PageRedoDigestState::physical_state_digest,page_redo,preserve,worth-store-recovery-physics/page-redo,phase-4
current,PageRedoEligibility,page_redo,preserve,worth-store-recovery-physics/page-redo,phase-4
current,PageRedoEligibility::apply_idempotent_redo,page_redo,preserve,worth-store-recovery-physics/page-redo,phase-4
current,PageRedoEligibility::classified_page_lsn,page_redo,preserve,worth-store-recovery-physics/page-redo,phase-4
current,PageRedoEligibility::counters,page_redo,preserve,worth-store-recovery-physics/page-redo,phase-4
current,PageRedoEligibility::kind,page_redo,preserve,worth-store-recovery-physics/page-redo,phase-4
current,PageRedoEligibility::page_generation,page_redo,preserve,worth-store-recovery-physics/page-redo,phase-4
current,PageRedoEligibility::record_idempotent_redo_application,page_redo,preserve,worth-store-recovery-physics/page-redo,phase-4
current,PageRedoEligibility::redo_frontier,page_redo,preserve,worth-store-recovery-physics/page-redo,phase-4
current,PageRedoEligibilityKind,page_redo,preserve,worth-store-recovery-physics/page-redo,phase-4
current,PhysicalRecoverySource,source_precedence,narrow,worth-store-recovery-physics/source-precedence,phase-3
destination,RecoveryCheckpointRecordSecurityMetadataEnvelope,worth-store-security/recovery-metadata,create,worth-store-security/recovery-metadata,phase-8
destination,RecoveryCheckpointRecordSecurityMetadataEnvelope::from_admitted_scope,worth-store-security/recovery-metadata,create,worth-store-security/recovery-metadata,phase-8
destination,RecoveryCheckpointRecordSecurityMetadataEnvelope::from_checkpoint_record_envelope,worth-store-security/recovery-metadata,create,worth-store-security/recovery-metadata,phase-8
destination,RecoveryCheckpointRecordSecurityMetadataEnvelope::identity,worth-store-security/recovery-metadata,create,worth-store-security/recovery-metadata,phase-8
destination,RecoveryCheckpointRecordSecurityMetadataEnvelope::security_metadata,worth-store-security/recovery-metadata,create,worth-store-security/recovery-metadata,phase-8
destination,RecoveryCheckpointRecordSecurityMetadataIdentity,worth-store-security/recovery-metadata,create,worth-store-security/recovery-metadata,phase-8
destination,RecoveryCheckpointRecordSecurityMetadataIdentity::checkpoint_epoch,worth-store-security/recovery-metadata,create,worth-store-security/recovery-metadata,phase-8
destination,RecoveryCheckpointRecordSecurityMetadataIdentity::from_store_checkpoint_record,worth-store-security/recovery-metadata,create,worth-store-security/recovery-metadata,phase-8
destination,RecoveryCheckpointRecordSecurityMetadataIdentity::new,worth-store-security/recovery-metadata,create,worth-store-security/recovery-metadata,phase-8
destination,RecoveryRootSecurityMetadataAdmission,worth-store-security/recovery-metadata,create,worth-store-security/recovery-metadata,phase-8
destination,RecoveryRootSecurityMetadataAdmission::from_physical_metadata,worth-store-security/recovery-metadata,create,worth-store-security/recovery-metadata,phase-8
destination,RecoveryRootSecurityMetadataAdmission::metadata,worth-store-security/recovery-metadata,create,worth-store-security/recovery-metadata,phase-8
destination,RecoveryRootSecurityMetadataAdmission::to_raw_security_scope_declaration,worth-store-security/recovery-metadata,create,worth-store-security/recovery-metadata,phase-8
destination,RecoveryRootSecurityMetadataEnvelope,worth-store-security/recovery-metadata,create,worth-store-security/recovery-metadata,phase-8
destination,RecoveryRootSecurityMetadataEnvelope::entry_identity,worth-store-security/recovery-metadata,create,worth-store-security/recovery-metadata,phase-8
destination,RecoveryRootSecurityMetadataEnvelope::from_recovery_entry,worth-store-security/recovery-metadata,create,worth-store-security/recovery-metadata,phase-8
destination,RecoveryRootSecurityMetadataEnvelope::security_metadata,worth-store-security/recovery-metadata,create,worth-store-security/recovery-metadata,phase-8
destination,RecoverySecurityScopePropagation,worth-store-security/recovery-metadata,create,worth-store-security/recovery-metadata,phase-8
destination,RecoverySecurityScopePropagation::admit,worth-store-security/recovery-metadata,create,worth-store-security/recovery-metadata,phase-8
destination,RecoverySecurityScopePropagation::admit_required,worth-store-security/recovery-metadata,create,worth-store-security/recovery-metadata,phase-8
destination,RecoverySecurityScopePropagation::checkpoint_record_identity,worth-store-security/recovery-metadata,create,worth-store-security/recovery-metadata,phase-8
destination,RecoverySecurityScopePropagation::counters,worth-store-security/recovery-metadata,create,worth-store-security/recovery-metadata,phase-8
destination,RecoverySecurityScopePropagation::entry_identity,worth-store-security/recovery-metadata,create,worth-store-security/recovery-metadata,phase-8
destination,RecoverySecurityScopePropagation::metadata,worth-store-security/recovery-metadata,create,worth-store-security/recovery-metadata,phase-8
destination,RecoverySecurityScopePropagation::wal_record_identity,worth-store-security/recovery-metadata,create,worth-store-security/recovery-metadata,phase-8
destination,RecoverySecurityScopePropagation::witness,worth-store-security/recovery-metadata,create,worth-store-security/recovery-metadata,phase-8
destination,RecoverySecurityScopePropagationCounters,worth-store-security/recovery-metadata,create,worth-store-security/recovery-metadata,phase-8
destination,RecoverySecurityScopePropagationCounters::from_wal_checkpoint_counters,worth-store-security/recovery-metadata,create,worth-store-security/recovery-metadata,phase-8
destination,RecoverySecurityScopePropagationCounters::root_scope_comparisons,worth-store-security/recovery-metadata,create,worth-store-security/recovery-metadata,phase-8
destination,RecoverySecurityScopePropagationCounters::root_store_counters,worth-store-security/recovery-metadata,create,worth-store-security/recovery-metadata,phase-8
destination,RecoverySecurityScopePropagationCounters::store_counters,worth-store-security/recovery-metadata,create,worth-store-security/recovery-metadata,phase-8
destination,RecoverySecurityScopePropagationCounters::wal_checkpoint_comparisons,worth-store-security/recovery-metadata,create,worth-store-security/recovery-metadata,phase-8
destination,RecoverySecurityScopePropagationCounters::wal_checkpoint_store_counters,worth-store-security/recovery-metadata,create,worth-store-security/recovery-metadata,phase-8
destination,RecoverySecurityScopePropagationCounters::with_root_scope_comparison,worth-store-security/recovery-metadata,create,worth-store-security/recovery-metadata,phase-8
destination,RecoverySecurityScopePropagationDenial,worth-store-security/recovery-metadata,create,worth-store-security/recovery-metadata,phase-8
destination,RecoverySecurityScopePropagationDenial::from_store_denial,worth-store-security/recovery-metadata,create,worth-store-security/recovery-metadata,phase-8
destination,RecoverySecurityScopePropagationDenial::store_denial,worth-store-security/recovery-metadata,create,worth-store-security/recovery-metadata,phase-8
destination,RecoverySecurityScopePropagationInput,worth-store-security/recovery-metadata,create,worth-store-security/recovery-metadata,phase-8
destination,RecoverySecurityScopePropagationInput::checkpoint_metadata,worth-store-security/recovery-metadata,create,worth-store-security/recovery-metadata,phase-8
destination,RecoverySecurityScopePropagationInput::checkpoint_record_identity,worth-store-security/recovery-metadata,create,worth-store-security/recovery-metadata,phase-8
destination,RecoverySecurityScopePropagationInput::entry_identity,worth-store-security/recovery-metadata,create,worth-store-security/recovery-metadata,phase-8
destination,RecoverySecurityScopePropagationInput::new,worth-store-security/recovery-metadata,create,worth-store-security/recovery-metadata,phase-8
destination,RecoverySecurityScopePropagationInput::root_artifact_present,worth-store-security/recovery-metadata,create,worth-store-security/recovery-metadata,phase-8
destination,RecoverySecurityScopePropagationInput::root_metadata,worth-store-security/recovery-metadata,create,worth-store-security/recovery-metadata,phase-8
destination,RecoverySecurityScopePropagationInput::wal_metadata,worth-store-security/recovery-metadata,create,worth-store-security/recovery-metadata,phase-8
destination,RecoverySecurityScopePropagationInput::wal_record_identity,worth-store-security/recovery-metadata,create,worth-store-security/recovery-metadata,phase-8
destination,RecoveryWalRecordSecurityMetadataEnvelope,worth-store-security/recovery-metadata,create,worth-store-security/recovery-metadata,phase-8
destination,RecoveryWalRecordSecurityMetadataEnvelope::from_admitted_scope,worth-store-security/recovery-metadata,create,worth-store-security/recovery-metadata,phase-8
destination,RecoveryWalRecordSecurityMetadataEnvelope::from_wal_record_envelope,worth-store-security/recovery-metadata,create,worth-store-security/recovery-metadata,phase-8
destination,RecoveryWalRecordSecurityMetadataEnvelope::identity,worth-store-security/recovery-metadata,create,worth-store-security/recovery-metadata,phase-8
destination,RecoveryWalRecordSecurityMetadataEnvelope::security_metadata,worth-store-security/recovery-metadata,create,worth-store-security/recovery-metadata,phase-8
destination,RecoveryWalRecordSecurityMetadataIdentity,worth-store-security/recovery-metadata,create,worth-store-security/recovery-metadata,phase-8
destination,RecoveryWalRecordSecurityMetadataIdentity::from_store_wal_record,worth-store-security/recovery-metadata,create,worth-store-security/recovery-metadata,phase-8
destination,RecoveryWalRecordSecurityMetadataIdentity::new,worth-store-security/recovery-metadata,create,worth-store-security/recovery-metadata,phase-8
destination,RecoveryWalRecordSecurityMetadataIdentity::sequence,worth-store-security/recovery-metadata,create,worth-store-security/recovery-metadata,phase-8
destination,WalLsnRange,worth-store-wal/wal-topology,create,worth-store-wal/wal-topology,phase-3
destination,WalSegmentGeneration,worth-store-wal/wal-topology,create,worth-store-wal/wal-topology,phase-3
destination,WalSegmentId,worth-store-wal/wal-topology,create,worth-store-wal/wal-topology,phase-3
destination,WalSegmentArtifactIdentity,worth-store-wal/artifact-store/segment-inventory,create,worth-store-wal/artifact-store/segment-inventory,phase-3
destination,WalSegmentInspection,worth-store-wal/artifact-store/segment-inventory/segment-inspection,create,worth-store-wal/artifact-store/segment-inventory/segment-inspection,phase-3
destination,AdmittedPhysicalRecovery,progression/admitted,create,worth-store-recovery-runtime/progression/admitted,phase-2
destination,AdmittedPhysicalRecovery::cancel_before_discovery,progression/admitted,create,worth-store-recovery-runtime/progression/admitted,phase-2
destination,AdmittedPhysicalRecovery::counters,progression/admitted,create,worth-store-recovery-runtime/progression/admitted,phase-2
destination,AdmittedPhysicalRecovery::limits,progression/admitted,create,worth-store-recovery-runtime/progression/admitted,phase-2
destination,AdmittedPhysicalRecovery::session_identity,progression/admitted,create,worth-store-recovery-runtime/progression/admitted,phase-2
destination,AdmittedPhysicalRecovery::store_identity,progression/admitted,create,worth-store-recovery-runtime/progression/admitted,phase-2
destination,AdmittedRecoveryFilesystemMedia,worth-store-physical-backend/recovery-media/admitted,create,worth-store-physical-backend/recovery-media/admitted,phase-2
destination,AdmittedRecoveryFilesystemMedia::bounded_discovery,worth-store-physical-backend/recovery-media/admitted,create,worth-store-physical-backend/recovery-media/admitted,phase-2
destination,AdmittedRecoveryFilesystemMedia::recovery_effect_count,worth-store-physical-backend/recovery-media/admitted,create,worth-store-physical-backend/recovery-media/admitted,phase-2
destination,AdmittedRecoveryFilesystemMedia::media_generation,worth-store-physical-backend/recovery-media/admitted,create,worth-store-physical-backend/recovery-media/admitted,phase-2
destination,AdmittedRecoveryFilesystemMedia::scheduler_capability_claim,worth-store-physical-backend/recovery-media/admitted,create,worth-store-physical-backend/recovery-media/admitted,phase-2
destination,AdmittedRecoveryFilesystemMedia::store_identity,worth-store-physical-backend/recovery-media/admitted,create,worth-store-physical-backend/recovery-media/admitted,phase-2
destination,BoundedRecoveryFilesystemDiscovery,worth-store-physical-backend/recovery-media/discovery,create,worth-store-physical-backend/recovery-media/discovery,phase-2
destination,DiscoveredPhysicalRecovery,progression/discovered,create,worth-store-recovery-runtime/progression/discovered,phase-3
destination,NamespaceDurablePhysicalRecovery,progression/namespace_durable,create,worth-store-recovery-runtime/progression/namespace_durable,phase-6
destination,PhysicalRecoveryBlock,entry/outcome,create,worth-store-recovery-runtime/entry/outcome,phase-3
destination,PhysicalRecoveryBlock::evidence,entry/outcome,create,worth-store-recovery-runtime/entry/outcome,phase-3
destination,PhysicalRecoveryBlock::recovery_effects,entry/outcome,create,worth-store-recovery-runtime/entry/outcome,phase-3
destination,PhysicalRecoveryBlock::session_identity,entry/outcome,create,worth-store-recovery-runtime/entry/outcome,phase-3
destination,PhysicalRecoveryBlock::store_identity,entry/outcome,create,worth-store-recovery-runtime/entry/outcome,phase-3
destination,PhysicalRecoveryBlockEvidence,entry/outcome,create,worth-store-recovery-runtime/entry/outcome,phase-3
destination,PhysicalRecoverySourceDenial,entry/source_denial,create,worth-store-recovery-runtime/entry/source_denial,phase-3
destination,PhysicalManifestObservationDenial,entry/source_denial,create,worth-store-recovery-runtime/entry/source_denial,phase-3
destination,PhysicalRecoveryBlockKind,entry/outcome,create,worth-store-recovery-runtime/entry/outcome,phase-3
destination,PhysicalRecoveryLimitDimension,entry/outcome,create,worth-store-recovery-runtime/entry/outcome,phase-3
destination,PhysicalRecoveryLimitFailure,entry/outcome,create,worth-store-recovery-runtime/entry/outcome,phase-3
destination,PhysicalRecoveryConstructionAuthority,worth-store/recovery-construction/authority,create,worth-store/recovery-construction/authority,phase-6
destination,PhysicalRecoveryConstructionPort,worth-store/recovery-construction/port,create,worth-store/recovery-construction/port,phase-6
destination,PhysicalRecoveryFreshnessAuthority,worth-store/recovery-freshness/authority,create,worth-store/recovery-freshness/authority,phase-2
destination,PhysicalRecoveryFreshnessAuthority::register_session,worth-store/recovery-freshness/registration,create,worth-store/recovery-freshness/registration,phase-2
destination,PhysicalRecoveryRegisteredSessionAuthority,worth-store/recovery-freshness/registration,create,worth-store/recovery-freshness/registration,phase-2
destination,PhysicalRecoveryRegisteredSessionAuthority::session_identity_bytes,worth-store/recovery-freshness/registration,create,worth-store/recovery-freshness/registration,phase-2
destination,PhysicalRecoveryFreshnessPort,worth-store/recovery-freshness/port,create,worth-store/recovery-freshness/port,phase-2
destination,PhysicalRecoveryFreshnessPort::admit,worth-store/recovery-freshness/port,create,worth-store/recovery-freshness/port,phase-2
destination,PhysicalRecoveryFreshnessPort::sample_binding,worth-store/recovery-freshness/port,create,worth-store/recovery-freshness/port,phase-4
destination,CheckpointCoveredWalCleanupAdmission,worth-store-wal/cleanup-admission,create,worth-store-wal/cleanup-admission,phase-7
destination,CheckpointCoveredWalCleanupAdmission::operation_count,worth-store-wal/cleanup-admission,create,worth-store-wal/cleanup-admission,phase-7
destination,CheckpointCoveredWalCleanupDenial,worth-store-wal/cleanup-admission,create,worth-store-wal/cleanup-admission,phase-7
destination,PHYSICAL_MUTATION_ATTEMPT_BINDING_DOMAIN,worth-store-wal/lib,create,worth-store-wal/lib,phase-7
destination,PHYSICAL_MUTATION_BINDING_COMPACTION_RECORD_DOMAIN,worth-store-physical-format/checkpoint/binding-compaction,create,worth-store-physical-format/checkpoint/binding-compaction,phase-7
destination,admit_checkpoint_covered_wal_cleanup,worth-store-wal/cleanup-admission,create,worth-store-wal/cleanup-admission,phase-7
destination,PhysicalRecoveryCoordination::admit_cleanup_plan,worth-store/recovery-coordination/cleanup,create,worth-store/recovery-coordination/cleanup,phase-7
destination,PhysicalRecoveryCoordinationCapacity,worth-store/recovery-coordination/capacity,create,worth-store/recovery-coordination/capacity,phase-2
destination,PhysicalRecoveryCoordinationCapacity::admit,worth-store/recovery-coordination/capacity,create,worth-store/recovery-coordination/capacity,phase-2
destination,PhysicalRecoveryCoordination,worth-store/recovery-coordination/owner,create,worth-store/recovery-coordination/owner,phase-2
destination,PhysicalRecoveryCoordination::is_ready,worth-store/recovery-coordination/owner,create,worth-store/recovery-coordination/owner,phase-2
destination,PhysicalRecoveryCoordination::shutdown_is_quiescent,worth-store/recovery-coordination/owner,create,worth-store/recovery-coordination/owner,phase-2
destination,PhysicalRecoveryCoordination::pause_at,worth-store/recovery-coordination/owner,create,worth-store/recovery-coordination/owner,phase-8
destination,PhysicalRecoveryCoordinationAdmissionError,worth-store/recovery-coordination/owner,create,worth-store/recovery-coordination/owner,phase-2
destination,PhysicalRecoveryRegisteredSessionAuthority::admit_coordination,worth-store/recovery-coordination/owner,create,worth-store/recovery-coordination/owner,phase-2
destination,PhysicalRecoveryProcessYieldpoint,worth-store/recovery-yieldpoint,create,worth-store/recovery-yieldpoint,phase-8
destination,PhysicalRecoveryProcessYieldpoint::new,worth-store/recovery-yieldpoint,create,worth-store/recovery-yieldpoint,phase-8
destination,PhysicalRecoveryProcessYieldpoint::new_with_wait_deadline,worth-store/recovery-yieldpoint,create,worth-store/recovery-yieldpoint,phase-8
destination,PhysicalRecoveryProcessYieldpoint::pause_after,worth-store/recovery-yieldpoint,create,worth-store/recovery-yieldpoint,phase-8
destination,PhysicalRecoveryProcessYieldpoint::stage,worth-store/recovery-yieldpoint,create,worth-store/recovery-yieldpoint,phase-8
destination,PhysicalRecoveryYieldpointWaitResult,worth-store/recovery-yieldpoint,create,worth-store/recovery-yieldpoint,phase-8
destination,PhysicalRecoveryYieldpointWaitResult::partial_effect_possible,worth-store/recovery-yieldpoint,create,worth-store/recovery-yieldpoint,phase-8
destination,PhysicalRecoveryYieldpointWaitResult::is_interrupted,worth-store/recovery-yieldpoint,create,worth-store/recovery-yieldpoint,phase-8
destination,PhysicalRecoveryYieldpointStage,worth-store/recovery-yieldpoint,create,worth-store/recovery-yieldpoint,phase-8
destination,PhysicalRecoveryYieldpointStage::from_label,worth-store/recovery-yieldpoint,create,worth-store/recovery-yieldpoint,phase-8
destination,PhysicalRecoveryYieldpointStage::label,worth-store/recovery-yieldpoint,create,worth-store/recovery-yieldpoint,phase-8
destination,PhysicalRecoveryOpenRequest,entry/request,create,worth-store-recovery-runtime/entry/request,phase-2
destination,PhysicalRecoveryOpenRequest::declare,entry/request,create,worth-store-recovery-runtime/entry/request,phase-2
destination,PhysicalRecoveryOpenRequest::admit,entry/request,create,worth-store-recovery-runtime/entry/request,phase-2
destination,PhysicalRecoveryAdmissionCounters,entry/counters,create,worth-store-recovery-runtime/entry/counters,phase-2
destination,PhysicalRecoveryEntryBindingDrift,entry/authority-binding,create,worth-store-recovery-runtime/entry/authority-binding,phase-2
destination,PhysicalRecoveryLimitDeclaration,entry/limits,create,worth-store-recovery-runtime/entry/limits,phase-2
destination,PhysicalRecoveryLimitDenial,entry/limits,create,worth-store-recovery-runtime/entry/limits,phase-2
destination,PhysicalRecoveryLimits,entry/limits,create,worth-store-recovery-runtime/entry/limits,phase-2
destination,PhysicalRecoveryLimits::admit,entry/limits,create,worth-store-recovery-runtime/entry/limits,phase-2
destination,PhysicalRecoveryMediaGeneration,worth-store-physical-backend/recovery-media/generation,create,worth-store-physical-backend/recovery-media/generation,phase-2
destination,PhysicalRecoveryOutcome,entry/outcome,create,worth-store-recovery-runtime/entry/outcome,phase-2
destination,PhysicalRecoveryPlatformAdmissionError,entry/authority,create,worth-store-recovery-runtime/entry/authority,phase-2
destination,PhysicalRecoveryPlatformAuthority,entry/authority,create,worth-store-recovery-runtime/entry/authority,phase-2
destination,PhysicalRecoveryPlatformAuthority::acquire,entry/authority,create,worth-store-recovery-runtime/entry/authority,phase-2
destination,PhysicalRecoveryPlatformAuthority::process_counters,entry/authority,create,worth-store-recovery-runtime/entry/authority,phase-2
destination,PhysicalRecoveryPlatformAuthority::qualified_backend_profile,entry/authority,create,worth-store-recovery-runtime/entry/authority,phase-2
destination,PhysicalRecoveryPlatformAuthority::session_identity,entry/authority,create,worth-store-recovery-runtime/entry/authority,phase-2
destination,PhysicalRecoveryPublicationIndeterminate,entry/outcome,create,worth-store-recovery-runtime/entry/outcome,phase-6
destination,PhysicalRecoveryRefusal,entry/outcome,create,worth-store-recovery-runtime/entry/outcome,phase-2
destination,PhysicalRecoveryRefusal::recovery_effects,entry/outcome,create,worth-store-recovery-runtime/entry/outcome,phase-2
destination,PhysicalRecoveryRefusalKind,entry/outcome,create,worth-store-recovery-runtime/entry/outcome,phase-2
destination,PhysicalRecoverySessionIdentity,entry/session,create,worth-store-recovery-runtime/entry/session,phase-2
destination,PhysicalRecoveryStaticConfiguration,entry/configuration,create,worth-store-recovery-runtime/entry/configuration,phase-2
destination,PhysicalRecoveryStaticConfiguration::current,entry/configuration,create,worth-store-recovery-runtime/entry/configuration,phase-2
destination,PlannedPhysicalRecovery,progression/planned,create,worth-store-recovery-runtime/progression/planned,phase-4
destination,RecoveredPhysicalRuntimeHandoff,handoff/recovered,create,worth-store-recovery-runtime/handoff/recovered,phase-6
destination,RecoveryCleanupPosture,handoff/cleanup_posture,create,worth-store-recovery-runtime/handoff/cleanup_posture,phase-7
destination,RecoveryObserverReport,worth-store-offline-verifier/c8-recovery-observation/report,create,worth-store-offline-verifier/c8-recovery-observation/report,phase-8
destination,RecoveryOperationFateSet,handoff/operation_fates,create,worth-store-recovery-runtime/handoff/operation_fates,phase-4
destination,RecoveryReportEnvelope,observation/report/model,create,worth-store-recovery-runtime/observation/report/model,phase-8
destination,RecoveryReportBlockCause,observation/report/model,create,worth-store-recovery-runtime/observation/report/model,phase-8
destination,RecoveryReportDenialCause,observation/report/model,create,worth-store-recovery-runtime/observation/report/model,phase-8
destination,RecoveryReportRefusalCause,observation/report/model,create,worth-store-recovery-runtime/observation/report/model,phase-8
destination,ReopenedPhysicalRecovery,progression/reopened,create,worth-store-recovery-runtime/progression/reopened,phase-6
destination,SelectedPhysicalRecovery,progression/selected,create,worth-store-recovery-runtime/progression/selected,phase-3
destination,StagedPhysicalRecovery,progression/staged,create,worth-store-recovery-runtime/progression/staged,phase-5
destination,ClosedRecoveryStagingGeneration,progression/staged,create,worth-store-recovery-runtime/progression/staged,phase-5
destination,ClosedRecoveryStagingGeneration::artifact_count,progression/staged,create,worth-store-recovery-runtime/progression/staged,phase-5
destination,ClosedRecoveryStagingGeneration::byte_count,progression/staged,create,worth-store-recovery-runtime/progression/staged,phase-5
destination,ClosedRecoveryStagingGeneration::content_identity,progression/staged,create,worth-store-recovery-runtime/progression/staged,phase-5
destination,ClosedRecoveryStagingGeneration::generation,progression/staged,create,worth-store-recovery-runtime/progression/staged,phase-5
destination,StagedPhysicalRecovery::base_image,progression/staged,create,worth-store-recovery-runtime/progression/staged,phase-5
destination,StagedPhysicalRecovery::closed_generation,progression/staged,create,worth-store-recovery-runtime/progression/staged,phase-5
destination,StagedPhysicalRecovery::discovery_counters,progression/staged,create,worth-store-recovery-runtime/progression/staged,phase-5
destination,StagedPhysicalRecovery::freshness_sample,progression/staged,create,worth-store-recovery-runtime/progression/staged,phase-5
destination,StagedPhysicalRecovery::is_quiescent,progression/staged,create,worth-store-recovery-runtime/progression/staged,phase-5
destination,StagedPhysicalRecovery::operation_fates,progression/staged,create,worth-store-recovery-runtime/progression/staged,phase-5
destination,StagedPhysicalRecovery::planning_counters,progression/staged,create,worth-store-recovery-runtime/progression/staged,phase-5
destination,StagedPhysicalRecovery::publication_plan,progression/staged,create,worth-store-recovery-runtime/progression/staged,phase-5
destination,StagedPhysicalRecovery::quiescence_plan,progression/staged,create,worth-store-recovery-runtime/progression/staged,phase-5
destination,StagedPhysicalRecovery::selected_sources,progression/staged,create,worth-store-recovery-runtime/progression/staged,phase-5
destination,StagedPhysicalRecovery::staging_counters,progression/staged,create,worth-store-recovery-runtime/progression/staged,phase-5
destination,StagedPhysicalRecovery::store_identity,progression/staged,create,worth-store-recovery-runtime/progression/staged,phase-5
destination,PhysicalRecoveryStagingCounters,entry/staging,create,worth-store-recovery-runtime/entry/staging,phase-5
destination,PhysicalRecoveryStagingDenial,entry/staging,create,worth-store-recovery-runtime/entry/staging,phase-5
destination,PlannedPhysicalRecovery::stage,progression/planned,create,worth-store-recovery-runtime/progression/planned,phase-5
destination,CompletedRecoveryStagingWrite,worth-store-physical-backend/recovery-media/staging,create,worth-store-physical-backend/recovery-media/staging,phase-5
destination,CompletedRecoveryStagingWrite::appended,worth-store-physical-backend/recovery-media/staging,create,worth-store-physical-backend/recovery-media/staging,phase-5
destination,CompletedRecoveryStagingWrite::artifact,worth-store-physical-backend/recovery-media/staging,create,worth-store-physical-backend/recovery-media/staging,phase-5
destination,CompletedRecoveryStagingWrite::byte_count,worth-store-physical-backend/recovery-media/staging,create,worth-store-physical-backend/recovery-media/staging,phase-5
destination,CompletedRecoveryStagingWrite::disposition,worth-store-physical-backend/recovery-media/staging,create,worth-store-physical-backend/recovery-media/staging,phase-5
destination,CompletedRecoveryStagingWrite::payload_digest,worth-store-physical-backend/recovery-media/staging,create,worth-store-physical-backend/recovery-media/staging,phase-5
destination,CompletedRecoveryStagingWrite::prefix_verified,worth-store-physical-backend/recovery-media/staging,create,worth-store-physical-backend/recovery-media/staging,phase-5
destination,RecoveryStagingWriteDisposition,worth-store-physical-backend/recovery-media/staging,create,worth-store-physical-backend/recovery-media/staging,phase-5
destination,RecoveryStagingWriteOutcome,worth-store-physical-backend/recovery-media/staging,create,worth-store-physical-backend/recovery-media/staging,phase-5
destination,StoreRecoveryBindingFreshnessSample,worth-store/recovery-freshness/binding,create,worth-store/recovery-freshness/binding,phase-4
destination,StoreRecoveryCleanupAttempt,worth-store/recovery-freshness/cleanup,create,worth-store/recovery-freshness/cleanup,phase-7
destination,StoreRecoveryCleanupFreshnessSample,worth-store/recovery-freshness/cleanup,create,worth-store/recovery-freshness/cleanup,phase-7
destination,QualifiedPhysicalBackendProfile,worth-store-physical-backend/recovery-media/profile,create,worth-store-physical-backend/recovery-media/profile,phase-2
destination,QualifiedRecoveryFilesystemMedia,worth-store-physical-backend/recovery-media/qualified,create,worth-store-physical-backend/recovery-media/qualified,phase-2
destination,QualifiedRecoveryFilesystemMedia::admit_persisted_store,worth-store-physical-backend/recovery-media/qualified,create,worth-store-physical-backend/recovery-media/qualified,phase-2
destination,QualifiedRecoveryFilesystemMedia::backend_profile,worth-store-physical-backend/recovery-media/qualified,create,worth-store-physical-backend/recovery-media/qualified,phase-2
destination,QualifiedRecoveryFilesystemMedia::media_generation,worth-store-physical-backend/recovery-media/qualified,create,worth-store-physical-backend/recovery-media/qualified,phase-2
destination,QualifiedRecoveryFilesystemMedia::qualify_existing,worth-store-physical-backend/recovery-media/qualified,create,worth-store-physical-backend/recovery-media/qualified,phase-2
destination,QualifiedRecoveryFilesystemMedia::recovery_effect_count,worth-store-physical-backend/recovery-media/qualified,create,worth-store-physical-backend/recovery-media/qualified,phase-2
destination,QualifiedRecoveryFilesystemMedia::root_ownership_identity,worth-store-physical-backend/recovery-media/qualified,create,worth-store-physical-backend/recovery-media/qualified,phase-2
destination,RecoveryFilesystemQualificationError,worth-store-physical-backend/recovery-media/qualification,create,worth-store-physical-backend/recovery-media/qualification,phase-2
destination,WorthStoreRecovery,lib,create,worth-store-recovery-runtime/lib,phase-6
destination,WorthStoreRecovery::recover,lib,create,worth-store-recovery-runtime/lib,phase-6
destination,WorthStoreRecovery::recover_with_process_yieldpoint,lib,create,worth-store-recovery-runtime/lib,phase-8
destination,AdmittedPhysicalRecovery::discover,progression/admitted,create,worth-store-recovery-runtime/progression/admitted,phase-3
destination,DiscoveredPhysicalRecovery::counters,progression/discovered,create,worth-store-recovery-runtime/progression/discovered,phase-3
destination,DiscoveredPhysicalRecovery::select,progression/discovered,create,worth-store-recovery-runtime/progression/discovered,phase-3
destination,PhysicalRecoveryDiscoveryCounters,progression/discovered,create,worth-store-recovery-runtime/progression/discovered,phase-3
destination,SelectedPhysicalRecovery::cancel_before_reconstruction,progression/selected,create,worth-store-recovery-runtime/progression/selected,phase-3
destination,SelectedPhysicalRecovery::checkpoint_identity,progression/selected,create,worth-store-recovery-runtime/progression/selected,phase-3
destination,SelectedPhysicalRecovery::compaction_generation,progression/selected,create,worth-store-recovery-runtime/progression/selected,phase-3
destination,SelectedPhysicalRecovery::discovery_counters,progression/selected,create,worth-store-recovery-runtime/progression/selected,phase-3
destination,SelectedPhysicalRecovery::residue_count,progression/selected,create,worth-store-recovery-runtime/progression/selected,phase-3
destination,SelectedPhysicalRecovery::root_generation,progression/selected,create,worth-store-recovery-runtime/progression/selected,phase-3
destination,SelectedPhysicalRecovery::root_role,progression/selected,create,worth-store-recovery-runtime/progression/selected,phase-3
destination,SelectedPhysicalRecovery::store_identity,progression/selected,create,worth-store-recovery-runtime/progression/selected,phase-3
destination,SelectedPhysicalRecovery::wal_frame_count,progression/selected,create,worth-store-recovery-runtime/progression/selected,phase-3
destination,SelectedPhysicalRecovery::wal_segment_count,progression/selected,create,worth-store-recovery-runtime/progression/selected,phase-3
destination,ObservedRecoveryArtifact,worth-store-physical-backend/recovery-media/discovery,create,worth-store-physical-backend/recovery-media/discovery,phase-3
destination,ObservedRecoveryArtifact::bytes,worth-store-physical-backend/recovery-media/discovery,create,worth-store-physical-backend/recovery-media/discovery,phase-3
destination,ObservedRecoveryArtifact::into_bytes,worth-store-physical-backend/recovery-media/discovery,create,worth-store-physical-backend/recovery-media/discovery,phase-3
destination,ObservedWalArtifact,worth-store-physical-backend/recovery-media/discovery,create,worth-store-physical-backend/recovery-media/discovery,phase-3
destination,ObservedWalArtifact::bytes,worth-store-physical-backend/recovery-media/discovery,create,worth-store-physical-backend/recovery-media/discovery,phase-3
destination,ObservedWalArtifact::entry_type,worth-store-physical-backend/recovery-media/discovery,create,worth-store-physical-backend/recovery-media/discovery,phase-3
destination,ObservedWalArtifact::name,worth-store-physical-backend/recovery-media/discovery,create,worth-store-physical-backend/recovery-media/discovery,phase-3
destination,RecoveryDiscoveryCounters,worth-store-physical-backend/recovery-media/discovery,create,worth-store-physical-backend/recovery-media/discovery,phase-3
destination,RecoveryDiscoveryFailure,worth-store-physical-backend/recovery-media/discovery,create,worth-store-physical-backend/recovery-media/discovery,phase-3
destination,RecoveryDiscoveryByteLimitScope,worth-store-physical-backend/recovery-media/discovery,create,worth-store-physical-backend/recovery-media/discovery,phase-3
destination,BoundedRecoveryFilesystemDiscovery::counters,worth-store-physical-backend/recovery-media/discovery,create,worth-store-physical-backend/recovery-media/discovery,phase-3
destination,BoundedRecoveryFilesystemDiscovery::finish,worth-store-physical-backend/recovery-media/discovery,create,worth-store-physical-backend/recovery-media/discovery,phase-3
destination,BoundedRecoveryFilesystemDiscovery::read_current_checkpoint,worth-store-physical-backend/recovery-media/discovery,create,worth-store-physical-backend/recovery-media/discovery,phase-3
destination,BoundedRecoveryFilesystemDiscovery::read_current_selector,worth-store-physical-backend/recovery-media/discovery,create,worth-store-physical-backend/recovery-media/discovery,phase-3
destination,BoundedRecoveryFilesystemDiscovery::read_previous_selector,worth-store-physical-backend/recovery-media/discovery,create,worth-store-physical-backend/recovery-media/discovery,phase-3
destination,BoundedRecoveryFilesystemDiscovery::read_root_manifest,worth-store-physical-backend/recovery-media/discovery,create,worth-store-physical-backend/recovery-media/discovery,phase-3
destination,BoundedRecoveryFilesystemDiscovery::read_wal_artifacts,worth-store-physical-backend/recovery-media/discovery,create,worth-store-physical-backend/recovery-media/discovery,phase-3
destination,BoundedRecoveryFilesystemDiscovery::store_identity,worth-store-physical-backend/recovery-media/discovery,create,worth-store-physical-backend/recovery-media/discovery,phase-3
current,PhysicalRootSourceCandidate,source_precedence,narrow,worth-store-recovery-physics/source-precedence,phase-3
current,PhysicalRootSourceCandidate::manifest,source_precedence,narrow,worth-store-recovery-physics/source-precedence,phase-3
current,PhysicalRootSourceCandidate::selector,source_precedence,narrow,worth-store-recovery-physics/source-precedence,phase-3
current,PhysicalRootSlotObservation,source_precedence,narrow,worth-store-recovery-physics/source-precedence,phase-3
current,PhysicalRootSlotObservation::rejection,source_precedence,narrow,worth-store-recovery-physics/source-precedence,phase-3
current,PhysicalRootCandidateDenial,source_precedence,narrow,worth-store-recovery-physics/source-precedence,phase-3
current,admit_physical_root_slot,source_precedence,narrow,worth-store-recovery-physics/source-precedence,phase-3
current,SelectedPhysicalRoot,source_precedence,narrow,worth-store-recovery-physics/source-precedence,phase-3
current,SelectedPhysicalRootRole,source_precedence,narrow,worth-store-recovery-physics/source-precedence,phase-3
current,PhysicalRootSelectionDenial,source_precedence,narrow,worth-store-recovery-physics/source-precedence,phase-3
current,select_current_previous_root,source_precedence,narrow,worth-store-recovery-physics/source-precedence,phase-3
current,SelectedPhysicalRoot::previous_rejected,source_precedence,narrow,worth-store-recovery-physics/source-precedence,phase-3
current,SelectedPhysicalRoot::current_rejected,source_precedence,narrow,worth-store-recovery-physics/source-precedence,phase-3
current,SelectedPhysicalRoot::retained_previous,source_precedence,narrow,worth-store-recovery-physics/source-precedence,phase-3
current,SelectedPhysicalRoot::role,source_precedence,narrow,worth-store-recovery-physics/source-precedence,phase-3
current,SelectedPhysicalRoot::selected,source_precedence,narrow,worth-store-recovery-physics/source-precedence,phase-3
current,PhysicalCheckpointBase,source_precedence,narrow,worth-store-recovery-physics/source-precedence,phase-3
current,PhysicalCheckpointBaseDenial,source_precedence,narrow,worth-store-recovery-physics/source-precedence,phase-3
current,PhysicalCheckpointBase::admit,source_precedence,narrow,worth-store-recovery-physics/source-precedence,phase-3
current,PhysicalCheckpointBase::checkpoint,source_precedence,narrow,worth-store-recovery-physics/source-precedence,phase-3
current,PhysicalCheckpointBase::share_checkpoint,source_precedence,narrow,worth-store-recovery-physics/source-precedence,phase-3
current,PhysicalCheckpointBase::wal_tail_begin_lsn,source_precedence,narrow,worth-store-recovery-physics/source-precedence,phase-3
current,PhysicalWalSegmentCandidate,source_precedence,narrow,worth-store-recovery-physics/source-precedence,phase-3
current,PhysicalWalSegmentCandidate::identity,source_precedence,narrow,worth-store-recovery-physics/source-precedence,phase-3
current,PhysicalWalSegmentCandidate::inspection,source_precedence,narrow,worth-store-recovery-physics/source-precedence,phase-3
current,PhysicalWalSegmentCandidate::interrupted_tail,source_precedence,narrow,worth-store-recovery-physics/source-precedence,phase-3
current,PhysicalWalSegmentCandidate::verified,source_precedence,narrow,worth-store-recovery-physics/source-precedence,phase-3
current,InspectedPhysicalWalArtifacts,source_precedence,narrow,worth-store-recovery-physics/source-precedence,phase-3
current,InspectedPhysicalWalArtifacts::byte_count,source_precedence,narrow,worth-store-recovery-physics/source-precedence,phase-3
current,InspectedPhysicalWalArtifacts::candidates,source_precedence,narrow,worth-store-recovery-physics/source-precedence,phase-3
current,InspectedPhysicalWalArtifacts::canonical_segment_count,source_precedence,narrow,worth-store-recovery-physics/source-precedence,phase-3
current,InspectedPhysicalWalArtifacts::corruptions,source_precedence,narrow,worth-store-recovery-physics/source-precedence,phase-3
current,InspectedPhysicalWalArtifacts::frame_count,source_precedence,narrow,worth-store-recovery-physics/source-precedence,phase-3
current,InspectedPhysicalWalArtifacts::rejected,source_precedence,narrow,worth-store-recovery-physics/source-precedence,phase-3
current,InspectedPhysicalWalArtifacts::residue,source_precedence,narrow,worth-store-recovery-physics/source-precedence,phase-3
current,InspectedPhysicalWalArtifacts::corruption_denials,source_precedence,narrow,worth-store-recovery-physics/source-precedence,phase-3
current,InspectedPhysicalWalArtifacts::frames_scanned,source_precedence,narrow,worth-store-recovery-physics/source-precedence,phase-3
current,InspectedPhysicalWalArtifacts::torn_suffix_bytes,source_precedence,narrow,worth-store-recovery-physics/source-precedence,phase-3
current,InspectedPhysicalWalArtifacts::torn_suffix_frames,source_precedence,narrow,worth-store-recovery-physics/source-precedence,phase-3
current,InspectedPhysicalWalArtifacts::valid_byte_count,source_precedence,narrow,worth-store-recovery-physics/source-precedence,phase-3
current,InspectedPhysicalWalArtifacts::valid_segment_count,source_precedence,narrow,worth-store-recovery-physics/source-precedence,phase-3
current,PhysicalWalArtifactCorruption,source_precedence,narrow,worth-store-recovery-physics/source-precedence,phase-3
current,PhysicalWalArtifactCorruption::artifact,source_precedence,narrow,worth-store-recovery-physics/source-precedence,phase-3
current,PhysicalWalArtifactCorruption::denial,source_precedence,narrow,worth-store-recovery-physics/source-precedence,phase-3
current,PhysicalWalArtifactCorruption::identity,source_precedence,narrow,worth-store-recovery-physics/source-precedence,phase-3
current,PhysicalWalArtifactInspectionDenial,source_precedence,narrow,worth-store-recovery-physics/source-precedence,phase-3
current,inspect_physical_wal_artifacts,source_precedence,narrow,worth-store-recovery-physics/source-precedence,phase-3
current,SelectedPhysicalWalTail,source_precedence,narrow,worth-store-recovery-physics/source-precedence,phase-3
current,SelectedPhysicalWalTailDenial,source_precedence,narrow,worth-store-recovery-physics/source-precedence,phase-3
current,SelectedPhysicalWalTail::byte_count,source_precedence,narrow,worth-store-recovery-physics/source-precedence,phase-3
current,SelectedPhysicalWalTail::frame_count,source_precedence,narrow,worth-store-recovery-physics/source-precedence,phase-3
current,SelectedPhysicalWalTail::segments,source_precedence,narrow,worth-store-recovery-physics/source-precedence,phase-3
current,CheckpointCoveredWalArtifact,source_precedence,narrow,worth-store-recovery-physics/source-precedence,phase-3
current,CheckpointCoveredWalArtifact::byte_count,source_precedence,narrow,worth-store-recovery-physics/source-precedence,phase-3
current,CheckpointCoveredWalArtifact::cleanup_safe,source_precedence,narrow,worth-store-recovery-physics/source-precedence,phase-3
current,CheckpointCoveredWalArtifact::identity,source_precedence,narrow,worth-store-recovery-physics/source-precedence,phase-3
current,CheckpointCoveredWalArtifact::inspection,source_precedence,narrow,worth-store-recovery-physics/source-precedence,phase-3
current,CheckpointCoveredWalArtifact::lsn_range,source_precedence,narrow,worth-store-recovery-physics/source-precedence,phase-3
current,CheckpointCoveredWalArtifact::into_verified_artifact,source_precedence,narrow,worth-store-recovery-physics/source-precedence,phase-3
current,SelectedPhysicalWalTail::checkpoint_covered,source_precedence,narrow,worth-store-recovery-physics/source-precedence,phase-3
current,admit_physical_wal_tail,source_precedence,narrow,worth-store-recovery-physics/source-precedence,phase-3
current,SelectedCompactionProduct,source_precedence,narrow,worth-store-recovery-physics/source-precedence,phase-3
current,SelectedCompactionProduct::admit,source_precedence,narrow,worth-store-recovery-physics/source-precedence,phase-3
current,SelectedCompactionProduct::cutover,source_precedence,narrow,worth-store-recovery-physics/source-precedence,phase-3
current,PhysicalRecoveryResidue,source_precedence,narrow,worth-store-recovery-physics/source-precedence,phase-3
current,PhysicalRecoveryResidueKind,source_precedence,narrow,worth-store-recovery-physics/source-precedence,phase-3
current,PhysicalRecoveryResidue::kind,source_precedence,narrow,worth-store-recovery-physics/source-precedence,phase-3
current,PhysicalRecoveryResidue::name,source_precedence,narrow,worth-store-recovery-physics/source-precedence,phase-3
current,PhysicalRecoveryResidue::new,source_precedence,narrow,worth-store-recovery-physics/source-precedence,phase-3
current,PhysicalRecoveryResidue::observed_bytes,source_precedence,narrow,worth-store-recovery-physics/source-precedence,phase-3
current,PhysicalRecoveryResidue::with_observed_bytes,source_precedence,narrow,worth-store-recovery-physics/source-precedence,phase-3
current,PhysicalSourceSelection,source_precedence,narrow,worth-store-recovery-physics/source-precedence,phase-3
current,PhysicalSourceSelectionDenial,source_precedence,narrow,worth-store-recovery-physics/source-precedence,phase-3
current,PhysicalSourceSelection::checkpoint,source_precedence,narrow,worth-store-recovery-physics/source-precedence,phase-3
current,PhysicalSourceSelection::compaction,source_precedence,narrow,worth-store-recovery-physics/source-precedence,phase-3
current,PhysicalSourceSelection::residue,source_precedence,narrow,worth-store-recovery-physics/source-precedence,phase-3
current,PhysicalSourceSelection::root,source_precedence,narrow,worth-store-recovery-physics/source-precedence,phase-3
current,PhysicalSourceSelection::wal_tail,source_precedence,narrow,worth-store-recovery-physics/source-precedence,phase-3
current,select_physical_recovery_sources,source_precedence,narrow,worth-store-recovery-physics/source-precedence,phase-3
destination,BoundedRecoveryFilesystemDiscovery::read_root_routing_block,worth-store-physical-backend/recovery-media/discovery,create,worth-store-physical-backend/recovery-media/discovery,phase-3
destination,SelectedPhysicalRecovery::distinct_page_and_extent_count,progression/selected,create,worth-store-recovery-runtime/progression/selected,phase-3
destination,SelectedPhysicalRecovery::selected_page_fact_count,progression/selected,create,worth-store-recovery-runtime/progression/selected,phase-3
current,PhysicalManifestBlockCandidate,source_precedence,narrow,worth-store-recovery-physics/source-precedence,phase-3
current,PhysicalManifestBlockCandidate::new,source_precedence,narrow,worth-store-recovery-physics/source-precedence,phase-3
current,PhysicalPageFactDenial,source_precedence,narrow,worth-store-recovery-physics/source-precedence,phase-3
current,SelectedPhysicalPageFacts,source_precedence,narrow,worth-store-recovery-physics/source-precedence,phase-3
current,SelectedPhysicalPageFacts::distinct_pages_and_extents,source_precedence,narrow,worth-store-recovery-physics/source-precedence,phase-3
current,SelectedPhysicalPageFacts::manifest_block_count,source_precedence,narrow,worth-store-recovery-physics/source-precedence,phase-3
current,SelectedPhysicalPageFacts::placements,source_precedence,narrow,worth-store-recovery-physics/source-precedence,phase-3
current,SelectedPhysicalPageFacts::root_generation,source_precedence,narrow,worth-store-recovery-physics/source-precedence,phase-3
current,SelectedPhysicalPageFacts::routing_blocks,source_precedence,narrow,worth-store-recovery-physics/source-precedence,phase-3
current,admit_physical_page_facts,source_precedence,narrow,worth-store-recovery-physics/source-precedence,phase-3
current,PhysicalSourceSelection::page_facts,source_precedence,narrow,worth-store-recovery-physics/source-precedence,phase-3
current,PhysicalSourceSelection::retained_previous_page_facts,source_precedence,narrow,worth-store-recovery-physics/source-precedence,phase-3
current,PhysicalSourceSelection::trace,source_precedence,narrow,worth-store-recovery-physics/source-precedence,phase-3
current,PhysicalSourceSelectionTrace,source_precedence,narrow,worth-store-recovery-physics/source-precedence,phase-3
current,PhysicalSourceSelectionTrace::checkpoint_selected,source_precedence,narrow,worth-store-recovery-physics/source-precedence,phase-3
current,PhysicalSourceSelectionTrace::current_rejected,source_precedence,narrow,worth-store-recovery-physics/source-precedence,phase-3
current,PhysicalSourceSelectionTrace::compaction_selected,source_precedence,narrow,worth-store-recovery-physics/source-precedence,phase-3
current,PhysicalSourceSelectionTrace::interrupted_wal_tail,source_precedence,narrow,worth-store-recovery-physics/source-precedence,phase-3
current,PhysicalSourceSelectionTrace::previous_rejected,source_precedence,narrow,worth-store-recovery-physics/source-precedence,phase-3
current,PhysicalSourceSelectionTrace::residue_count,source_precedence,narrow,worth-store-recovery-physics/source-precedence,phase-3
current,PhysicalSourceSelectionTrace::retained_previous,source_precedence,narrow,worth-store-recovery-physics/source-precedence,phase-3
current,PhysicalSourceSelectionTrace::root_role,source_precedence,narrow,worth-store-recovery-physics/source-precedence,phase-3
current,PhysicalSourceSelectionTrace::wal_segments,source_precedence,narrow,worth-store-recovery-physics/source-precedence,phase-3
destination,SelectedPhysicalRecovery::source_trace,progression/selected,create,worth-store-recovery-runtime/progression/selected,phase-3
destination,RecoveryDiscoveryArtifact,worth-store-physical-backend/recovery-media/discovery/artifact,create,worth-store-physical-backend/recovery-media/discovery/artifact,phase-3
destination,BoundedRecoveryFilesystemDiscovery::read_bootstrap_catalog,worth-store-physical-backend/recovery-media/discovery,create,worth-store-physical-backend/recovery-media/discovery,phase-3
destination,PhysicalRecoveryMediaObservationFailure,entry/source_denial,create,worth-store-recovery-runtime/entry/source_denial,phase-3
destination,RootRoutingBlockDecodeLimits,worth-store-physical-format/manifest/durable-root-routing/decode-limits,create,worth-store-physical-format/manifest/durable-root-routing/decode-limits,phase-3
destination,BoundedRootRoutingBlockDecodeDenial,worth-store-physical-format/manifest/durable-root-routing/decode-limits,create,worth-store-physical-format/manifest/durable-root-routing/decode-limits,phase-3
destination,PhysicalRootRoutingBlock::decode_bounded,worth-store-physical-format/manifest/durable-root-routing,create,worth-store-physical-format/manifest/durable-root-routing,phase-3
destination,WalActiveTailInspectionDenial,worth-store-wal/artifact-store/segment-inventory/segment-inspection/denial,create,worth-store-wal/artifact-store/segment-inventory/segment-inspection/denial,phase-3
destination,WalActiveTailInspectionFailure,worth-store-wal/artifact-store/segment-inventory/segment-inspection/denial,create,worth-store-wal/artifact-store/segment-inventory/segment-inspection/denial,phase-3
destination,WalActiveTailInspectionFailure::denial,worth-store-wal/artifact-store/segment-inventory/segment-inspection/denial,create,worth-store-wal/artifact-store/segment-inventory/segment-inspection/denial,phase-3
destination,WalActiveTailInspectionFailure::frames_scanned,worth-store-wal/artifact-store/segment-inventory/segment-inspection/denial,create,worth-store-wal/artifact-store/segment-inventory/segment-inspection/denial,phase-3
destination,inspect_bounded_wal_active_tail_with_evidence,worth-store-wal/artifact-store/segment-inventory/segment-inspection,create,worth-store-wal/artifact-store/segment-inventory/segment-inspection,phase-3
destination,artifact_store::WalActiveTailInspectionDenial,worth-store-wal/artifact-store/segment-inventory/segment-inspection/denial,create,worth-store-wal/artifact-store/segment-inventory/segment-inspection/denial,phase-3
destination,artifact_store::WalActiveTailInspectionFailure,worth-store-wal/artifact-store/segment-inventory/segment-inspection/denial,create,worth-store-wal/artifact-store/segment-inventory/segment-inspection/denial,phase-3
destination,artifact_store::WalActiveTailInspectionFailure::denial,worth-store-wal/artifact-store/segment-inventory/segment-inspection/denial,create,worth-store-wal/artifact-store/segment-inventory/segment-inspection/denial,phase-3
destination,artifact_store::WalActiveTailInspectionFailure::frames_scanned,worth-store-wal/artifact-store/segment-inventory/segment-inspection/denial,create,worth-store-wal/artifact-store/segment-inventory/segment-inspection/denial,phase-3
destination,artifact_store::inspect_bounded_wal_active_tail_with_evidence,worth-store-wal/artifact-store/segment-inventory/segment-inspection,create,worth-store-wal/artifact-store/segment-inventory/segment-inspection,phase-3
destination,ArtifactTreeAccessLimit,worth-store-physical-backend/filesystem-media/artifact-tree/failure,create,worth-store-physical-backend/filesystem-media/artifact-tree/failure,phase-3
destination,ArtifactTreeFailure::access_limit,worth-store-physical-backend/filesystem-media/artifact-tree/failure,create,worth-store-physical-backend/filesystem-media/artifact-tree/failure,phase-3
destination,ArtifactTreeFailure::recovery_damaged,worth-store-physical-backend/filesystem-media/artifact-tree/failure,create,worth-store-physical-backend/filesystem-media/artifact-tree/failure,phase-7
destination,ArtifactTreeFailure::recovery_denial,worth-store-physical-backend/filesystem-media/artifact-tree/failure,create,worth-store-physical-backend/filesystem-media/artifact-tree/failure,phase-7
destination,ArtifactTreeFailure::recovery_io,worth-store-physical-backend/filesystem-media/artifact-tree/failure,create,worth-store-physical-backend/filesystem-media/artifact-tree/failure,phase-7
destination,ArtifactTreeMedia::list_bounded,worth-store-physical-backend/filesystem-media/artifact-tree/media,create,worth-store-physical-backend/filesystem-media/artifact-tree/media,phase-3
destination,ArtifactTreeReplacement,worth-store-physical-backend/filesystem-media/artifact-tree/publication-effect/outcome,create,worth-store-physical-backend/filesystem-media/artifact-tree/publication-effect/outcome,phase-2
destination,ArtifactTreeReplacement::destination,worth-store-physical-backend/filesystem-media/artifact-tree/publication-effect/outcome,create,worth-store-physical-backend/filesystem-media/artifact-tree/publication-effect/outcome,phase-2
destination,ArtifactTreeReplacement::new,worth-store-physical-backend/filesystem-media/artifact-tree/publication-effect/outcome,create,worth-store-physical-backend/filesystem-media/artifact-tree/publication-effect/outcome,phase-2
destination,ArtifactTreeReplacement::source,worth-store-physical-backend/filesystem-media/artifact-tree/publication-effect/outcome,create,worth-store-physical-backend/filesystem-media/artifact-tree/publication-effect/outcome,phase-2
destination,RootProfileQualificationReport::profile_digest,worth-store-physical-backend/filesystem-media/qualification-report,create,worth-store-physical-backend/filesystem-media/qualification-report,phase-2
destination,DurableRootSelector,worth-store-physical-format/root-selector,create,worth-store-physical-format/root-selector,phase-2
destination,DurableRootSelector::decode,worth-store-physical-format/root-selector,create,worth-store-physical-format/root-selector,phase-2
destination,DurableRootSelector::encode,worth-store-physical-format/root-selector,create,worth-store-physical-format/root-selector,phase-2
destination,DurableRootSelector::format,worth-store-physical-format/root-selector,create,worth-store-physical-format/root-selector,phase-2
destination,DurableRootSelector::identity,worth-store-physical-format/root-selector,create,worth-store-physical-format/root-selector,phase-2
destination,DurableRootSelector::linked_root_generation,worth-store-physical-format/root-selector,create,worth-store-physical-format/root-selector,phase-2
destination,DurableRootSelector::linked_selector,worth-store-physical-format/root-selector,create,worth-store-physical-format/root-selector,phase-2
destination,DurableRootSelector::new,worth-store-physical-format/root-selector,create,worth-store-physical-format/root-selector,phase-2
destination,DurableRootSelector::role,worth-store-physical-format/root-selector,create,worth-store-physical-format/root-selector,phase-2
destination,DurableRootSelector::root_generation,worth-store-physical-format/root-selector,create,worth-store-physical-format/root-selector,phase-2
destination,DurableRootSelector::store_identity,worth-store-physical-format/root-selector,create,worth-store-physical-format/root-selector,phase-2
destination,ROOT_SELECTOR_BYTES,worth-store-physical-format/root-selector,create,worth-store-physical-format/root-selector,phase-2
destination,RootSelectorDecodeDenial,worth-store-physical-format/root-selector,create,worth-store-physical-format/root-selector,phase-2
destination,RootSelectorIdentity,worth-store-physical-format/root-selector,create,worth-store-physical-format/root-selector,phase-2
destination,RootSelectorIdentity::get,worth-store-physical-format/root-selector,create,worth-store-physical-format/root-selector,phase-2
destination,RootSelectorIdentity::new,worth-store-physical-format/root-selector,create,worth-store-physical-format/root-selector,phase-2
destination,RootSelectorRole,worth-store-physical-format/root-selector,create,worth-store-physical-format/root-selector,phase-2
destination,PersistedCompactionCutoverRecord,worth-store-physical-format/checkpoint/compaction-cutover-record,create,worth-store-physical-format/checkpoint/compaction-cutover-record,phase-3
destination,PersistedCompactionCutoverRecord::checkpoint,worth-store-physical-format/checkpoint/compaction-cutover-record,create,worth-store-physical-format/checkpoint/compaction-cutover-record,phase-3
destination,PersistedCompactionCutoverRecord::checkpoint_wal,worth-store-physical-format/checkpoint/compaction-cutover-record,create,worth-store-physical-format/checkpoint/compaction-cutover-record,phase-3
destination,PersistedCompactionCutoverRecord::product_generation,worth-store-physical-format/checkpoint/compaction-cutover-record,create,worth-store-physical-format/checkpoint/compaction-cutover-record,phase-3
destination,PersistedCompactionCutoverRecord::product_role,worth-store-physical-format/checkpoint/compaction-cutover-record,create,worth-store-physical-format/checkpoint/compaction-cutover-record,phase-3
destination,PersistedCompactionCutoverRecord::root,worth-store-physical-format/checkpoint/compaction-cutover-record,create,worth-store-physical-format/checkpoint/compaction-cutover-record,phase-3
destination,PersistedCompactionCutoverRecord::wal_cutoff_lsn_exclusive,worth-store-physical-format/checkpoint/compaction-cutover-record,create,worth-store-physical-format/checkpoint/compaction-cutover-record,phase-3
destination,PersistedCompactionProductRole,worth-store-physical-format/checkpoint/compaction-cutover-record,create,worth-store-physical-format/checkpoint/compaction-cutover-record,phase-3
destination,VerifiedCheckpointStream,worth-store-physical-format/checkpoint/inspection,create,worth-store-physical-format/checkpoint/inspection,phase-3
destination,VerifiedCheckpointStream::compaction_cutover,worth-store-physical-format/checkpoint/inspection,create,worth-store-physical-format/checkpoint/inspection,phase-3
destination,VerifiedCheckpointStream::encoded_bytes,worth-store-physical-format/checkpoint/inspection,create,worth-store-physical-format/checkpoint/inspection,phase-3
destination,VerifiedCheckpointStream::footer,worth-store-physical-format/checkpoint/inspection,create,worth-store-physical-format/checkpoint/inspection,phase-3
destination,VerifiedCheckpointStream::source,worth-store-physical-format/checkpoint/inspection,create,worth-store-physical-format/checkpoint/inspection,phase-3
destination,inspect_checkpoint_stream,worth-store-physical-format/checkpoint/inspection,create,worth-store-physical-format/checkpoint/inspection,phase-3
destination,BoundedRecoveryFilesystemDiscovery::read_extent_range,worth-store-physical-backend/recovery-media/discovery/addressed-payload,create,worth-store-physical-backend/recovery-media/discovery/addressed-payload,phase-4
destination,BoundedRecoveryFilesystemDiscovery::read_segment_membership_block,worth-store-physical-backend/recovery-media/discovery/addressed-payload,create,worth-store-physical-backend/recovery-media/discovery/addressed-payload,phase-4
destination,BoundedRecoveryFilesystemDiscovery::read_free_space_manifest,worth-store-physical-backend/recovery-media/discovery/addressed-payload,create,worth-store-physical-backend/recovery-media/discovery/addressed-payload,phase-4
destination,BoundedRecoveryFilesystemDiscovery::read_free_space_membership_block,worth-store-physical-backend/recovery-media/discovery/addressed-payload,create,worth-store-physical-backend/recovery-media/discovery/addressed-payload,phase-4
destination,BoundedRecoveryFilesystemDiscovery::read_segment_range,worth-store-physical-backend/recovery-media/discovery/addressed-payload,create,worth-store-physical-backend/recovery-media/discovery/addressed-payload,phase-4
destination,BoundedFreeSpaceMembershipBlockDecodeDenial,worth-store-physical-format/manifest/physical-free-space-membership-block,create,worth-store-physical-format/manifest/physical-free-space-membership-block,phase-4
destination,DurableFreeSpaceManifestHeader::segment_page_capacity,worth-store-physical-format/manifest/durable-free-space-header,create,worth-store-physical-format/manifest/durable-free-space-header,phase-4
destination,BoundedSegmentMembershipBlockDecodeDenial,worth-store-physical-format/manifest/durable-segment-routing,create,worth-store-physical-format/manifest/durable-segment-routing,phase-4
destination,FreeSpaceMembershipBlockDecodeLimits,worth-store-physical-format/manifest/physical-free-space-membership-block,create,worth-store-physical-format/manifest/physical-free-space-membership-block,phase-4
destination,PersistedPhysicalDataFrameSubject,worth-store-physical-format/physical-data-frame-identity,create,worth-store-physical-format/physical-data-frame-identity,phase-4
destination,PhysicalFreeSpaceMembershipBlock::decode_bounded,worth-store-physical-format/manifest/physical-free-space-membership-block,create,worth-store-physical-format/manifest/physical-free-space-membership-block,phase-4
destination,PhysicalRecoveryPageAdmissionDenial,entry/outcome,create,worth-store-recovery-runtime/entry/outcome,phase-4
destination,PhysicalRecoveryPlanningDenial,entry/outcome,create,worth-store-recovery-runtime/entry/outcome,phase-4
destination,PhysicalSegmentMembershipBlock::decode_bounded,worth-store-physical-format/manifest/durable-segment-routing,create,worth-store-physical-format/manifest/durable-segment-routing,phase-4
destination,PlannedPhysicalRecovery::publication_plan,progression/planned,create,worth-store-recovery-runtime/progression/planned,phase-4
destination,PlannedPhysicalRecovery::quiescence_plan,progression/planned,create,worth-store-recovery-runtime/progression/planned,phase-4
destination,PlannedPhysicalRecovery::staging_layout,progression/planned,create,worth-store-recovery-runtime/progression/planned,phase-4
destination,RecoveryBaseImageAction,progression/planned/basis,create,worth-store-recovery-runtime/progression/planned/basis,phase-4
destination,RecoveryBaseImageAction::ordinal,progression/planned/basis,create,worth-store-recovery-runtime/progression/planned/basis,phase-4
destination,RecoveryBaseImageAction::placement,progression/planned/basis,create,worth-store-recovery-runtime/progression/planned/basis,phase-4
destination,RecoveryBaseImagePlan,progression/planned/basis,create,worth-store-recovery-runtime/progression/planned/basis,phase-4
destination,RecoveryBaseImagePlan::actions,progression/planned/basis,create,worth-store-recovery-runtime/progression/planned/basis,phase-4
destination,RecoveryBaseImagePlan::destination_generation,progression/planned/basis,create,worth-store-recovery-runtime/progression/planned/basis,phase-4
destination,RecoveryBaseImagePlan::selected_root,progression/planned/basis,create,worth-store-recovery-runtime/progression/planned/basis,phase-4
destination,RecoveryBaseImagePlan::selected_selector,progression/planned/basis,create,worth-store-recovery-runtime/progression/planned/basis,phase-4
destination,RecoveryPublicationAction,progression/planned/basis,create,worth-store-recovery-runtime/progression/planned/basis,phase-4
destination,RecoveryPublicationPlan,progression/planned/basis,create,worth-store-recovery-runtime/progression/planned/basis,phase-4
destination,RecoveryQuiescencePlan,progression/planned/basis,create,worth-store-recovery-runtime/progression/planned/basis,phase-4
destination,RecoveryQuiescencePlan::expected_live_commands_after_close,progression/planned/basis,create,worth-store-recovery-runtime/progression/planned/basis,phase-4
destination,RecoveryQuiescencePlan::expected_live_media_handles_after_close,progression/planned/basis,create,worth-store-recovery-runtime/progression/planned/basis,phase-4
destination,RecoveryQuiescencePlan::publication_commands,progression/planned/basis,create,worth-store-recovery-runtime/progression/planned/basis,phase-4
destination,RecoveryQuiescencePlan::staging_commands,progression/planned/basis,create,worth-store-recovery-runtime/progression/planned/basis,phase-4
destination,RecoveryStagingAction,progression/planned/basis,create,worth-store-recovery-runtime/progression/planned/basis,phase-4
destination,RecoveryStagingAction::destination_generation,progression/planned/basis,create,worth-store-recovery-runtime/progression/planned/basis,phase-4
destination,RecoveryStagingAction::ordinal,progression/planned/basis,create,worth-store-recovery-runtime/progression/planned/basis,phase-4
destination,RecoveryStagingAction::source,progression/planned/basis,create,worth-store-recovery-runtime/progression/planned/basis,phase-4
destination,RecoveryStagingAction::steps,progression/planned/basis,create,worth-store-recovery-runtime/progression/planned/basis,phase-4
destination,RecoveryStagingLayoutPlan,progression/planned/basis,create,worth-store-recovery-runtime/progression/planned/basis,phase-4
destination,RecoveryStagingLayoutPlan::actions,progression/planned/basis,create,worth-store-recovery-runtime/progression/planned/basis,phase-4
destination,RecoveryStagingLayoutPlan::allocated_bytes,progression/planned/basis,create,worth-store-recovery-runtime/progression/planned/basis,phase-4
destination,RecoveryStagingLayoutPlan::allocated_targets,progression/planned/basis,create,worth-store-recovery-runtime/progression/planned/basis,phase-4
destination,RecoveryStagingLayoutPlan::base_image,progression/planned/basis,create,worth-store-recovery-runtime/progression/planned/basis,phase-4
destination,RecoveryStagingLayoutPlan::dirty_frames,progression/planned/basis,create,worth-store-recovery-runtime/progression/planned/basis,phase-4
destination,RecoveryStagingLayoutPlan::source_generation,progression/planned/basis,create,worth-store-recovery-runtime/progression/planned/basis,phase-4
destination,RecoveryStagingLayoutPlan::staging_generation,progression/planned/basis,create,worth-store-recovery-runtime/progression/planned/basis,phase-4
destination,RecoveryStagingLayoutPlan::write_bytes,progression/planned/basis,create,worth-store-recovery-runtime/progression/planned/basis,phase-4
destination,RecoveryStagingRedoStep,progression/planned/basis,create,worth-store-recovery-runtime/progression/planned/basis,phase-4
destination,RecoveryStagingRedoStep::operation,progression/planned/basis,create,worth-store-recovery-runtime/progression/planned/basis,phase-4
destination,RecoveryStagingRedoStep::prior,progression/planned/basis,create,worth-store-recovery-runtime/progression/planned/basis,phase-4
destination,RecoveryStagingRedoStep::record_index,progression/planned/basis,create,worth-store-recovery-runtime/progression/planned/basis,phase-4
destination,RecoveryStagingRedoStep::record_lsn,progression/planned/basis,create,worth-store-recovery-runtime/progression/planned/basis,phase-4
destination,RecoveryStagingRedoStep::target_index,progression/planned/basis,create,worth-store-recovery-runtime/progression/planned/basis,phase-4
destination,SegmentMembershipBlockDecodeLimits,worth-store-physical-format/manifest/durable-segment-routing,create,worth-store-physical-format/manifest/durable-segment-routing,phase-4
destination,StoreRecoveryOperationEvidence::attempt_binding_identity,worth-store/recovery-freshness/binding/accessors,create,worth-store/recovery-freshness/binding/accessors,phase-4
destination,VerifiedWalFrame::encoded_bytes,worth-store-wal/artifact-store/segment-inventory/segment-inspection/owned-frame,create,worth-store-wal/artifact-store/segment-inventory/segment-inspection/owned-frame,phase-4
destination,artifact_store::VerifiedWalFrame::encoded_bytes,worth-store-wal/artifact-store/segment-inventory/segment-inspection/owned-frame,create,worth-store-wal/artifact-store/segment-inventory/segment-inspection/owned-frame,phase-4
destination,certified_absent_prior_image_digest,worth-store-physical-format/physical-data-frame-identity,create,worth-store-physical-format/physical-data-frame-identity,phase-4
destination,write_persisted_physical_data_frame_identity,worth-store-physical-format/physical-data-frame-identity,create,worth-store-physical-format/physical-data-frame-identity,phase-4
current,ImmutablePhysicalRedoPlan,redo_replay,narrow,worth-store-recovery-physics/redo-planning,phase-4
current,ImmutablePhysicalRedoPlan::admit_inline_allocation_truth,redo_replay,narrow,worth-store-recovery-physics/redo-planning,phase-4
current,ImmutablePhysicalRedoPlan::counters,redo_replay,narrow,worth-store-recovery-physics/redo-planning,phase-4
current,ImmutablePhysicalRedoPlan::decisions,redo_replay,narrow,worth-store-recovery-physics/redo-planning,phase-4
current,ImmutablePhysicalRedoPlan::resolved_decisions,redo_replay,narrow,worth-store-recovery-physics/redo-planning,phase-4
current,AdmittedPhysicalRedoMembers,redo_replay,narrow,worth-store-recovery-physics/redo-planning,phase-4
current,AdmittedPhysicalRedoMembers::observation_targets,redo_replay,narrow,worth-store-recovery-physics/redo-planning,phase-4
current,AdmittedPhysicalRedoMembers::plan,redo_replay,narrow,worth-store-recovery-physics/redo-planning,phase-4
current,AdmittedPhysicalRedoMembers::target_identities,redo_replay,narrow,worth-store-recovery-physics/redo-planning,phase-4
current,ImmutablePhysicalRedoPlan::operation_group_is_fully_materialized,redo_replay,narrow,worth-store-recovery-physics/redo-planning,phase-4
current,ImmutablePhysicalRedoPlan::projections,redo_replay,narrow,worth-store-recovery-physics/redo-planning,phase-4
current,ImmutablePhysicalRedoPlan::recovery_root_allocation_bytes,redo_replay,narrow,worth-store-recovery-physics/redo-planning,phase-4
current,PhysicalRedoAdmissionLimits,redo_replay,narrow,worth-store-recovery-physics/redo-planning,phase-4
current,PhysicalRedoGroupBinding,redo_replay,narrow,worth-store-recovery-physics/redo-planning,phase-4
current,PhysicalRedoGroupBinding::group_identity,redo_replay,narrow,worth-store-recovery-physics/redo-planning,phase-4
current,PhysicalRedoGroupBinding::member_count,redo_replay,narrow,worth-store-recovery-physics/redo-planning,phase-4
current,PhysicalRedoGroupBinding::member_identity,redo_replay,narrow,worth-store-recovery-physics/redo-planning,phase-4
current,PhysicalRedoGroupBinding::member_ordinal,redo_replay,narrow,worth-store-recovery-physics/redo-planning,phase-4
current,PhysicalRedoGroupBinding::membership_digest,redo_replay,narrow,worth-store-recovery-physics/redo-planning,phase-4
current,PhysicalRedoGroupBinding::new,redo_replay,narrow,worth-store-recovery-physics/redo-planning,phase-4
current,PhysicalRedoMemberInput::group,redo_replay,narrow,worth-store-recovery-physics/redo-planning,phase-4
current,PhysicalRedoMemberInput::new_grouped,redo_replay,narrow,worth-store-recovery-physics/redo-planning,phase-4
current,PhysicalRedoProjection,redo_replay,narrow,worth-store-recovery-physics/redo-planning,phase-4
current,PhysicalRedoProjection::fate,redo_replay,narrow,worth-store-recovery-physics/redo-planning,phase-4
current,PhysicalRedoProjection::group,redo_replay,narrow,worth-store-recovery-physics/redo-planning,phase-4
current,PhysicalRedoProjection::materialization,redo_replay,narrow,worth-store-recovery-physics/redo-planning,phase-4
current,PhysicalRedoProjection::operation,redo_replay,narrow,worth-store-recovery-physics/redo-planning,phase-4
current,admit_physical_redo_members,redo_replay,narrow,worth-store-recovery-physics/redo-planning,phase-4
current,OperationReconciliationDenial,operation_reconciliation,narrow,worth-store-recovery-physics/operation-reconciliation,phase-4
current,PhysicalRedoDecision,redo_replay,narrow,worth-store-recovery-physics/redo-planning,phase-4
current,PhysicalRedoDecision::operation,redo_replay,narrow,worth-store-recovery-physics/redo-planning,phase-4
current,PhysicalRedoDecision::kind,redo_replay,narrow,worth-store-recovery-physics/redo-planning,phase-4
current,PhysicalRedoDecision::prior,redo_replay,narrow,worth-store-recovery-physics/redo-planning,phase-4
current,PhysicalRedoDecision::record_index,redo_replay,narrow,worth-store-recovery-physics/redo-planning,phase-4
current,PhysicalRedoDecision::target_index,redo_replay,narrow,worth-store-recovery-physics/redo-planning,phase-4
current,PhysicalRedoDecisionKind,redo_replay,narrow,worth-store-recovery-physics/redo-planning,phase-4
current,PhysicalRedoDecisionPrior,redo_replay,narrow,worth-store-recovery-physics/redo-planning,phase-4
current,PhysicalRedoDecisionView,redo_replay,narrow,worth-store-recovery-physics/redo-planning,phase-4
current,PhysicalRedoDecisionView::kind,redo_replay,narrow,worth-store-recovery-physics/redo-planning,phase-4
current,PhysicalRedoDecisionView::operation,redo_replay,narrow,worth-store-recovery-physics/redo-planning,phase-4
current,PhysicalRedoDecisionView::prior,redo_replay,narrow,worth-store-recovery-physics/redo-planning,phase-4
current,PhysicalRedoDecisionView::record,redo_replay,narrow,worth-store-recovery-physics/redo-planning,phase-4
current,PhysicalRedoDecisionView::record_index,redo_replay,narrow,worth-store-recovery-physics/redo-planning,phase-4
current,PhysicalRedoDecisionView::target,redo_replay,narrow,worth-store-recovery-physics/redo-planning,phase-4
current,PhysicalRedoDecisionView::target_index,redo_replay,narrow,worth-store-recovery-physics/redo-planning,phase-4
current,PhysicalRedoExtentCoordinate,redo_replay,narrow,worth-store-recovery-physics/redo-planning,phase-4
current,PhysicalRedoExtentCoordinate::allocation_epoch,redo_replay,narrow,worth-store-recovery-physics/redo-planning,phase-4
current,PhysicalRedoExtentCoordinate::logical_bytes,redo_replay,narrow,worth-store-recovery-physics/redo-planning,phase-4
current,PhysicalRedoExtentCoordinate::logical_offset,redo_replay,narrow,worth-store-recovery-physics/redo-planning,phase-4
current,PhysicalRedoExtentCoordinate::record_ordinal,redo_replay,narrow,worth-store-recovery-physics/redo-planning,phase-4
current,PhysicalRedoMemberInput,redo_replay,narrow,worth-store-recovery-physics/redo-planning,phase-4
current,PhysicalRedoMemberInput::canonical_redo,redo_replay,narrow,worth-store-recovery-physics/redo-planning,phase-4
current,PhysicalRedoMemberInput::fate,redo_replay,narrow,worth-store-recovery-physics/redo-planning,phase-4
current,PhysicalRedoMemberInput::lsn_range,redo_replay,narrow,worth-store-recovery-physics/redo-planning,phase-4
current,PhysicalRedoMemberInput::new,redo_replay,narrow,worth-store-recovery-physics/redo-planning,phase-4
current,PhysicalRedoMemberInput::operation,redo_replay,narrow,worth-store-recovery-physics/redo-planning,phase-4
current,PhysicalRedoPlanCounters,redo_replay,narrow,worth-store-recovery-physics/redo-planning,phase-4
current,PhysicalRedoPlanCounters::apply,redo_replay,narrow,worth-store-recovery-physics/redo-planning,phase-4
current,PhysicalRedoPlanCounters::records,redo_replay,narrow,worth-store-recovery-physics/redo-planning,phase-4
current,PhysicalRedoPlanCounters::skip_operation,redo_replay,narrow,worth-store-recovery-physics/redo-planning,phase-4
current,PhysicalRedoPlanCounters::skip_page_lsn,redo_replay,narrow,worth-store-recovery-physics/redo-planning,phase-4
current,PhysicalRedoPlanCounters::targets,redo_replay,narrow,worth-store-recovery-physics/redo-planning,phase-4
current,PhysicalRedoPlanningDenial,redo_replay,narrow,worth-store-recovery-physics/redo-planning,phase-4
current,PhysicalRedoRecord,redo_replay,narrow,worth-store-recovery-physics/redo-planning,phase-4
current,PhysicalRedoRecord::bytes,redo_replay,narrow,worth-store-recovery-physics/redo-planning,phase-4
current,PhysicalRedoRecord::lsn,redo_replay,narrow,worth-store-recovery-physics/redo-planning,phase-4
current,PhysicalRedoRecord::ordinal,redo_replay,narrow,worth-store-recovery-physics/redo-planning,phase-4
current,PhysicalRedoRecord::targets,redo_replay,narrow,worth-store-recovery-physics/redo-planning,phase-4
current,PhysicalRedoTarget,redo_replay,narrow,worth-store-recovery-physics/redo-planning,phase-4
current,PhysicalRedoTarget::artifact,redo_replay,narrow,worth-store-recovery-physics/redo-planning,phase-4
current,PhysicalRedoTarget::artifact_length,redo_replay,narrow,worth-store-recovery-physics/redo-planning,phase-4
current,PhysicalRedoTarget::artifact_offset,redo_replay,narrow,worth-store-recovery-physics/redo-planning,phase-4
current,PhysicalRedoTarget::extent_coordinate,redo_replay,narrow,worth-store-recovery-physics/redo-planning,phase-4
current,PhysicalRedoTarget::identity,redo_replay,narrow,worth-store-recovery-physics/redo-planning,phase-4
current,PhysicalRedoTarget::resulting_digest,redo_replay,narrow,worth-store-recovery-physics/redo-planning,phase-4
current,PhysicalRedoTargetIdentity,redo_replay,narrow,worth-store-recovery-physics/redo-planning,phase-4
current,PhysicalWalSegmentCandidate::frames,source_precedence,narrow,worth-store-recovery-physics/source-precedence,phase-4
current,ReconciledOperationFate,operation_reconciliation,narrow,worth-store-recovery-physics/operation-reconciliation,phase-4
current,ReconciledOperationFate::fate,operation_reconciliation,narrow,worth-store-recovery-physics/operation-reconciliation,phase-4
current,ReconciledOperationFate::freshness,operation_reconciliation,narrow,worth-store-recovery-physics/operation-reconciliation,phase-4
current,ReconciledOperationFate::identity,operation_reconciliation,narrow,worth-store-recovery-physics/operation-reconciliation,phase-4
current,ReconciledOperationFate::lease_expiry_generation,operation_reconciliation,narrow,worth-store-recovery-physics/operation-reconciliation,phase-4
current,ReconciledOperationFate::lease_issuance_generation,operation_reconciliation,narrow,worth-store-recovery-physics/operation-reconciliation,phase-4
current,ReconciledOperationFate::request_fingerprint,operation_reconciliation,narrow,worth-store-recovery-physics/operation-reconciliation,phase-4
current,ReconciledOperationFates,operation_reconciliation,narrow,worth-store-recovery-physics/operation-reconciliation,phase-4
current,ReconciledOperationFates::acknowledged_durable,operation_reconciliation,narrow,worth-store-recovery-physics/operation-reconciliation,phase-4
current,ReconciledOperationFates::durable_unacknowledged,operation_reconciliation,narrow,worth-store-recovery-physics/operation-reconciliation,phase-4
current,ReconciledOperationFates::indeterminate,operation_reconciliation,narrow,worth-store-recovery-physics/operation-reconciliation,phase-4
current,ReconciledOperationFates::operations,operation_reconciliation,narrow,worth-store-recovery-physics/operation-reconciliation,phase-4
current,ReconciledOperationFates::proven_no_effect,operation_reconciliation,narrow,worth-store-recovery-physics/operation-reconciliation,phase-4
current,RecoveryBindingFreshness,operation_reconciliation,narrow,worth-store-recovery-physics/operation-reconciliation,phase-4
current,RecoveryOperationEvidenceInput,operation_reconciliation,narrow,worth-store-recovery-physics/operation-reconciliation,phase-4
current,RecoveryOperationEvidenceInput::new,operation_reconciliation,narrow,worth-store-recovery-physics/operation-reconciliation,phase-4
current,RecoveryOperationFate,operation_reconciliation,narrow,worth-store-recovery-physics/operation-reconciliation,phase-4
current,RecoveryOperationIdentity,operation_reconciliation,narrow,worth-store-recovery-physics/operation-reconciliation,phase-4
current,RecoveryOperationIdentity::idempotency,operation_reconciliation,narrow,worth-store-recovery-physics/operation-reconciliation,phase-4
current,RecoveryOperationIdentity::lifecycle,operation_reconciliation,narrow,worth-store-recovery-physics/operation-reconciliation,phase-4
current,RecoveryOperationIdentity::new,operation_reconciliation,narrow,worth-store-recovery-physics/operation-reconciliation,phase-4
current,RecoveryOperationIdentity::operation,operation_reconciliation,narrow,worth-store-recovery-physics/operation-reconciliation,phase-4
current,RecoveryOperationIdentity::runtime,operation_reconciliation,narrow,worth-store-recovery-physics/operation-reconciliation,phase-4
current,RecoveryOperationIdentity::store,operation_reconciliation,narrow,worth-store-recovery-physics/operation-reconciliation,phase-4
current,RecoveryPageObservation,redo_replay,narrow,worth-store-recovery-physics/redo-planning,phase-4
current,RecoveryPageObservation::frame_digest,redo_replay,narrow,worth-store-recovery-physics/redo-planning,phase-4
current,RecoveryPageObservation::absent,redo_replay,narrow,worth-store-recovery-physics/redo-planning,phase-4
current,RecoveryPageObservation::is_absent_prior,redo_replay,narrow,worth-store-recovery-physics/redo-planning,phase-4
current,RecoveryPageObservation::materialized,redo_replay,narrow,worth-store-recovery-physics/redo-planning,phase-4
current,RecoveryPageObservation::page_lsn,redo_replay,narrow,worth-store-recovery-physics/redo-planning,phase-4
current,RecoveryPageObservation::source,redo_replay,narrow,worth-store-recovery-physics/redo-planning,phase-4
current,RecoveryPageObservation::target,redo_replay,narrow,worth-store-recovery-physics/redo-planning,phase-4
current,RecoveryPageSource,redo_replay,narrow,worth-store-recovery-physics/redo-planning,phase-4
current,RecoveryPlanCost,recovery_budget,narrow,worth-store-recovery-physics/recovery-budget,phase-4
current,RecoveryPlanCost::new,recovery_budget,narrow,worth-store-recovery-physics/recovery-budget,phase-4
current,RecoveryPlanCost::operation_bindings,recovery_budget,narrow,worth-store-recovery-physics/recovery-budget,phase-4
current,RecoveryPlanCost::dirty_frames,recovery_budget,narrow,worth-store-recovery-physics/recovery-budget,phase-4
current,RecoveryPlanCost::distinct_targets,recovery_budget,narrow,worth-store-recovery-physics/recovery-budget,phase-4
current,RecoveryPlanCost::observation_bytes,recovery_budget,narrow,worth-store-recovery-physics/recovery-budget,phase-4
current,RecoveryPlanCost::observation_reads,recovery_budget,narrow,worth-store-recovery-physics/recovery-budget,phase-4
current,RecoveryPlanCost::redo_bytes,recovery_budget,narrow,worth-store-recovery-physics/recovery-budget,phase-4
current,RecoveryPlanCost::redo_targets,recovery_budget,narrow,worth-store-recovery-physics/recovery-budget,phase-4
current,RecoveryPlanCost::staging_bytes,recovery_budget,narrow,worth-store-recovery-physics/recovery-budget,phase-4
current,RecoveryPlanCost::peak_recovery_bytes,recovery_budget,narrow,worth-store-recovery-physics/recovery-budget,phase-4
current,RecoveryPlanCostDenial,recovery_budget,narrow,worth-store-recovery-physics/recovery-budget,phase-4
current,RecoveryPlanLimits,recovery_budget,narrow,worth-store-recovery-physics/recovery-budget,phase-4
current,RecoveryPlanLimits::new,recovery_budget,narrow,worth-store-recovery-physics/recovery-budget,phase-4
current,RecoveryPlanLimits::dirty_frames,recovery_budget,narrow,worth-store-recovery-physics/recovery-budget,phase-4
current,RecoveryPlanLimits::distinct_targets,recovery_budget,narrow,worth-store-recovery-physics/recovery-budget,phase-4
current,RecoveryPlanLimits::observation_bytes,recovery_budget,narrow,worth-store-recovery-physics/recovery-budget,phase-4
current,RecoveryPlanLimits::operation_bindings,recovery_budget,narrow,worth-store-recovery-physics/recovery-budget,phase-4
current,RecoveryPlanLimits::redo_bytes,recovery_budget,narrow,worth-store-recovery-physics/recovery-budget,phase-4
current,RecoveryPlanLimits::redo_targets,recovery_budget,narrow,worth-store-recovery-physics/recovery-budget,phase-4
current,RecoveryPlanLimits::staging_bytes,recovery_budget,narrow,worth-store-recovery-physics/recovery-budget,phase-4
current,RecoveryPlanLimits::recovery_memory_bytes,recovery_budget,narrow,worth-store-recovery-physics/recovery-budget,phase-4
current,RecoveryPlanningCounters,recovery_budget,narrow,worth-store-recovery-physics/recovery-budget,phase-4
current,RecoveryPlanningCounters::fate_counts,recovery_budget,narrow,worth-store-recovery-physics/recovery-budget,phase-4
current,RecoveryPlanningCounters::freshness_expired,recovery_budget,narrow,worth-store-recovery-physics/recovery-budget,phase-4
current,RecoveryPlanningCounters::freshness_retained,recovery_budget,narrow,worth-store-recovery-physics/recovery-budget,phase-4
current,RecoveryPlanningCounters::new,recovery_budget,narrow,worth-store-recovery-physics/recovery-budget,phase-4
current,RecoveryPlanningCounters::page_extent_bytes,recovery_budget,narrow,worth-store-recovery-physics/recovery-budget,phase-4
current,RecoveryPlanningCounters::page_extent_reads,recovery_budget,narrow,worth-store-recovery-physics/recovery-budget,phase-4
current,RecoveryPlanningCounters::redo_apply,recovery_budget,narrow,worth-store-recovery-physics/recovery-budget,phase-4
current,RecoveryPlanningCounters::redo_records,recovery_budget,narrow,worth-store-recovery-physics/recovery-budget,phase-4
current,RecoveryPlanningCounters::redo_skip_operation,recovery_budget,narrow,worth-store-recovery-physics/recovery-budget,phase-4
current,RecoveryPlanningCounters::redo_skip_page_lsn,recovery_budget,narrow,worth-store-recovery-physics/recovery-budget,phase-4
current,RecoveryPlanningCounters::redo_targets,recovery_budget,narrow,worth-store-recovery-physics/recovery-budget,phase-4
current,RecoveryPlanningCounters::peak_recovery_bytes,recovery_budget,narrow,worth-store-recovery-physics/recovery-budget,phase-4
current,RecoveryPlanningCounters::with_peak_recovery_bytes,recovery_budget,narrow,worth-store-recovery-physics/recovery-budget,phase-4
current,SelectedPhysicalWalTail::frames,source_precedence,narrow,worth-store-recovery-physics/source-precedence,phase-4
current,admit_recovery_plan_cost,recovery_budget,narrow,worth-store-recovery-physics/recovery-budget,phase-4
current,classify_binding_freshness,operation_reconciliation,narrow,worth-store-recovery-physics/operation-reconciliation,phase-4
current,decode_physical_redo_records,redo_replay,narrow,worth-store-recovery-physics/redo-planning,phase-4
current,physical_redo_observation_target_identities,redo_replay,narrow,worth-store-recovery-physics/redo-planning,phase-4
current,physical_redo_observation_targets,redo_replay,narrow,worth-store-recovery-physics/redo-planning,phase-4
current,physical_redo_target_identities,redo_replay,narrow,worth-store-recovery-physics/redo-planning,phase-4
current,plan_physical_redo,redo_replay,narrow,worth-store-recovery-physics/redo-planning,phase-4
current,reconcile_materialized_operation_fates,operation_reconciliation,narrow,worth-store-recovery-physics/operation-reconciliation,phase-4
current,reconcile_operation_fates,operation_reconciliation,narrow,worth-store-recovery-physics/operation-reconciliation,phase-4
destination,BoundedRecoveryFilesystemDiscovery::read_extent,worth-store-physical-backend/recovery-media/discovery/addressed-payload,create,worth-store-physical-backend/recovery-media/discovery/addressed-payload,phase-4
destination,BoundedRecoveryFilesystemDiscovery::read_extent_manifest,worth-store-physical-backend/recovery-media/discovery/addressed-payload,create,worth-store-physical-backend/recovery-media/discovery/addressed-payload,phase-4
destination,BoundedRecoveryFilesystemDiscovery::read_segment,worth-store-physical-backend/recovery-media/discovery/addressed-payload,create,worth-store-physical-backend/recovery-media/discovery/addressed-payload,phase-4
destination,BoundedRecoveryFilesystemDiscovery::read_segment_manifest,worth-store-physical-backend/recovery-media/discovery/addressed-payload,create,worth-store-physical-backend/recovery-media/discovery/addressed-payload,phase-4
destination,PhysicalCheckpointSecurityBinding,worth-store-physical-format/checkpoint/source,create,worth-store-physical-format/checkpoint/source,phase-4
destination,PhysicalCheckpointSecurityBinding::digest,worth-store-physical-format/checkpoint/source,create,worth-store-physical-format/checkpoint/source,phase-4
destination,PhysicalCheckpointSecurityBinding::idempotency_retention_generations,worth-store-physical-format/checkpoint/source,create,worth-store-physical-format/checkpoint/source,phase-4
destination,PhysicalCheckpointSecurityBinding::policy_identity,worth-store-physical-format/checkpoint/source,create,worth-store-physical-format/checkpoint/source,phase-4
destination,PhysicalCheckpointSource::secured_concurrent,worth-store-physical-format/checkpoint/source,create,worth-store-physical-format/checkpoint/source,phase-4
destination,PhysicalCheckpointSource::security_binding,worth-store-physical-format/checkpoint/source,create,worth-store-physical-format/checkpoint/source,phase-4
destination,PlannedPhysicalRecovery::cancel_before_execution,progression/planned,create,worth-store-recovery-runtime/progression/planned,phase-4
destination,PlannedPhysicalRecovery::discovery_counters,progression/planned,create,worth-store-recovery-runtime/progression/planned,phase-4
destination,PlannedPhysicalRecovery::freshness_sample,progression/planned,create,worth-store-recovery-runtime/progression/planned,phase-4
destination,PlannedPhysicalRecovery::operation_fates,progression/planned,create,worth-store-recovery-runtime/progression/planned,phase-4
destination,PlannedPhysicalRecovery::plan_cost,progression/planned,create,worth-store-recovery-runtime/progression/planned,phase-4
destination,PlannedPhysicalRecovery::planning_counters,progression/planned,create,worth-store-recovery-runtime/progression/planned,phase-4
destination,PlannedPhysicalRecovery::redo_plan,progression/planned,create,worth-store-recovery-runtime/progression/planned,phase-4
destination,PlannedPhysicalRecovery::selected_sources,progression/planned,create,worth-store-recovery-runtime/progression/planned,phase-4
destination,PlannedPhysicalRecovery::store_identity,progression/planned,create,worth-store-recovery-runtime/progression/planned,phase-4
destination,RecoveryOperationFateSet::acknowledged_durable,handoff/operation_fates,create,worth-store-recovery-runtime/handoff/operation_fates,phase-4
destination,RecoveryOperationFateSet::durable_unacknowledged,handoff/operation_fates,create,worth-store-recovery-runtime/handoff/operation_fates,phase-4
destination,RecoveryOperationFateSet::indeterminate,handoff/operation_fates,create,worth-store-recovery-runtime/handoff/operation_fates,phase-4
destination,RecoveryOperationFateSet::operations,handoff/operation_fates,create,worth-store-recovery-runtime/handoff/operation_fates,phase-4
destination,RecoveryOperationFateSet::proven_no_effect,handoff/operation_fates,create,worth-store-recovery-runtime/handoff/operation_fates,phase-4
destination,SelectedPhysicalRecovery::plan,progression/selected,create,worth-store-recovery-runtime/progression/selected,phase-4
destination,StoreRecoveryBindingFreshness,worth-store/recovery-freshness/binding,create,worth-store/recovery-freshness/binding,phase-4
destination,StoreRecoveryBindingFreshnessSample::operations,worth-store/recovery-freshness/binding/accessors,create,worth-store/recovery-freshness/binding/accessors,phase-4
destination,StoreRecoveryBindingFreshnessSample::policy_identity,worth-store/recovery-freshness/binding/accessors,create,worth-store/recovery-freshness/binding/accessors,phase-4
destination,StoreRecoveryBindingFreshnessSample::sealed_basis_identity,worth-store/recovery-freshness/binding/accessors,create,worth-store/recovery-freshness/binding/accessors,phase-4
destination,StoreRecoveryBindingFreshnessSample::selected_checkpoint_generation,worth-store/recovery-freshness/binding/accessors,create,worth-store/recovery-freshness/binding/accessors,phase-4
destination,StoreRecoveryBindingFreshnessSample::store_identity,worth-store/recovery-freshness/binding/accessors,create,worth-store/recovery-freshness/binding/accessors,phase-4
destination,StoreRecoveryBindingFreshnessSample::wal_members,worth-store/recovery-freshness/binding/accessors,create,worth-store/recovery-freshness/binding/accessors,phase-4
destination,StoreRecoveryBindingSampleDenial,worth-store/recovery-freshness/binding,create,worth-store/recovery-freshness/binding,phase-4
destination,StoreRecoveryBindingSampleFailure,worth-store/recovery-freshness/binding/failure,create,worth-store/recovery-freshness/binding/failure,phase-4
destination,StoreRecoveryBindingSampleFailure::denial,worth-store/recovery-freshness/binding/failure,create,worth-store/recovery-freshness/binding/failure,phase-4
destination,StoreRecoveryBindingSampleFailure::freshness_expired,worth-store/recovery-freshness/binding/failure,create,worth-store/recovery-freshness/binding/failure,phase-4
destination,StoreRecoveryBindingSampleFailure::freshness_retained,worth-store/recovery-freshness/binding/failure,create,worth-store/recovery-freshness/binding/failure,phase-4
destination,StoreRecoveryBindingSampleFailure::operation_bindings_observed,worth-store/recovery-freshness/binding/failure,create,worth-store/recovery-freshness/binding/failure,phase-4
destination,StoreRecoveryBindingSampleFailure::redo_bytes_observed,worth-store/recovery-freshness/binding/failure,create,worth-store/recovery-freshness/binding/failure,phase-4
destination,StoreRecoveryBindingSampleFailure::wal_members_observed,worth-store/recovery-freshness/binding/failure,create,worth-store/recovery-freshness/binding/failure,phase-4
destination,StoreRecoveryOperationEvidence,worth-store/recovery-freshness/binding,create,worth-store/recovery-freshness/binding,phase-4
destination,StoreRecoveryOperationEvidence::fate,worth-store/recovery-freshness/binding/accessors,create,worth-store/recovery-freshness/binding/accessors,phase-4
destination,StoreRecoveryOperationEvidence::freshness,worth-store/recovery-freshness/binding/accessors,create,worth-store/recovery-freshness/binding/accessors,phase-4
destination,StoreRecoveryOperationEvidence::idempotency_identity,worth-store/recovery-freshness/binding/accessors,create,worth-store/recovery-freshness/binding/accessors,phase-4
destination,StoreRecoveryOperationEvidence::lease_expiry_generation,worth-store/recovery-freshness/binding/accessors,create,worth-store/recovery-freshness/binding/accessors,phase-4
destination,StoreRecoveryOperationEvidence::lease_issuance_generation,worth-store/recovery-freshness/binding/accessors,create,worth-store/recovery-freshness/binding/accessors,phase-4
destination,StoreRecoveryOperationEvidence::mutation_identity,worth-store/recovery-freshness/binding/accessors,create,worth-store/recovery-freshness/binding/accessors,phase-4
destination,StoreRecoveryOperationEvidence::request_fingerprint,worth-store/recovery-freshness/binding/accessors,create,worth-store/recovery-freshness/binding/accessors,phase-4
destination,StoreRecoveryOperationFate,worth-store/recovery-freshness/binding,create,worth-store/recovery-freshness/binding,phase-4
destination,StoreRecoveryWalMember,worth-store/recovery-freshness/binding,create,worth-store/recovery-freshness/binding,phase-4
destination,StoreRecoveryWalMember::canonical_redo,worth-store/recovery-freshness/binding/accessors,create,worth-store/recovery-freshness/binding/accessors,phase-4
destination,StoreRecoveryWalMember::lsn_range,worth-store/recovery-freshness/binding/accessors,create,worth-store/recovery-freshness/binding/accessors,phase-4
destination,StoreRecoveryWalMember::operation_identity,worth-store/recovery-freshness/binding/accessors,create,worth-store/recovery-freshness/binding/accessors,phase-4
destination,StoreRecoveryWalMember::group_identity,worth-store/recovery-freshness/binding/accessors,create,worth-store/recovery-freshness/binding/accessors,phase-4
destination,StoreRecoveryWalMember::group_member_count,worth-store/recovery-freshness/binding/accessors,create,worth-store/recovery-freshness/binding/accessors,phase-4
destination,StoreRecoveryWalMember::group_member_identity,worth-store/recovery-freshness/binding/accessors,create,worth-store/recovery-freshness/binding/accessors,phase-4
destination,StoreRecoveryWalMember::group_member_ordinal,worth-store/recovery-freshness/binding/accessors,create,worth-store/recovery-freshness/binding/accessors,phase-4
destination,StoreRecoveryWalMember::group_membership_digest,worth-store/recovery-freshness/binding/accessors,create,worth-store/recovery-freshness/binding/accessors,phase-4
destination,PersistedInlineSegmentAllocation,worth-store-physical-format/recovery-projection/root-state,create,worth-store-physical-format/recovery-projection/root-state,phase-4
destination,PersistedInlineSegmentAllocation::new,worth-store-physical-format/recovery-projection/root-state,create,worth-store-physical-format/recovery-projection/root-state,phase-4
destination,PersistedInlineSegmentAllocation::page_capacity,worth-store-physical-format/recovery-projection/root-state,create,worth-store-physical-format/recovery-projection/root-state,phase-4
destination,PersistedInlineSegmentAllocation::segment,worth-store-physical-format/recovery-projection/root-state,create,worth-store-physical-format/recovery-projection/root-state,phase-4
destination,PersistedInlineSegmentAllocation::used_pages,worth-store-physical-format/recovery-projection/root-state,create,worth-store-physical-format/recovery-projection/root-state,phase-4
destination,PersistedPhysicalRecoveryFrame,worth-store-physical-format/recovery-projection,create,worth-store-physical-format/recovery-projection,phase-4
destination,PersistedPhysicalRecoveryFrame::bytes,worth-store-physical-format/recovery-projection,create,worth-store-physical-format/recovery-projection,phase-4
destination,PersistedPhysicalRecoveryFrame::coordinate,worth-store-physical-format/recovery-projection,create,worth-store-physical-format/recovery-projection,phase-4
destination,PersistedPhysicalRecoveryFrame::new,worth-store-physical-format/recovery-projection,create,worth-store-physical-format/recovery-projection,phase-4
destination,PersistedPhysicalRecoveryFrame::subject,worth-store-physical-format/recovery-projection,create,worth-store-physical-format/recovery-projection,phase-4
destination,PersistedPhysicalRecoveryManifest,worth-store-physical-format/recovery-projection,create,worth-store-physical-format/recovery-projection,phase-4
destination,PersistedPhysicalRecoveryManifest::artifact,worth-store-physical-format/recovery-projection,create,worth-store-physical-format/recovery-projection,phase-4
destination,PersistedPhysicalRecoveryManifest::bytes,worth-store-physical-format/recovery-projection,create,worth-store-physical-format/recovery-projection,phase-4
destination,PersistedPhysicalRecoveryManifest::new,worth-store-physical-format/recovery-projection,create,worth-store-physical-format/recovery-projection,phase-4
destination,PersistedPhysicalRecoveryProjection,worth-store-physical-format/recovery-projection,create,worth-store-physical-format/recovery-projection,phase-4
destination,PersistedPhysicalRecoveryProjection::decode,worth-store-physical-format/recovery-projection/codec,create,worth-store-physical-format/recovery-projection/codec,phase-4
destination,PersistedPhysicalRecoveryProjection::encode,worth-store-physical-format/recovery-projection/codec,create,worth-store-physical-format/recovery-projection/codec,phase-4
destination,PersistedPhysicalRecoveryProjection::frames,worth-store-physical-format/recovery-projection,create,worth-store-physical-format/recovery-projection,phase-4
destination,PersistedPhysicalRecoveryProjection::manifests,worth-store-physical-format/recovery-projection,create,worth-store-physical-format/recovery-projection,phase-4
destination,PersistedPhysicalRecoveryProjection::new,worth-store-physical-format/recovery-projection,create,worth-store-physical-format/recovery-projection,phase-4
destination,PersistedPhysicalRecoveryProjection::placements,worth-store-physical-format/recovery-projection,create,worth-store-physical-format/recovery-projection,phase-4
destination,PersistedPhysicalRecoveryProjection::record_identities,worth-store-physical-format/recovery-projection,create,worth-store-physical-format/recovery-projection,phase-4
destination,PersistedPhysicalRecoveryProjection::root_state,worth-store-physical-format/recovery-projection,create,worth-store-physical-format/recovery-projection,phase-4
destination,PersistedPhysicalRecoveryProjection::segment_updates,worth-store-physical-format/recovery-projection,create,worth-store-physical-format/recovery-projection,phase-4
destination,PersistedPhysicalRecoveryProjection::source_root_generation,worth-store-physical-format/recovery-projection,create,worth-store-physical-format/recovery-projection,phase-4
destination,PersistedPhysicalRecoveryRootState,worth-store-physical-format/recovery-projection/root-state,create,worth-store-physical-format/recovery-projection/root-state,phase-4
destination,PersistedPhysicalRecoveryRootState::inline_allocations,worth-store-physical-format/recovery-projection/root-state,create,worth-store-physical-format/recovery-projection/root-state,phase-4
destination,PersistedPhysicalRecoveryRootState::last_inline_record,worth-store-physical-format/recovery-projection/root-state,create,worth-store-physical-format/recovery-projection/root-state,phase-4
destination,PersistedPhysicalRecoveryRootState::last_inline_segment,worth-store-physical-format/recovery-projection/root-state,create,worth-store-physical-format/recovery-projection/root-state,phase-4
destination,PersistedPhysicalRecoveryRootState::manifest_capacity_transition,worth-store-physical-format/recovery-projection/root-state,create,worth-store-physical-format/recovery-projection/root-state,phase-4
destination,PersistedPhysicalRecoveryRootState::new,worth-store-physical-format/recovery-projection/root-state,create,worth-store-physical-format/recovery-projection/root-state,phase-4
destination,PersistedPhysicalRecoveryRootState::root_publication_allocation_bytes,worth-store-physical-format/recovery-projection/root-state,create,worth-store-physical-format/recovery-projection/root-state,phase-4
destination,PhysicalRecoveryProjectionDecodeLimits,worth-store-physical-format/recovery-projection,create,worth-store-physical-format/recovery-projection,phase-4
destination,PhysicalRecoveryProjectionDenial,worth-store-physical-format/recovery-projection,create,worth-store-physical-format/recovery-projection,phase-4
destination,RecoveryBaseImageAction::is_projected,progression/planned/basis,create,worth-store-recovery-runtime/progression/planned/basis,phase-4
destination,RecoveryBaseImagePlan::manifests,progression/planned/basis,create,worth-store-recovery-runtime/progression/planned/basis,phase-4
destination,RecoveryBaseImagePlan::root_states,progression/planned/basis,create,worth-store-recovery-runtime/progression/planned/basis,phase-4
destination,RecoveryBaseImagePlan::segment_updates,progression/planned/basis,create,worth-store-recovery-runtime/progression/planned/basis,phase-4
destination,RecoveryPayloadManifestAction,progression/planned/basis,create,worth-store-recovery-runtime/progression/planned/basis,phase-4
destination,RecoveryPayloadManifestAction::artifact,progression/planned/basis,create,worth-store-recovery-runtime/progression/planned/basis,phase-4
destination,RecoveryPayloadManifestAction::ordinal,progression/planned/basis,create,worth-store-recovery-runtime/progression/planned/basis,phase-4
destination,RecoverySegmentRoutingAction,progression/planned/basis,create,worth-store-recovery-runtime/progression/planned/basis,phase-4
destination,RecoverySegmentRoutingAction::ordinal,progression/planned/basis,create,worth-store-recovery-runtime/progression/planned/basis,phase-4
destination,RecoverySegmentRoutingAction::update,progression/planned/basis,create,worth-store-recovery-runtime/progression/planned/basis,phase-4
destination,VerifiedCheckpointStream::binding_records,worth-store-physical-format/checkpoint/inspection,create,worth-store-physical-format/checkpoint/inspection,phase-4
destination,VerifiedWalFrame,worth-store-wal/artifact-store/segment-inventory/segment-inspection/owned-frame,create,worth-store-wal/artifact-store/segment-inventory/segment-inspection/owned-frame,phase-4
destination,VerifiedWalFrame::lsn_range,worth-store-wal/artifact-store/segment-inventory/segment-inspection/owned-frame,create,worth-store-wal/artifact-store/segment-inventory/segment-inspection/owned-frame,phase-4
destination,VerifiedWalFrame::payload,worth-store-wal/artifact-store/segment-inventory/segment-inspection/owned-frame,create,worth-store-wal/artifact-store/segment-inventory/segment-inspection/owned-frame,phase-4
destination,VerifiedWalFramePayload::to_owned_verified,worth-store-wal/artifact-store/segment-inventory/segment-inspection,create,worth-store-wal/artifact-store/segment-inventory/segment-inspection,phase-4
destination,artifact_store::VerifiedWalFrame,worth-store-wal/artifact-store/segment-inventory/segment-inspection/owned-frame,create,worth-store-wal/artifact-store/segment-inventory/segment-inspection/owned-frame,phase-4
destination,artifact_store::VerifiedWalFrame::lsn_range,worth-store-wal/artifact-store/segment-inventory/segment-inspection/owned-frame,create,worth-store-wal/artifact-store/segment-inventory/segment-inspection/owned-frame,phase-4
destination,artifact_store::VerifiedWalFrame::payload,worth-store-wal/artifact-store/segment-inventory/segment-inspection/owned-frame,create,worth-store-wal/artifact-store/segment-inventory/segment-inspection/owned-frame,phase-4
destination,artifact_store::VerifiedWalFramePayload::to_owned_verified,worth-store-wal/artifact-store/segment-inventory/segment-inspection,create,worth-store-wal/artifact-store/segment-inventory/segment-inspection,phase-4
destination,RecoveryStagingCommandPlan,progression/planned/basis,create,worth-store-recovery-runtime/progression/planned/basis,phase-4
destination,RecoveryStagingCommandPlan::artifact,progression/planned/basis,create,worth-store-recovery-runtime/progression/planned/basis,phase-4
destination,RecoveryStagingCommandPlan::byte_count,progression/planned/basis,create,worth-store-recovery-runtime/progression/planned/basis,phase-4
destination,RecoveryStagingCommandPlan::bytes,progression/planned/basis,create,worth-store-recovery-runtime/progression/planned/basis,phase-4
destination,RecoveryStagingCommandPlan::ordinal,progression/planned/basis,create,worth-store-recovery-runtime/progression/planned/basis,phase-4
destination,RecoveryStagingCommandPlan::payload_digest,progression/planned/basis,create,worth-store-recovery-runtime/progression/planned/basis,phase-4
destination,RecoveryStagingLayoutPlan::commands,progression/planned/basis,create,worth-store-recovery-runtime/progression/planned/basis,phase-4
destination,PhysicalRecoveryStagingSettlement,entry/staging,create,worth-store-recovery-runtime/entry/staging,phase-5
destination,PhysicalRecoveryStagingSettlementLedger,entry/staging,create,worth-store-recovery-runtime/entry/staging,phase-5
destination,PhysicalRecoveryStagingSettlementLedger::completed,entry/staging,create,worth-store-recovery-runtime/entry/staging,phase-5
destination,PhysicalRecoveryStagingSettlementLedger::entries,entry/staging,create,worth-store-recovery-runtime/entry/staging,phase-5
destination,StagedPhysicalRecovery::cancel_before_publication,progression/staged,create,worth-store-recovery-runtime/progression/staged,phase-5
destination,StagedPhysicalRecovery::staging_settlements,progression/staged,create,worth-store-recovery-runtime/progression/staged,phase-5
destination,AdmittedRecoveryFilesystemMedia::mutation_owner_observation,worth-store-physical-backend/recovery-media/admitted,create,worth-store-physical-backend/recovery-media/admitted,phase-5
destination,AdmittedRecoveryFilesystemMedia::replace_recovery_root_protocol_scheduled,worth-store-physical-backend/recovery-media/publication,create,worth-store-physical-backend/recovery-media/publication,phase-6
destination,AdmittedRecoveryFilesystemMedia::synchronize_recovery_record_namespace_scheduled,worth-store-physical-backend/recovery-media/publication,create,worth-store-physical-backend/recovery-media/publication,phase-6
destination,AdmittedRecoveryFilesystemMedia::stage_recovery_artifact_scheduled,worth-store-physical-backend/recovery-media/staging,create,worth-store-physical-backend/recovery-media/staging,phase-5
destination,AdmittedRecoveryFilesystemMedia::synchronize_recovery_artifact_scheduled,worth-store-physical-backend/recovery-media/staging,create,worth-store-physical-backend/recovery-media/staging,phase-5
destination,ArtifactTreePublicationEffect::is_file_synchronization,worth-store-physical-backend/filesystem-media/artifact-tree/publication-effect/outcome,create,worth-store-physical-backend/filesystem-media/artifact-tree/publication-effect/outcome,phase-5
destination,CompletedRecoveryStagingWrite::coordinate,worth-store-physical-backend/recovery-media/staging,create,worth-store-physical-backend/recovery-media/staging,phase-5
destination,CompletedRecoveryStagingWrite::created,worth-store-physical-backend/recovery-media/staging,create,worth-store-physical-backend/recovery-media/staging,phase-5
destination,CompletedRecoveryStagingWrite::verified,worth-store-physical-backend/recovery-media/staging,create,worth-store-physical-backend/recovery-media/staging,phase-5
destination,CompletedScheduledRecoveryStagingSynchronization,worth-store-physical-backend/recovery-media/staging,create,worth-store-physical-backend/recovery-media/staging,phase-5
destination,CompletedScheduledRecoveryStagingSynchronization::physical,worth-store-physical-backend/recovery-media/staging,create,worth-store-physical-backend/recovery-media/staging,phase-5
destination,CompletedScheduledRecoveryStagingSynchronization::queue,worth-store-physical-backend/recovery-media/staging,create,worth-store-physical-backend/recovery-media/staging,phase-5
destination,CompletedScheduledRecoveryStagingWrite,worth-store-physical-backend/recovery-media/staging,create,worth-store-physical-backend/recovery-media/staging,phase-5
destination,CompletedScheduledRecoveryStagingWrite::physical,worth-store-physical-backend/recovery-media/staging,create,worth-store-physical-backend/recovery-media/staging,phase-5
destination,CompletedScheduledRecoveryStagingWrite::queue,worth-store-physical-backend/recovery-media/staging,create,worth-store-physical-backend/recovery-media/staging,phase-5
destination,DeniedScheduledRecoveryStagingWrite,worth-store-physical-backend/recovery-media/staging,create,worth-store-physical-backend/recovery-media/staging,phase-5
destination,DeniedScheduledRecoveryStagingWrite::failure,worth-store-physical-backend/recovery-media/staging,create,worth-store-physical-backend/recovery-media/staging,phase-5
destination,DeniedScheduledRecoveryStagingWrite::queue,worth-store-physical-backend/recovery-media/staging,create,worth-store-physical-backend/recovery-media/staging,phase-5
destination,IndeterminateRecoveryStagingWrite,worth-store-physical-backend/recovery-media/staging,create,worth-store-physical-backend/recovery-media/staging,phase-5
destination,IndeterminateRecoveryStagingWrite::artifact,worth-store-physical-backend/recovery-media/staging,create,worth-store-physical-backend/recovery-media/staging,phase-5
destination,IndeterminateRecoveryStagingWrite::evidence,worth-store-physical-backend/recovery-media/staging,create,worth-store-physical-backend/recovery-media/staging,phase-5
destination,IndeterminateRecoveryStagingWrite::into_physical,worth-store-physical-backend/recovery-media/staging,create,worth-store-physical-backend/recovery-media/staging,phase-5
destination,IndeterminateRecoveryStagingWrite::payload_digest,worth-store-physical-backend/recovery-media/staging,create,worth-store-physical-backend/recovery-media/staging,phase-5
destination,RecoveryStagingIndeterminatePhysical,worth-store-physical-backend/recovery-media/staging,create,worth-store-physical-backend/recovery-media/staging,phase-5
destination,IndeterminateScheduledRecoveryStagingSynchronization,worth-store-physical-backend/recovery-media/staging,create,worth-store-physical-backend/recovery-media/staging,phase-5
destination,IndeterminateScheduledRecoveryStagingSynchronization::physical,worth-store-physical-backend/recovery-media/staging,create,worth-store-physical-backend/recovery-media/staging,phase-5
destination,IndeterminateScheduledRecoveryStagingSynchronization::queue,worth-store-physical-backend/recovery-media/staging,create,worth-store-physical-backend/recovery-media/staging,phase-5
destination,IndeterminateScheduledRecoveryStagingWrite,worth-store-physical-backend/recovery-media/staging,create,worth-store-physical-backend/recovery-media/staging,phase-5
destination,IndeterminateScheduledRecoveryStagingWrite::physical,worth-store-physical-backend/recovery-media/staging,create,worth-store-physical-backend/recovery-media/staging,phase-5
destination,IndeterminateScheduledRecoveryStagingWrite::queue,worth-store-physical-backend/recovery-media/staging,create,worth-store-physical-backend/recovery-media/staging,phase-5
destination,RecoveryStagingSynchronizationOutcome,worth-store-physical-backend/recovery-media/staging,create,worth-store-physical-backend/recovery-media/staging,phase-5
destination,RecoveryRootProtocolPublicationDenial,worth-store-physical-backend/recovery-media/publication,create,worth-store-physical-backend/recovery-media/publication,phase-6
destination,RecoveryRootProtocolPublicationPlan,worth-store-physical-backend/recovery-media/publication,create,worth-store-physical-backend/recovery-media/publication,phase-6
destination,RecoveryRootProtocolPublicationPlan::catalog_candidate,worth-store-physical-backend/recovery-media/publication,create,worth-store-physical-backend/recovery-media/publication,phase-6
destination,RecoveryRootProtocolPublicationPlan::current_candidate,worth-store-physical-backend/recovery-media/publication,create,worth-store-physical-backend/recovery-media/publication,phase-6
destination,RecoveryRootProtocolPublicationPlan::from_catalog_candidate,worth-store-physical-backend/recovery-media/publication,create,worth-store-physical-backend/recovery-media/publication,phase-6
destination,RecoveryRootProtocolPublicationPlan::previous_candidate,worth-store-physical-backend/recovery-media/publication,create,worth-store-physical-backend/recovery-media/publication,phase-6
destination,RecoveryRootProtocolPublicationPlan::publication,worth-store-physical-backend/recovery-media/publication,create,worth-store-physical-backend/recovery-media/publication,phase-6
destination,CompletedPhysicalRecoveryStagingCommand,worth-store/recovery-coordination/staging,create,worth-store/recovery-coordination/staging,phase-5
destination,CompletedPhysicalRecoveryStagingCommand::materialization,worth-store/recovery-coordination/staging,create,worth-store/recovery-coordination/staging,phase-5
destination,CompletedPhysicalRecoveryStagingCommand::synchronization,worth-store/recovery-coordination/staging,create,worth-store/recovery-coordination/staging,phase-5
destination,PerformedRecoveryPhysicalEffect,worth-store/recovery-coordination/effect,create,worth-store/recovery-coordination/effect,phase-5
destination,PerformedRecoveryPhysicalEffect::into_occurrence,worth-store/recovery-coordination/effect,create,worth-store/recovery-coordination/effect,phase-5
destination,PerformedRecoveryPhysicalEffect::occurrence,worth-store/recovery-coordination/effect,create,worth-store/recovery-coordination/effect,phase-5
destination,PhysicalRecoveryCoordination::execute_staging_command,worth-store/recovery-coordination/staging,create,worth-store/recovery-coordination/staging,phase-5
destination,PhysicalRecoveryCoordination::quiescence_observation,worth-store/recovery-coordination/owner,create,worth-store/recovery-coordination/owner,phase-5
destination,PhysicalRecoveryQuiescenceObservation,worth-store/recovery-coordination/owner,create,worth-store/recovery-coordination/owner,phase-5
destination,PhysicalRecoveryQuiescenceObservation::live_commands,worth-store/recovery-coordination/owner,create,worth-store/recovery-coordination/owner,phase-5
destination,PhysicalRecoveryQuiescenceObservation::live_scheduler_reservations,worth-store/recovery-coordination/owner,create,worth-store/recovery-coordination/owner,phase-5
destination,PhysicalRecoveryQuiescenceObservation::pending_signal_reconciliations,worth-store/recovery-coordination/owner,create,worth-store/recovery-coordination/owner,phase-5
destination,PhysicalRecoveryQuiescenceObservation::signal_available,worth-store/recovery-coordination/owner,create,worth-store/recovery-coordination/owner,phase-5
destination,PhysicalRecoveryQuiescenceObservation::signal_reconciliation_overflow,worth-store/recovery-coordination/owner,create,worth-store/recovery-coordination/owner,phase-5
destination,PhysicalRecoveryStagingCommand,worth-store/recovery-coordination/staging,create,worth-store/recovery-coordination/staging,phase-5
destination,PhysicalRecoveryStagingCommand::new,worth-store/recovery-coordination/staging,create,worth-store/recovery-coordination/staging,phase-5
destination,PhysicalRecoveryStagingCommandDenial,worth-store/recovery-coordination/staging,create,worth-store/recovery-coordination/staging,phase-5
destination,PhysicalRecoveryStagingCommandDenial::denial,worth-store/recovery-coordination/staging,create,worth-store/recovery-coordination/staging,phase-5
destination,PhysicalRecoveryStagingCommandDenial::materialization,worth-store/recovery-coordination/staging,create,worth-store/recovery-coordination/staging,phase-5
destination,PhysicalRecoveryStagingCommandDenial::scheduler_posture,worth-store/recovery-coordination/staging,create,worth-store/recovery-coordination/staging,phase-5
destination,PhysicalRecoveryStagingCommandDenial::stage,worth-store/recovery-coordination/staging,create,worth-store/recovery-coordination/staging,phase-5
destination,PhysicalRecoveryStagingCommandDenialKind,worth-store/recovery-coordination/staging,create,worth-store/recovery-coordination/staging,phase-5
destination,PhysicalRecoveryStagingCommandIndeterminate,worth-store/recovery-coordination/staging,create,worth-store/recovery-coordination/staging,phase-5
destination,PhysicalRecoveryStagingCommandIndeterminate::scheduler_posture,worth-store/recovery-coordination/staging,create,worth-store/recovery-coordination/staging,phase-5
destination,PhysicalRecoveryStagingCommandOutcome,worth-store/recovery-coordination/staging,create,worth-store/recovery-coordination/staging,phase-5
destination,PhysicalRecoveryStagingCommandStage,worth-store/recovery-coordination/staging,create,worth-store/recovery-coordination/staging,phase-5
destination,PhysicalRecoveryStagingMaterialization,worth-store/recovery-coordination/staging,create,worth-store/recovery-coordination/staging,phase-5
destination,PhysicalRecoveryStagingMaterialization::physical,worth-store/recovery-coordination/staging,create,worth-store/recovery-coordination/staging,phase-5
destination,RecoveryPhysicalEffectOccurrence,worth-store/recovery-coordination/effect,create,worth-store/recovery-coordination/effect,phase-5
destination,RecoveryStagingSynchronizationAction,worth-store/recovery-coordination/effect,create,worth-store/recovery-coordination/effect,phase-5
destination,RecoveryStagingSynchronizationOccurrence,worth-store/recovery-coordination/effect,create,worth-store/recovery-coordination/effect,phase-5
destination,RecoveryStagingSynchronizationOccurrence::command_ordinal,worth-store/recovery-coordination/effect,create,worth-store/recovery-coordination/effect,phase-5
destination,RecoveryStagingSynchronizationOccurrence::physical,worth-store/recovery-coordination/effect,create,worth-store/recovery-coordination/effect,phase-5
destination,RecoveryStagingSynchronizationOccurrence::plan,worth-store/recovery-coordination/effect,create,worth-store/recovery-coordination/effect,phase-5
destination,RecoveryStagingSynchronizationOccurrence::scheduler,worth-store/recovery-coordination/effect,create,worth-store/recovery-coordination/effect,phase-5
destination,RecoveryStagingSynchronizationOccurrence::session,worth-store/recovery-coordination/effect,create,worth-store/recovery-coordination/effect,phase-5
destination,RecoveryStagingSynchronizationOccurrence::signal,worth-store/recovery-coordination/effect,create,worth-store/recovery-coordination/effect,phase-5
destination,RecoveryStagingSynchronizationOccurrence::staging_generation,worth-store/recovery-coordination/effect,create,worth-store/recovery-coordination/effect,phase-5
destination,RecoveryStagingSynchronizationOccurrence::work,worth-store/recovery-coordination/effect,create,worth-store/recovery-coordination/effect,phase-5
destination,RecoveryStagingWriteAction,worth-store/recovery-coordination/effect,create,worth-store/recovery-coordination/effect,phase-5
destination,RecoveryStagingWriteOccurrence,worth-store/recovery-coordination/effect,create,worth-store/recovery-coordination/effect,phase-5
destination,RecoveryStagingWriteOccurrence::command_ordinal,worth-store/recovery-coordination/effect,create,worth-store/recovery-coordination/effect,phase-5
destination,RecoveryStagingWriteOccurrence::physical,worth-store/recovery-coordination/effect,create,worth-store/recovery-coordination/effect,phase-5
destination,RecoveryStagingWriteOccurrence::plan,worth-store/recovery-coordination/effect,create,worth-store/recovery-coordination/effect,phase-5
destination,RecoveryStagingWriteOccurrence::scheduler,worth-store/recovery-coordination/effect,create,worth-store/recovery-coordination/effect,phase-5
destination,RecoveryStagingWriteOccurrence::session,worth-store/recovery-coordination/effect,create,worth-store/recovery-coordination/effect,phase-5
destination,RecoveryStagingWriteOccurrence::signal,worth-store/recovery-coordination/effect,create,worth-store/recovery-coordination/effect,phase-5
destination,RecoveryStagingWriteOccurrence::staging_generation,worth-store/recovery-coordination/effect,create,worth-store/recovery-coordination/effect,phase-5
destination,RecoveryStagingWriteOccurrence::work,worth-store/recovery-coordination/effect,create,worth-store/recovery-coordination/effect,phase-5
destination,PhysicalRecoveryStagingCancellation,progression/planned/cancellation,create,worth-store-recovery-runtime/progression/planned/cancellation,phase-5
destination,PlannedPhysicalRecovery::cancellation_after_command,progression/planned,create,worth-store-recovery-runtime/progression/planned,phase-5
destination,PlannedPhysicalRecovery::stage_with_cancellation,progression/planned,create,worth-store-recovery-runtime/progression/planned,phase-5
destination,PhysicalRecoveryStagingMaterializationEvidence,worth-store/recovery-coordination/staging,create,worth-store/recovery-coordination/staging,phase-5
destination,PhysicalRecoveryStagingMaterializationEvidence::physical,worth-store/recovery-coordination/staging,create,worth-store/recovery-coordination/staging,phase-5
destination,PhysicalRecoveryStagingMaterializationEvidence::is_performed,worth-store/recovery-coordination/staging,create,worth-store/recovery-coordination/staging,phase-5
destination,AdmittedRecoveryFilesystemMedia::handle_observation,worth-store-physical-backend/recovery-media/admitted,create,worth-store-physical-backend/recovery-media/admitted,phase-5
destination,RecoveryMediaHandleObservation,worth-store-physical-backend/recovery-media/admitted,create,worth-store-physical-backend/recovery-media/admitted,phase-5
destination,RecoveryMediaHandleObservation::excess_over,worth-store-physical-backend/recovery-media/admitted,create,worth-store-physical-backend/recovery-media/admitted,phase-5
destination,RecoveryMediaHandleObservation::live_directory_handles,worth-store-physical-backend/recovery-media/admitted,create,worth-store-physical-backend/recovery-media/admitted,phase-5
destination,RecoveryMediaHandleObservation::live_file_handles,worth-store-physical-backend/recovery-media/admitted,create,worth-store-physical-backend/recovery-media/admitted,phase-5
destination,CompletedPhysicalRecoveryPublicationCommand,worth-store/recovery-coordination/publication,create,worth-store/recovery-coordination/publication,phase-6
destination,CompletedPhysicalRecoveryPublicationCommand::record_namespace,worth-store/recovery-coordination/publication,create,worth-store/recovery-coordination/publication,phase-6
destination,CompletedPhysicalRecoveryPublicationCommand::root_protocol,worth-store/recovery-coordination/publication,create,worth-store/recovery-coordination/publication,phase-6
destination,PhysicalRecoveryCoordination::execute_publication_command,worth-store/recovery-coordination/publication,create,worth-store/recovery-coordination/publication,phase-6
destination,PhysicalRecoveryPublicationCommand,worth-store/recovery-coordination/publication,create,worth-store/recovery-coordination/publication,phase-6
destination,PhysicalRecoveryPublicationCommand::new,worth-store/recovery-coordination/publication,create,worth-store/recovery-coordination/publication,phase-6
destination,PhysicalRecoveryPublicationCommandDenial,worth-store/recovery-coordination/publication,create,worth-store/recovery-coordination/publication,phase-6
destination,PhysicalRecoveryPublicationCommandDenial::denial,worth-store/recovery-coordination/publication,create,worth-store/recovery-coordination/publication,phase-6
destination,PhysicalRecoveryPublicationCommandDenial::root_protocol,worth-store/recovery-coordination/publication,create,worth-store/recovery-coordination/publication,phase-6
destination,PhysicalRecoveryPublicationCommandDenial::scheduler_posture,worth-store/recovery-coordination/publication,create,worth-store/recovery-coordination/publication,phase-6
destination,PhysicalRecoveryPublicationCommandDenial::stage,worth-store/recovery-coordination/publication,create,worth-store/recovery-coordination/publication,phase-6
destination,PhysicalRecoveryPublicationCommandDenialKind,worth-store/recovery-coordination/publication,create,worth-store/recovery-coordination/publication,phase-6
destination,PhysicalRecoveryPublicationCommandIndeterminate,worth-store/recovery-coordination/publication,create,worth-store/recovery-coordination/publication,phase-6
destination,PhysicalRecoveryPublicationCommandOutcome,worth-store/recovery-coordination/publication,create,worth-store/recovery-coordination/publication,phase-6
destination,PhysicalRecoveryPublicationCommandStage,worth-store/recovery-coordination/publication,create,worth-store/recovery-coordination/publication,phase-6
destination,RecoveryPublicationOccurrence,worth-store/recovery-coordination/effect,create,worth-store/recovery-coordination/effect,phase-6
destination,RecoveryPublicationOccurrence::physical,worth-store/recovery-coordination/effect,create,worth-store/recovery-coordination/effect,phase-6
destination,RecoveryPublicationOccurrence::plan,worth-store/recovery-coordination/effect,create,worth-store/recovery-coordination/effect,phase-6
destination,RecoveryPublicationOccurrence::publication,worth-store/recovery-coordination/effect,create,worth-store/recovery-coordination/effect,phase-6
destination,RecoveryPublicationOccurrence::scheduler,worth-store/recovery-coordination/effect,create,worth-store/recovery-coordination/effect,phase-6
destination,RecoveryPublicationOccurrence::session,worth-store/recovery-coordination/effect,create,worth-store/recovery-coordination/effect,phase-6
destination,RecoveryPublicationOccurrence::signal,worth-store/recovery-coordination/effect,create,worth-store/recovery-coordination/effect,phase-6
destination,RecoveryPublicationOccurrence::staging_generation,worth-store/recovery-coordination/effect,create,worth-store/recovery-coordination/effect,phase-6
destination,RecoveryPublicationOccurrence::work,worth-store/recovery-coordination/effect,create,worth-store/recovery-coordination/effect,phase-6
destination,RecoveryRecordNamespaceSynchronizationAction,worth-store/recovery-coordination/effect,create,worth-store/recovery-coordination/effect,phase-6
destination,RecoveryRootProtocolReplacementAction,worth-store/recovery-coordination/effect,create,worth-store/recovery-coordination/effect,phase-6
destination,AdmittedRecoveryFilesystemMedia::backend_profile,worth-store-physical-backend/recovery-media/admitted,create,worth-store-physical-backend/recovery-media/admitted,phase-6
destination,PhysicalRecoveryConstructionPort::construct,worth-store/recovery-construction/port,create,worth-store/recovery-construction/port,phase-6
destination,PhysicalRecoveryPublicationIndeterminate::handoff_failure,entry/outcome,create,worth-store-recovery-runtime/entry/outcome,phase-6
destination,RecoveredPhysicalRuntimeCore::backend_profile,worth-store/recovery-construction/handoff,create,worth-store/recovery-construction/handoff,phase-6
destination,RecoveredPhysicalRuntimeCore::media_generation,worth-store/recovery-construction/handoff,create,worth-store/recovery-construction/handoff,phase-6
destination,RecoveredPhysicalRuntimeHandoff::base_image,handoff/recovered,create,worth-store-recovery-runtime/handoff/recovered,phase-6
destination,RecoveredPhysicalRuntimeHandoff::closed_generation,handoff/recovered,create,worth-store-recovery-runtime/handoff/recovered,phase-6
destination,RecoveredPhysicalRuntimeHandoff::discovery_counters,handoff/recovered,create,worth-store-recovery-runtime/handoff/recovered,phase-6
destination,RecoveredPhysicalRuntimeHandoff::freshness_sample,handoff/recovered,create,worth-store-recovery-runtime/handoff/recovered,phase-6
destination,RecoveredPhysicalRuntimeHandoff::quiescence_plan,handoff/recovered,create,worth-store-recovery-runtime/handoff/recovered,phase-6
destination,RecoveredPhysicalRuntimeHandoff::selected_sources,handoff/recovered,create,worth-store-recovery-runtime/handoff/recovered,phase-6
destination,AdmittedRecoveryFilesystemMedia::read_recovery_artifact_scheduled,worth-store-physical-backend/recovery-media/reopen,create,worth-store-physical-backend/recovery-media/reopen,phase-6
destination,CompletedPhysicalRecoveryFreshReopen,worth-store/recovery-coordination/reopen,create,worth-store/recovery-coordination/reopen,phase-6
destination,CompletedPhysicalRecoveryFreshReopen::fresh_reopen_occurrence,worth-store/recovery-coordination/reopen,create,worth-store/recovery-coordination/reopen,phase-6
destination,CompletedPhysicalRecoveryFreshReopen::performed,worth-store/recovery-coordination/reopen,create,worth-store/recovery-coordination/reopen,phase-6
destination,CompletedPhysicalRecoveryFreshReopen::root,worth-store/recovery-coordination/reopen,create,worth-store/recovery-coordination/reopen,phase-6
destination,CompletedPhysicalRecoveryPublicationCandidate,worth-store/recovery-coordination/publication/candidate,create,worth-store/recovery-coordination/publication/candidate,phase-6
destination,CompletedPhysicalRecoveryPublicationCandidate::materialization,worth-store/recovery-coordination/publication/candidate,create,worth-store/recovery-coordination/publication/candidate,phase-6
destination,CompletedPhysicalRecoveryPublicationCandidate::synchronization,worth-store/recovery-coordination/publication/candidate,create,worth-store/recovery-coordination/publication/candidate,phase-6
destination,CompletedPhysicalRecoveryPublicationCommand::candidates,worth-store/recovery-coordination/publication,create,worth-store/recovery-coordination/publication,phase-6
destination,CompletedScheduledRecoveryReopenRead,worth-store-physical-backend/recovery-media/reopen,create,worth-store-physical-backend/recovery-media/reopen,phase-6
destination,CompletedScheduledRecoveryReopenRead::artifact,worth-store-physical-backend/recovery-media/reopen,create,worth-store-physical-backend/recovery-media/reopen,phase-6
destination,CompletedScheduledRecoveryReopenRead::bytes,worth-store-physical-backend/recovery-media/reopen,create,worth-store-physical-backend/recovery-media/reopen,phase-6
destination,CompletedScheduledRecoveryReopenRead::physical,worth-store-physical-backend/recovery-media/reopen,create,worth-store-physical-backend/recovery-media/reopen,phase-6
destination,CompletedScheduledRecoveryReopenRead::queue,worth-store-physical-backend/recovery-media/reopen,create,worth-store-physical-backend/recovery-media/reopen,phase-6
destination,DeniedScheduledRecoveryReopenRead,worth-store-physical-backend/recovery-media/reopen,create,worth-store-physical-backend/recovery-media/reopen,phase-6
destination,DeniedScheduledRecoveryReopenRead::artifact,worth-store-physical-backend/recovery-media/reopen,create,worth-store-physical-backend/recovery-media/reopen,phase-6
destination,DeniedScheduledRecoveryReopenRead::failure,worth-store-physical-backend/recovery-media/reopen,create,worth-store-physical-backend/recovery-media/reopen,phase-6
destination,DeniedScheduledRecoveryReopenRead::queue,worth-store-physical-backend/recovery-media/reopen,create,worth-store-physical-backend/recovery-media/reopen,phase-6
destination,NamespaceDurablePhysicalRecovery::base_image,progression/namespace_durable,create,worth-store-recovery-runtime/progression/namespace_durable,phase-6
destination,NamespaceDurablePhysicalRecovery::closed_generation,progression/namespace_durable,create,worth-store-recovery-runtime/progression/namespace_durable,phase-6
destination,NamespaceDurablePhysicalRecovery::discovery_counters,progression/namespace_durable,create,worth-store-recovery-runtime/progression/namespace_durable,phase-6
destination,NamespaceDurablePhysicalRecovery::freshness_sample,progression/namespace_durable,create,worth-store-recovery-runtime/progression/namespace_durable,phase-6
destination,NamespaceDurablePhysicalRecovery::is_quiescent,progression/namespace_durable,create,worth-store-recovery-runtime/progression/namespace_durable,phase-6
destination,NamespaceDurablePhysicalRecovery::operation_fates,progression/namespace_durable,create,worth-store-recovery-runtime/progression/namespace_durable,phase-6
destination,NamespaceDurablePhysicalRecovery::planning_counters,progression/namespace_durable,create,worth-store-recovery-runtime/progression/namespace_durable,phase-6
destination,NamespaceDurablePhysicalRecovery::publication_counters,progression/namespace_durable,create,worth-store-recovery-runtime/progression/namespace_durable,phase-6
destination,NamespaceDurablePhysicalRecovery::publication_expectation,progression/namespace_durable,create,worth-store-recovery-runtime/progression/namespace_durable,phase-6
destination,NamespaceDurablePhysicalRecovery::publication_settlement,progression/namespace_durable,create,worth-store-recovery-runtime/progression/namespace_durable,phase-6
destination,NamespaceDurablePhysicalRecovery::quiescence_plan,progression/namespace_durable,create,worth-store-recovery-runtime/progression/namespace_durable,phase-6
destination,NamespaceDurablePhysicalRecovery::reopen,progression/namespace_durable,create,worth-store-recovery-runtime/progression/namespace_durable,phase-6
destination,NamespaceDurablePhysicalRecovery::selected_sources,progression/namespace_durable,create,worth-store-recovery-runtime/progression/namespace_durable,phase-6
destination,NamespaceDurablePhysicalRecovery::staging_counters,progression/namespace_durable,create,worth-store-recovery-runtime/progression/namespace_durable,phase-6
destination,NamespaceDurablePhysicalRecovery::staging_settlements,progression/namespace_durable,create,worth-store-recovery-runtime/progression/namespace_durable,phase-6
destination,NamespaceDurablePhysicalRecovery::store_identity,progression/namespace_durable,create,worth-store-recovery-runtime/progression/namespace_durable,phase-6
destination,PersistedPhysicalRecoveryRootState::successor_manifest_capacity,worth-store-physical-format/recovery-projection/root-state,create,worth-store-physical-format/recovery-projection/root-state,phase-4
destination,PhysicalRecoveryCoordination::execute_fresh_reopen,worth-store/recovery-coordination/reopen,create,worth-store/recovery-coordination/reopen,phase-6
destination,PhysicalRecoveryFreshReopenCommand,worth-store/recovery-coordination/reopen,create,worth-store/recovery-coordination/reopen,phase-6
destination,PhysicalRecoveryFreshReopenCommand::new,worth-store/recovery-coordination/reopen,create,worth-store/recovery-coordination/reopen,phase-6
destination,PhysicalRecoveryFreshReopenDenial,worth-store/recovery-coordination/reopen,create,worth-store/recovery-coordination/reopen,phase-6
destination,PhysicalRecoveryFreshReopenDenial::kind,worth-store/recovery-coordination/reopen,create,worth-store/recovery-coordination/reopen,phase-6
destination,PhysicalRecoveryFreshReopenDenial::physical,worth-store/recovery-coordination/reopen,create,worth-store/recovery-coordination/reopen,phase-6
destination,PhysicalRecoveryFreshReopenDenial::root,worth-store/recovery-coordination/reopen,create,worth-store/recovery-coordination/reopen,phase-6
destination,PhysicalRecoveryFreshReopenDenial::selector,worth-store/recovery-coordination/reopen,create,worth-store/recovery-coordination/reopen,phase-6
destination,PhysicalRecoveryFreshReopenDenial::stage,worth-store/recovery-coordination/reopen,create,worth-store/recovery-coordination/reopen,phase-6
destination,PhysicalRecoveryFreshReopenDenialKind,worth-store/recovery-coordination/reopen,create,worth-store/recovery-coordination/reopen,phase-6
destination,PhysicalRecoveryFreshReopenOutcome,worth-store/recovery-coordination/reopen,create,worth-store/recovery-coordination/reopen,phase-6
destination,PhysicalRecoveryFreshReopenStage,worth-store/recovery-coordination/reopen,create,worth-store/recovery-coordination/reopen,phase-6
destination,PhysicalRecoveryPublicationCandidate,worth-store/recovery-coordination/publication/candidate,create,worth-store/recovery-coordination/publication/candidate,phase-6
destination,PhysicalRecoveryPublicationCandidate::artifact,worth-store/recovery-coordination/publication/candidate,create,worth-store/recovery-coordination/publication/candidate,phase-6
destination,PhysicalRecoveryPublicationCandidate::bytes,worth-store/recovery-coordination/publication/candidate,create,worth-store/recovery-coordination/publication/candidate,phase-6
destination,PhysicalRecoveryPublicationCandidate::new,worth-store/recovery-coordination/publication/candidate,create,worth-store/recovery-coordination/publication/candidate,phase-6
destination,PhysicalRecoveryPublicationCandidate::payload_digest,worth-store/recovery-coordination/publication/candidate,create,worth-store/recovery-coordination/publication/candidate,phase-6
destination,PhysicalRecoveryPublicationCandidateMaterialization,worth-store/recovery-coordination/publication/candidate,create,worth-store/recovery-coordination/publication/candidate,phase-6
destination,PhysicalRecoveryPublicationCandidateMaterialization::physical,worth-store/recovery-coordination/publication/candidate,create,worth-store/recovery-coordination/publication/candidate,phase-6
destination,PhysicalRecoveryPublicationCommandDenial::candidate_materialization,worth-store/recovery-coordination/publication,create,worth-store/recovery-coordination/publication,phase-6
destination,PhysicalRecoveryPublicationCommandDenial::candidates,worth-store/recovery-coordination/publication,create,worth-store/recovery-coordination/publication,phase-6
destination,PhysicalRecoveryPublicationCounters,entry/publication,create,worth-store-recovery-runtime/entry/publication,phase-6
destination,PhysicalRecoveryPublicationDenial,entry/publication,create,worth-store-recovery-runtime/entry/publication,phase-6
destination,PhysicalRecoveryPublicationIndeterminate::counters,entry/outcome,create,worth-store-recovery-runtime/entry/outcome,phase-6
destination,PhysicalRecoveryPublicationIndeterminate::recovery_effects,entry/outcome,create,worth-store-recovery-runtime/entry/outcome,phase-6
destination,PhysicalRecoveryPublicationIndeterminate::reopen_failure,entry/outcome,create,worth-store-recovery-runtime/entry/outcome,phase-6
destination,PhysicalRecoveryPublicationIndeterminate::session_identity,entry/outcome,create,worth-store-recovery-runtime/entry/outcome,phase-6
destination,PhysicalRecoveryPublicationIndeterminate::settlement,entry/outcome,create,worth-store-recovery-runtime/entry/outcome,phase-6
destination,PhysicalRecoveryPublicationIndeterminate::store_identity,entry/outcome,create,worth-store-recovery-runtime/entry/outcome,phase-6
destination,PhysicalRecoveryPublicationSettlement,entry/publication,create,worth-store-recovery-runtime/entry/publication,phase-6
destination,PhysicalRecoveryPublicationSettlementFailure,worth-store/recovery-coordination/publication,create,worth-store/recovery-coordination/publication,phase-6
destination,PhysicalRecoveryPublicationSettlementLedger,entry/publication,create,worth-store-recovery-runtime/entry/publication,phase-6
destination,PhysicalRecoveryPublicationSettlementLedger::settlement,entry/publication,create,worth-store-recovery-runtime/entry/publication,phase-6
destination,PhysicalRecoveryReopenCounters,entry/reopen,create,worth-store-recovery-runtime/entry/reopen,phase-6
destination,PhysicalRecoveryReopenFailure,entry/reopen,create,worth-store-recovery-runtime/entry/reopen,phase-6
destination,PhysicalRecoveryReopenFailure::counters,entry/reopen,create,worth-store-recovery-runtime/entry/reopen,phase-6
destination,PhysicalRecoveryReopenFailure::denial,entry/reopen,create,worth-store-recovery-runtime/entry/reopen,phase-6
destination,RecoveredPhysicalRuntimeConstructionDenial,worth-store/recovery-construction/handoff,create,worth-store/recovery-construction/handoff,phase-6
destination,RecoveredPhysicalRuntimeCore,worth-store/recovery-construction/handoff,create,worth-store/recovery-construction/handoff,phase-6
destination,RecoveredPhysicalRuntimeCore::recovery_effect_count,worth-store/recovery-construction/handoff,create,worth-store/recovery-construction/handoff,phase-6
destination,RecoveredPhysicalRuntimeCore::recovery_runtime_identity,worth-store/recovery-construction/handoff,create,worth-store/recovery-construction/handoff,phase-6
destination,RecoveredPhysicalRuntimeCore::reopen,worth-store/recovery-construction/handoff,create,worth-store/recovery-construction/handoff,phase-6
destination,RecoveredPhysicalRuntimeCore::root,worth-store/recovery-construction/handoff,create,worth-store/recovery-construction/handoff,phase-6
destination,RecoveredPhysicalRuntimeCore::runtime_identity,worth-store/recovery-construction/handoff,create,worth-store/recovery-construction/handoff,phase-6
destination,RecoveredPhysicalRuntimeCore::store_identity,worth-store/recovery-construction/handoff,create,worth-store/recovery-construction/handoff,phase-6
destination,RecoveredPhysicalRuntimeHandoff::core,handoff/recovered,create,worth-store-recovery-runtime/handoff/recovered,phase-6
destination,RecoveredPhysicalRuntimeHandoff::operation_fates,handoff/recovered,create,worth-store-recovery-runtime/handoff/recovered,phase-6
destination,RecoveredPhysicalRuntimeHandoff::planning_counters,handoff/recovered,create,worth-store-recovery-runtime/handoff/recovered,phase-6
destination,RecoveredPhysicalRuntimeHandoff::publication_counters,handoff/recovered,create,worth-store-recovery-runtime/handoff/recovered,phase-6
destination,RecoveredPhysicalRuntimeHandoff::publication_expectation,handoff/recovered,create,worth-store-recovery-runtime/handoff/recovered,phase-6
destination,RecoveredPhysicalRuntimeHandoff::publication_settlement,handoff/recovered,create,worth-store-recovery-runtime/handoff/recovered,phase-6
destination,RecoveredPhysicalRuntimeHandoff::reopen_counters,handoff/recovered,create,worth-store-recovery-runtime/handoff/recovered,phase-6
destination,RecoveredPhysicalRuntimeHandoff::recovered_session_identity,handoff/recovered,create,worth-store-recovery-runtime/handoff/recovered,phase-6
destination,RecoveredPhysicalRuntimeHandoff::staging_counters,handoff/recovered,create,worth-store-recovery-runtime/handoff/recovered,phase-6
destination,RecoveredPhysicalRuntimeHandoff::staging_settlements,handoff/recovered,create,worth-store-recovery-runtime/handoff/recovered,phase-6
destination,RecoveryFreshReopenAction,worth-store/recovery-coordination/effect,create,worth-store/recovery-coordination/effect,phase-6
destination,RecoveryFreshReopenOccurrence,worth-store/recovery-coordination/effect,create,worth-store/recovery-coordination/effect,phase-6
destination,RecoveryFreshReopenOccurrence::generation,worth-store/recovery-coordination/effect/reopen,create,worth-store/recovery-coordination/effect/reopen,phase-6
destination,RecoveryFreshReopenOccurrence::plan,worth-store/recovery-coordination/effect/reopen,create,worth-store/recovery-coordination/effect/reopen,phase-6
destination,RecoveryFreshReopenOccurrence::root,worth-store/recovery-coordination/effect/reopen,create,worth-store/recovery-coordination/effect/reopen,phase-6
destination,RecoveryFreshReopenOccurrence::selector,worth-store/recovery-coordination/effect/reopen,create,worth-store/recovery-coordination/effect/reopen,phase-6
destination,RecoveryFreshReopenOccurrence::session,worth-store/recovery-coordination/effect/reopen,create,worth-store/recovery-coordination/effect/reopen,phase-6
destination,RecoveryPublicationCandidateArtifact,progression/planned/basis,create,worth-store-recovery-runtime/progression/planned/basis,phase-4
destination,RecoveryPublicationCandidateArtifact::artifact,progression/planned/basis/publication_accessors,create,worth-store-recovery-runtime/progression/planned/basis/publication_accessors,phase-4
destination,RecoveryPublicationCandidateArtifact::byte_count,progression/planned/basis/publication_accessors,create,worth-store-recovery-runtime/progression/planned/basis/publication_accessors,phase-4
destination,RecoveryPublicationCandidateArtifact::bytes,progression/planned/basis/publication_accessors,create,worth-store-recovery-runtime/progression/planned/basis/publication_accessors,phase-4
destination,RecoveryPublicationCandidateArtifact::payload_digest,progression/planned/basis/publication_accessors,create,worth-store-recovery-runtime/progression/planned/basis/publication_accessors,phase-4
destination,RecoveryPublicationCandidateMaterializationAction,worth-store/recovery-coordination/effect,create,worth-store/recovery-coordination/effect,phase-6
destination,RecoveryPublicationCandidateMaterializationOccurrence,worth-store/recovery-coordination/effect,create,worth-store/recovery-coordination/effect,phase-6
destination,RecoveryPublicationCandidateMaterializationOccurrence::physical,worth-store/recovery-coordination/effect/publication-candidate,create,worth-store/recovery-coordination/effect/publication-candidate,phase-6
destination,RecoveryPublicationCandidateMaterializationOccurrence::publication,worth-store/recovery-coordination/effect/publication-candidate,create,worth-store/recovery-coordination/effect/publication-candidate,phase-6
destination,RecoveryPublicationCandidateOccurrence,worth-store/recovery-coordination/effect,create,worth-store/recovery-coordination/effect,phase-6
destination,RecoveryPublicationCandidateOccurrence::artifact,worth-store/recovery-coordination/effect/publication-candidate,create,worth-store/recovery-coordination/effect/publication-candidate,phase-6
destination,RecoveryPublicationCandidateOccurrence::ordinal,worth-store/recovery-coordination/effect/publication-candidate,create,worth-store/recovery-coordination/effect/publication-candidate,phase-6
destination,RecoveryPublicationCandidateSynchronizationAction,worth-store/recovery-coordination/effect,create,worth-store/recovery-coordination/effect,phase-6
destination,RecoveryPublicationCandidateSynchronizationOccurrence,worth-store/recovery-coordination/effect,create,worth-store/recovery-coordination/effect,phase-6
destination,RecoveryPublicationCandidateSynchronizationOccurrence::physical,worth-store/recovery-coordination/effect/publication-candidate,create,worth-store/recovery-coordination/effect/publication-candidate,phase-6
destination,RecoveryPublicationCandidateSynchronizationOccurrence::publication,worth-store/recovery-coordination/effect/publication-candidate,create,worth-store/recovery-coordination/effect/publication-candidate,phase-6
destination,RecoveryPublicationExpectation,progression/planned/basis,create,worth-store-recovery-runtime/progression/planned/basis,phase-4
destination,RecoveryPublicationExpectation::checkpoint_identity,progression/planned/basis/publication_accessors,create,worth-store-recovery-runtime/progression/planned/basis/publication_accessors,phase-4
destination,RecoveryPublicationExpectation::current_selector,progression/planned/basis/publication_accessors,create,worth-store-recovery-runtime/progression/planned/basis/publication_accessors,phase-4
destination,RecoveryPublicationExpectation::plan_identity,progression/planned/basis/publication_accessors,create,worth-store-recovery-runtime/progression/planned/basis/publication_accessors,phase-4
destination,RecoveryPublicationExpectation::recovered_root,progression/planned/basis/publication_accessors,create,worth-store-recovery-runtime/progression/planned/basis/publication_accessors,phase-4
destination,RecoveryPublicationExpectation::root_protocol,progression/planned/basis/publication_accessors,create,worth-store-recovery-runtime/progression/planned/basis/publication_accessors,phase-4
destination,RecoveryPublicationExpectation::source_generation,progression/planned/basis/publication_accessors,create,worth-store-recovery-runtime/progression/planned/basis/publication_accessors,phase-4
destination,RecoveryPublicationExpectation::staging_generation,progression/planned/basis/publication_accessors,create,worth-store-recovery-runtime/progression/planned/basis/publication_accessors,phase-4
destination,RecoveryPublicationExpectation::store_identity,progression/planned/basis/publication_accessors,create,worth-store-recovery-runtime/progression/planned/basis/publication_accessors,phase-4
destination,RecoveryPublicationPlan::actions,progression/planned/basis/publication_accessors,create,worth-store-recovery-runtime/progression/planned/basis/publication_accessors,phase-4
destination,RecoveryPublicationPlan::candidates,progression/planned/basis/publication_accessors,create,worth-store-recovery-runtime/progression/planned/basis/publication_accessors,phase-4
destination,RecoveryPublicationPlan::checkpoint_identity,progression/planned/basis/publication_accessors,create,worth-store-recovery-runtime/progression/planned/basis/publication_accessors,phase-4
destination,RecoveryPublicationPlan::current_selector,progression/planned/basis/publication_accessors,create,worth-store-recovery-runtime/progression/planned/basis/publication_accessors,phase-4
destination,RecoveryPublicationPlan::expected_effects,progression/planned/basis/publication_accessors,create,worth-store-recovery-runtime/progression/planned/basis/publication_accessors,phase-4
destination,RecoveryPublicationPlan::plan_identity,progression/planned/basis/publication_accessors,create,worth-store-recovery-runtime/progression/planned/basis/publication_accessors,phase-4
destination,RecoveryPublicationPlan::recovered_root,progression/planned/basis/publication_accessors,create,worth-store-recovery-runtime/progression/planned/basis/publication_accessors,phase-4
destination,RecoveryPublicationPlan::root_protocol,progression/planned/basis/publication_accessors,create,worth-store-recovery-runtime/progression/planned/basis/publication_accessors,phase-4
destination,RecoveryPublicationPlan::source_generation,progression/planned/basis/publication_accessors,create,worth-store-recovery-runtime/progression/planned/basis/publication_accessors,phase-4
destination,RecoveryPublicationPlan::staging_generation,progression/planned/basis/publication_accessors,create,worth-store-recovery-runtime/progression/planned/basis/publication_accessors,phase-4
destination,RecoveryPublicationPlan::store_identity,progression/planned/basis/publication_accessors,create,worth-store-recovery-runtime/progression/planned/basis/publication_accessors,phase-4
destination,RecoveryReopenReadOutcome,worth-store-physical-backend/recovery-media/reopen,create,worth-store-physical-backend/recovery-media/reopen,phase-6
destination,ReopenedPhysicalRecovery::finish,progression/reopened,create,worth-store-recovery-runtime/progression/reopened,phase-6
destination,ReopenedPhysicalRecovery::cleanup_cancellation_after_removal,progression/reopened,create,worth-store-recovery-runtime/progression/reopened,phase-7
destination,ReopenedPhysicalRecovery::cleanup_cancellation_before_first,progression/reopened,create,worth-store-recovery-runtime/progression/reopened,phase-7
destination,ReopenedPhysicalRecovery::finish_with_cleanup_cancellation,progression/reopened,create,worth-store-recovery-runtime/progression/reopened,phase-7
destination,ReopenedPhysicalRecovery::fresh_reopen,progression/reopened,create,worth-store-recovery-runtime/progression/reopened,phase-6
destination,ReopenedPhysicalRecovery::is_quiescent,progression/reopened,create,worth-store-recovery-runtime/progression/reopened,phase-6
destination,ReopenedPhysicalRecovery::operation_fates,progression/reopened,create,worth-store-recovery-runtime/progression/reopened,phase-6
destination,ReopenedPhysicalRecovery::planning_counters,progression/reopened,create,worth-store-recovery-runtime/progression/reopened,phase-6
destination,ReopenedPhysicalRecovery::publication_counters,progression/reopened,create,worth-store-recovery-runtime/progression/reopened,phase-6
destination,ReopenedPhysicalRecovery::publication_expectation,progression/reopened,create,worth-store-recovery-runtime/progression/reopened,phase-6
destination,ReopenedPhysicalRecovery::publication_settlement,progression/reopened,create,worth-store-recovery-runtime/progression/reopened,phase-6
destination,ReopenedPhysicalRecovery::recovered_root,progression/reopened,create,worth-store-recovery-runtime/progression/reopened,phase-6
destination,ReopenedPhysicalRecovery::reopen_counters,progression/reopened,create,worth-store-recovery-runtime/progression/reopened,phase-6
destination,ReopenedPhysicalRecovery::selected_sources,progression/reopened,create,worth-store-recovery-runtime/progression/reopened,phase-6
destination,ReopenedPhysicalRecovery::staging_counters,progression/reopened,create,worth-store-recovery-runtime/progression/reopened,phase-6
destination,ReopenedPhysicalRecovery::staging_settlements,progression/reopened,create,worth-store-recovery-runtime/progression/reopened,phase-6
destination,ReopenedPhysicalRecovery::store_identity,progression/reopened,create,worth-store-recovery-runtime/progression/reopened,phase-6
destination,StagedPhysicalRecovery::publish,progression/staged,create,worth-store-recovery-runtime/progression/staged,phase-6
destination,AdmittedRecoveryFilesystemMedia::complete_recovery_queue_binding,worth-store-physical-backend/recovery-media/admitted,create,worth-store-physical-backend/recovery-media/admitted,phase-7
destination,RecoveryCompletionDenial,progression/completion,create,worth-store-recovery-runtime/progression/completion,phase-8
destination,complete_recovery,progression/completion,create,worth-store-recovery-runtime/progression/completion,phase-8
destination,execute_recovery_cleanup_removal,worth-store-physical-backend/recovery-media/cleanup,create,worth-store-physical-backend/recovery-media/cleanup,phase-7
destination,BackendRecoveryArtifactExpectation,worth-store-physical-backend/recovery-media/cleanup,create,worth-store-physical-backend/recovery-media/cleanup,phase-7
destination,BackendRecoveryArtifactExpectation::artifact,worth-store-physical-backend/recovery-media/cleanup,create,worth-store-physical-backend/recovery-media/cleanup,phase-7
destination,BackendRecoveryArtifactExpectation::byte_count,worth-store-physical-backend/recovery-media/cleanup,create,worth-store-physical-backend/recovery-media/cleanup,phase-7
destination,BackendRecoveryArtifactExpectation::digest,worth-store-physical-backend/recovery-media/cleanup,create,worth-store-physical-backend/recovery-media/cleanup,phase-7
destination,BackendRecoveryArtifactExpectation::new,worth-store-physical-backend/recovery-media/cleanup,create,worth-store-physical-backend/recovery-media/cleanup,phase-7
destination,BackendRecoveryCleanupRemovalRequest,worth-store-physical-backend/recovery-media/cleanup,create,worth-store-physical-backend/recovery-media/cleanup,phase-7
destination,BackendRecoveryCleanupRemovalRequest::admission,worth-store-physical-backend/recovery-media/cleanup,create,worth-store-physical-backend/recovery-media/cleanup,phase-7
destination,BackendRecoveryCleanupRemovalRequest::artifact,worth-store-physical-backend/recovery-media/cleanup,create,worth-store-physical-backend/recovery-media/cleanup,phase-7
destination,BackendRecoveryCleanupRemovalRequest::artifact_bytes,worth-store-physical-backend/recovery-media/cleanup,create,worth-store-physical-backend/recovery-media/cleanup,phase-7
destination,BackendRecoveryCleanupRemovalRequest::artifact_digest,worth-store-physical-backend/recovery-media/cleanup,create,worth-store-physical-backend/recovery-media/cleanup,phase-7
destination,BackendRecoveryCleanupRemovalRequest::checkpoint,worth-store-physical-backend/recovery-media/cleanup,create,worth-store-physical-backend/recovery-media/cleanup,phase-7
destination,BackendRecoveryCleanupRemovalRequest::checkpoint_bytes,worth-store-physical-backend/recovery-media/cleanup,create,worth-store-physical-backend/recovery-media/cleanup,phase-7
destination,BackendRecoveryCleanupRemovalRequest::checkpoint_digest,worth-store-physical-backend/recovery-media/cleanup,create,worth-store-physical-backend/recovery-media/cleanup,phase-7
destination,BackendRecoveryCleanupRemovalRequest::cleanup_plan,worth-store-physical-backend/recovery-media/cleanup,create,worth-store-physical-backend/recovery-media/cleanup,phase-7
destination,BackendRecoveryCleanupRemovalRequest::new,worth-store-physical-backend/recovery-media/cleanup,create,worth-store-physical-backend/recovery-media/cleanup,phase-7
destination,BackendRecoveryCleanupRemovalRequest::session,worth-store-physical-backend/recovery-media/cleanup,create,worth-store-physical-backend/recovery-media/cleanup,phase-7
destination,BackendRecoveryCleanupRemovalRequest::store,worth-store-physical-backend/recovery-media/cleanup,create,worth-store-physical-backend/recovery-media/cleanup,phase-7
destination,VerifiedCheckpointStream::encoded_digest,worth-store-physical-format/checkpoint/inspection,create,worth-store-physical-format/checkpoint/inspection,phase-7
destination,BackendCompletedRecoveryCleanupRemoval,worth-store-physical-backend/recovery-media/cleanup,create,worth-store-physical-backend/recovery-media/cleanup,phase-7
destination,BackendCompletedRecoveryCleanupRemoval::admission,worth-store-physical-backend/recovery-media/cleanup,create,worth-store-physical-backend/recovery-media/cleanup,phase-7
destination,BackendCompletedRecoveryCleanupRemoval::artifact,worth-store-physical-backend/recovery-media/cleanup,create,worth-store-physical-backend/recovery-media/cleanup,phase-7
destination,BackendCompletedRecoveryCleanupRemoval::operation,worth-store-physical-backend/recovery-media/cleanup,create,worth-store-physical-backend/recovery-media/cleanup,phase-7
destination,BackendCompletedRecoveryCleanupRemoval::physical,worth-store-physical-backend/recovery-media/cleanup,create,worth-store-physical-backend/recovery-media/cleanup,phase-7
destination,BackendCompletedRecoveryCleanupRemoval::queue,worth-store-physical-backend/recovery-media/cleanup,create,worth-store-physical-backend/recovery-media/cleanup,phase-7
destination,BackendCompletedRecoveryCleanupRemoval::revalidation,worth-store-physical-backend/recovery-media/cleanup,create,worth-store-physical-backend/recovery-media/cleanup,phase-7
destination,BackendDeniedRecoveryCleanupRemoval,worth-store-physical-backend/recovery-media/cleanup,create,worth-store-physical-backend/recovery-media/cleanup,phase-7
destination,BackendDeniedRecoveryCleanupRemoval::admission,worth-store-physical-backend/recovery-media/cleanup,create,worth-store-physical-backend/recovery-media/cleanup,phase-7
destination,BackendDeniedRecoveryCleanupRemoval::artifact,worth-store-physical-backend/recovery-media/cleanup,create,worth-store-physical-backend/recovery-media/cleanup,phase-7
destination,BackendDeniedRecoveryCleanupRemoval::cause,worth-store-physical-backend/recovery-media/cleanup,create,worth-store-physical-backend/recovery-media/cleanup,phase-7
destination,BackendDeniedRecoveryCleanupRemoval::failure,worth-store-physical-backend/recovery-media/cleanup,create,worth-store-physical-backend/recovery-media/cleanup,phase-7
destination,BackendDeniedRecoveryCleanupRemoval::queue,worth-store-physical-backend/recovery-media/cleanup,create,worth-store-physical-backend/recovery-media/cleanup,phase-7
destination,BackendDeniedRecoveryCleanupRemoval::revalidation,worth-store-physical-backend/recovery-media/cleanup,create,worth-store-physical-backend/recovery-media/cleanup,phase-7
destination,BackendIndeterminateRecoveryCleanupRemoval,worth-store-physical-backend/recovery-media/cleanup,create,worth-store-physical-backend/recovery-media/cleanup,phase-7
destination,BackendIndeterminateRecoveryCleanupRemoval::admission,worth-store-physical-backend/recovery-media/cleanup,create,worth-store-physical-backend/recovery-media/cleanup,phase-7
destination,BackendIndeterminateRecoveryCleanupRemoval::artifact,worth-store-physical-backend/recovery-media/cleanup,create,worth-store-physical-backend/recovery-media/cleanup,phase-7
destination,BackendIndeterminateRecoveryCleanupRemoval::failure,worth-store-physical-backend/recovery-media/cleanup,create,worth-store-physical-backend/recovery-media/cleanup,phase-7
destination,BackendIndeterminateRecoveryCleanupRemoval::operation,worth-store-physical-backend/recovery-media/cleanup,create,worth-store-physical-backend/recovery-media/cleanup,phase-7
destination,BackendIndeterminateRecoveryCleanupRemoval::physical,worth-store-physical-backend/recovery-media/cleanup,create,worth-store-physical-backend/recovery-media/cleanup,phase-7
destination,BackendIndeterminateRecoveryCleanupRemoval::queue,worth-store-physical-backend/recovery-media/cleanup,create,worth-store-physical-backend/recovery-media/cleanup,phase-7
destination,BackendIndeterminateRecoveryCleanupRemoval::revalidation,worth-store-physical-backend/recovery-media/cleanup,create,worth-store-physical-backend/recovery-media/cleanup,phase-7
destination,BackendRecoveryCleanupArtifactRevalidationDenial,worth-store-physical-backend/recovery-media/cleanup/revalidation,create,worth-store-physical-backend/recovery-media/cleanup/revalidation,phase-7
destination,BackendRecoveryCleanupArtifactRevalidationProgress,worth-store-physical-backend/recovery-media/cleanup/revalidation,create,worth-store-physical-backend/recovery-media/cleanup/revalidation,phase-7
destination,BackendRecoveryCleanupArtifactRevalidationProgress::bytes_read,worth-store-physical-backend/recovery-media/cleanup/revalidation,create,worth-store-physical-backend/recovery-media/cleanup/revalidation,phase-7
destination,BackendRecoveryCleanupArtifactRevalidationProgress::reads_attempted,worth-store-physical-backend/recovery-media/cleanup/revalidation,create,worth-store-physical-backend/recovery-media/cleanup/revalidation,phase-7
destination,BackendRecoveryCleanupArtifactRevalidationProgress::reads_completed,worth-store-physical-backend/recovery-media/cleanup/revalidation,create,worth-store-physical-backend/recovery-media/cleanup/revalidation,phase-7
destination,BackendRecoveryCleanupRemovalDenialCause,worth-store-physical-backend/recovery-media/cleanup,create,worth-store-physical-backend/recovery-media/cleanup,phase-7
destination,BackendRecoveryCleanupRemovalDenialCause::failure,worth-store-physical-backend/recovery-media/cleanup,create,worth-store-physical-backend/recovery-media/cleanup,phase-7
destination,BackendRecoveryCleanupRemovalOutcome,worth-store-physical-backend/recovery-media/cleanup,create,worth-store-physical-backend/recovery-media/cleanup,phase-7
destination,CompletedPhysicalRecoveryCleanupFreshnessRead,worth-store/recovery-coordination/cleanup/freshness,create,worth-store/recovery-coordination/cleanup/freshness,phase-7
destination,CompletedPhysicalRecoveryCleanupFreshnessRead::physical,worth-store/recovery-coordination/cleanup/freshness,create,worth-store/recovery-coordination/cleanup/freshness,phase-7
destination,CompletedPhysicalRecoveryCleanupFreshnessRead::selector,worth-store/recovery-coordination/cleanup/freshness,create,worth-store/recovery-coordination/cleanup/freshness,phase-7
destination,CompletedPhysicalRecoveryCleanupFreshnessRead::signal,worth-store/recovery-coordination/cleanup/freshness,create,worth-store/recovery-coordination/cleanup/freshness,phase-7
destination,CompletedPhysicalRecoveryCleanupFreshnessRead::work,worth-store/recovery-coordination/cleanup/freshness,create,worth-store/recovery-coordination/cleanup/freshness,phase-7
destination,CompletedPhysicalRecoveryCleanupRemoval,worth-store/recovery-coordination/cleanup/removal,create,worth-store/recovery-coordination/cleanup/removal,phase-7
destination,CompletedPhysicalRecoveryCleanupRemoval::into_performed,worth-store/recovery-coordination/cleanup/removal,create,worth-store/recovery-coordination/cleanup/removal,phase-7
destination,CompletedPhysicalRecoveryCleanupRemoval::performed,worth-store/recovery-coordination/cleanup/removal,create,worth-store/recovery-coordination/cleanup/removal,phase-7
destination,CompletedRecoveryCleanupPhysicalRemoval,worth-store/media-ownership/recovery-cleanup/effect,create,worth-store/media-ownership/recovery-cleanup/effect,phase-7
destination,CompletedRecoveryCleanupPhysicalRemoval::admission,worth-store/media-ownership/recovery-cleanup/effect,create,worth-store/media-ownership/recovery-cleanup/effect,phase-7
destination,CompletedRecoveryCleanupPhysicalRemoval::artifact,worth-store/media-ownership/recovery-cleanup/effect,create,worth-store/media-ownership/recovery-cleanup/effect,phase-7
destination,CompletedRecoveryCleanupPhysicalRemoval::operation,worth-store/media-ownership/recovery-cleanup/effect,create,worth-store/media-ownership/recovery-cleanup/effect,phase-7
destination,CompletedRecoveryCleanupPhysicalRemoval::queue,worth-store/media-ownership/recovery-cleanup/effect,create,worth-store/media-ownership/recovery-cleanup/effect,phase-7
destination,CompletedRecoveryCleanupPhysicalRemoval::revalidation,worth-store/media-ownership/recovery-cleanup/effect,create,worth-store/media-ownership/recovery-cleanup/effect,phase-7
destination,DeniedRecoveryCleanupPhysicalRemoval,worth-store/media-ownership/recovery-cleanup/effect,create,worth-store/media-ownership/recovery-cleanup/effect,phase-7
destination,DeniedRecoveryCleanupPhysicalRemoval::admission,worth-store/media-ownership/recovery-cleanup/effect,create,worth-store/media-ownership/recovery-cleanup/effect,phase-7
destination,DeniedRecoveryCleanupPhysicalRemoval::artifact,worth-store/media-ownership/recovery-cleanup/effect,create,worth-store/media-ownership/recovery-cleanup/effect,phase-7
destination,DeniedRecoveryCleanupPhysicalRemoval::cause,worth-store/media-ownership/recovery-cleanup/effect,create,worth-store/media-ownership/recovery-cleanup/effect,phase-7
destination,DeniedRecoveryCleanupPhysicalRemoval::failure,worth-store/media-ownership/recovery-cleanup/effect,create,worth-store/media-ownership/recovery-cleanup/effect,phase-7
destination,DeniedRecoveryCleanupPhysicalRemoval::queue,worth-store/media-ownership/recovery-cleanup/effect,create,worth-store/media-ownership/recovery-cleanup/effect,phase-7
destination,DeniedRecoveryCleanupPhysicalRemoval::revalidation,worth-store/media-ownership/recovery-cleanup/effect,create,worth-store/media-ownership/recovery-cleanup/effect,phase-7
destination,IndeterminateRecoveryCleanupPhysicalRemoval,worth-store/media-ownership/recovery-cleanup/effect,create,worth-store/media-ownership/recovery-cleanup/effect,phase-7
destination,IndeterminateRecoveryCleanupPhysicalRemoval::admission,worth-store/media-ownership/recovery-cleanup/effect,create,worth-store/media-ownership/recovery-cleanup/effect,phase-7
destination,IndeterminateRecoveryCleanupPhysicalRemoval::artifact,worth-store/media-ownership/recovery-cleanup/effect,create,worth-store/media-ownership/recovery-cleanup/effect,phase-7
destination,IndeterminateRecoveryCleanupPhysicalRemoval::failure,worth-store/media-ownership/recovery-cleanup/effect,create,worth-store/media-ownership/recovery-cleanup/effect,phase-7
destination,IndeterminateRecoveryCleanupPhysicalRemoval::operation,worth-store/media-ownership/recovery-cleanup/effect,create,worth-store/media-ownership/recovery-cleanup/effect,phase-7
destination,IndeterminateRecoveryCleanupPhysicalRemoval::queue,worth-store/media-ownership/recovery-cleanup/effect,create,worth-store/media-ownership/recovery-cleanup/effect,phase-7
destination,IndeterminateRecoveryCleanupPhysicalRemoval::revalidation,worth-store/media-ownership/recovery-cleanup/effect,create,worth-store/media-ownership/recovery-cleanup/effect,phase-7
destination,PerformedRecoveryCleanupRemoval,cleanup/performed_removal,create,worth-store-recovery-runtime/cleanup/performed_removal,phase-7
destination,PerformedRecoveryCleanupRemoval::occurrence,cleanup/performed_removal,create,worth-store-recovery-runtime/cleanup/performed_removal,phase-7
destination,PhysicalRecoveryCleanupCancellation,cleanup/cancellation,create,worth-store-recovery-runtime/cleanup/cancellation,phase-7
destination,PhysicalRecoveryCleanupAdmissionDenial,worth-store/recovery-coordination/cleanup/admission/denial,create,worth-store/recovery-coordination/cleanup/admission/denial,phase-7
destination,PhysicalRecoveryCleanupAdmissionDenial::cancellation_recorded,worth-store/recovery-coordination/cleanup/admission/denial,create,worth-store/recovery-coordination/cleanup/admission/denial,phase-7
destination,PhysicalRecoveryCleanupAdmissionDenial::kind,worth-store/recovery-coordination/cleanup/admission/denial,create,worth-store/recovery-coordination/cleanup/admission/denial,phase-7
destination,PhysicalRecoveryCleanupAdmissionDenial::scheduler_deferred,worth-store/recovery-coordination/cleanup/admission/denial,create,worth-store/recovery-coordination/cleanup/admission/denial,phase-7
destination,PhysicalRecoveryCleanupAdmissionDenial::submission_recorded,worth-store/recovery-coordination/cleanup/admission/denial,create,worth-store/recovery-coordination/cleanup/admission/denial,phase-7
destination,PhysicalRecoveryCleanupAdmissionDenialKind,worth-store/recovery-coordination/cleanup/admission/denial,create,worth-store/recovery-coordination/cleanup/admission/denial,phase-7
destination,PhysicalRecoveryCleanupCommandStage,worth-store/recovery-coordination/cleanup,create,worth-store/recovery-coordination/cleanup,phase-7
destination,PhysicalRecoveryCleanupFreshnessReadDenial,worth-store/recovery-coordination/cleanup/freshness,create,worth-store/recovery-coordination/cleanup/freshness,phase-7
destination,PhysicalRecoveryCleanupFreshnessReadDenial::completed,worth-store/recovery-coordination/cleanup/freshness,create,worth-store/recovery-coordination/cleanup/freshness,phase-7
destination,PhysicalRecoveryCleanupFreshnessReadDenial::denied,worth-store/recovery-coordination/cleanup/freshness,create,worth-store/recovery-coordination/cleanup/freshness,phase-7
destination,PhysicalRecoveryCleanupFreshnessReadDenial::kind,worth-store/recovery-coordination/cleanup/freshness,create,worth-store/recovery-coordination/cleanup/freshness,phase-7
destination,PhysicalRecoveryCleanupFreshnessReadDenial::progress,worth-store/recovery-coordination/cleanup/freshness,create,worth-store/recovery-coordination/cleanup/freshness,phase-7
destination,PhysicalRecoveryCleanupFreshnessReadDenialKind,worth-store/recovery-coordination/cleanup/freshness,create,worth-store/recovery-coordination/cleanup/freshness,phase-7
destination,PhysicalRecoveryCleanupFreshnessReadOutcome,worth-store/recovery-coordination/cleanup/freshness,create,worth-store/recovery-coordination/cleanup/freshness,phase-7
destination,PhysicalRecoveryCleanupFreshnessReadProgress,worth-store/recovery-coordination/cleanup/freshness,create,worth-store/recovery-coordination/cleanup/freshness,phase-7
destination,PhysicalRecoveryCleanupFreshnessReadProgress::scheduler,worth-store/recovery-coordination/cleanup/freshness,create,worth-store/recovery-coordination/cleanup/freshness,phase-7
destination,PhysicalRecoveryCleanupFreshnessReadProgress::signal,worth-store/recovery-coordination/cleanup/freshness,create,worth-store/recovery-coordination/cleanup/freshness,phase-7
destination,PhysicalRecoveryCleanupFreshnessReadProgress::work,worth-store/recovery-coordination/cleanup/freshness,create,worth-store/recovery-coordination/cleanup/freshness,phase-7
destination,PhysicalRecoveryCleanupRemovalDenial,worth-store/recovery-coordination/cleanup/removal,create,worth-store/recovery-coordination/cleanup/removal,phase-7
destination,PhysicalRecoveryCleanupRemovalDenial::kind,worth-store/recovery-coordination/cleanup/removal,create,worth-store/recovery-coordination/cleanup/removal,phase-7
destination,PhysicalRecoveryCleanupRemovalDenial::physical,worth-store/recovery-coordination/cleanup/removal,create,worth-store/recovery-coordination/cleanup/removal,phase-7
destination,PhysicalRecoveryCleanupRemovalDenial::scheduler,worth-store/recovery-coordination/cleanup/removal,create,worth-store/recovery-coordination/cleanup/removal,phase-7
destination,PhysicalRecoveryCleanupRemovalDenial::signal,worth-store/recovery-coordination/cleanup/removal,create,worth-store/recovery-coordination/cleanup/removal,phase-7
destination,PhysicalRecoveryCleanupRemovalDenial::work,worth-store/recovery-coordination/cleanup/removal,create,worth-store/recovery-coordination/cleanup/removal,phase-7
destination,PhysicalRecoveryCleanupRemovalDenialKind,worth-store/recovery-coordination/cleanup/removal,create,worth-store/recovery-coordination/cleanup/removal,phase-7
destination,PhysicalRecoveryCleanupRemovalIndeterminate,worth-store/recovery-coordination/cleanup/removal,create,worth-store/recovery-coordination/cleanup/removal,phase-7
destination,PhysicalRecoveryCleanupRemovalOutcome,worth-store/recovery-coordination/cleanup/removal,create,worth-store/recovery-coordination/cleanup/removal,phase-7
destination,CompletedPhysicalRecoveryCleanupRemoval::revalidation,worth-store/recovery-coordination/cleanup/removal,create,worth-store/recovery-coordination/cleanup/removal,phase-7
destination,PhysicalRecoveryCleanupRemovalIndeterminate::revalidation,worth-store/recovery-coordination/cleanup/removal,create,worth-store/recovery-coordination/cleanup/removal,phase-7
destination,PhysicalRecoveryCoordination::execute_cleanup_candidate,worth-store/recovery-coordination/cleanup,create,worth-store/recovery-coordination/cleanup,phase-7
destination,RecoveredPhysicalRuntimeHandoff::cleanup_posture,handoff/recovered,create,worth-store-recovery-runtime/handoff/recovered,phase-7
destination,RecoveryBaseImagePlan::source_artifacts,progression/planned/basis,create,worth-store-recovery-runtime/progression/planned/basis,phase-7
destination,RecoveryCleanupCounters,handoff/cleanup_posture,create,worth-store-recovery-runtime/handoff/cleanup_posture,phase-7
destination,RecoveryCleanupDeferralEvidence,handoff/cleanup_posture,create,worth-store-recovery-runtime/handoff/cleanup_posture,phase-7
destination,RecoveryCleanupDeferralEvidence::target,handoff/cleanup_posture,create,worth-store-recovery-runtime/handoff/cleanup_posture,phase-7
destination,RecoveryCleanupDeferralReason,cleanup/disposition,create,worth-store-recovery-runtime/cleanup/disposition,phase-7
destination,RecoveryCleanupDisposition,cleanup/disposition,create,worth-store-recovery-runtime/cleanup/disposition,phase-7
destination,RecoveryCleanupDisposition::byte_count,cleanup/disposition,create,worth-store-recovery-runtime/cleanup/disposition,phase-7
destination,RecoveryCleanupDisposition::kind,cleanup/disposition,create,worth-store-recovery-runtime/cleanup/disposition,phase-7
destination,RecoveryCleanupDisposition::target,cleanup/disposition,create,worth-store-recovery-runtime/cleanup/disposition,phase-7
destination,RecoveryCleanupDisposition::wal_digest,cleanup/disposition,create,worth-store-recovery-runtime/cleanup/disposition,phase-7
destination,RecoveryCleanupDisposition::wal_range,cleanup/disposition,create,worth-store-recovery-runtime/cleanup/disposition,phase-7
destination,RecoveryCleanupDispositionKind,cleanup/disposition,create,worth-store-recovery-runtime/cleanup/disposition,phase-7
destination,RecoveryCleanupEligibility,cleanup/eligibility,create,worth-store-recovery-runtime/cleanup/eligibility,phase-7
destination,RecoveryCleanupEligibility::artifact,cleanup/eligibility,create,worth-store-recovery-runtime/cleanup/eligibility,phase-7
destination,RecoveryCleanupEligibility::artifact_digest,cleanup/eligibility,create,worth-store-recovery-runtime/cleanup/eligibility,phase-7
destination,RecoveryCleanupEligibility::byte_count,cleanup/eligibility,create,worth-store-recovery-runtime/cleanup/eligibility,phase-7
destination,RecoveryCleanupEligibility::range,cleanup/eligibility,create,worth-store-recovery-runtime/cleanup/eligibility,phase-7
destination,RecoveryCleanupEvidence,handoff/cleanup_posture,create,worth-store-recovery-runtime/handoff/cleanup_posture,phase-7
destination,RecoveryCleanupEvidence::counters,handoff/cleanup_posture,create,worth-store-recovery-runtime/handoff/cleanup_posture,phase-7
destination,RecoveryCleanupEvidence::deferrals,handoff/cleanup_posture,create,worth-store-recovery-runtime/handoff/cleanup_posture,phase-7
destination,RecoveryCleanupEvidence::dispositions,handoff/cleanup_posture,create,worth-store-recovery-runtime/handoff/cleanup_posture,phase-7
destination,RecoveryCleanupEvidence::freshness_samples,handoff/cleanup_posture,create,worth-store-recovery-runtime/handoff/cleanup_posture,phase-7
destination,RecoveryCleanupEvidence::performed_removals,handoff/cleanup_posture,create,worth-store-recovery-runtime/handoff/cleanup_posture,phase-7
destination,RecoveryCleanupEvidence::plan_identity,handoff/cleanup_posture,create,worth-store-recovery-runtime/handoff/cleanup_posture,phase-7
destination,RecoveryCleanupEvidence::published_generation,handoff/cleanup_posture,create,worth-store-recovery-runtime/handoff/cleanup_posture,phase-7
destination,RecoveryCleanupPosture::evidence,handoff/cleanup_posture,create,worth-store-recovery-runtime/handoff/cleanup_posture,phase-7
destination,RecoveryCleanupPosture::is_deferred,handoff/cleanup_posture,create,worth-store-recovery-runtime/handoff/cleanup_posture,phase-7
destination,RecoveryCleanupRemovalAction,worth-store/recovery-coordination/effect/cleanup,create,worth-store/recovery-coordination/effect/cleanup,phase-7
destination,RecoveryCleanupRemovalOccurrence,worth-store/recovery-coordination/effect/cleanup,create,worth-store/recovery-coordination/effect/cleanup,phase-7
destination,RecoveryCleanupRemovalOccurrence::artifact,worth-store/recovery-coordination/effect/cleanup,create,worth-store/recovery-coordination/effect/cleanup,phase-7
destination,RecoveryCleanupRemovalOccurrence::admission,worth-store/recovery-coordination/effect/cleanup,create,worth-store/recovery-coordination/effect/cleanup,phase-7
destination,RecoveryCleanupRemovalOccurrence::byte_count,worth-store/recovery-coordination/effect/cleanup,create,worth-store/recovery-coordination/effect/cleanup,phase-7
destination,RecoveryCleanupRemovalOccurrence::checkpoint,worth-store/recovery-coordination/effect/cleanup,create,worth-store/recovery-coordination/effect/cleanup,phase-7
destination,RecoveryCleanupRemovalOccurrence::lsn_range,worth-store/recovery-coordination/effect/cleanup,create,worth-store/recovery-coordination/effect/cleanup,phase-7
destination,RecoveryCleanupRemovalOccurrence::physical,worth-store/recovery-coordination/effect/cleanup,create,worth-store/recovery-coordination/effect/cleanup,phase-7
destination,RecoveryCleanupRemovalOccurrence::plan,worth-store/recovery-coordination/effect/cleanup,create,worth-store/recovery-coordination/effect/cleanup,phase-7
destination,RecoveryCleanupRemovalOccurrence::published_generation,worth-store/recovery-coordination/effect/cleanup,create,worth-store/recovery-coordination/effect/cleanup,phase-7
destination,RecoveryCleanupRemovalOccurrence::scheduler,worth-store/recovery-coordination/effect/cleanup,create,worth-store/recovery-coordination/effect/cleanup,phase-7
destination,RecoveryCleanupRemovalOccurrence::session,worth-store/recovery-coordination/effect/cleanup,create,worth-store/recovery-coordination/effect/cleanup,phase-7
destination,RecoveryCleanupRemovalOccurrence::signal,worth-store/recovery-coordination/effect/cleanup,create,worth-store/recovery-coordination/effect/cleanup,phase-7
destination,RecoveryCleanupRemovalOccurrence::work,worth-store/recovery-coordination/effect/cleanup,create,worth-store/recovery-coordination/effect/cleanup,phase-7
destination,RecoveryCleanupRemovalOutcome,worth-store/media-ownership/recovery-cleanup/effect,create,worth-store/media-ownership/recovery-cleanup/effect,phase-7
destination,RecoveryCleanupArtifactRevalidationDenial,worth-store/media-ownership/recovery-cleanup/revalidation,create,worth-store/media-ownership/recovery-cleanup/revalidation,phase-7
destination,RecoveryCleanupArtifactRevalidationProgress,worth-store/media-ownership/recovery-cleanup/revalidation,create,worth-store/media-ownership/recovery-cleanup/revalidation,phase-7
destination,RecoveryCleanupArtifactRevalidationProgress::bytes_read,worth-store/media-ownership/recovery-cleanup/revalidation,create,worth-store/media-ownership/recovery-cleanup/revalidation,phase-7
destination,RecoveryCleanupArtifactRevalidationProgress::reads_attempted,worth-store/media-ownership/recovery-cleanup/revalidation,create,worth-store/media-ownership/recovery-cleanup/revalidation,phase-7
destination,RecoveryCleanupArtifactRevalidationProgress::reads_completed,worth-store/media-ownership/recovery-cleanup/revalidation,create,worth-store/media-ownership/recovery-cleanup/revalidation,phase-7
destination,RecoveryCleanupRemovalDenialCause,worth-store/media-ownership/recovery-cleanup/effect,create,worth-store/media-ownership/recovery-cleanup/effect,phase-7
destination,RecoveryCleanupRemovalDenialCause::failure,worth-store/media-ownership/recovery-cleanup/effect,create,worth-store/media-ownership/recovery-cleanup/effect,phase-7
destination,RecoveryCleanupTarget,cleanup/disposition,create,worth-store-recovery-runtime/cleanup/disposition,phase-7
destination,StoreRecoveryCleanupFreshnessDenial,worth-store/recovery-freshness/cleanup,create,worth-store/recovery-freshness/cleanup,phase-7
destination,StoreRecoveryCleanupFreshnessFailure,worth-store/recovery-freshness/cleanup,create,worth-store/recovery-freshness/cleanup,phase-7
destination,StoreRecoveryCleanupFreshnessFailure::denial,worth-store/recovery-freshness/cleanup,create,worth-store/recovery-freshness/cleanup,phase-7
destination,StoreRecoveryCleanupFreshnessFailure::read,worth-store/recovery-freshness/cleanup,create,worth-store/recovery-freshness/cleanup,phase-7
destination,StoreRecoveryCleanupFreshnessFailure::binding,worth-store/recovery-freshness/cleanup,create,worth-store/recovery-freshness/cleanup,phase-7
destination,StoreRecoveryCleanupFreshnessFailure::sample,worth-store/recovery-freshness/cleanup,create,worth-store/recovery-freshness/cleanup,phase-7
destination,StoreRecoveryCleanupFreshnessFailure::terminal_binding_evaluations,worth-store/recovery-freshness/cleanup,create,worth-store/recovery-freshness/cleanup,phase-7
destination,StoreRecoveryCleanupPlan,worth-store/recovery-freshness/cleanup/plan,create,worth-store/recovery-freshness/cleanup/plan,phase-7
destination,StoreRecoveryCleanupPlan::identity,worth-store/recovery-freshness/cleanup/plan,create,worth-store/recovery-freshness/cleanup/plan,phase-7
destination,StoreRecoveryCleanupPlan::descriptive_plan_identity,worth-store/recovery-freshness/cleanup/plan,create,worth-store/recovery-freshness/cleanup/plan,phase-7
destination,StoreRecoveryCleanupPlan::live_media_handle_delta,worth-store/recovery-freshness/cleanup/plan,create,worth-store/recovery-freshness/cleanup/plan,phase-7
destination,StoreRecoveryCleanupPlan::terminal_binding_evaluations,worth-store/recovery-freshness/cleanup/plan,create,worth-store/recovery-freshness/cleanup/plan,phase-7
destination,StoreRecoveryCleanupAttempt::freshness,worth-store/recovery-freshness/cleanup,create,worth-store/recovery-freshness/cleanup,phase-7
destination,MediaOperationIdentity::from_recovery_effect,worth-store-physical-backend/filesystem-media/owner-local-identity,create,worth-store-physical-backend/filesystem-media/owner-local-identity,phase-7
destination,RecoveryPublicationExpectation::created_artifacts,progression/planned/basis/publication_accessors,create,worth-store-recovery-runtime/progression/planned/basis/publication_accessors,phase-7
destination,RecoveryPublicationPlan::created_artifacts,progression/planned/basis/publication_accessors,create,worth-store-recovery-runtime/progression/planned/basis/publication_accessors,phase-7
destination,StoreRecoveryCleanupFreshnessSample::cleanup_plan_identity,worth-store/recovery-freshness/cleanup,create,worth-store/recovery-freshness/cleanup,phase-7
destination,StoreRecoveryCleanupFreshnessSample::observed_published_generation,worth-store/recovery-freshness/cleanup,create,worth-store/recovery-freshness/cleanup,phase-7
destination,StoreRecoveryCleanupFreshnessSample::policy_identity,worth-store/recovery-freshness/cleanup,create,worth-store/recovery-freshness/cleanup,phase-7
destination,StoreRecoveryCleanupFreshnessSample::sealed_publication_basis,worth-store/recovery-freshness/cleanup,create,worth-store/recovery-freshness/cleanup,phase-7
destination,StoreRecoveryCleanupFreshnessSample::selector_read_operation,worth-store/recovery-freshness/cleanup,create,worth-store/recovery-freshness/cleanup,phase-7
destination,StoreRecoveryCleanupFreshnessSample::selector_read,worth-store/recovery-freshness/cleanup,create,worth-store/recovery-freshness/cleanup,phase-7
destination,StoreRecoveryCleanupFreshnessSample::signal,worth-store/recovery-freshness/cleanup,create,worth-store/recovery-freshness/cleanup,phase-7
destination,StoreRecoveryCleanupFreshnessSample::store_identity,worth-store/recovery-freshness/cleanup,create,worth-store/recovery-freshness/cleanup,phase-7
destination,StoreRecoveryCleanupFreshnessSample::work,worth-store/recovery-freshness/cleanup,create,worth-store/recovery-freshness/cleanup,phase-7
destination,VerifiedWalArtifact,worth-store-wal/artifact-store/segment-inventory/segment-inspection/owned-artifact,create,worth-store-wal/artifact-store/segment-inventory/segment-inspection/owned-artifact,phase-7
destination,VerifiedWalArtifact::frames,worth-store-wal/artifact-store/segment-inventory/segment-inspection/owned-artifact,create,worth-store-wal/artifact-store/segment-inventory/segment-inspection/owned-artifact,phase-7
destination,VerifiedWalArtifact::inspection,worth-store-wal/artifact-store/segment-inventory/segment-inspection/owned-artifact,create,worth-store-wal/artifact-store/segment-inventory/segment-inspection/owned-artifact,phase-7
destination,VerifiedWalSegment::to_owned_artifact,worth-store-wal/artifact-store/segment-inventory/segment-inspection/owned-artifact,create,worth-store-wal/artifact-store/segment-inventory/segment-inspection/owned-artifact,phase-7
destination,artifact_store::VerifiedWalArtifact,worth-store-wal/artifact-store/segment-inventory/segment-inspection/owned-artifact,create,worth-store-wal/artifact-store/segment-inventory/segment-inspection/owned-artifact,phase-7
destination,artifact_store::VerifiedWalArtifact::frames,worth-store-wal/artifact-store/segment-inventory/segment-inspection/owned-artifact,create,worth-store-wal/artifact-store/segment-inventory/segment-inspection/owned-artifact,phase-7
destination,artifact_store::VerifiedWalArtifact::inspection,worth-store-wal/artifact-store/segment-inventory/segment-inspection/owned-artifact,create,worth-store-wal/artifact-store/segment-inventory/segment-inspection/owned-artifact,phase-7
destination,artifact_store::VerifiedWalSegment::to_owned_artifact,worth-store-wal/artifact-store/segment-inventory/segment-inspection/owned-artifact,create,worth-store-wal/artifact-store/segment-inventory/segment-inspection/owned-artifact,phase-7
destination,RecoveryReportEnvelope::from_outcome,observation/report/model,create,worth-store-recovery-runtime/observation/report/model,phase-8
destination,RecoveryReportEnvelope::encode,observation/report/codec,create,worth-store-recovery-runtime/observation/report/codec,phase-8
destination,RecoveryReportEnvelope::decode,observation/report/codec,create,worth-store-recovery-runtime/observation/report/codec,phase-8
destination,RecoveryReportOutcome,observation/report/model,create,worth-store-recovery-runtime/observation/report/model,phase-8
destination,RecoveryReportCounters,observation/counters,create,worth-store-recovery-runtime/observation/counters,phase-8
destination,RecoveryReportDecodeDenial,observation/protocol,create,worth-store-recovery-runtime/observation/protocol,phase-8
destination,RecoveryReportEnvelope::outcome,observation/report/model,create,worth-store-recovery-runtime/observation/report/model,phase-8
destination,RecoveryReportEnvelope::store_identity,observation/report/model,create,worth-store-recovery-runtime/observation/report/model,phase-8
destination,RecoveryReportEnvelope::root_generation,observation/report/model,create,worth-store-recovery-runtime/observation/report/model,phase-8
destination,RecoveryReportEnvelope::counters,observation/report/model,create,worth-store-recovery-runtime/observation/report/model,phase-8
destination,RecoveryReportEnvelope::denial_cause,observation/report/model,create,worth-store-recovery-runtime/observation/report/model,phase-8
destination,RecoveryReportCounters::recovery_effects,observation/counters,create,worth-store-recovery-runtime/observation/counters,phase-8
destination,RecoveryReportCounters::cleanup_performed,observation/counters,create,worth-store-recovery-runtime/observation/counters,phase-8
destination,RecoveryReportCounters::cleanup_deferred,observation/counters,create,worth-store-recovery-runtime/observation/counters,phase-8
destination,RecoveryReportCounters::peak_recovery_bytes,observation/counters,create,worth-store-recovery-runtime/observation/counters,phase-8
destination,RECOVERY_REPORT_PROTOCOL,observation/protocol,create,worth-store-recovery-runtime/observation/protocol,phase-8
destination,RECOVERY_REPORT_VERSION,observation/protocol,create,worth-store-recovery-runtime/observation/protocol,phase-8
destination,RECOVERY_REPORT_COMPATIBILITY_WINDOW,observation/protocol,create,worth-store-recovery-runtime/observation/protocol,phase-8
destination,production,worth-store/mod,create,worth-store/mod,phase-8
destination,production::PhysicalCheckpointPauseGate,worth-store/durability/checkpoint/yieldpoint,create,worth-store/durability/checkpoint/yieldpoint,phase-8
destination,production::PhysicalCheckpointPauseGate::await_arrival,worth-store/durability/checkpoint/yieldpoint,create,worth-store/durability/checkpoint/yieldpoint,phase-8
destination,production::PhysicalCheckpointPauseGate::release,worth-store/durability/checkpoint/yieldpoint,create,worth-store/durability/checkpoint/yieldpoint,phase-8
destination,production::PhysicalCheckpointPauseGate::step,worth-store/durability/checkpoint/yieldpoint,create,worth-store/durability/checkpoint/yieldpoint,phase-8
destination,production::PhysicalCheckpointStep,worth-store/durability/checkpoint/yieldpoint,create,worth-store/durability/checkpoint/yieldpoint,phase-8
destination,production::PhysicalMutationCheckpoint,worth-store/durability/lifecycle/yieldpoint,create,worth-store/durability/lifecycle/yieldpoint,phase-8
destination,production::PhysicalMutationPauseGate,worth-store/durability/lifecycle/yieldpoint,create,worth-store/durability/lifecycle/yieldpoint,phase-8
destination,production::PhysicalMutationPauseGate::await_arrival,worth-store/durability/lifecycle/yieldpoint,create,worth-store/durability/lifecycle/yieldpoint,phase-8
destination,production::PhysicalMutationPauseGate::checkpoint,worth-store/durability/lifecycle/yieldpoint,create,worth-store/durability/lifecycle/yieldpoint,phase-8
destination,production::PhysicalMutationPauseGate::release,worth-store/durability/lifecycle/yieldpoint,create,worth-store/durability/lifecycle/yieldpoint,phase-8
destination,ServingPhysicalRuntime::pause_physical_checkpoint_at,worth-store/record-serving/lifecycle/serving-runtime,create,worth-store/record-serving/lifecycle/serving-runtime,phase-8
destination,ServingPhysicalRuntime::pause_physical_mutation_at,worth-store/record-serving/lifecycle/serving-runtime,create,worth-store/record-serving/lifecycle/serving-runtime,phase-8
destination,observe_recovery_artifacts,worth-store-offline-verifier/c8-recovery-observation/report,create,worth-store-offline-verifier/c8-recovery-observation/report,phase-8
destination,RecoveryObserverLimits,worth-store-offline-verifier/c8-recovery-observation/artifact-walk,create,worth-store-offline-verifier/c8-recovery-observation/artifact-walk,phase-8
destination,RecoveryObserverDecodeDenial,worth-store-offline-verifier/c8-recovery-observation/report-protocol,create,worth-store-offline-verifier/c8-recovery-observation/report-protocol,phase-8
destination,ClosedPhysicalRecoveryCleanup,worth-store/recovery-coordination/cleanup/close,create,worth-store/recovery-coordination/cleanup/close,phase-7
destination,ClosedPhysicalRecoveryCleanup::authority_plan_identity,worth-store/recovery-coordination/cleanup/close,create,worth-store/recovery-coordination/cleanup/close,phase-7
destination,ClosedPhysicalRecoveryCleanup::descriptive_plan_identity,worth-store/recovery-coordination/cleanup/close,create,worth-store/recovery-coordination/cleanup/close,phase-7
destination,ClosedPhysicalRecoveryCleanup::live_media_handle_delta,worth-store/recovery-coordination/cleanup/close,create,worth-store/recovery-coordination/cleanup/close,phase-7
destination,PhysicalRecoveryCoordination::defer_cleanup,worth-store/recovery-coordination/cleanup,create,worth-store/recovery-coordination/cleanup,phase-7
destination,StoreRecoveryCleanupPlan::close,worth-store/recovery-freshness/cleanup/plan,create,worth-store/recovery-freshness/cleanup/plan,phase-7
destination,StoreRecoveryCleanupPlanAdmissionFailure,worth-store/recovery-freshness/cleanup/plan,create,worth-store/recovery-freshness/cleanup/plan,phase-7
destination,StoreRecoveryCleanupPlanAdmissionFailure::failure,worth-store/recovery-freshness/cleanup/plan,create,worth-store/recovery-freshness/cleanup/plan,phase-7
destination,StoreRecoveryCleanupPlanAdmissionFailure::into_parts,worth-store/recovery-freshness/cleanup/plan,create,worth-store/recovery-freshness/cleanup/plan,phase-7
destination,BackupRestoreReplayDenial,worth-store-operations/workflow/restore,create,worth-store-operations/workflow/restore,phase-8
destination,BackupRestoreReplayPlan,worth-store-operations/workflow/restore,create,worth-store-operations/workflow/restore,phase-8
destination,BackupRestoreReplayPlan::fingerprint,worth-store-operations/workflow/restore,create,worth-store-operations/workflow/restore,phase-8
destination,BackupRestoreReplayPlan::target_staging_plan_fingerprint,worth-store-operations/workflow/restore,create,worth-store-operations/workflow/restore,phase-8
destination,BackupRestoreReplayRequest,worth-store-operations/workflow/restore,create,worth-store-operations/workflow/restore,phase-8
destination,BackupRestoreReplayRequest::from_verified_backup,worth-store-operations/workflow/restore,create,worth-store-operations/workflow/restore,phase-8
destination,ExactRecoveryFrontier,worth-store-operations/workflow/point-in-time-recovery,create,worth-store-operations/workflow/point-in-time-recovery,phase-8
destination,ExactRecoveryFrontier::authority_identity,worth-store-operations/workflow/point-in-time-recovery,create,worth-store-operations/workflow/point-in-time-recovery,phase-8
destination,ExactRecoveryFrontier::checkpoint_durability,worth-store-operations/workflow/point-in-time-recovery,create,worth-store-operations/workflow/point-in-time-recovery,phase-8
destination,ExactRecoveryFrontier::client_acknowledged,worth-store-operations/workflow/point-in-time-recovery,create,worth-store-operations/workflow/point-in-time-recovery,phase-8
destination,ExactRecoveryFrontier::compare,worth-store-operations/workflow/point-in-time-recovery,create,worth-store-operations/workflow/point-in-time-recovery,phase-8
destination,ExactRecoveryFrontier::identity,worth-store-operations/workflow/point-in-time-recovery,create,worth-store-operations/workflow/point-in-time-recovery,phase-8
destination,ExactRecoveryFrontier::local_durable_commit,worth-store-operations/workflow/point-in-time-recovery,create,worth-store-operations/workflow/point-in-time-recovery,phase-8
destination,ExactRecoveryFrontier::replication_acknowledged,worth-store-operations/workflow/point-in-time-recovery,create,worth-store-operations/workflow/point-in-time-recovery,phase-8
destination,ExactRecoveryFrontier::source_lineage,worth-store-operations/workflow/point-in-time-recovery,create,worth-store-operations/workflow/point-in-time-recovery,phase-8
destination,ExactRecoveryFrontier::wal_structural,worth-store-operations/workflow/point-in-time-recovery,create,worth-store-operations/workflow/point-in-time-recovery,phase-8
destination,FrontierPartialOrder,worth-store-operations/workflow/point-in-time-recovery,create,worth-store-operations/workflow/point-in-time-recovery,phase-8
destination,PitrCandidatePosture,worth-store-operations/workflow/point-in-time-recovery,create,worth-store-operations/workflow/point-in-time-recovery,phase-8
destination,PitrCandidateSelectionDenial,worth-store-operations/workflow/point-in-time-recovery,create,worth-store-operations/workflow/point-in-time-recovery,phase-8
destination,PitrRoundingPolicy,worth-store-operations/workflow/point-in-time-recovery,create,worth-store-operations/workflow/point-in-time-recovery,phase-8
destination,PointInTimeCandidate,worth-store-operations/workflow/point-in-time-recovery,create,worth-store-operations/workflow/point-in-time-recovery,phase-8
destination,PointInTimeCandidate::clock_distance,worth-store-operations/workflow/point-in-time-recovery,create,worth-store-operations/workflow/point-in-time-recovery,phase-8
destination,PointInTimeCandidate::clock_uncertainty_interval,worth-store-operations/workflow/point-in-time-recovery,create,worth-store-operations/workflow/point-in-time-recovery,phase-8
destination,PointInTimeCandidate::exact_frontier,worth-store-operations/workflow/point-in-time-recovery,create,worth-store-operations/workflow/point-in-time-recovery,phase-8
destination,PointInTimeCandidate::identity,worth-store-operations/workflow/point-in-time-recovery,create,worth-store-operations/workflow/point-in-time-recovery,phase-8
destination,PointInTimeCandidate::observed_time,worth-store-operations/workflow/point-in-time-recovery,create,worth-store-operations/workflow/point-in-time-recovery,phase-8
destination,PointInTimeCandidate::posture,worth-store-operations/workflow/point-in-time-recovery,create,worth-store-operations/workflow/point-in-time-recovery,phase-8
destination,PointInTimeCandidate::source_identity,worth-store-operations/workflow/point-in-time-recovery,create,worth-store-operations/workflow/point-in-time-recovery,phase-8
destination,PointInTimeCandidateSet,worth-store-operations/workflow/point-in-time-recovery,create,worth-store-operations/workflow/point-in-time-recovery,phase-8
destination,PointInTimeCandidateSet::candidates,worth-store-operations/workflow/point-in-time-recovery,create,worth-store-operations/workflow/point-in-time-recovery,phase-8
destination,PointInTimeCandidateSet::evidence_count,worth-store-operations/workflow/point-in-time-recovery,create,worth-store-operations/workflow/point-in-time-recovery,phase-8
destination,PointInTimeCandidateSet::requested_time,worth-store-operations/workflow/point-in-time-recovery,create,worth-store-operations/workflow/point-in-time-recovery,phase-8
destination,PointInTimeCandidateSet::rounding,worth-store-operations/workflow/point-in-time-recovery,create,worth-store-operations/workflow/point-in-time-recovery,phase-8
destination,PointInTimeCandidateSet::select,worth-store-operations/workflow/point-in-time-recovery,create,worth-store-operations/workflow/point-in-time-recovery,phase-8
destination,PointInTimeRecoveryReceipt,worth-store-operations/workflow/point-in-time-recovery,create,worth-store-operations/workflow/point-in-time-recovery,phase-8
destination,PointInTimeRecoveryReceipt::application,worth-store-operations/workflow/point-in-time-recovery,create,worth-store-operations/workflow/point-in-time-recovery,phase-8
destination,PointInTimeRecoveryReceipt::exact_frontier,worth-store-operations/workflow/point-in-time-recovery,create,worth-store-operations/workflow/point-in-time-recovery,phase-8
destination,PointInTimeRecoveryReceipt::plan_fingerprint,worth-store-operations/workflow/point-in-time-recovery,create,worth-store-operations/workflow/point-in-time-recovery,phase-8
destination,PointInTimeRecoveryReceipt::replay_source,worth-store-operations/workflow/point-in-time-recovery,create,worth-store-operations/workflow/point-in-time-recovery,phase-8
destination,PointInTimeReplayDenial,worth-store-operations/workflow/point-in-time-recovery,create,worth-store-operations/workflow/point-in-time-recovery,phase-8
destination,PointInTimeReplayPlan,worth-store-operations/workflow/point-in-time-recovery,create,worth-store-operations/workflow/point-in-time-recovery,phase-8
destination,PointInTimeReplayPlan::exact_frontier,worth-store-operations/workflow/point-in-time-recovery,create,worth-store-operations/workflow/point-in-time-recovery,phase-8
destination,PointInTimeReplayPlan::fingerprint,worth-store-operations/workflow/point-in-time-recovery,create,worth-store-operations/workflow/point-in-time-recovery,phase-8
destination,PointInTimeReplayRequest,worth-store-operations/workflow/point-in-time-recovery,create,worth-store-operations/workflow/point-in-time-recovery,phase-8
destination,PointInTimeReplayRequest::new,worth-store-operations/workflow/point-in-time-recovery,create,worth-store-operations/workflow/point-in-time-recovery,phase-8
destination,PointInTimeReplaySourceCoordinates,worth-store-operations/workflow/point-in-time-recovery,create,worth-store-operations/workflow/point-in-time-recovery,phase-8
destination,RecoveredBackupFrontierReceipt,worth-store-operations/workflow/restore,create,worth-store-operations/workflow/restore,phase-8
destination,RecoveredBackupFrontierReceipt::acknowledged_frontier,worth-store-operations/workflow/restore,create,worth-store-operations/workflow/restore,phase-8
destination,RecoveredBackupFrontierReceipt::application,worth-store-operations/workflow/restore,create,worth-store-operations/workflow/restore,phase-8
destination,RecoveredBackupFrontierReceipt::durable_checkpoint_lsn,worth-store-operations/workflow/restore,create,worth-store-operations/workflow/restore,phase-8
destination,RecoveredBackupFrontierReceipt::plan_fingerprint,worth-store-operations/workflow/restore,create,worth-store-operations/workflow/restore,phase-8
destination,RecoveredBackupFrontierReceipt::replay_source,worth-store-operations/workflow/restore,create,worth-store-operations/workflow/restore,phase-8
destination,RecoveredBackupFrontierReceipt::root_generation,worth-store-operations/workflow/restore,create,worth-store-operations/workflow/restore,phase-8
destination,RecoveredBackupFrontierReceipt::wal_end_exclusive_lsn,worth-store-operations/workflow/restore,create,worth-store-operations/workflow/restore,phase-8
destination,BackupRestoreReplayOwner,worth-store-operations/workflow/restore,create,worth-store-operations/workflow/restore,phase-8
destination,BackupRestoreReplayOwner::execute,worth-store-operations/workflow/restore,create,worth-store-operations/workflow/restore,phase-8
destination,BackupRestoreReplayOwner::lower,worth-store-operations/workflow/restore,create,worth-store-operations/workflow/restore,phase-8
destination,PointInTimeReplayOwner,worth-store-operations/workflow/point-in-time-recovery,create,worth-store-operations/workflow/point-in-time-recovery,phase-8
destination,PointInTimeReplayOwner::execute,worth-store-operations/workflow/point-in-time-recovery,create,worth-store-operations/workflow/point-in-time-recovery,phase-8
destination,PointInTimeReplayOwner::lower,worth-store-operations/workflow/point-in-time-recovery,create,worth-store-operations/workflow/point-in-time-recovery,phase-8
destination,RollbackReplayOwner,worth-store-operations/workflow/rollback,create,worth-store-operations/workflow/rollback,phase-8
destination,RollbackReplayOwner::execute,worth-store-operations/workflow/rollback,create,worth-store-operations/workflow/rollback,phase-8
destination,RollbackReplayOwner::lower,worth-store-operations/workflow/rollback,create,worth-store-operations/workflow/rollback,phase-8
destination,RollbackReplayOwner::resolve_candidate,worth-store-operations/workflow/rollback,create,worth-store-operations/workflow/rollback,phase-8
destination,RollbackReplayOwner::source_lineage,worth-store-operations/workflow/rollback,create,worth-store-operations/workflow/rollback,phase-8
destination,RecoveryTimelineOwner,worth-store-operations/workflow/point-in-time-recovery,create,worth-store-operations/workflow/point-in-time-recovery,phase-8
destination,RecoveryTimelineOwner::admit_observation,worth-store-operations/workflow/point-in-time-recovery,create,worth-store-operations/workflow/point-in-time-recovery,phase-8
destination,RecoveryTimelineOwner::resolve_candidates,worth-store-operations/workflow/point-in-time-recovery,create,worth-store-operations/workflow/point-in-time-recovery,phase-8
destination,RecoveryTimelineObservation,worth-store-operations/workflow/point-in-time-recovery,create,worth-store-operations/workflow/point-in-time-recovery,phase-8
destination,ResolvedRollbackCandidate,worth-store-operations/workflow/rollback,create,worth-store-operations/workflow/rollback,phase-8
destination,ResolvedRollbackCandidate::frontier,worth-store-operations/workflow/rollback,create,worth-store-operations/workflow/rollback,phase-8
destination,ResolvedRollbackCandidate::manifest_digest,worth-store-operations/workflow/rollback,create,worth-store-operations/workflow/rollback,phase-8
destination,ResolvedRollbackCandidate::retained_authority,worth-store-operations/workflow/rollback,create,worth-store-operations/workflow/rollback,phase-8
destination,ResolvedRollbackCandidate::root_generation,worth-store-operations/workflow/rollback,create,worth-store-operations/workflow/rollback,phase-8
destination,ResolvedRollbackCandidate::source_identity,worth-store-operations/workflow/rollback,create,worth-store-operations/workflow/rollback,phase-8
destination,ResolvedRollbackCandidate::source_lineage,worth-store-operations/workflow/rollback,create,worth-store-operations/workflow/rollback,phase-8
destination,RollbackExecutionReceipt,worth-store-operations/workflow/rollback,create,worth-store-operations/workflow/rollback,phase-8
destination,RollbackExecutionReceipt::application,worth-store-operations/workflow/rollback,create,worth-store-operations/workflow/rollback,phase-8
destination,RollbackExecutionReceipt::frontier,worth-store-operations/workflow/rollback,create,worth-store-operations/workflow/rollback,phase-8
destination,RollbackExecutionReceipt::plan_fingerprint,worth-store-operations/workflow/rollback,create,worth-store-operations/workflow/rollback,phase-8
destination,RollbackExecutionReceipt::replay_source,worth-store-operations/workflow/rollback,create,worth-store-operations/workflow/rollback,phase-8
destination,RollbackReplayDenial,worth-store-operations/workflow/rollback,create,worth-store-operations/workflow/rollback,phase-8
destination,RollbackReplayPlan,worth-store-operations/workflow/rollback,create,worth-store-operations/workflow/rollback,phase-8
destination,RollbackReplayPlan::fingerprint,worth-store-operations/workflow/rollback,create,worth-store-operations/workflow/rollback,phase-8
destination,RollbackReplayPlan::frontier,worth-store-operations/workflow/rollback,create,worth-store-operations/workflow/rollback,phase-8
destination,StagedWalApplicationDenial,worth-store-operations/workflow/recovery-replay,create,worth-store-operations/workflow/recovery-replay,phase-8
destination,StagedWalApplicationPort,worth-store-operations/workflow/recovery-replay,create,worth-store-operations/workflow/recovery-replay,phase-8
destination,StagedWalApplicationPort::apply_staged_wal,worth-store-operations/workflow/recovery-replay,create,worth-store-operations/workflow/recovery-replay,phase-8
destination,StagedWalApplicationProviderReceipt,worth-store-operations/workflow/recovery-replay,create,worth-store-operations/workflow/recovery-replay,phase-8
destination,StagedWalApplicationProviderReceipt::observed,worth-store-operations/workflow/recovery-replay,create,worth-store-operations/workflow/recovery-replay,phase-8
destination,StagedWalApplicationReceipt,worth-store-operations/workflow/recovery-replay,create,worth-store-operations/workflow/recovery-replay,phase-8
destination,StagedWalApplicationReceipt::application_identity,worth-store-operations/workflow/recovery-replay,create,worth-store-operations/workflow/recovery-replay,phase-8
destination,StagedWalApplicationReceipt::applied_frames,worth-store-operations/workflow/recovery-replay,create,worth-store-operations/workflow/recovery-replay,phase-8
destination,StagedWalApplicationReceipt::identity,worth-store-operations/workflow/recovery-replay,create,worth-store-operations/workflow/recovery-replay,phase-8
destination,StagedWalApplicationReceipt::replay_source_identity,worth-store-operations/workflow/recovery-replay,create,worth-store-operations/workflow/recovery-replay,phase-8
destination,StagedWalApplicationReceipt::resulting_frontier_identity,worth-store-operations/workflow/recovery-replay,create,worth-store-operations/workflow/recovery-replay,phase-8
destination,StagedWalApplicationRequest,worth-store-operations/workflow/recovery-replay,create,worth-store-operations/workflow/recovery-replay,phase-8
destination,StagedWalApplicationRequest::application_identity,worth-store-operations/workflow/recovery-replay,create,worth-store-operations/workflow/recovery-replay,phase-8
destination,StagedWalApplicationRequest::replay_source,worth-store-operations/workflow/recovery-replay,create,worth-store-operations/workflow/recovery-replay,phase-8
destination,StagedWalApplicationRequest::staging,worth-store-operations/workflow/recovery-replay,create,worth-store-operations/workflow/recovery-replay,phase-8
destination,StagedWalApplicationRequest::target_frontier_identity,worth-store-operations/workflow/recovery-replay,create,worth-store-operations/workflow/recovery-replay,phase-8
destination,StagedWalReplaySourceDenial,worth-store-operations/workflow/recovery-replay,create,worth-store-operations/workflow/recovery-replay,phase-8
destination,StagedWalReplaySourceReceipt,worth-store-operations/workflow/recovery-replay,create,worth-store-operations/workflow/recovery-replay,phase-8
destination,StagedWalReplaySourceReceipt::bytes_verified,worth-store-operations/workflow/recovery-replay,create,worth-store-operations/workflow/recovery-replay,phase-8
destination,StagedWalReplaySourceReceipt::frame_count,worth-store-operations/workflow/recovery-replay,create,worth-store-operations/workflow/recovery-replay,phase-8
destination,StagedWalReplaySourceReceipt::identity,worth-store-operations/workflow/recovery-replay,create,worth-store-operations/workflow/recovery-replay,phase-8
destination,StagedWalReplaySourceReceipt::interval,worth-store-operations/workflow/recovery-replay,create,worth-store-operations/workflow/recovery-replay,phase-8
destination,StagedWalReplaySourceReceipt::manifest_digest,worth-store-operations/workflow/recovery-replay,create,worth-store-operations/workflow/recovery-replay,phase-8
destination,ExecutedPublicationRecoveryReceipt,worth-store-physical-isolation/publication/recovery-replay,create,worth-store-physical-isolation/publication/recovery-replay,phase-8
destination,ExecutedPublicationRecoveryReceipt::recovered_kind,worth-store-physical-isolation/publication/recovery-replay,create,worth-store-physical-isolation/publication/recovery-replay,phase-8
destination,ExecutedPublicationRecoveryReceipt::recovery_replayed_frames,worth-store-physical-isolation/publication/recovery-replay,create,worth-store-physical-isolation/publication/recovery-replay,phase-8
destination,ExecutedPublicationRecoveryReceipt::stage,worth-store-physical-isolation/publication/recovery-replay,create,worth-store-physical-isolation/publication/recovery-replay,phase-8
destination,PublicationCrashStage,worth-store-physical-isolation/publication/recovery-replay,create,worth-store-physical-isolation/publication/recovery-replay,phase-8
destination,PublicationRecoveryReplayInput,worth-store-physical-isolation/publication/recovery-replay,create,worth-store-physical-isolation/publication/recovery-replay,phase-8
destination,PublicationRecoveryReplayInput::from_crash_stage,worth-store-physical-isolation/publication/recovery-replay,create,worth-store-physical-isolation/publication/recovery-replay,phase-8
destination,PublicationRecoveryReplayInput::mixed_tree_fault_attempt,worth-store-physical-isolation/publication/recovery-replay,create,worth-store-physical-isolation/publication/recovery-replay,phase-8
destination,RecoveredPublicationStructure,worth-store-physical-isolation/publication/recovery-replay,create,worth-store-physical-isolation/publication/recovery-replay,phase-8
destination,RecoveredPublicationStructure::kind,worth-store-physical-isolation/publication/recovery-replay,create,worth-store-physical-isolation/publication/recovery-replay,phase-8
destination,RecoveredPublicationStructure::new_manifest_epoch,worth-store-physical-isolation/publication/recovery-replay,create,worth-store-physical-isolation/publication/recovery-replay,phase-8
destination,RecoveredPublicationStructure::new_root_epoch,worth-store-physical-isolation/publication/recovery-replay,create,worth-store-physical-isolation/publication/recovery-replay,phase-8
destination,RecoveredPublicationStructure::new_stable_for_publication_admission,worth-store-physical-isolation/publication/recovery-replay,create,worth-store-physical-isolation/publication/recovery-replay,phase-8
destination,RecoveredPublicationStructure::old_manifest_epoch,worth-store-physical-isolation/publication/recovery-replay,create,worth-store-physical-isolation/publication/recovery-replay,phase-8
destination,RecoveredPublicationStructure::old_root_epoch,worth-store-physical-isolation/publication/recovery-replay,create,worth-store-physical-isolation/publication/recovery-replay,phase-8
destination,RecoveredPublicationStructure::old_stable_for_publication_admission,worth-store-physical-isolation/publication/recovery-replay,create,worth-store-physical-isolation/publication/recovery-replay,phase-8
destination,RecoveredPublicationStructure::stable_manifest_epoch,worth-store-physical-isolation/publication/recovery-replay,create,worth-store-physical-isolation/publication/recovery-replay,phase-8
destination,RecoveredPublicationStructure::stable_root_epoch,worth-store-physical-isolation/publication/recovery-replay,create,worth-store-physical-isolation/publication/recovery-replay,phase-8
destination,RecoveredPublicationStructureKind,worth-store-physical-isolation/publication/recovery-replay,create,worth-store-physical-isolation/publication/recovery-replay,phase-8
destination,WalAppendObservationScope,worth-store-physical-backend/recovery-durability/wal-recovery-basis/append-receipt,create,worth-store-physical-backend/recovery-durability/wal-recovery-basis/append-receipt,phase-8
destination,WalAppendObservationScope::new,worth-store-physical-backend/recovery-durability/wal-recovery-basis/append-receipt,create,worth-store-physical-backend/recovery-durability/wal-recovery-basis/append-receipt,phase-8
destination,WalAppendReceipt,worth-store-physical-backend/recovery-durability/wal-recovery-basis/append-receipt,create,worth-store-physical-backend/recovery-durability/wal-recovery-basis/append-receipt,phase-8
destination,WalAppendReceipt::completed_barriers,worth-store-physical-backend/recovery-durability/wal-recovery-basis/append-receipt,create,worth-store-physical-backend/recovery-durability/wal-recovery-basis/append-receipt,phase-8
destination,WalAppendReceipt::expected_bytes,worth-store-physical-backend/recovery-durability/wal-recovery-basis/append-receipt,create,worth-store-physical-backend/recovery-durability/wal-recovery-basis/append-receipt,phase-8
destination,WalAppendReceipt::frame_digest,worth-store-physical-backend/recovery-durability/wal-recovery-basis/append-receipt,create,worth-store-physical-backend/recovery-durability/wal-recovery-basis/append-receipt,phase-8
destination,WalAppendReceipt::generation,worth-store-physical-backend/recovery-durability/wal-recovery-basis/append-receipt,create,worth-store-physical-backend/recovery-durability/wal-recovery-basis/append-receipt,phase-8
destination,WalAppendReceipt::lsn_range,worth-store-physical-backend/recovery-durability/wal-recovery-basis/append-receipt,create,worth-store-physical-backend/recovery-durability/wal-recovery-basis/append-receipt,phase-8
destination,WalAppendReceipt::observed_bytes,worth-store-physical-backend/recovery-durability/wal-recovery-basis/append-receipt,create,worth-store-physical-backend/recovery-durability/wal-recovery-basis/append-receipt,phase-8
destination,WalAppendReceipt::profile_id,worth-store-physical-backend/recovery-durability/wal-recovery-basis/append-receipt,create,worth-store-physical-backend/recovery-durability/wal-recovery-basis/append-receipt,phase-8
destination,WalAppendReceipt::required_barriers,worth-store-physical-backend/recovery-durability/wal-recovery-basis/append-receipt,create,worth-store-physical-backend/recovery-durability/wal-recovery-basis/append-receipt,phase-8
destination,WalAppendReceipt::segment_id,worth-store-physical-backend/recovery-durability/wal-recovery-basis/append-receipt,create,worth-store-physical-backend/recovery-durability/wal-recovery-basis/append-receipt,phase-8
destination,WalDurabilityObservation,worth-store-physical-backend/recovery-durability/wal-recovery-basis/durability-observation,create,worth-store-physical-backend/recovery-durability/wal-recovery-basis/durability-observation,phase-8
destination,WalDurabilityObservation::basis,worth-store-physical-backend/recovery-durability/wal-recovery-basis/durability-observation,create,worth-store-physical-backend/recovery-durability/wal-recovery-basis/durability-observation,phase-8
destination,WalDurabilityObservation::from_append_receipt,worth-store-physical-backend/recovery-durability/wal-recovery-basis/durability-observation,create,worth-store-physical-backend/recovery-durability/wal-recovery-basis/durability-observation,phase-8
destination,WalDurabilityObservation::profile_id,worth-store-physical-backend/recovery-durability/wal-recovery-basis/durability-observation,create,worth-store-physical-backend/recovery-durability/wal-recovery-basis/durability-observation,phase-8
destination,WalDurabilityObservationBasis,worth-store-physical-backend/recovery-durability/wal-recovery-basis/durability-observation,create,worth-store-physical-backend/recovery-durability/wal-recovery-basis/durability-observation,phase-8
destination,WalDurabilityObservationBasis::completed_barriers,worth-store-physical-backend/recovery-durability/wal-recovery-basis/durability-observation,create,worth-store-physical-backend/recovery-durability/wal-recovery-basis/durability-observation,phase-8
destination,WalDurabilityObservationBasis::frame_digest,worth-store-physical-backend/recovery-durability/wal-recovery-basis/durability-observation,create,worth-store-physical-backend/recovery-durability/wal-recovery-basis/durability-observation,phase-8
destination,WalDurabilityObservationBasis::generation,worth-store-physical-backend/recovery-durability/wal-recovery-basis/durability-observation,create,worth-store-physical-backend/recovery-durability/wal-recovery-basis/durability-observation,phase-8
destination,WalDurabilityObservationBasis::lsn_range,worth-store-physical-backend/recovery-durability/wal-recovery-basis/durability-observation,create,worth-store-physical-backend/recovery-durability/wal-recovery-basis/durability-observation,phase-8
destination,WalDurabilityObservationBasis::profile_id,worth-store-physical-backend/recovery-durability/wal-recovery-basis/durability-observation,create,worth-store-physical-backend/recovery-durability/wal-recovery-basis/durability-observation,phase-8
destination,WalDurabilityObservationBasis::required_barriers,worth-store-physical-backend/recovery-durability/wal-recovery-basis/durability-observation,create,worth-store-physical-backend/recovery-durability/wal-recovery-basis/durability-observation,phase-8
destination,WalDurabilityObservationBasis::segment_id,worth-store-physical-backend/recovery-durability/wal-recovery-basis/durability-observation,create,worth-store-physical-backend/recovery-durability/wal-recovery-basis/durability-observation,phase-8
destination,WalDurabilityObservationDenial,worth-store-physical-backend/recovery-durability/wal-recovery-basis/durability-observation,create,worth-store-physical-backend/recovery-durability/wal-recovery-basis/durability-observation,phase-8
destination,WalDurabilityObservationDenial::barrier,worth-store-physical-backend/recovery-durability/wal-recovery-basis/durability-observation,create,worth-store-physical-backend/recovery-durability/wal-recovery-basis/durability-observation,phase-8
destination,WalDurabilityObservationDenial::kind,worth-store-physical-backend/recovery-durability/wal-recovery-basis/durability-observation,create,worth-store-physical-backend/recovery-durability/wal-recovery-basis/durability-observation,phase-8
destination,WalDurabilityObservationDenial::profile_id,worth-store-physical-backend/recovery-durability/wal-recovery-basis/durability-observation,create,worth-store-physical-backend/recovery-durability/wal-recovery-basis/durability-observation,phase-8
destination,WalDurabilityObservationDenialKind,worth-store-physical-backend/recovery-durability/wal-recovery-basis/durability-observation,create,worth-store-physical-backend/recovery-durability/wal-recovery-basis/durability-observation,phase-8
destination,WalFrameDigest,worth-store-physical-backend/recovery-durability/wal-recovery-basis/append-receipt,create,worth-store-physical-backend/recovery-durability/wal-recovery-basis/append-receipt,phase-8
destination,WalFrameDigest::as_str,worth-store-physical-backend/recovery-durability/wal-recovery-basis/append-receipt,create,worth-store-physical-backend/recovery-durability/wal-recovery-basis/append-receipt,phase-8
destination,WalFrameDigest::new,worth-store-physical-backend/recovery-durability/wal-recovery-basis/append-receipt,create,worth-store-physical-backend/recovery-durability/wal-recovery-basis/append-receipt,phase-8
destination,WalAppendFailureObservation,worth-store-physical-backend/recovery-durability/wal-recovery-basis/append-receipt,create,worth-store-physical-backend/recovery-durability/wal-recovery-basis/append-receipt,phase-8
destination,WalAppendReceipt::from_certification_observation,worth-store-physical-backend/recovery-durability/wal-recovery-basis/append-receipt,create,worth-store-physical-backend/recovery-durability/wal-recovery-basis/append-receipt,phase-8
destination,discover_recovery_candidates,worth-store-offline-verifier/truth-composition/candidate-evaluation,create,worth-store-offline-verifier/truth-composition/candidate-evaluation,phase-8
destination,ObservedRecoveryFrontier,worth-store-offline-verifier/truth-composition/candidate-evaluation,create,worth-store-offline-verifier/truth-composition/candidate-evaluation,phase-8
destination,RecoveryCandidate,worth-store-offline-verifier/truth-composition/candidate-evaluation,create,worth-store-offline-verifier/truth-composition/candidate-evaluation,phase-8
destination,RecoveryCandidate::confidence,worth-store-offline-verifier/truth-composition/candidate-evaluation,create,worth-store-offline-verifier/truth-composition/candidate-evaluation,phase-8
destination,RecoveryCandidate::content_digest,worth-store-offline-verifier/truth-composition/candidate-evaluation,create,worth-store-offline-verifier/truth-composition/candidate-evaluation,phase-8
destination,RecoveryCandidate::family,worth-store-offline-verifier/truth-composition/candidate-evaluation,create,worth-store-offline-verifier/truth-composition/candidate-evaluation,phase-8
destination,RecoveryCandidate::frontier,worth-store-offline-verifier/truth-composition/candidate-evaluation,create,worth-store-offline-verifier/truth-composition/candidate-evaluation,phase-8
destination,RecoveryCandidateConfidence,worth-store-offline-verifier/truth-composition/candidate-evaluation,create,worth-store-offline-verifier/truth-composition/candidate-evaluation,phase-8
destination,RecoveryCandidateDiscoveryDenial,worth-store-offline-verifier/truth-composition/candidate-evaluation,create,worth-store-offline-verifier/truth-composition/candidate-evaluation,phase-8
destination,RecoveryCandidateObservation,worth-store-offline-verifier/truth-composition/candidate-evaluation,create,worth-store-offline-verifier/truth-composition/candidate-evaluation,phase-8
destination,RecoveryCandidateObservation::from_verified_checkpoint,worth-store-offline-verifier/truth-composition/candidate-evaluation,create,worth-store-offline-verifier/truth-composition/candidate-evaluation,phase-8
destination,RecoveryCandidateObservation::from_verified_root_manifest,worth-store-offline-verifier/truth-composition/candidate-evaluation,create,worth-store-offline-verifier/truth-composition/candidate-evaluation,phase-8
destination,RecoveryCandidateObservation::from_verified_wal_segment,worth-store-offline-verifier/truth-composition/candidate-evaluation,create,worth-store-offline-verifier/truth-composition/candidate-evaluation,phase-8
destination,RecoveryCandidateSet,worth-store-offline-verifier/truth-composition/candidate-evaluation,create,worth-store-offline-verifier/truth-composition/candidate-evaluation,phase-8
destination,RecoveryCandidateSet::candidates,worth-store-offline-verifier/truth-composition/candidate-evaluation,create,worth-store-offline-verifier/truth-composition/candidate-evaluation,phase-8
destination,RecoveryCandidateSet::owned_allocation_bytes,worth-store-offline-verifier/truth-composition/candidate-evaluation,create,worth-store-offline-verifier/truth-composition/candidate-evaluation,phase-8
destination,BoundedCheckpointBackupDenial,worth-store-offline-verifier/backup-verification/checkpoint-backup-verification,create,worth-store-offline-verifier/backup-verification/checkpoint-backup-verification,phase-8
destination,BoundedCheckpointBackupObservation,worth-store-offline-verifier/backup-verification/checkpoint-backup-verification,create,worth-store-offline-verifier/backup-verification/checkpoint-backup-verification,phase-8
destination,BoundedCheckpointBackupObservation::artifact_digest,worth-store-offline-verifier/backup-verification/checkpoint-backup-verification,create,worth-store-offline-verifier/backup-verification/checkpoint-backup-verification,phase-8
destination,BoundedCheckpointBackupObservation::frontier_digest,worth-store-offline-verifier/backup-verification/checkpoint-backup-verification,create,worth-store-offline-verifier/backup-verification/checkpoint-backup-verification,phase-8
destination,BoundedCheckpointBackupObservation::bytes_read,worth-store-offline-verifier/backup-verification/checkpoint-backup-verification,create,worth-store-offline-verifier/backup-verification/checkpoint-backup-verification,phase-8
destination,BoundedCheckpointBackupObservation::checkpoint_identity_digest,worth-store-offline-verifier/backup-verification/checkpoint-backup-verification,create,worth-store-offline-verifier/backup-verification/checkpoint-backup-verification,phase-8
destination,BoundedCheckpointBackupObservation::covered_lsn,worth-store-offline-verifier/backup-verification/checkpoint-backup-verification,create,worth-store-offline-verifier/backup-verification/checkpoint-backup-verification,phase-8
destination,BoundedCheckpointBackupObservation::decoder_allocation_bytes,worth-store-offline-verifier/backup-verification/checkpoint-backup-verification,create,worth-store-offline-verifier/backup-verification/checkpoint-backup-verification,phase-8
destination,BoundedCheckpointBackupObservation::durable_checkpoint_lsn,worth-store-offline-verifier/backup-verification/checkpoint-backup-verification,create,worth-store-offline-verifier/backup-verification/checkpoint-backup-verification,phase-8
destination,BoundedCheckpointBackupObservation::manifest_generation,worth-store-offline-verifier/backup-verification/checkpoint-backup-verification,create,worth-store-offline-verifier/backup-verification/checkpoint-backup-verification,phase-8
destination,BoundedCheckpointBackupObservation::page_count,worth-store-offline-verifier/backup-verification/checkpoint-backup-verification,create,worth-store-offline-verifier/backup-verification/checkpoint-backup-verification,phase-8
destination,BoundedCheckpointBackupObservation::peak_buffer_bytes,worth-store-offline-verifier/backup-verification/checkpoint-backup-verification,create,worth-store-offline-verifier/backup-verification/checkpoint-backup-verification,phase-8
destination,BoundedCheckpointBackupObservation::redo_lsn,worth-store-offline-verifier/backup-verification/checkpoint-backup-verification,create,worth-store-offline-verifier/backup-verification/checkpoint-backup-verification,phase-8
destination,BoundedCheckpointBackupObservation::root_generation,worth-store-offline-verifier/backup-verification/checkpoint-backup-verification,create,worth-store-offline-verifier/backup-verification/checkpoint-backup-verification,phase-8
destination,BoundedCheckpointBackupObservation::root_reference,worth-store-offline-verifier/backup-verification/checkpoint-backup-verification,create,worth-store-offline-verifier/backup-verification/checkpoint-backup-verification,phase-8
destination,BoundedCheckpointBackupVerificationRequest,worth-store-offline-verifier/backup-verification/checkpoint-backup-verification,create,worth-store-offline-verifier/backup-verification/checkpoint-backup-verification,phase-8
destination,CheckpointBackupArtifact,worth-store-physical-format/checkpoint/backup-artifact,create,worth-store-physical-format/checkpoint/backup-artifact,phase-8
destination,CheckpointBackupArtifact::checkpoint_identity,worth-store-physical-format/checkpoint/backup-artifact,create,worth-store-physical-format/checkpoint/backup-artifact,phase-8
destination,CheckpointBackupArtifact::covered_lsn,worth-store-physical-format/checkpoint/backup-artifact,create,worth-store-physical-format/checkpoint/backup-artifact,phase-8
destination,CheckpointBackupArtifact::durable_checkpoint_lsn,worth-store-physical-format/checkpoint/backup-artifact,create,worth-store-physical-format/checkpoint/backup-artifact,phase-8
destination,CheckpointBackupArtifact::encode,worth-store-physical-format/checkpoint/backup-artifact,create,worth-store-physical-format/checkpoint/backup-artifact,phase-8
destination,CheckpointBackupArtifact::from_input,worth-store-physical-format/checkpoint/backup-artifact,create,worth-store-physical-format/checkpoint/backup-artifact,phase-8
destination,CheckpointBackupArtifact::manifest_generation,worth-store-physical-format/checkpoint/backup-artifact,create,worth-store-physical-format/checkpoint/backup-artifact,phase-8
destination,CheckpointBackupArtifact::pages,worth-store-physical-format/checkpoint/backup-artifact,create,worth-store-physical-format/checkpoint/backup-artifact,phase-8
destination,CheckpointBackupArtifact::redo_lsn,worth-store-physical-format/checkpoint/backup-artifact,create,worth-store-physical-format/checkpoint/backup-artifact,phase-8
destination,CheckpointBackupArtifact::root,worth-store-physical-format/checkpoint/backup-artifact,create,worth-store-physical-format/checkpoint/backup-artifact,phase-8
destination,CheckpointBackupArtifact::root_generation,worth-store-physical-format/checkpoint/backup-artifact,create,worth-store-physical-format/checkpoint/backup-artifact,phase-8
destination,CheckpointBackupArtifact::root_reference,worth-store-physical-format/checkpoint/backup-artifact,create,worth-store-physical-format/checkpoint/backup-artifact,phase-8
destination,CheckpointBackupArtifactDecodeDenial,worth-store-physical-format/checkpoint/backup-artifact-decode,create,worth-store-physical-format/checkpoint/backup-artifact-decode,phase-8
destination,CheckpointBackupArtifactDecodeObservation,worth-store-physical-format/checkpoint/backup-artifact-decode,create,worth-store-physical-format/checkpoint/backup-artifact-decode,phase-8
destination,CheckpointBackupArtifactDecodeObservation::bytes_read,worth-store-physical-format/checkpoint/backup-artifact-decode,create,worth-store-physical-format/checkpoint/backup-artifact-decode,phase-8
destination,CheckpointBackupArtifactDecodeObservation::decoder_allocation_bytes,worth-store-physical-format/checkpoint/backup-artifact-decode,create,worth-store-physical-format/checkpoint/backup-artifact-decode,phase-8
destination,CheckpointBackupArtifactDecodeObservation::peak_buffer_bytes,worth-store-physical-format/checkpoint/backup-artifact-decode,create,worth-store-physical-format/checkpoint/backup-artifact-decode,phase-8
destination,CheckpointBackupArtifactDecodeRequest,worth-store-physical-format/checkpoint/backup-artifact-decode,create,worth-store-physical-format/checkpoint/backup-artifact-decode,phase-8
destination,CheckpointBackupArtifactDecodeRequest::new,worth-store-physical-format/checkpoint/backup-artifact-decode,create,worth-store-physical-format/checkpoint/backup-artifact-decode,phase-8
destination,CheckpointBackupArtifactInput,worth-store-physical-format/checkpoint/backup-artifact,create,worth-store-physical-format/checkpoint/backup-artifact,phase-8
destination,DecodedCheckpointBackupArtifact,worth-store-physical-format/checkpoint/backup-artifact-decode,create,worth-store-physical-format/checkpoint/backup-artifact-decode,phase-8
destination,DecodedCheckpointBackupArtifact::artifact,worth-store-physical-format/checkpoint/backup-artifact-decode,create,worth-store-physical-format/checkpoint/backup-artifact-decode,phase-8
destination,DecodedCheckpointBackupArtifact::observation,worth-store-physical-format/checkpoint/backup-artifact-decode,create,worth-store-physical-format/checkpoint/backup-artifact-decode,phase-8
destination,decode_checkpoint_backup_artifact_from_reader,worth-store-physical-format/checkpoint/backup-artifact-decode,create,worth-store-physical-format/checkpoint/backup-artifact-decode,phase-8
destination,verify_bounded_checkpoint_backup_artifact_from_reader,worth-store-offline-verifier/backup-verification/checkpoint-backup-verification,create,worth-store-offline-verifier/backup-verification/checkpoint-backup-verification,phase-8
destination,BootstrapSourceArtifact,worth-store-physical-isolation/recovery-source-lease/bootstrap-source,create,worth-store-physical-isolation/recovery-source-lease/bootstrap-source,phase-8
destination,BootstrapSourceArtifact::byte_length,worth-store-physical-isolation/recovery-source-lease/bootstrap-source,create,worth-store-physical-isolation/recovery-source-lease/bootstrap-source,phase-8
destination,BootstrapSourceArtifact::content_digest,worth-store-physical-isolation/recovery-source-lease/bootstrap-source,create,worth-store-physical-isolation/recovery-source-lease/bootstrap-source,phase-8
destination,BootstrapSourceArtifact::declare,worth-store-physical-isolation/recovery-source-lease/bootstrap-source,create,worth-store-physical-isolation/recovery-source-lease/bootstrap-source,phase-8
destination,BootstrapSourceArtifact::family,worth-store-physical-isolation/recovery-source-lease/bootstrap-source,create,worth-store-physical-isolation/recovery-source-lease/bootstrap-source,phase-8
destination,BootstrapSourceArtifact::relative_path,worth-store-physical-isolation/recovery-source-lease/bootstrap-source,create,worth-store-physical-isolation/recovery-source-lease/bootstrap-source,phase-8
destination,BootstrapSourceArtifactFamily,worth-store-physical-isolation/recovery-source-lease/bootstrap-source,create,worth-store-physical-isolation/recovery-source-lease/bootstrap-source,phase-8
destination,BootstrapSourceEvidenceBinding,worth-store-physical-isolation/recovery-source-lease/bootstrap-source,create,worth-store-physical-isolation/recovery-source-lease/bootstrap-source,phase-8
destination,BootstrapSourceEvidenceBinding::from_independent_verification,worth-store-physical-isolation/recovery-source-lease/bootstrap-source,create,worth-store-physical-isolation/recovery-source-lease/bootstrap-source,phase-8
destination,BootstrapSourceFrontier,worth-store-physical-isolation/recovery-source-lease/bootstrap-source,create,worth-store-physical-isolation/recovery-source-lease/bootstrap-source,phase-8
destination,BootstrapSourceFrontier::admit,worth-store-physical-isolation/recovery-source-lease/bootstrap-source,create,worth-store-physical-isolation/recovery-source-lease/bootstrap-source,phase-8
destination,BootstrapSourceResolutionCounters,worth-store-physical-isolation/recovery-source-lease/bootstrap-source,create,worth-store-physical-isolation/recovery-source-lease/bootstrap-source,phase-8
destination,BootstrapSourceResolutionCounters::artifacts_reopened,worth-store-physical-isolation/recovery-source-lease/bootstrap-source,create,worth-store-physical-isolation/recovery-source-lease/bootstrap-source,phase-8
destination,BootstrapSourceResolutionCounters::bytes_read,worth-store-physical-isolation/recovery-source-lease/bootstrap-source,create,worth-store-physical-isolation/recovery-source-lease/bootstrap-source,phase-8
destination,BootstrapSourceResolutionCounters::resident_buffer_bytes,worth-store-physical-isolation/recovery-source-lease/bootstrap-source,create,worth-store-physical-isolation/recovery-source-lease/bootstrap-source,phase-8
destination,BootstrapSourceResolutionDenial,worth-store-physical-isolation/recovery-source-lease/bootstrap-source,create,worth-store-physical-isolation/recovery-source-lease/bootstrap-source,phase-8
destination,BootstrapSourceResolutionRequest,worth-store-physical-isolation/recovery-source-lease/bootstrap-source,create,worth-store-physical-isolation/recovery-source-lease/bootstrap-source,phase-8
destination,BootstrapSourceResolutionRequest::from_independent_verification,worth-store-physical-isolation/recovery-source-lease/bootstrap-source,create,worth-store-physical-isolation/recovery-source-lease/bootstrap-source,phase-8
destination,PhysicalIsolationBootstrapSourceOwner,worth-store-physical-isolation/recovery-source-lease/bootstrap-source,create,worth-store-physical-isolation/recovery-source-lease/bootstrap-source,phase-8
destination,PhysicalIsolationBootstrapSourceOwner::resolve,worth-store-physical-isolation/recovery-source-lease/bootstrap-source,create,worth-store-physical-isolation/recovery-source-lease/bootstrap-source,phase-8
destination,ResolvedBootstrapRecoverySourceCut,worth-store-physical-isolation/recovery-source-lease/bootstrap-source,create,worth-store-physical-isolation/recovery-source-lease/bootstrap-source,phase-8
destination,ResolvedBootstrapRecoverySourceCut::artifact_paths,worth-store-physical-isolation/recovery-source-lease/bootstrap-source,create,worth-store-physical-isolation/recovery-source-lease/bootstrap-source,phase-8
destination,ResolvedBootstrapRecoverySourceCut::counters,worth-store-physical-isolation/recovery-source-lease/bootstrap-source,create,worth-store-physical-isolation/recovery-source-lease/bootstrap-source,phase-8
destination,ResolvedBootstrapRecoverySourceCut::frontier_identity,worth-store-physical-isolation/recovery-source-lease/bootstrap-source,create,worth-store-physical-isolation/recovery-source-lease/bootstrap-source,phase-8
destination,ResolvedBootstrapRecoverySourceCut::operation_identity,worth-store-physical-isolation/recovery-source-lease/bootstrap-source,create,worth-store-physical-isolation/recovery-source-lease/bootstrap-source,phase-8
destination,ResolvedBootstrapRecoverySourceCut::resolution_identity,worth-store-physical-isolation/recovery-source-lease/bootstrap-source,create,worth-store-physical-isolation/recovery-source-lease/bootstrap-source,phase-8
destination,ResolvedBootstrapRecoverySourceCut::source_identity,worth-store-physical-isolation/recovery-source-lease/bootstrap-source,create,worth-store-physical-isolation/recovery-source-lease/bootstrap-source,phase-8
destination,ResolvedBootstrapRecoverySourceCut::source_lineage_identity,worth-store-physical-isolation/recovery-source-lease/bootstrap-source,create,worth-store-physical-isolation/recovery-source-lease/bootstrap-source,phase-8
destination,ResolvedBootstrapRecoverySourceCut::source_root,worth-store-physical-isolation/recovery-source-lease/bootstrap-source,create,worth-store-physical-isolation/recovery-source-lease/bootstrap-source,phase-8
destination,ResolvedBootstrapRecoverySourceCut::verification_identity,worth-store-physical-isolation/recovery-source-lease/bootstrap-source,create,worth-store-physical-isolation/recovery-source-lease/bootstrap-source,phase-8
destination,RecoveryCompletion,progression/completion,create,worth-store-recovery-runtime/progression/completion,phase-8
destination,RecoveryCompletion::admitted_page_lsn_frontier,progression/completion,create,worth-store-recovery-runtime/progression/completion,phase-8
destination,RecoveryCompletion::recovered_root,progression/completion,create,worth-store-recovery-runtime/progression/completion,phase-8
destination,RecoveryCompletion::replayed_frames,progression/completion,create,worth-store-recovery-runtime/progression/completion,phase-8
destination,RecoveryCompletion::source_candidate_count,progression/completion,create,worth-store-recovery-runtime/progression/completion,phase-8
destination,RecoveryCompletion::source_decision_digest,progression/completion,create,worth-store-recovery-runtime/progression/completion,phase-8
destination,BlobReplayAdmissionDenial,worth-store-blob-chunks/recovery-readmission,create,worth-store-blob-chunks/recovery-readmission,phase-8
destination,BlobReplayAdmissionDenial::kind,worth-store-blob-chunks/recovery-readmission,create,worth-store-blob-chunks/recovery-readmission,phase-8
destination,BlobReplayAdmissionDenial::source_digest,worth-store-blob-chunks/recovery-readmission,create,worth-store-blob-chunks/recovery-readmission,phase-8
destination,BlobReplayAdmissionDenialKind,worth-store-blob-chunks/recovery-readmission,create,worth-store-blob-chunks/recovery-readmission,phase-8
destination,BlobReplaySourceAdmission,worth-store-blob-chunks/recovery-readmission,create,worth-store-blob-chunks/recovery-readmission,phase-8
destination,BlobReplaySourceAdmission::from_replayable_wal_report,worth-store-blob-chunks/recovery-readmission,create,worth-store-blob-chunks/recovery-readmission,phase-8
destination,BlobReplaySourceAdmission::kind,worth-store-blob-chunks/recovery-readmission,create,worth-store-blob-chunks/recovery-readmission,phase-8
destination,BlobReplaySourceAdmission::reject_backend_residue,worth-store-blob-chunks/recovery-readmission,create,worth-store-blob-chunks/recovery-readmission,phase-8
destination,BlobReplaySourceAdmission::source_digest,worth-store-blob-chunks/recovery-readmission,create,worth-store-blob-chunks/recovery-readmission,phase-8
destination,BlobReplaySourceKind,worth-store-blob-chunks/recovery-readmission,create,worth-store-blob-chunks/recovery-readmission,phase-8
destination,BlobReplaySourceOutcome,worth-store-blob-chunks/recovery-readmission,create,worth-store-blob-chunks/recovery-readmission,phase-8
destination,BlobReplaySourceOutcome::admitted,worth-store-blob-chunks/recovery-readmission,create,worth-store-blob-chunks/recovery-readmission,phase-8
destination,BlobReplaySourceOutcome::kind,worth-store-blob-chunks/recovery-readmission,create,worth-store-blob-chunks/recovery-readmission,phase-8
destination,BlobReplaySourceOutcomeKind,worth-store-blob-chunks/recovery-readmission,create,worth-store-blob-chunks/recovery-readmission,phase-8
destination,BlobResumeReplayReadmission,worth-store-blob-chunks/recovery-readmission,create,worth-store-blob-chunks/recovery-readmission,phase-8
destination,BlobResumeReplayReadmission::checkpoint_source_digest,worth-store-blob-chunks/recovery-readmission,create,worth-store-blob-chunks/recovery-readmission,phase-8
destination,BlobResumeReplayReadmission::current_store_authority_digest,worth-store-blob-chunks/recovery-readmission,create,worth-store-blob-chunks/recovery-readmission,phase-8
destination,BlobResumeReplayReadmission::from_checkpoint_source,worth-store-blob-chunks/recovery-readmission,create,worth-store-blob-chunks/recovery-readmission,phase-8
destination,admit_recovery_corruption_readmission,worth-store-physical-integrity/recovery-readmission,create,worth-store-physical-integrity/recovery-readmission,phase-8
destination,AdmittedRecoveryIntegrityInput,worth-store-physical-integrity/recovery-handoff,create,worth-store-physical-integrity/recovery-handoff,phase-8
destination,AdmittedRecoveryIntegrityInput::claims_recovery,worth-store-physical-integrity/recovery-handoff,create,worth-store-physical-integrity/recovery-handoff,phase-8
destination,AdmittedRecoveryIntegrityInput::counters,worth-store-physical-integrity/recovery-handoff,create,worth-store-physical-integrity/recovery-handoff,phase-8
destination,AdmittedRecoveryIntegrityInput::payload,worth-store-physical-integrity/recovery-handoff,create,worth-store-physical-integrity/recovery-handoff,phase-8
destination,AdmittedRecoveryIntegrityInput::proves_no_raw_bytes_crossed,worth-store-physical-integrity/recovery-handoff,create,worth-store-physical-integrity/recovery-handoff,phase-8
destination,BoundedInspectionEnvelopeEvidence,worth-store-physical-integrity/recovery-handoff,create,worth-store-physical-integrity/recovery-handoff,phase-8
destination,BoundedInspectionEnvelopeEvidence::checksum_basis,worth-store-physical-integrity/recovery-handoff,create,worth-store-physical-integrity/recovery-handoff,phase-8
destination,BoundedInspectionEnvelopeEvidence::counters,worth-store-physical-integrity/recovery-handoff,create,worth-store-physical-integrity/recovery-handoff,phase-8
destination,BoundedInspectionEnvelopeEvidence::from_checked_frame,worth-store-physical-integrity/recovery-handoff,create,worth-store-physical-integrity/recovery-handoff,phase-8
destination,BoundedInspectionEnvelopeEvidence::from_checked_page,worth-store-physical-integrity/recovery-handoff,create,worth-store-physical-integrity/recovery-handoff,phase-8
destination,BoundedInspectionEnvelopeEvidence::protected_read_limit,worth-store-physical-integrity/recovery-handoff,create,worth-store-physical-integrity/recovery-handoff,phase-8
destination,BoundedInspectionEnvelopeEvidence::resident_byte_limit,worth-store-physical-integrity/recovery-handoff,create,worth-store-physical-integrity/recovery-handoff,phase-8
destination,BoundedInspectionEnvelopeEvidence::streaming_window_limit,worth-store-physical-integrity/recovery-handoff,create,worth-store-physical-integrity/recovery-handoff,phase-8
destination,ChecksumAlgorithmScopeBasis,worth-store-physical-integrity/recovery-handoff,create,worth-store-physical-integrity/recovery-handoff,phase-8
destination,ChecksumAlgorithmScopeBasis::algorithm,worth-store-physical-integrity/recovery-handoff,create,worth-store-physical-integrity/recovery-handoff,phase-8
destination,ChecksumAlgorithmScopeBasis::from_checksum_declaration,worth-store-physical-integrity/recovery-handoff,create,worth-store-physical-integrity/recovery-handoff,phase-8
destination,ChecksumAlgorithmScopeBasis::scope,worth-store-physical-integrity/recovery-handoff,create,worth-store-physical-integrity/recovery-handoff,phase-8
destination,classify_recovery_blocking_damage,worth-store-physical-integrity/damage-classification,create,worth-store-physical-integrity/damage-classification,phase-8
destination,classify_recovery_repair_capability,worth-store-physical-integrity/recovery-readmission,create,worth-store-physical-integrity/recovery-readmission,phase-8
destination,damage_map,worth-store-physical-integrity/recovery-handoff,create,worth-store-physical-integrity/recovery-handoff,phase-8
destination,ImportLayoutReadmissionOutcome,worth-store-layout-indexes/integrity-readmission,create,worth-store-layout-indexes/integrity-readmission,phase-8
destination,IntegrityDamageMap,worth-store-physical-integrity/damage-classification,create,worth-store-physical-integrity/damage-classification,phase-8
destination,IntegrityDamageMap::admit_corruption_readmission,worth-store-physical-integrity/damage-classification,create,worth-store-physical-integrity/damage-classification,phase-8
destination,IntegrityDamageMap::basis,worth-store-physical-integrity/damage-classification,create,worth-store-physical-integrity/damage-classification,phase-8
destination,IntegrityDamageMap::checkpoint_damage,worth-store-physical-integrity/damage-classification,create,worth-store-physical-integrity/damage-classification,phase-8
destination,IntegrityDamageMap::manifest_root_damage,worth-store-physical-integrity/damage-classification,create,worth-store-physical-integrity/damage-classification,phase-8
destination,IntegrityDamageMap::new,worth-store-physical-integrity/damage-classification,create,worth-store-physical-integrity/damage-classification,phase-8
destination,IntegrityDamageMap::quarantine_summaries,worth-store-physical-integrity/damage-classification,create,worth-store-physical-integrity/damage-classification,phase-8
destination,IntegrityDamageMap::recovery_blocking_damage_cases,worth-store-physical-integrity/damage-classification,create,worth-store-physical-integrity/damage-classification,phase-8
destination,IntegrityDamageMap::recovery_blocking_findings,worth-store-physical-integrity/damage-classification,create,worth-store-physical-integrity/damage-classification,phase-8
destination,IntegrityDamageMap::unresolved_authority_damage,worth-store-physical-integrity/damage-classification,create,worth-store-physical-integrity/damage-classification,phase-8
destination,IntegrityDamageMap::wal_damage,worth-store-physical-integrity/damage-classification,create,worth-store-physical-integrity/damage-classification,phase-8
destination,IntegrityDamageMap::with_checkpoint_damage,worth-store-physical-integrity/damage-classification,create,worth-store-physical-integrity/damage-classification,phase-8
destination,IntegrityDamageMap::with_manifest_root_damage,worth-store-physical-integrity/damage-classification,create,worth-store-physical-integrity/damage-classification,phase-8
destination,IntegrityDamageMap::with_recovery_blocking_quarantine,worth-store-physical-integrity/damage-classification,create,worth-store-physical-integrity/damage-classification,phase-8
destination,IntegrityDamageMap::with_unresolved_authority_damage,worth-store-physical-integrity/damage-classification,create,worth-store-physical-integrity/damage-classification,phase-8
destination,IntegrityDamageMap::with_wal_damage,worth-store-physical-integrity/damage-classification,create,worth-store-physical-integrity/damage-classification,phase-8
destination,IntegrityHandoffAdmission,worth-store-physical-integrity/recovery-handoff,create,worth-store-physical-integrity/recovery-handoff,phase-8
destination,IntegrityHandoffAdmission::admit_model_payload,worth-store-physical-integrity/recovery-handoff,create,worth-store-physical-integrity/recovery-handoff,phase-8
destination,IntegrityHandoffCounters,worth-store-physical-integrity/recovery-handoff,create,worth-store-physical-integrity/recovery-handoff,phase-8
destination,IntegrityHandoffCounters::checked_byte_count,worth-store-physical-integrity/recovery-handoff,create,worth-store-physical-integrity/recovery-handoff,phase-8
destination,IntegrityHandoffCounters::checksum_execution_count,worth-store-physical-integrity/recovery-handoff,create,worth-store-physical-integrity/recovery-handoff,phase-8
destination,IntegrityHandoffCounters::quarantine_summary_count,worth-store-physical-integrity/recovery-handoff,create,worth-store-physical-integrity/recovery-handoff,phase-8
destination,IntegrityHandoffCounters::recovery_blocking_count,worth-store-physical-integrity/recovery-handoff,create,worth-store-physical-integrity/recovery-handoff,phase-8
destination,IntegrityHandoffCounters::skipped_decode_count,worth-store-physical-integrity/recovery-handoff,create,worth-store-physical-integrity/recovery-handoff,phase-8
destination,IntegrityHandoffCounters::vetted_record_count,worth-store-physical-integrity/recovery-handoff,create,worth-store-physical-integrity/recovery-handoff,phase-8
destination,IntegrityHandoffDeclaration,worth-store-physical-integrity/recovery-handoff,create,worth-store-physical-integrity/recovery-handoff,phase-8
destination,IntegrityHandoffDeclaration::checkpoint_record,worth-store-physical-integrity/recovery-handoff,create,worth-store-physical-integrity/recovery-handoff,phase-8
destination,IntegrityHandoffDeclaration::damage_map,worth-store-physical-integrity/recovery-handoff,create,worth-store-physical-integrity/recovery-handoff,phase-8
destination,IntegrityHandoffDeclaration::inspection_envelope,worth-store-physical-integrity/recovery-handoff,create,worth-store-physical-integrity/recovery-handoff,phase-8
destination,IntegrityHandoffDeclaration::page_frame,worth-store-physical-integrity/recovery-handoff,create,worth-store-physical-integrity/recovery-handoff,phase-8
destination,IntegrityHandoffDeclaration::root_manifest,worth-store-physical-integrity/recovery-handoff,create,worth-store-physical-integrity/recovery-handoff,phase-8
destination,IntegrityHandoffDeclaration::seal,worth-store-physical-integrity/recovery-handoff,create,worth-store-physical-integrity/recovery-handoff,phase-8
destination,IntegrityHandoffDeclaration::segment_manifest,worth-store-physical-integrity/recovery-handoff,create,worth-store-physical-integrity/recovery-handoff,phase-8
destination,IntegrityHandoffDeclaration::wal_frame,worth-store-physical-integrity/recovery-handoff,create,worth-store-physical-integrity/recovery-handoff,phase-8
destination,IntegrityHandoffDenial,worth-store-physical-integrity/recovery-handoff,create,worth-store-physical-integrity/recovery-handoff,phase-8
destination,IntegrityHandoffDenial::kind,worth-store-physical-integrity/recovery-handoff,create,worth-store-physical-integrity/recovery-handoff,phase-8
destination,IntegrityHandoffDenial::new,worth-store-physical-integrity/recovery-handoff,create,worth-store-physical-integrity/recovery-handoff,phase-8
destination,IntegrityHandoffDenialKind,worth-store-physical-integrity/recovery-handoff,create,worth-store-physical-integrity/recovery-handoff,phase-8
destination,IntegrityHandoffPayload,worth-store-physical-integrity/recovery-handoff,create,worth-store-physical-integrity/recovery-handoff,phase-8
destination,IntegrityHandoffPayload::checkpoint_records,worth-store-physical-integrity/recovery-handoff,create,worth-store-physical-integrity/recovery-handoff,phase-8
destination,IntegrityHandoffPayload::checksum_basis,worth-store-physical-integrity/recovery-handoff,create,worth-store-physical-integrity/recovery-handoff,phase-8
destination,IntegrityHandoffPayload::claims_recovery,worth-store-physical-integrity/recovery-handoff,create,worth-store-physical-integrity/recovery-handoff,phase-8
destination,IntegrityHandoffPayload::corruption_readmission_handoffs,worth-store-physical-integrity/recovery-handoff,create,worth-store-physical-integrity/recovery-handoff,phase-8
destination,IntegrityHandoffPayload::counters,worth-store-physical-integrity/recovery-handoff,create,worth-store-physical-integrity/recovery-handoff,phase-8
destination,IntegrityHandoffPayload::damage_map,worth-store-physical-integrity/recovery-handoff,create,worth-store-physical-integrity/recovery-handoff,phase-8
destination,IntegrityHandoffPayload::declare,worth-store-physical-integrity/recovery-handoff,create,worth-store-physical-integrity/recovery-handoff,phase-8
destination,IntegrityHandoffPayload::identity,worth-store-physical-integrity/recovery-handoff,create,worth-store-physical-integrity/recovery-handoff,phase-8
destination,IntegrityHandoffPayload::inspection_envelope,worth-store-physical-integrity/recovery-handoff,create,worth-store-physical-integrity/recovery-handoff,phase-8
destination,IntegrityHandoffPayload::page_frames,worth-store-physical-integrity/recovery-handoff,create,worth-store-physical-integrity/recovery-handoff,phase-8
destination,IntegrityHandoffPayload::proves_no_raw_bytes_crossed,worth-store-physical-integrity/recovery-handoff,create,worth-store-physical-integrity/recovery-handoff,phase-8
destination,IntegrityHandoffPayload::root_manifest,worth-store-physical-integrity/recovery-handoff,create,worth-store-physical-integrity/recovery-handoff,phase-8
destination,IntegrityHandoffPayload::segment_manifest,worth-store-physical-integrity/recovery-handoff,create,worth-store-physical-integrity/recovery-handoff,phase-8
destination,IntegrityHandoffPayload::wal_frames,worth-store-physical-integrity/recovery-handoff,create,worth-store-physical-integrity/recovery-handoff,phase-8
destination,IntegrityVettedCheckpointRecord,worth-store-physical-integrity/recovery-records,create,worth-store-physical-integrity/recovery-records,phase-8
destination,IntegrityVettedCheckpointRecord::counters,worth-store-physical-integrity/recovery-records,create,worth-store-physical-integrity/recovery-records,phase-8
destination,IntegrityVettedCheckpointRecord::from_integrity_report,worth-store-physical-integrity/recovery-records,create,worth-store-physical-integrity/recovery-records,phase-8
destination,IntegrityVettedCheckpointRecord::input_identity,worth-store-physical-integrity/recovery-records,create,worth-store-physical-integrity/recovery-records,phase-8
destination,IntegrityVettedCheckpointRecord::receipt,worth-store-physical-integrity/recovery-records,create,worth-store-physical-integrity/recovery-records,phase-8
destination,IntegrityVettedCheckpointRecord::tail_posture,worth-store-physical-integrity/recovery-records,create,worth-store-physical-integrity/recovery-records,phase-8
destination,IntegrityVettedPageFrameKind,worth-store-physical-integrity/recovery-records,create,worth-store-physical-integrity/recovery-records,phase-8
destination,IntegrityVettedPageFrameRecord,worth-store-physical-integrity/recovery-records,create,worth-store-physical-integrity/recovery-records,phase-8
destination,IntegrityVettedPageFrameRecord::boundary,worth-store-physical-integrity/recovery-records,create,worth-store-physical-integrity/recovery-records,phase-8
destination,IntegrityVettedPageFrameRecord::counters,worth-store-physical-integrity/recovery-records,create,worth-store-physical-integrity/recovery-records,phase-8
destination,IntegrityVettedPageFrameRecord::from_frame_report,worth-store-physical-integrity/recovery-records,create,worth-store-physical-integrity/recovery-records,phase-8
destination,IntegrityVettedPageFrameRecord::from_page_report,worth-store-physical-integrity/recovery-records,create,worth-store-physical-integrity/recovery-records,phase-8
destination,IntegrityVettedPageFrameRecord::kind,worth-store-physical-integrity/recovery-records,create,worth-store-physical-integrity/recovery-records,phase-8
destination,IntegrityVettedPageFrameRecord::receipt,worth-store-physical-integrity/recovery-records,create,worth-store-physical-integrity/recovery-records,phase-8
destination,IntegrityVettedPageFrameRecord::scope,worth-store-physical-integrity/recovery-records,create,worth-store-physical-integrity/recovery-records,phase-8
destination,IntegrityVettedRootManifestRecord,worth-store-physical-integrity/recovery-records,create,worth-store-physical-integrity/recovery-records,phase-8
destination,IntegrityVettedRootManifestRecord::counters,worth-store-physical-integrity/recovery-records,create,worth-store-physical-integrity/recovery-records,phase-8
destination,IntegrityVettedRootManifestRecord::from_manifest_report,worth-store-physical-integrity/recovery-records,create,worth-store-physical-integrity/recovery-records,phase-8
destination,IntegrityVettedRootManifestRecord::posture,worth-store-physical-integrity/recovery-records,create,worth-store-physical-integrity/recovery-records,phase-8
destination,IntegrityVettedRootManifestRecord::receipt,worth-store-physical-integrity/recovery-records,create,worth-store-physical-integrity/recovery-records,phase-8
destination,IntegrityVettedRootManifestRecord::root_owner,worth-store-physical-integrity/recovery-records,create,worth-store-physical-integrity/recovery-records,phase-8
destination,IntegrityVettedSegmentManifestRecord,worth-store-physical-integrity/recovery-records,create,worth-store-physical-integrity/recovery-records,phase-8
destination,IntegrityVettedSegmentManifestRecord::counters,worth-store-physical-integrity/recovery-records,create,worth-store-physical-integrity/recovery-records,phase-8
destination,IntegrityVettedSegmentManifestRecord::from_manifest_report,worth-store-physical-integrity/recovery-records,create,worth-store-physical-integrity/recovery-records,phase-8
destination,IntegrityVettedSegmentManifestRecord::receipt,worth-store-physical-integrity/recovery-records,create,worth-store-physical-integrity/recovery-records,phase-8
destination,IntegrityVettedSegmentManifestRecord::segment,worth-store-physical-integrity/recovery-records,create,worth-store-physical-integrity/recovery-records,phase-8
destination,IntegrityVettedWalFrame,worth-store-physical-integrity/recovery-records,create,worth-store-physical-integrity/recovery-records,phase-8
destination,IntegrityVettedWalFrame::counters,worth-store-physical-integrity/recovery-records,create,worth-store-physical-integrity/recovery-records,phase-8
destination,IntegrityVettedWalFrame::from_integrity_report,worth-store-physical-integrity/recovery-records,create,worth-store-physical-integrity/recovery-records,phase-8
destination,IntegrityVettedWalFrame::input_identity,worth-store-physical-integrity/recovery-records,create,worth-store-physical-integrity/recovery-records,phase-8
destination,IntegrityVettedWalFrame::receipt,worth-store-physical-integrity/recovery-records,create,worth-store-physical-integrity/recovery-records,phase-8
destination,IntegrityVettedWalFrame::tail_posture,worth-store-physical-integrity/recovery-records,create,worth-store-physical-integrity/recovery-records,phase-8
destination,layout_readmission,worth-store-layout-indexes/integrity-readmission,create,worth-store-layout-indexes/integrity-readmission,phase-8
destination,LayoutReadmissionAuthority,worth-store-layout-indexes/integrity-readmission,create,worth-store-layout-indexes/integrity-readmission,phase-8
destination,LayoutReadmissionAuthority::admit_import,worth-store-layout-indexes/integrity-readmission,create,worth-store-layout-indexes/integrity-readmission,phase-8
destination,LayoutReadmissionAuthority::admit_quarantine,worth-store-layout-indexes/integrity-readmission,create,worth-store-layout-indexes/integrity-readmission,phase-8
destination,QuarantineLayoutReadmissionOutcome,worth-store-layout-indexes/integrity-readmission,create,worth-store-layout-indexes/integrity-readmission,phase-8
destination,QuarantineSummary,worth-store-physical-integrity/damage-classification,create,worth-store-physical-integrity/damage-classification,phase-8
destination,QuarantineSummary::damage_case,worth-store-physical-integrity/damage-classification,create,worth-store-physical-integrity/damage-classification,phase-8
destination,QuarantineSummary::from_recovery_blocking_damage,worth-store-physical-integrity/damage-classification,create,worth-store-physical-integrity/damage-classification,phase-8
destination,QuarantineSummary::handoff_posture,worth-store-physical-integrity/damage-classification,create,worth-store-physical-integrity/damage-classification,phase-8
destination,QuarantineSummary::locality,worth-store-physical-integrity/damage-classification,create,worth-store-physical-integrity/damage-classification,phase-8
destination,QuarantineSummary::receipt,worth-store-physical-integrity/damage-classification,create,worth-store-physical-integrity/damage-classification,phase-8
destination,RawBytesExcludedFromRecoveryHandoff,worth-store-physical-integrity/recovery-handoff,create,worth-store-physical-integrity/recovery-handoff,phase-8
destination,RecoveryBlockedByIntegrityDamage,worth-store-physical-integrity/recovery-blocking,create,worth-store-physical-integrity/recovery-blocking,phase-8
destination,RecoveryBlockedByIntegrityDamage::basis,worth-store-physical-integrity/recovery-blocking,create,worth-store-physical-integrity/recovery-blocking,phase-8
destination,RecoveryBlockedByIntegrityDamage::checkpoint_adjacent_damage,worth-store-physical-integrity/recovery-blocking,create,worth-store-physical-integrity/recovery-blocking,phase-8
destination,RecoveryBlockedByIntegrityDamage::damaged_manifest_root,worth-store-physical-integrity/recovery-blocking,create,worth-store-physical-integrity/recovery-blocking,phase-8
destination,RecoveryBlockedByIntegrityDamage::damaged_wal_frame,worth-store-physical-integrity/recovery-blocking,create,worth-store-physical-integrity/recovery-blocking,phase-8
destination,RecoveryBlockedByIntegrityDamage::locality,worth-store-physical-integrity/recovery-blocking,create,worth-store-physical-integrity/recovery-blocking,phase-8
destination,RecoveryBlockedByIntegrityDamage::manifest_kind,worth-store-physical-integrity/recovery-blocking,create,worth-store-physical-integrity/recovery-blocking,phase-8
destination,RecoveryBlockedByIntegrityDamage::root_posture,worth-store-physical-integrity/recovery-blocking,create,worth-store-physical-integrity/recovery-blocking,phase-8
destination,RecoveryBlockedByIntegrityDamage::source,worth-store-physical-integrity/recovery-blocking,create,worth-store-physical-integrity/recovery-blocking,phase-8
destination,RecoveryBlockedByIntegrityDamage::tail_posture,worth-store-physical-integrity/recovery-blocking,create,worth-store-physical-integrity/recovery-blocking,phase-8
destination,RecoveryBlockedByIntegrityDamage::unresolved_authority_damage,worth-store-physical-integrity/recovery-blocking,create,worth-store-physical-integrity/recovery-blocking,phase-8
destination,RecoveryBlockedByIntegrityDamage::wal_kind,worth-store-physical-integrity/recovery-blocking,create,worth-store-physical-integrity/recovery-blocking,phase-8
destination,RecoveryBlockingIntegritySource,worth-store-physical-integrity/recovery-blocking,create,worth-store-physical-integrity/recovery-blocking,phase-8
destination,RecoveryCorruptionReadmissionDenial,worth-store-physical-integrity/recovery-readmission,create,worth-store-physical-integrity/recovery-readmission,phase-8
destination,RecoveryCorruptionReadmissionHandoff,worth-store-physical-integrity/recovery-readmission,create,worth-store-physical-integrity/recovery-readmission,phase-8
destination,RecoveryCorruptionReadmissionHandoff::primary_damage_case,worth-store-physical-integrity/recovery-readmission,create,worth-store-physical-integrity/recovery-readmission,phase-8
destination,RecoveryCorruptionReadmissionHandoff::repair_capability,worth-store-physical-integrity/recovery-readmission,create,worth-store-physical-integrity/recovery-readmission,phase-8
destination,RecoveryCorruptionRepairCapability,worth-store-physical-integrity/recovery-readmission,create,worth-store-physical-integrity/recovery-readmission,phase-8
destination,RecoveryIntegrityHandoffReceipt,worth-store-physical-integrity/recovery-handoff,create,worth-store-physical-integrity/recovery-handoff,phase-8
destination,RecoveryIntegrityHandoffReceipt::basis,worth-store-physical-integrity/recovery-handoff,create,worth-store-physical-integrity/recovery-handoff,phase-8
destination,RecoveryIntegrityHandoffReceipt::category,worth-store-physical-integrity/recovery-handoff,create,worth-store-physical-integrity/recovery-handoff,phase-8
destination,RecoveryIntegrityHandoffReceipt::counters,worth-store-physical-integrity/recovery-handoff,create,worth-store-physical-integrity/recovery-handoff,phase-8
destination,RecoveryIntegrityHandoffReceipt::from_executed_evidence,worth-store-physical-integrity/recovery-handoff,create,worth-store-physical-integrity/recovery-handoff,phase-8
destination,RecoveryIntegrityHandoffReceipt::from_quarantine_receipt_evidence,worth-store-physical-integrity/recovery-handoff,create,worth-store-physical-integrity/recovery-handoff,phase-8
destination,RecoveryIntegrityHandoffReceipt::locality,worth-store-physical-integrity/recovery-handoff,create,worth-store-physical-integrity/recovery-handoff,phase-8
destination,RecoveryIntegrityHandoffReceipt::outcome,worth-store-physical-integrity/recovery-handoff,create,worth-store-physical-integrity/recovery-handoff,phase-8
destination,RecoveryIntegrityHandoffReceipt::physical_authority_basis,worth-store-physical-integrity/recovery-handoff,create,worth-store-physical-integrity/recovery-handoff,phase-8
destination,RecoveryIntegrityHandoffReceipt::role,worth-store-physical-integrity/recovery-handoff,create,worth-store-physical-integrity/recovery-handoff,phase-8
destination,RecoveryLayoutReadmissionAdmissionDenial,worth-store-layout-indexes/integrity-readmission,create,worth-store-layout-indexes/integrity-readmission,phase-8
destination,RecoveryLayoutReadmissionClass,worth-store-layout-indexes/integrity-readmission,create,worth-store-layout-indexes/integrity-readmission,phase-8
destination,RecoveryLayoutReadmissionIdentity,worth-store-layout-indexes/integrity-readmission,create,worth-store-layout-indexes/integrity-readmission,phase-8
destination,RecoveryLayoutReadmissionOutcomeView,worth-store-layout-indexes/integrity-readmission,create,worth-store-layout-indexes/integrity-readmission,phase-8
destination,RecoveryLayoutReadmissionWitness,worth-store-layout-indexes/integrity-readmission,create,worth-store-layout-indexes/integrity-readmission,phase-8
destination,RecoveryLayoutReadmissionWitness::class,worth-store-layout-indexes/integrity-readmission,create,worth-store-layout-indexes/integrity-readmission,phase-8
destination,RecoveryLayoutReadmissionWitness::family_id,worth-store-layout-indexes/integrity-readmission,create,worth-store-layout-indexes/integrity-readmission,phase-8
destination,RecoveryLayoutReadmissionWitness::identity,worth-store-layout-indexes/integrity-readmission,create,worth-store-layout-indexes/integrity-readmission,phase-8
destination,RecoveryLayoutReadmissionWitness::source_security_scope_identity,worth-store-layout-indexes/integrity-readmission,create,worth-store-layout-indexes/integrity-readmission,phase-8
destination,RecoveryLayoutReadmissionWitness::source_store_authority_identity,worth-store-layout-indexes/integrity-readmission,create,worth-store-layout-indexes/integrity-readmission,phase-8
destination,RecoveryPhysicsIntegrityInput,worth-store-physical-integrity/recovery-handoff,create,worth-store-physical-integrity/recovery-handoff,phase-8
destination,RecoveryPhysicsIntegrityInput::from_vetted_wal_frame,worth-store-physical-integrity/recovery-handoff,create,worth-store-physical-integrity/recovery-handoff,phase-8
destination,RecoveryPhysicsIntegrityInput::tail_posture,worth-store-physical-integrity/recovery-handoff,create,worth-store-physical-integrity/recovery-handoff,phase-8
destination,RecoveryPhysicsIntegrityInput::wal_identity,worth-store-physical-integrity/recovery-handoff,create,worth-store-physical-integrity/recovery-handoff,phase-8
destination,verify_quarantine_handoff_for_readmission,worth-store-physical-integrity/recovery-readmission,create,worth-store-physical-integrity/recovery-readmission,phase-8
destination,verify_store_authority_for_readmission,worth-store-physical-integrity/recovery-readmission,create,worth-store-physical-integrity/recovery-readmission,phase-8
current,PageRedoEligibility::for_certification,page_redo,preserve,worth-store-recovery-physics/page-redo,phase-4
