path,match_families,match_counts,responsibility,destination_owner,disposition,last_consumer,deletion_phase,absence_gate,status
crates/worth-store-recovery-runtime/src/progression/planned/basis/derivation/pending.rs,checkpoint-publication,checkpoint-publication=1,phase-four-pending-projection-admission,worth-store-recovery-runtime/progression/planned/basis/derivation,preserve,crates/worth-store-recovery-runtime/src/progression/planned/basis/derivation/pending.rs,preserve,tracked-family-source-and-metadata-reconciliation,inventory-open
crates/worth-store-recovery-runtime/tests/phase_five_cancellation.rs,acknowledgment-topology;checkpoint-publication;durability-vocabulary,acknowledgment-topology=2;checkpoint-publication=8;durability-vocabulary=3,phase-five-command-safe-point-cancellation-proof,worth-store-recovery-runtime/tests,preserve,crates/worth-store-recovery-runtime/tests/phase_five_cancellation.rs,preserve,tracked-family-source-and-metadata-reconciliation,inventory-open
crates/worth-store-physical-backend/src/filesystem_media/artifact_tree/durable_truncation.rs,durability-vocabulary,durability-vocabulary=1,confined-durable-artifact-truncation,worth-store-physical-backend/filesystem-media/artifact-tree,preserve,crates/worth-store-physical-backend/src/filesystem_media/artifact_tree/durable_truncation.rs,preserve,tracked-family-source-and-metadata-reconciliation,inventory-open
crates/worth-store-physical-backend/src/filesystem_media/tests/artifact_new_write.rs,durability-vocabulary,durability-vocabulary=1,artifact-write-and-truncation-backend-proof,worth-store-physical-backend/filesystem-media/tests,preserve,crates/worth-store-physical-backend/src/filesystem_media/tests/artifact_new_write.rs,preserve,tracked-family-source-and-metadata-reconciliation,inventory-open
crates/worth-store/src/physical_runtime/durability/wal/inventory/reopen/interrupted_active_tail.rs,wal-topology,wal-topology=11,typed-interrupted-active-wal-repair-admission,physical_runtime/durability/wal/inventory/reopen,preserve,crates/worth-store/src/physical_runtime/durability/wal/inventory/reopen/interrupted_active_tail.rs,preserve,tracked-family-source-and-metadata-reconciliation,inventory-open
crates/worth-store/tests/physical_record_journeys/durability_admission/wal_reopen/interrupted_tail.rs,durability-vocabulary;wal-topology,durability-vocabulary=8;wal-topology=10,interrupted-active-wal-tail-and-successor-positive-negative-proof,worth-store/physical-record-journeys/wal-reopen,preserve,crates/worth-store/tests/physical_record_journeys/durability_admission/wal_reopen/interrupted_tail.rs,preserve,tracked-family-source-and-metadata-reconciliation,inventory-open
crates/worth-store/src/bin/physical_store_work_courtroom/admission.rs,checkpoint-publication;durability-vocabulary;wal-topology,checkpoint-publication=4;durability-vocabulary=15;wal-topology=6,courtroom-durability-deployment-policy,physical_store_work_courtroom/admission,preserve,crates/worth-store/src/bin/physical_store_work_courtroom/admission.rs,preserve,tracked-family-source-and-metadata-reconciliation,inventory-open
crates/worth-store/src/bin/physical_store_work_courtroom/arguments.rs,acknowledgment-topology;durability-vocabulary;root-publication-topology;wal-topology,acknowledgment-topology=5;durability-vocabulary=17;root-publication-topology=6;wal-topology=6,physical-courtroom-command-vocabulary,physical_store_work_courtroom/arguments,preserve,crates/worth-store/src/bin/physical_store_work_courtroom/arguments.rs,preserve,tracked-family-source-and-metadata-reconciliation,inventory-open
crates/worth-store/src/bin/physical_store_work_courtroom/bounded_residency/cancellation/post_dispatch.rs,durability-vocabulary,durability-vocabulary=2,domain-durability-meaning,crate:worth-store,preserve,crates/worth-store/src/bin/physical_store_work_courtroom/bounded_residency/cancellation/post_dispatch.rs,preserve,tracked-family-source-and-metadata-reconciliation,inventory-open
crates/worth-store/src/bin/physical_store_work_courtroom/bounded_residency/cancellation/pre_dispatch.rs,durability-vocabulary,durability-vocabulary=2,domain-durability-meaning,crate:worth-store,preserve,crates/worth-store/src/bin/physical_store_work_courtroom/bounded_residency/cancellation/pre_dispatch.rs,preserve,tracked-family-source-and-metadata-reconciliation,inventory-open
crates/worth-store/src/bin/physical_store_work_courtroom/bounded_residency/generation_fencing/writeback_admission.rs,durability-vocabulary,durability-vocabulary=2,domain-durability-meaning,crate:worth-store,preserve,crates/worth-store/src/bin/physical_store_work_courtroom/bounded_residency/generation_fencing/writeback_admission.rs,preserve,tracked-family-source-and-metadata-reconciliation,inventory-open
crates/worth-store/src/bin/physical_store_work_courtroom/bounded_residency/checkpoint.rs,checkpoint-publication,checkpoint-publication=8,reliability-seed-checkpoint-completion,physical_store_work_courtroom/bounded_residency,preserve,crates/worth-store/src/bin/physical_store_work_courtroom/bounded_residency/checkpoint.rs,preserve,tracked-family-source-and-metadata-reconciliation,inventory-open
crates/worth-store/src/bin/physical_store_work_courtroom/bounded_residency/producer.rs,durability-vocabulary,durability-vocabulary=4,physical-courtroom-seed-workload,physical_store_work_courtroom/bounded_residency,preserve,crates/worth-store/src/bin/physical_store_work_courtroom/bounded_residency/producer.rs,preserve,tracked-family-source-and-metadata-reconciliation,inventory-open
crates/worth-store/src/bin/physical_store_work_courtroom/bounded_residency/protocol/work_reconciliation.rs,durability-barrier;durability-vocabulary;root-publication-topology;wal-topology,durability-barrier=4;durability-vocabulary=9;root-publication-topology=3;wal-topology=3,physical-work-reconciliation-protocol,worth-store/physical-store-work-courtroom,preserve,crates/worth-store/src/bin/physical_store_work_courtroom/bounded_residency/protocol/work_reconciliation.rs,preserve,tracked-family-source-and-metadata-reconciliation,inventory-open
crates/worth-store/src/bin/physical_store_work_courtroom/bounded_residency/serving.rs,durability-vocabulary,durability-vocabulary=3,bounded-residency-durability-consumer,physical_store_work_courtroom/bounded_residency,preserve,crates/worth-store/src/bin/physical_store_work_courtroom/bounded_residency/serving.rs,preserve,tracked-family-source-and-metadata-reconciliation,inventory-open
crates/worth-store/src/bin/physical_store_work_courtroom/bounded_residency/speculative_pressure/writebehind_pressure.rs,durability-vocabulary,durability-vocabulary=4,domain-durability-meaning,crate:worth-store,preserve,crates/worth-store/src/bin/physical_store_work_courtroom/bounded_residency/speculative_pressure/writebehind_pressure.rs,preserve,tracked-family-source-and-metadata-reconciliation,inventory-open
crates/worth-store/src/bin/physical_store_work_courtroom/bounded_residency/work_reconciliation/backend_role.rs,root-publication-topology,root-publication-topology=1,root-publication-consumer,physical_runtime/durability/publication-and-C10-isolation,narrow,crates/worth-store/src/bin/physical_store_work_courtroom/bounded_residency/work_reconciliation/backend_role.rs,phase-7,tracked-family-source-and-metadata-reconciliation,inventory-open
crates/worth-store/src/bin/physical_store_work_courtroom/bounded_residency/work_reconciliation/causal_record.rs,durability-barrier;durability-vocabulary;root-publication-topology;wal-topology,durability-barrier=2;durability-vocabulary=2;root-publication-topology=2;wal-topology=2,physical-work-causal-reconciliation,worth-store/physical-store-work-courtroom,preserve,crates/worth-store/src/bin/physical_store_work_courtroom/bounded_residency/work_reconciliation/causal_record.rs,preserve,tracked-family-source-and-metadata-reconciliation,inventory-open
crates/worth-store/src/bin/physical_store_work_courtroom/bounded_residency/writeback_pressure/append_pressure.rs,durability-vocabulary;ordinary-record-mutation-entry;root-publication-topology,durability-vocabulary=17;ordinary-record-mutation-entry=1;root-publication-topology=2,ordinary-record-publication,physical_runtime/durability/mutation,replace,crates/worth-store/src/bin/physical_store_work_courtroom/bounded_residency/writeback_pressure/append_pressure.rs,phase-8,tracked-family-source-and-metadata-reconciliation,inventory-open
crates/worth-store/src/bin/physical_store_work_courtroom/bounded_residency/writeback_pressure/dispatch_coordination.rs,durability-vocabulary;ordinary-record-mutation-entry,durability-vocabulary=9;ordinary-record-mutation-entry=1,bounded-residency-dispatch-coordination,physical_store_work_courtroom/bounded_residency/writeback_pressure,preserve,crates/worth-store/src/bin/physical_store_work_courtroom/bounded_residency/writeback_pressure/dispatch_coordination.rs,preserve,tracked-family-source-and-metadata-reconciliation,inventory-open
crates/worth-store/src/bin/physical_store_work_courtroom/bounded_residency/writeback_pressure/trace.rs,published-record-batch,published-record-batch=2,ordinary-record-publication,physical_runtime/durability/mutation,delete,crates/worth-store/src/bin/physical_store_work_courtroom/bounded_residency/writeback_pressure/trace.rs,phase-7,tracked-family-source-and-metadata-reconciliation,deleted-phase-7
crates/worth-store/src/bin/physical_store_work_courtroom/exact_write.rs,durability-vocabulary,durability-vocabulary=2,domain-durability-meaning,crate:worth-store,preserve,crates/worth-store/src/bin/physical_store_work_courtroom/exact_write.rs,preserve,tracked-family-source-and-metadata-reconciliation,inventory-open
crates/worth-store/src/bin/physical_store_work_courtroom/reopen.rs,durability-vocabulary,durability-vocabulary=4,courtroom-reopen-durability-consumer,physical_store_work_courtroom/reopen,preserve,crates/worth-store/src/bin/physical_store_work_courtroom/reopen.rs,preserve,tracked-family-source-and-metadata-reconciliation,inventory-open
crates/worth-store/src/bin/physical_store_work_courtroom/shutdown.rs,durability-vocabulary,durability-vocabulary=3,courtroom-shutdown-durability-consumer,physical_store_work_courtroom/shutdown,preserve,crates/worth-store/src/bin/physical_store_work_courtroom/shutdown.rs,preserve,tracked-family-source-and-metadata-reconciliation,inventory-open
crates/worth-store/src/bin/physical_store_work_courtroom/write.rs,durability-vocabulary;root-publication-topology,durability-vocabulary=8;root-publication-topology=1,ordinary-record-publication,physical_runtime/durability/mutation,replace,crates/worth-store/src/bin/physical_store_work_courtroom/write.rs,phase-8,tracked-family-source-and-metadata-reconciliation,inventory-open
crates/worth-store/src/lib.rs,durability-vocabulary,durability-vocabulary=3,domain-durability-meaning,crate:worth-store,preserve,crates/worth-store/src/lib.rs,preserve,tracked-family-source-and-metadata-reconciliation,inventory-open
crates/worth-store/src/physical_runtime/admission.rs,durability-vocabulary,durability-vocabulary=1,domain-durability-meaning,crate:worth-store,preserve,crates/worth-store/src/physical_runtime/admission.rs,preserve,tracked-family-source-and-metadata-reconciliation,inventory-open
crates/worth-store/src/physical_runtime/certification_input.rs,durability-vocabulary,durability-vocabulary=2,certification-durable-mutation-input,physical_runtime/certification,preserve,crates/worth-store/src/physical_runtime/certification_input.rs,preserve,tracked-family-source-and-metadata-reconciliation,inventory-open
crates/worth-store/src/physical_runtime/durability/admission/checkpoint_start.rs,checkpoint-publication;durability-vocabulary,checkpoint-publication=14;durability-vocabulary=2,checkpoint-start-proof-outcome,physical_runtime/durability/admission,preserve,crates/worth-store/src/physical_runtime/durability/admission/checkpoint_start.rs,preserve,tracked-family-source-and-metadata-reconciliation,inventory-open
crates/worth-store/src/physical_runtime/durability/admission/denial.rs,durability-vocabulary,durability-vocabulary=5,durability-policy-outcome-topology,physical_runtime/durability/admission,preserve,crates/worth-store/src/physical_runtime/durability/admission/denial.rs,preserve,tracked-family-source-and-metadata-reconciliation,inventory-open
crates/worth-store/src/physical_runtime/durability/admission/mod.rs,checkpoint-publication;durability-vocabulary;wal-topology,checkpoint-publication=8;durability-vocabulary=13;wal-topology=3,durability-admission-facade,physical_runtime/durability/admission,preserve,crates/worth-store/src/physical_runtime/durability/admission/mod.rs,preserve,tracked-family-source-and-metadata-reconciliation,inventory-open
crates/worth-store/src/physical_runtime/durability/admission/platform_basis_join.rs,durability-vocabulary,durability-vocabulary=37,qualified-media-policy-binding,physical_runtime/durability/admission,preserve,crates/worth-store/src/physical_runtime/durability/admission/platform_basis_join.rs,preserve,tracked-family-source-and-metadata-reconciliation,inventory-open
crates/worth-store/src/physical_runtime/durability/admission/policy.rs,checkpoint-publication;durability-barrier;durability-vocabulary;wal-topology,checkpoint-publication=11;durability-barrier=3;durability-vocabulary=48;wal-topology=4,durability-policy-admission,physical_runtime/durability/admission,preserve,crates/worth-store/src/physical_runtime/durability/admission/policy.rs,preserve,tracked-family-source-and-metadata-reconciliation,inventory-open
crates/worth-store/src/physical_runtime/durability/admission/policy/identity.rs,checkpoint-publication;durability-vocabulary,checkpoint-publication=2;durability-vocabulary=6,durability-policy-identity-encoding,physical_runtime/durability/admission/policy,preserve,crates/worth-store/src/physical_runtime/durability/admission/policy/identity.rs,preserve,tracked-family-source-and-metadata-reconciliation,inventory-open
crates/worth-store/src/physical_runtime/durability/admission/wal_policy.rs,wal-topology,wal-topology=10,wal-segment-topology-admission,physical_runtime/durability/admission,preserve,crates/worth-store/src/physical_runtime/durability/admission/wal_policy.rs,preserve,tracked-family-source-and-metadata-reconciliation,inventory-open
crates/worth-store/src/physical_runtime/durability/barrier/declaration.rs,durability-barrier;durability-vocabulary;wal-topology,durability-barrier=19;durability-vocabulary=33;wal-topology=3,displaced-scalar-wal-barrier-declaration,physical_runtime/durability/grouping/wal_barrier,delete,crates/worth-store/src/physical_runtime/durability/barrier/declaration.rs,phase-5,tracked-family-source-and-metadata-reconciliation,deleted-phase-5
crates/worth-store/src/physical_runtime/durability/barrier/outcome.rs,durability-vocabulary;wal-topology,durability-vocabulary=3;wal-topology=4,displaced-scalar-wal-barrier-fate,physical_runtime/durability/grouping/wal_barrier,delete,crates/worth-store/src/physical_runtime/durability/barrier/outcome.rs,phase-5,tracked-family-source-and-metadata-reconciliation,deleted-phase-5
crates/worth-store/src/physical_runtime/durability/barrier/port.rs,durability-vocabulary;wal-topology,durability-vocabulary=12;wal-topology=4,displaced-scalar-wal-barrier-orchestration,physical_runtime/durability/grouping/wal_barrier,delete,crates/worth-store/src/physical_runtime/durability/barrier/port.rs,phase-5,tracked-family-source-and-metadata-reconciliation,deleted-phase-5
crates/worth-store/src/physical_runtime/durability/barrier/settlement.rs,durability-barrier;durability-vocabulary,durability-barrier=3;durability-vocabulary=9,displaced-scalar-wal-barrier-settlement,physical_runtime/durability/grouping/wal_barrier,delete,crates/worth-store/src/physical_runtime/durability/barrier/settlement.rs,phase-5,tracked-family-source-and-metadata-reconciliation,deleted-phase-5
crates/worth-store/src/physical_runtime/durability/checkpoint/capture.rs,checkpoint-publication;durability-vocabulary;wal-topology,checkpoint-publication=43;durability-vocabulary=18;wal-topology=2,checkpoint-source-admission-owner,physical_runtime/durability/checkpoint,preserve,crates/worth-store/src/physical_runtime/durability/checkpoint/capture.rs,preserve,tracked-family-source-and-metadata-reconciliation,inventory-open
crates/worth-store/src/physical_runtime/durability/checkpoint/capture/execution.rs,checkpoint-publication;durability-vocabulary,checkpoint-publication=114;durability-vocabulary=9,checkpoint-capture-execution-and-reconciliation,physical_runtime/durability/checkpoint/capture,preserve,crates/worth-store/src/physical_runtime/durability/checkpoint/capture/execution.rs,preserve,tracked-family-source-and-metadata-reconciliation,inventory-open
crates/worth-store/src/physical_runtime/durability/checkpoint/capture/publication_cutover.rs,checkpoint-publication;durability-vocabulary;wal-topology,checkpoint-publication=58;durability-vocabulary=20;wal-topology=9,checkpoint-publication-cutover-execution,physical_runtime/durability/checkpoint/capture,preserve,crates/worth-store/src/physical_runtime/durability/checkpoint/capture/publication_cutover.rs,preserve,tracked-family-source-and-metadata-reconciliation,inventory-open
crates/worth-store/src/physical_runtime/durability/checkpoint/capture/streaming.rs,checkpoint-publication;durability-vocabulary,checkpoint-publication=19;durability-vocabulary=3,bounded-checkpoint-dirty-source-streaming,physical_runtime/durability/checkpoint/capture,preserve,crates/worth-store/src/physical_runtime/durability/checkpoint/capture/streaming.rs,preserve,tracked-family-source-and-metadata-reconciliation,inventory-open
crates/worth-store/src/physical_runtime/durability/checkpoint/failure.rs,checkpoint-publication;durability-vocabulary;wal-topology,checkpoint-publication=31;durability-vocabulary=1;wal-topology=2,checkpoint-internal-failure-classification,physical_runtime/durability/checkpoint,preserve,crates/worth-store/src/physical_runtime/durability/checkpoint/failure.rs,preserve,tracked-family-source-and-metadata-reconciliation,inventory-open
crates/worth-store/src/physical_runtime/durability/checkpoint/handle.rs,checkpoint-publication,checkpoint-publication=62,checkpoint-caller-observation-handle,physical_runtime/durability/checkpoint,preserve,crates/worth-store/src/physical_runtime/durability/checkpoint/handle.rs,preserve,tracked-family-source-and-metadata-reconciliation,inventory-open
crates/worth-store/src/physical_runtime/durability/checkpoint/mod.rs,checkpoint-publication;durability-vocabulary;wal-topology,checkpoint-publication=29;durability-vocabulary=1;wal-topology=3,checkpoint-durability-facade,physical_runtime/durability/checkpoint,preserve,crates/worth-store/src/physical_runtime/durability/checkpoint/mod.rs,preserve,tracked-family-source-and-metadata-reconciliation,inventory-open
crates/worth-store/src/physical_runtime/durability/checkpoint/outcome.rs,checkpoint-publication;wal-topology,checkpoint-publication=57;wal-topology=3,checkpoint-terminal-outcome,physical_runtime/durability/checkpoint,preserve,crates/worth-store/src/physical_runtime/durability/checkpoint/outcome.rs,preserve,tracked-family-source-and-metadata-reconciliation,inventory-open
crates/worth-store/src/physical_runtime/durability/checkpoint/progress.rs,checkpoint-publication,checkpoint-publication=14,checkpoint-caller-progress-observation,physical_runtime/durability/checkpoint,preserve,crates/worth-store/src/physical_runtime/durability/checkpoint/progress.rs,preserve,tracked-family-source-and-metadata-reconciliation,inventory-open
crates/worth-store/src/physical_runtime/durability/checkpoint/publication.rs,checkpoint-publication;durability-vocabulary;wal-topology,checkpoint-publication=74;durability-vocabulary=13;wal-topology=3,checkpoint-publication-typestate,physical_runtime/durability/checkpoint,preserve,crates/worth-store/src/physical_runtime/durability/checkpoint/publication.rs,preserve,tracked-family-source-and-metadata-reconciliation,inventory-open
crates/worth-store/src/physical_runtime/durability/checkpoint/reopen.rs,durability-vocabulary,durability-vocabulary=4,checkpoint-binding-reopen-contract,physical_runtime/durability/checkpoint/reopen,preserve,crates/worth-store/src/physical_runtime/durability/checkpoint/reopen.rs,preserve,tracked-family-source-and-metadata-reconciliation,inventory-open
crates/worth-store/src/physical_runtime/durability/checkpoint/reopen/binding_compaction.rs,checkpoint-publication;durability-vocabulary,checkpoint-publication=2;durability-vocabulary=4,incremental-checkpoint-binding-reopen,physical_runtime/durability/checkpoint/reopen,preserve,crates/worth-store/src/physical_runtime/durability/checkpoint/reopen/binding_compaction.rs,preserve,tracked-family-source-and-metadata-reconciliation,inventory-open
crates/worth-store/src/physical_runtime/durability/checkpoint/request.rs,checkpoint-publication,checkpoint-publication=15,checkpoint-request-contract,physical_runtime/durability/checkpoint,preserve,crates/worth-store/src/physical_runtime/durability/checkpoint/request.rs,preserve,tracked-family-source-and-metadata-reconciliation,inventory-open
crates/worth-store/src/physical_runtime/durability/checkpoint/retained_wal_tail.rs,checkpoint-publication;durability-vocabulary;wal-topology,checkpoint-publication=34;durability-vocabulary=40;wal-topology=50,canonical-retained-wal-tail-authority,physical_runtime/durability/checkpoint,preserve,crates/worth-store/src/physical_runtime/durability/checkpoint/retained_wal_tail.rs,preserve,tracked-family-source-and-metadata-reconciliation,inventory-open
crates/worth-store/src/physical_runtime/durability/checkpoint/retained_wal_tail/tests.rs,checkpoint-publication;durability-vocabulary;wal-topology,checkpoint-publication=28;durability-vocabulary=3;wal-topology=38,retained-wal-tail-admission-proof,physical_runtime/durability/checkpoint,preserve,crates/worth-store/src/physical_runtime/durability/checkpoint/retained_wal_tail/tests.rs,preserve,tracked-family-source-and-metadata-reconciliation,inventory-open
crates/worth-store/src/physical_runtime/durability/checkpoint/runtime_owner.rs,checkpoint-publication;durability-vocabulary,checkpoint-publication=79;durability-vocabulary=2,checkpoint-managed-runtime-owner,physical_runtime/durability/checkpoint,preserve,crates/worth-store/src/physical_runtime/durability/checkpoint/runtime_owner.rs,preserve,tracked-family-source-and-metadata-reconciliation,inventory-open
crates/worth-store/src/physical_runtime/durability/checkpoint/work_port.rs,checkpoint-publication,checkpoint-publication=41,checkpoint-background-work-port,physical_runtime/durability/checkpoint,preserve,crates/worth-store/src/physical_runtime/durability/checkpoint/work_port.rs,preserve,tracked-family-source-and-metadata-reconciliation,inventory-open
crates/worth-store/src/physical_runtime/durability/data/dispatch_outcome.rs,durability-vocabulary,durability-vocabulary=24,typed-data-dispatch-fate,physical_runtime/durability/data,preserve,crates/worth-store/src/physical_runtime/durability/data/dispatch_outcome.rs,preserve,tracked-family-source-and-metadata-reconciliation,inventory-open
crates/worth-store/src/physical_runtime/durability/data/page_wal_basis.rs,durability-vocabulary;page-lsn,durability-vocabulary=6;page-lsn=5,encoded-frame-wal-causal-basis,physical_runtime/durability/data,preserve,crates/worth-store/src/physical_runtime/durability/data/page_wal_basis.rs,preserve,tracked-family-source-and-metadata-reconciliation,inventory-open
crates/worth-store/src/physical_runtime/durability/data/page_wal_basis/causal_extension_tests.rs,durability-vocabulary;page-lsn,durability-vocabulary=4;page-lsn=4,page-wal-causal-extension-proof,physical_runtime/durability/data-tests,preserve,crates/worth-store/src/physical_runtime/durability/data/page_wal_basis/causal_extension_tests.rs,preserve,tracked-family-source-and-metadata-reconciliation,inventory-open
crates/worth-store/src/physical_runtime/durability/data/prepared_plan.rs,durability-vocabulary;page-lsn;wal-topology,durability-vocabulary=11;page-lsn=2;wal-topology=4,wal-bound-data-frame-planning,physical_runtime/durability/data,preserve,crates/worth-store/src/physical_runtime/durability/data/prepared_plan.rs,preserve,tracked-family-source-and-metadata-reconciliation,inventory-open
crates/worth-store/src/physical_runtime/durability/data/prior_page_basis.rs,durability-vocabulary;page-lsn,durability-vocabulary=6;page-lsn=4,certified-prior-page-basis,physical_runtime/durability/data,preserve,crates/worth-store/src/physical_runtime/durability/data/prior_page_basis.rs,preserve,tracked-family-source-and-metadata-reconciliation,inventory-open
crates/worth-store/src/physical_runtime/durability/data/writeback_join.rs,durability-vocabulary,durability-vocabulary=3,exact-new-and-c6-effect-settlement,physical_runtime/durability/data,preserve,crates/worth-store/src/physical_runtime/durability/data/writeback_join.rs,preserve,tracked-family-source-and-metadata-reconciliation,inventory-open
crates/worth-store/src/physical_runtime/durability/evidence_projection/executed_boundary.rs,acknowledgment-topology;durability-vocabulary,acknowledgment-topology=10;durability-vocabulary=8,one-way-executed-boundary-projection,physical_runtime/durability/evidence_projection,preserve,crates/worth-store/src/physical_runtime/durability/evidence_projection/executed_boundary.rs,preserve,tracked-family-source-and-metadata-reconciliation,inventory-open
crates/worth-store/src/physical_runtime/durability/evidence_projection/performance.rs,acknowledgment-topology,acknowledgment-topology=6,obsolete-monolithic-performance-projection,physical_runtime/durability/evidence_projection/performance,delete,crates/worth-store/src/physical_runtime/durability/evidence_projection/performance.rs,phase-10,tracked-family-source-and-metadata-reconciliation,deleted-phase-10
crates/worth-store/src/physical_runtime/durability/grouping/admission.rs,durability-vocabulary;root-publication-topology,durability-vocabulary=61;root-publication-topology=8,bounded-group-admission-and-exact-member-binding,physical_runtime/durability/grouping,preserve,crates/worth-store/src/physical_runtime/durability/grouping/admission.rs,preserve,tracked-family-source-and-metadata-reconciliation,inventory-open
crates/worth-store/src/physical_runtime/durability/grouping/admission/identity_issuance.rs,durability-vocabulary,durability-vocabulary=10,group-identity-and-membership-issuance,physical_runtime/durability/grouping/admission,preserve,crates/worth-store/src/physical_runtime/durability/grouping/admission/identity_issuance.rs,preserve,tracked-family-source-and-metadata-reconciliation,inventory-open
crates/worth-store/src/physical_runtime/durability/grouping/admission_validation.rs,durability-vocabulary,durability-vocabulary=41,group-width-byte-delay-and-identity-validation,physical_runtime/durability/grouping,preserve,crates/worth-store/src/physical_runtime/durability/grouping/admission_validation.rs,preserve,tracked-family-source-and-metadata-reconciliation,inventory-open
crates/worth-store/src/physical_runtime/durability/grouping/data_settlement.rs,durability-vocabulary,durability-vocabulary=5,sealed-data-settled-group-admission,physical_runtime/durability/grouping,preserve,crates/worth-store/src/physical_runtime/durability/grouping/data_settlement.rs,preserve,tracked-family-source-and-metadata-reconciliation,inventory-open
crates/worth-store/src/physical_runtime/durability/grouping/member_settlement.rs,durability-barrier;durability-vocabulary,durability-barrier=2;durability-vocabulary=22,cardinality-preserving-member-durability-derivation,physical_runtime/durability/grouping,preserve,crates/worth-store/src/physical_runtime/durability/grouping/member_settlement.rs,preserve,tracked-family-source-and-metadata-reconciliation,inventory-open
crates/worth-store/src/physical_runtime/durability/grouping/mod.rs,durability-vocabulary;root-publication-topology,durability-vocabulary=14;root-publication-topology=4,durability-grouping-facade,physical_runtime/durability/grouping,preserve,crates/worth-store/src/physical_runtime/durability/grouping/mod.rs,preserve,tracked-family-source-and-metadata-reconciliation,inventory-open
crates/worth-store/src/physical_runtime/durability/grouping/observation.rs,durability-vocabulary;root-publication-topology,durability-vocabulary=3;root-publication-topology=9,stage-exact-group-amplification-observation,physical_runtime/durability/grouping,preserve,crates/worth-store/src/physical_runtime/durability/grouping/observation.rs,preserve,tracked-family-source-and-metadata-reconciliation,inventory-open
crates/worth-store/src/physical_runtime/durability/grouping/root_publication.rs,durability-vocabulary;root-publication-topology,durability-vocabulary=5;root-publication-topology=6,explicit-shared-root-publication-plan,physical_runtime/durability/grouping,preserve,crates/worth-store/src/physical_runtime/durability/grouping/root_publication.rs,preserve,tracked-family-source-and-metadata-reconciliation,inventory-open
crates/worth-store/src/physical_runtime/durability/grouping/unique_membership.rs,durability-vocabulary;wal-topology,durability-vocabulary=34;wal-topology=9,ordered-nonempty-unique-group-sealing,physical_runtime/durability/grouping,preserve,crates/worth-store/src/physical_runtime/durability/grouping/unique_membership.rs,preserve,tracked-family-source-and-metadata-reconciliation,inventory-open
crates/worth-store/src/physical_runtime/durability/grouping/wal_barrier/declaration.rs,durability-barrier;durability-vocabulary;wal-topology,durability-barrier=20;durability-vocabulary=49;wal-topology=2,exact-all-member-shared-barrier-declaration,physical_runtime/durability/grouping/wal_barrier,preserve,crates/worth-store/src/physical_runtime/durability/grouping/wal_barrier/declaration.rs,preserve,tracked-family-source-and-metadata-reconciliation,inventory-open
crates/worth-store/src/physical_runtime/durability/grouping/wal_barrier/outcome.rs,durability-vocabulary,durability-vocabulary=9,typed-shared-barrier-fate-retaining-group-authority,physical_runtime/durability/grouping/wal_barrier,preserve,crates/worth-store/src/physical_runtime/durability/grouping/wal_barrier/outcome.rs,preserve,tracked-family-source-and-metadata-reconciliation,inventory-open
crates/worth-store/src/physical_runtime/durability/grouping/wal_barrier/port.rs,durability-vocabulary,durability-vocabulary=21,ordinary-shared-wal-barrier-orchestration,physical_runtime/durability/grouping/wal_barrier,preserve,crates/worth-store/src/physical_runtime/durability/grouping/wal_barrier/port.rs,preserve,tracked-family-source-and-metadata-reconciliation,inventory-open
crates/worth-store/src/physical_runtime/durability/grouping/wal_barrier/settlement.rs,durability-barrier;durability-vocabulary,durability-barrier=3;durability-vocabulary=12,completion-bound-shared-group-barrier-settlement,physical_runtime/durability/grouping/wal_barrier,preserve,crates/worth-store/src/physical_runtime/durability/grouping/wal_barrier/settlement.rs,preserve,tracked-family-source-and-metadata-reconciliation,inventory-open
crates/worth-store/src/physical_runtime/durability/lifecycle/managed_work.rs,acknowledgment-topology;durability-vocabulary;wal-topology,acknowledgment-topology=1;durability-vocabulary=8;wal-topology=1,store-owned-mutation-lifecycle,physical_runtime/durability/lifecycle,preserve,crates/worth-store/src/physical_runtime/durability/lifecycle/managed_work.rs,preserve,tracked-family-source-and-metadata-reconciliation,inventory-open
crates/worth-store/src/physical_runtime/durability/lifecycle/yieldpoint.rs,durability-vocabulary;root-publication-topology,durability-vocabulary=1;root-publication-topology=1,deterministic-mutation-lifecycle-yieldpoints,physical_runtime/durability/lifecycle,preserve,crates/worth-store/src/physical_runtime/durability/lifecycle/yieldpoint.rs,preserve,tracked-family-source-and-metadata-reconciliation,inventory-open
crates/worth-store/src/physical_runtime/durability/mod.rs,acknowledgment-topology;checkpoint-publication;durability-vocabulary;root-publication-topology;wal-topology,acknowledgment-topology=1;checkpoint-publication=31;durability-vocabulary=51;root-publication-topology=17;wal-topology=14,durability-runtime-facade,physical_runtime/durability,preserve,crates/worth-store/src/physical_runtime/durability/mod.rs,preserve,tracked-family-source-and-metadata-reconciliation,inventory-open
crates/worth-store/src/physical_runtime/durability/mutation/handle.rs,durability-vocabulary,durability-vocabulary=2,caller-mutation-observation-handle,physical_runtime/durability/mutation,preserve,crates/worth-store/src/physical_runtime/durability/mutation/handle.rs,preserve,tracked-family-source-and-metadata-reconciliation,inventory-open
crates/worth-store/src/physical_runtime/durability/mutation/idempotency/attempt_binding.rs,durability-vocabulary,durability-vocabulary=4,persisted-group-membership-attempt-binding,physical_runtime/durability/mutation/idempotency,preserve,crates/worth-store/src/physical_runtime/durability/mutation/idempotency/attempt_binding.rs,preserve,tracked-family-source-and-metadata-reconciliation,inventory-open
crates/worth-store/src/physical_runtime/durability/mutation/idempotency/binding_compaction.rs,checkpoint-publication;durability-vocabulary,checkpoint-publication=6;durability-vocabulary=6,namespace-durable-binding-compaction,physical_runtime/durability/mutation/idempotency,preserve,crates/worth-store/src/physical_runtime/durability/mutation/idempotency/binding_compaction.rs,preserve,tracked-family-source-and-metadata-reconciliation,inventory-open
crates/worth-store/src/physical_runtime/durability/mutation/idempotency/binding_compaction/decoding.rs,durability-vocabulary,durability-vocabulary=5,binding-compaction-canonical-decoding,physical_runtime/durability/mutation/idempotency/binding_compaction,preserve,crates/worth-store/src/physical_runtime/durability/mutation/idempotency/binding_compaction/decoding.rs,preserve,tracked-family-source-and-metadata-reconciliation,inventory-open
crates/worth-store/src/physical_runtime/durability/mutation/idempotency/binding_compaction/encoding.rs,durability-vocabulary,durability-vocabulary=1,binding-compaction-canonical-encoding,physical_runtime/durability/mutation/idempotency/binding_compaction,preserve,crates/worth-store/src/physical_runtime/durability/mutation/idempotency/binding_compaction/encoding.rs,preserve,tracked-family-source-and-metadata-reconciliation,inventory-open
crates/worth-store/src/physical_runtime/durability/mutation/idempotency/binding_compaction/tests.rs,durability-vocabulary,durability-vocabulary=7,binding-compaction-hostile-format-proof,physical_runtime/durability/mutation/idempotency/binding_compaction,preserve,crates/worth-store/src/physical_runtime/durability/mutation/idempotency/binding_compaction/tests.rs,preserve,tracked-family-source-and-metadata-reconciliation,inventory-open
crates/worth-store/src/physical_runtime/durability/mutation/idempotency/bootstrap.rs,durability-vocabulary;wal-topology,durability-vocabulary=21;wal-topology=2,idempotency-checkpoint-and-wal-rebuild,physical_runtime/durability/mutation/idempotency,preserve,crates/worth-store/src/physical_runtime/durability/mutation/idempotency/bootstrap.rs,preserve,tracked-family-source-and-metadata-reconciliation,inventory-open
crates/worth-store/src/physical_runtime/durability/mutation/idempotency/bootstrap/tests.rs,checkpoint-publication;durability-vocabulary,checkpoint-publication=2;durability-vocabulary=9,idempotency-rebuild-hostile-proof,physical_runtime/durability/mutation/idempotency,preserve,crates/worth-store/src/physical_runtime/durability/mutation/idempotency/bootstrap/tests.rs,preserve,tracked-family-source-and-metadata-reconciliation,inventory-open
crates/worth-store/src/physical_runtime/durability/mutation/idempotency/fate/persisted.rs,durability-vocabulary,durability-vocabulary=13,persisted-idempotency-terminal-fate,physical_runtime/durability/mutation/idempotency/fate,preserve,crates/worth-store/src/physical_runtime/durability/mutation/idempotency/fate/persisted.rs,preserve,tracked-family-source-and-metadata-reconciliation,inventory-open
crates/worth-store/src/physical_runtime/durability/mutation/idempotency/lease.rs,durability-vocabulary,durability-vocabulary=17,physical-idempotency-generation-lease,physical_runtime/durability/mutation/idempotency,preserve,crates/worth-store/src/physical_runtime/durability/mutation/idempotency/lease.rs,preserve,tracked-family-source-and-metadata-reconciliation,inventory-open
crates/worth-store/src/physical_runtime/durability/mutation/idempotency/mod.rs,durability-vocabulary,durability-vocabulary=2,physical-idempotency-facade,physical_runtime/durability/mutation/idempotency,preserve,crates/worth-store/src/physical_runtime/durability/mutation/idempotency/mod.rs,preserve,tracked-family-source-and-metadata-reconciliation,inventory-open
crates/worth-store/src/physical_runtime/durability/mutation/idempotency/persisted_binding.rs,durability-vocabulary,durability-vocabulary=3,persisted-attempt-binding-contract,physical_runtime/durability/mutation/idempotency,preserve,crates/worth-store/src/physical_runtime/durability/mutation/idempotency/persisted_binding.rs,preserve,tracked-family-source-and-metadata-reconciliation,inventory-open
crates/worth-store/src/physical_runtime/durability/mutation/idempotency/persisted_binding/decoding.rs,durability-vocabulary;wal-topology,durability-vocabulary=8;wal-topology=6,persisted-attempt-binding-decoding,physical_runtime/durability/mutation/idempotency/persisted_binding,preserve,crates/worth-store/src/physical_runtime/durability/mutation/idempotency/persisted_binding/decoding.rs,preserve,tracked-family-source-and-metadata-reconciliation,inventory-open
crates/worth-store/src/physical_runtime/durability/mutation/idempotency/registry.rs,durability-vocabulary,durability-vocabulary=10,bounded-physical-idempotency-registry,physical_runtime/durability/mutation/idempotency,preserve,crates/worth-store/src/physical_runtime/durability/mutation/idempotency/registry.rs,preserve,tracked-family-source-and-metadata-reconciliation,inventory-open
crates/worth-store/src/physical_runtime/durability/mutation/idempotency/registry/admission.rs,durability-vocabulary,durability-vocabulary=1,idempotency-registry-admission-decision,physical_runtime/durability/mutation/idempotency/registry,preserve,crates/worth-store/src/physical_runtime/durability/mutation/idempotency/registry/admission.rs,preserve,tracked-family-source-and-metadata-reconciliation,inventory-open
crates/worth-store/src/physical_runtime/durability/mutation/idempotency/registry/binding_state.rs,durability-vocabulary,durability-vocabulary=12,physical-mutation-idempotency-binding-state,physical_runtime/durability/mutation/idempotency/registry,preserve,crates/worth-store/src/physical_runtime/durability/mutation/idempotency/registry/binding_state.rs,preserve,tracked-family-source-and-metadata-reconciliation,inventory-open
crates/worth-store/src/physical_runtime/durability/mutation/idempotency/registry/tests.rs,checkpoint-publication;durability-vocabulary;wal-topology,checkpoint-publication=4;durability-vocabulary=23;wal-topology=6,physical-idempotency-registry-proof,physical_runtime/durability/mutation/idempotency,preserve,crates/worth-store/src/physical_runtime/durability/mutation/idempotency/registry/tests.rs,preserve,tracked-family-source-and-metadata-reconciliation,inventory-open
crates/worth-store/src/physical_runtime/durability/mutation/idempotency/runtime_owner.rs,checkpoint-publication;durability-vocabulary,checkpoint-publication=2;durability-vocabulary=6,runtime-owned-physical-idempotency-registry,physical_runtime/durability/mutation/idempotency,preserve,crates/worth-store/src/physical_runtime/durability/mutation/idempotency/runtime_owner.rs,preserve,tracked-family-source-and-metadata-reconciliation,inventory-open
crates/worth-store/src/physical_runtime/durability/mutation/idempotency/test_support.rs,checkpoint-publication;durability-vocabulary;wal-topology,checkpoint-publication=4;durability-vocabulary=14;wal-topology=6,idempotency-test-fixture-authority,physical_runtime/durability/mutation/idempotency,preserve,crates/worth-store/src/physical_runtime/durability/mutation/idempotency/test_support.rs,preserve,tracked-family-source-and-metadata-reconciliation,inventory-open
crates/worth-store/src/physical_runtime/durability/mutation/identity.rs,acknowledgment-topology,acknowledgment-topology=1,physical-mutation-identity,physical_runtime/durability/mutation,preserve,crates/worth-store/src/physical_runtime/durability/mutation/identity.rs,preserve,tracked-family-source-and-metadata-reconciliation,inventory-open
crates/worth-store/src/physical_runtime/durability/mutation/mod.rs,durability-vocabulary;root-publication-topology;wal-topology,durability-vocabulary=5;root-publication-topology=3;wal-topology=1,physical-mutation-facade,physical_runtime/durability/mutation,preserve,crates/worth-store/src/physical_runtime/durability/mutation/mod.rs,preserve,tracked-family-source-and-metadata-reconciliation,inventory-open
crates/worth-store/src/physical_runtime/durability/mutation/outcome.rs,durability-barrier;durability-vocabulary;wal-topology,durability-barrier=1;durability-vocabulary=3;wal-topology=1,typed-mutation-progress-and-terminal-fates,physical_runtime/durability/mutation,preserve,crates/worth-store/src/physical_runtime/durability/mutation/outcome.rs,preserve,tracked-family-source-and-metadata-reconciliation,inventory-open
crates/worth-store/src/physical_runtime/durability/mutation/progression/completed.rs,acknowledgment-topology;durability-vocabulary;root-publication-topology,acknowledgment-topology=6;durability-vocabulary=7;root-publication-topology=2,completion-derived-mutation-progression,physical_runtime/durability/mutation/progression,preserve,crates/worth-store/src/physical_runtime/durability/mutation/progression/completed.rs,preserve,tracked-family-source-and-metadata-reconciliation,inventory-open
crates/worth-store/src/physical_runtime/durability/mutation/progression/data_dispatched.rs,durability-vocabulary,durability-vocabulary=13,data-dispatched-progression-authority,physical_runtime/durability/mutation/progression,preserve,crates/worth-store/src/physical_runtime/durability/mutation/progression/data_dispatched.rs,preserve,tracked-family-source-and-metadata-reconciliation,inventory-open
crates/worth-store/src/physical_runtime/durability/mutation/progression/data_settled.rs,durability-vocabulary;root-publication-topology;wal-topology,durability-vocabulary=11;root-publication-topology=2;wal-topology=3,data-settled-progression-authority,physical_runtime/durability/mutation/progression,preserve,crates/worth-store/src/physical_runtime/durability/mutation/progression/data_settled.rs,preserve,tracked-family-source-and-metadata-reconciliation,inventory-open
crates/worth-store/src/physical_runtime/durability/mutation/progression/mod.rs,durability-vocabulary;root-publication-topology;wal-topology,durability-vocabulary=6;root-publication-topology=5;wal-topology=1,physical-mutation-progression-facade,physical_runtime/durability/mutation/progression,preserve,crates/worth-store/src/physical_runtime/durability/mutation/progression/mod.rs,preserve,tracked-family-source-and-metadata-reconciliation,inventory-open
crates/worth-store/src/physical_runtime/durability/mutation/progression/root_namespace_durable.rs,durability-vocabulary;root-publication-topology,durability-vocabulary=6;root-publication-topology=10,namespace-durable-root-member-progression,physical_runtime/durability/mutation/progression,preserve,crates/worth-store/src/physical_runtime/durability/mutation/progression/root_namespace_durable.rs,preserve,tracked-family-source-and-metadata-reconciliation,inventory-open
crates/worth-store/src/physical_runtime/durability/mutation/progression/root_prepared.rs,durability-vocabulary;root-publication-topology,durability-vocabulary=6;root-publication-topology=26,candidate-durable-root-member-progression,physical_runtime/durability/mutation/progression,preserve,crates/worth-store/src/physical_runtime/durability/mutation/progression/root_prepared.rs,preserve,tracked-family-source-and-metadata-reconciliation,inventory-open
crates/worth-store/src/physical_runtime/durability/mutation/progression/root_publication_member.rs,acknowledgment-topology;durability-vocabulary;root-publication-topology;wal-topology,acknowledgment-topology=1;durability-vocabulary=1;root-publication-topology=6;wal-topology=1,settled-root-member-proof-carriage,physical_runtime/durability/mutation/progression,preserve,crates/worth-store/src/physical_runtime/durability/mutation/progression/root_publication_member.rs,preserve,tracked-family-source-and-metadata-reconciliation,inventory-open
crates/worth-store/src/physical_runtime/durability/mutation/progression/root_replaced.rs,durability-vocabulary;root-publication-topology,durability-vocabulary=3;root-publication-topology=10,atomically-replaced-root-member-progression,physical_runtime/durability/mutation/progression,preserve,crates/worth-store/src/physical_runtime/durability/mutation/progression/root_replaced.rs,preserve,tracked-family-source-and-metadata-reconciliation,inventory-open
crates/worth-store/src/physical_runtime/durability/mutation/progression/wal_appended.rs,durability-vocabulary;wal-topology,durability-vocabulary=1;wal-topology=8,wal-appended-physical-mutation,physical_runtime/durability/mutation/progression,preserve,crates/worth-store/src/physical_runtime/durability/mutation/progression/wal_appended.rs,preserve,tracked-family-source-and-metadata-reconciliation,inventory-open
crates/worth-store/src/physical_runtime/durability/mutation/progression/wal_durable.rs,durability-vocabulary;wal-topology,durability-vocabulary=8;wal-topology=5,wal-durable-progression-authority,physical_runtime/durability/mutation/progression,preserve,crates/worth-store/src/physical_runtime/durability/mutation/progression/wal_durable.rs,preserve,tracked-family-source-and-metadata-reconciliation,inventory-open
crates/worth-store/src/physical_runtime/durability/mutation/progression/wal_reserved.rs,durability-vocabulary;root-publication-topology;wal-topology,durability-vocabulary=11;root-publication-topology=1;wal-topology=9,wal-range-reserved-physical-mutation,physical_runtime/durability/mutation/progression,preserve,crates/worth-store/src/physical_runtime/durability/mutation/progression/wal_reserved.rs,preserve,tracked-family-source-and-metadata-reconciliation,inventory-open
crates/worth-store/src/physical_runtime/durability/mutation/request.rs,durability-vocabulary,durability-vocabulary=11,physical-mutation-request,physical_runtime/durability/mutation,preserve,crates/worth-store/src/physical_runtime/durability/mutation/request.rs,preserve,tracked-family-source-and-metadata-reconciliation,inventory-open
crates/worth-store/src/physical_runtime/durability/mutation/request_fingerprint.rs,durability-vocabulary,durability-vocabulary=21,canonical-physical-mutation-equivalence,physical_runtime/durability/mutation,preserve,crates/worth-store/src/physical_runtime/durability/mutation/request_fingerprint.rs,preserve,tracked-family-source-and-metadata-reconciliation,inventory-open
crates/worth-store/src/physical_runtime/durability/observation/mod.rs,durability-vocabulary,durability-vocabulary=2,durability-observation-facade,physical_runtime/durability/observation,preserve,crates/worth-store/src/physical_runtime/durability/observation/mod.rs,preserve,tracked-family-source-and-metadata-reconciliation,inventory-open
crates/worth-store/src/physical_runtime/durability/observation/policy.rs,checkpoint-publication;durability-vocabulary,checkpoint-publication=3;durability-vocabulary=17,durability-policy-runtime-observation,physical_runtime/durability/observation,preserve,crates/worth-store/src/physical_runtime/durability/observation/policy.rs,preserve,tracked-family-source-and-metadata-reconciliation,inventory-open
crates/worth-store/src/physical_runtime/durability/publication/current_root_owner.rs,durability-vocabulary;root-publication-topology,durability-vocabulary=55;root-publication-topology=19,current-root-and-free-space-authority,physical_runtime/durability/publication,preserve,crates/worth-store/src/physical_runtime/durability/publication/current_root_owner.rs,preserve,tracked-family-source-and-metadata-reconciliation,inventory-open
crates/worth-store/src/physical_runtime/durability/publication/failure.rs,durability-vocabulary;root-publication-topology,durability-vocabulary=3;root-publication-topology=102,root-publication-failure-topology,physical_runtime/durability/publication/failure,preserve,crates/worth-store/src/physical_runtime/durability/publication/failure.rs,preserve,tracked-family-source-and-metadata-reconciliation,inventory-open
crates/worth-store/src/physical_runtime/durability/publication/failure/projection.rs,durability-vocabulary;root-publication-topology,durability-vocabulary=2;root-publication-topology=69,root-failure-observation-projection,physical_runtime/durability/publication/failure,preserve,crates/worth-store/src/physical_runtime/durability/publication/failure/projection.rs,preserve,tracked-family-source-and-metadata-reconciliation,inventory-open
crates/worth-store/src/physical_runtime/durability/publication/identity.rs,durability-vocabulary;root-publication-topology,durability-vocabulary=13;root-publication-topology=4,root-publication-identity,physical_runtime/durability/publication,preserve,crates/worth-store/src/physical_runtime/durability/publication/identity.rs,preserve,tracked-family-source-and-metadata-reconciliation,inventory-open
crates/worth-store/src/physical_runtime/durability/publication/mod.rs,durability-vocabulary;root-publication-topology,durability-vocabulary=7;root-publication-topology=15,root-publication-facade,physical_runtime/durability/publication,preserve,crates/worth-store/src/physical_runtime/durability/publication/mod.rs,preserve,tracked-family-source-and-metadata-reconciliation,inventory-open
crates/worth-store/src/physical_runtime/durability/publication/namespace_durability.rs,durability-vocabulary;root-publication-topology,durability-vocabulary=31;root-publication-topology=14,root-parent-namespace-durability,physical_runtime/durability/publication,preserve,crates/worth-store/src/physical_runtime/durability/publication/namespace_durability.rs,preserve,tracked-family-source-and-metadata-reconciliation,inventory-open
crates/worth-store/src/physical_runtime/durability/publication/preparation.rs,durability-vocabulary;root-publication-topology,durability-vocabulary=5;root-publication-topology=31,root-publication-transition-lease,physical_runtime/durability/publication,preserve,crates/worth-store/src/physical_runtime/durability/publication/preparation.rs,preserve,tracked-family-source-and-metadata-reconciliation,inventory-open
crates/worth-store/src/physical_runtime/durability/publication/replacement.rs,durability-vocabulary;root-publication-topology,durability-vocabulary=2;root-publication-topology=21,atomic-current-root-replacement,physical_runtime/durability/publication,preserve,crates/worth-store/src/physical_runtime/durability/publication/replacement.rs,preserve,tracked-family-source-and-metadata-reconciliation,inventory-open
crates/worth-store/src/physical_runtime/durability/publication/retained_root.rs,durability-vocabulary,durability-vocabulary=4,previous-root-retention-truth,physical_runtime/durability/publication,preserve,crates/worth-store/src/physical_runtime/durability/publication/retained_root.rs,preserve,tracked-family-source-and-metadata-reconciliation,inventory-open
crates/worth-store/src/physical_runtime/durability/publication/work_port.rs,root-publication-topology,root-publication-topology=43,root-publication-work-route,physical_runtime/durability/publication,preserve,crates/worth-store/src/physical_runtime/durability/publication/work_port.rs,preserve,tracked-family-source-and-metadata-reconciliation,inventory-open
crates/worth-store/src/physical_runtime/durability/settlement/acknowledgment.rs,acknowledgment-topology;durability-vocabulary,acknowledgment-topology=6;durability-vocabulary=9,completion-only-physical-acknowledgment,physical_runtime/durability/settlement,preserve,crates/worth-store/src/physical_runtime/durability/settlement/acknowledgment.rs,preserve,tracked-family-source-and-metadata-reconciliation,inventory-open
crates/worth-store/src/physical_runtime/durability/settlement/indeterminate.rs,durability-barrier;durability-vocabulary;wal-topology,durability-barrier=3;durability-vocabulary=6;wal-topology=3,inspection-required-mutation-fate,physical_runtime/durability/settlement,preserve,crates/worth-store/src/physical_runtime/durability/settlement/indeterminate.rs,preserve,tracked-family-source-and-metadata-reconciliation,inventory-open
crates/worth-store/src/physical_runtime/durability/settlement/mod.rs,acknowledgment-topology,acknowledgment-topology=5,physical-mutation-settlement-facade,physical_runtime/durability/settlement,preserve,crates/worth-store/src/physical_runtime/durability/settlement/mod.rs,preserve,tracked-family-source-and-metadata-reconciliation,inventory-open
crates/worth-store/src/physical_runtime/durability/wal/append_declaration.rs,wal-topology,wal-topology=18,physical-wal-append-declaration,physical_runtime/durability/wal,preserve,crates/worth-store/src/physical_runtime/durability/wal/append_declaration.rs,preserve,tracked-family-source-and-metadata-reconciliation,inventory-open
crates/worth-store/src/physical_runtime/durability/wal/append_settlement.rs,wal-topology,wal-topology=21,physical-wal-append-settlement,physical_runtime/durability/wal,preserve,crates/worth-store/src/physical_runtime/durability/wal/append_settlement.rs,preserve,tracked-family-source-and-metadata-reconciliation,inventory-open
crates/worth-store/src/physical_runtime/durability/wal/canonical_redo.rs,durability-vocabulary;wal-topology,durability-vocabulary=2;wal-topology=2,canonical-physical-redo-records,physical_runtime/durability/wal,preserve,crates/worth-store/src/physical_runtime/durability/wal/canonical_redo.rs,preserve,tracked-family-source-and-metadata-reconciliation,inventory-open
crates/worth-store/src/physical_runtime/durability/wal/checkpoint_cutover.rs,checkpoint-publication;durability-vocabulary,checkpoint-publication=5;durability-vocabulary=9,wal-checkpoint-publication-fence,physical_runtime/durability/wal,preserve,crates/worth-store/src/physical_runtime/durability/wal/checkpoint_cutover.rs,preserve,tracked-family-source-and-metadata-reconciliation,inventory-open
crates/worth-store/src/physical_runtime/durability/wal/group_reservation/member_planning.rs,durability-vocabulary;root-publication-topology;wal-topology,durability-vocabulary=20;root-publication-topology=1;wal-topology=13,whole-group-wal-member-planning,physical_runtime/durability/wal/group-reservation,preserve,crates/worth-store/src/physical_runtime/durability/wal/group_reservation/member_planning.rs,preserve,tracked-family-source-and-metadata-reconciliation,inventory-open
crates/worth-store/src/physical_runtime/durability/wal/group_reservation/mod.rs,durability-vocabulary;wal-topology,durability-vocabulary=14;wal-topology=11,bounded-whole-group-segment-reservation,physical_runtime/durability/wal/group-reservation,preserve,crates/worth-store/src/physical_runtime/durability/wal/group_reservation/mod.rs,preserve,tracked-family-source-and-metadata-reconciliation,inventory-open
crates/worth-store/src/physical_runtime/durability/wal/inventory/live_segment_inventory.rs,durability-vocabulary;wal-topology,durability-vocabulary=12;wal-topology=45,store-owned-live-wal-segment-inventory,physical_runtime/durability/wal/inventory,preserve,crates/worth-store/src/physical_runtime/durability/wal/inventory/live_segment_inventory.rs,preserve,tracked-family-source-and-metadata-reconciliation,inventory-open
crates/worth-store/src/physical_runtime/durability/wal/inventory/live_segment_inventory/tests.rs,wal-topology,wal-topology=21,live-wal-segment-inventory-proof,physical_runtime/durability/wal/inventory,preserve,crates/worth-store/src/physical_runtime/durability/wal/inventory/live_segment_inventory/tests.rs,preserve,tracked-family-source-and-metadata-reconciliation,inventory-open
crates/worth-store/src/physical_runtime/durability/wal/inventory/mod.rs,durability-vocabulary;wal-topology,durability-vocabulary=3;wal-topology=6,typed-wal-inventory-reopen-facade,physical_runtime/durability/wal/inventory,preserve,crates/worth-store/src/physical_runtime/durability/wal/inventory/mod.rs,preserve,tracked-family-source-and-metadata-reconciliation,inventory-open
crates/worth-store/src/physical_runtime/durability/wal/inventory/reopen.rs,wal-topology,wal-topology=24,bounded-hostile-wal-inventory-reopen,physical_runtime/durability/wal/inventory,preserve,crates/worth-store/src/physical_runtime/durability/wal/inventory/reopen.rs,preserve,tracked-family-source-and-metadata-reconciliation,inventory-open
crates/worth-store/src/physical_runtime/durability/wal/inventory/reopen/trailing_empty_segment.rs,wal-topology,wal-topology=2,interrupted-wal-segment-create-cleanup,physical_runtime/durability/wal/inventory/reopen,preserve,crates/worth-store/src/physical_runtime/durability/wal/inventory/reopen/trailing_empty_segment.rs,preserve,tracked-family-source-and-metadata-reconciliation,inventory-open
crates/worth-store/src/physical_runtime/durability/wal/inventory/reopened_member.rs,durability-vocabulary;wal-topology,durability-vocabulary=7;wal-topology=6,reopened-wal-member-binding,physical_runtime/durability/wal/inventory,preserve,crates/worth-store/src/physical_runtime/durability/wal/inventory/reopened_member.rs,preserve,tracked-family-source-and-metadata-reconciliation,inventory-open
crates/worth-store/src/physical_runtime/durability/wal/inventory/snapshot.rs,durability-vocabulary;wal-topology,durability-vocabulary=9;wal-topology=5,immutable-live-wal-inventory-projection,physical_runtime/durability/wal/inventory,preserve,crates/worth-store/src/physical_runtime/durability/wal/inventory/snapshot.rs,preserve,tracked-family-source-and-metadata-reconciliation,inventory-open
crates/worth-store/src/physical_runtime/durability/wal/member_basis.rs,wal-topology,wal-topology=4,physical-wal-member-identity-basis,physical_runtime/durability/wal,preserve,crates/worth-store/src/physical_runtime/durability/wal/member_basis.rs,preserve,tracked-family-source-and-metadata-reconciliation,inventory-open
crates/worth-store/src/physical_runtime/durability/wal/mod.rs,checkpoint-publication;durability-vocabulary;wal-topology,checkpoint-publication=1;durability-vocabulary=2;wal-topology=6,physical-wal-durability-facade,physical_runtime/durability/wal,preserve,crates/worth-store/src/physical_runtime/durability/wal/mod.rs,preserve,tracked-family-source-and-metadata-reconciliation,inventory-open
crates/worth-store/src/physical_runtime/durability/wal/port.rs,checkpoint-publication;durability-vocabulary;wal-topology,checkpoint-publication=1;durability-vocabulary=13;wal-topology=34,physical-wal-member-append-port,physical_runtime/durability/wal,preserve,crates/worth-store/src/physical_runtime/durability/wal/port.rs,preserve,tracked-family-source-and-metadata-reconciliation,inventory-open
crates/worth-store/src/physical_runtime/durability/wal/port/group.rs,durability-vocabulary;wal-topology,durability-vocabulary=31;wal-topology=11,group-append-and-consuming-continuation-orchestration,physical_runtime/durability/wal,preserve,crates/worth-store/src/physical_runtime/durability/wal/port/group.rs,preserve,tracked-family-source-and-metadata-reconciliation,inventory-open
crates/worth-store/src/physical_runtime/durability/wal/preparation_admission.rs,durability-vocabulary;wal-topology,durability-vocabulary=1;wal-topology=2,current-wal-preparation-authority-admission,physical_runtime/durability/wal,preserve,crates/worth-store/src/physical_runtime/durability/wal/preparation_admission.rs,preserve,tracked-family-source-and-metadata-reconciliation,inventory-open
crates/worth-store/src/physical_runtime/durability/wal/reclamation/authority.rs,checkpoint-publication;durability-vocabulary;wal-topology,checkpoint-publication=6;durability-vocabulary=2;wal-topology=9,proof-carrying-obsolete-wal-prefix-authority,physical_runtime/durability/wal/reclamation,preserve,crates/worth-store/src/physical_runtime/durability/wal/reclamation/authority.rs,preserve,tracked-family-source-and-metadata-reconciliation,inventory-open
crates/worth-store/src/physical_runtime/durability/wal/reclamation/eligibility.rs,checkpoint-publication;durability-vocabulary;wal-topology,checkpoint-publication=3;durability-vocabulary=6;wal-topology=2,wal-reclamation-durable-authority-join,physical_runtime/durability/wal/reclamation,preserve,crates/worth-store/src/physical_runtime/durability/wal/reclamation/eligibility.rs,preserve,tracked-family-source-and-metadata-reconciliation,inventory-open
crates/worth-store/src/physical_runtime/durability/wal/reclamation/execution.rs,checkpoint-publication;durability-vocabulary;wal-topology,checkpoint-publication=2;durability-vocabulary=2;wal-topology=3,wal-reclamation-terminal-fate-owner,physical_runtime/durability/wal/reclamation,preserve,crates/worth-store/src/physical_runtime/durability/wal/reclamation/execution.rs,preserve,tracked-family-source-and-metadata-reconciliation,inventory-open
crates/worth-store/src/physical_runtime/durability/wal/reclamation/inventory_transition.rs,wal-topology,wal-topology=2,completed-reclamation-live-inventory-transition,physical_runtime/durability/wal/reclamation,preserve,crates/worth-store/src/physical_runtime/durability/wal/reclamation/inventory_transition.rs,preserve,tracked-family-source-and-metadata-reconciliation,inventory-open
crates/worth-store/src/physical_runtime/durability/wal/reclamation/mod.rs,wal-topology,wal-topology=1,wal-reclamation-domain-facade,physical_runtime/durability/wal/reclamation,preserve,crates/worth-store/src/physical_runtime/durability/wal/reclamation/mod.rs,preserve,tracked-family-source-and-metadata-reconciliation,inventory-open
crates/worth-store/src/physical_runtime/durability/wal/reclamation/outcome.rs,checkpoint-publication;wal-topology,checkpoint-publication=6;wal-topology=4,caller-visible-wal-reclamation-observation,physical_runtime/durability/wal/reclamation,preserve,crates/worth-store/src/physical_runtime/durability/wal/reclamation/outcome.rs,preserve,tracked-family-source-and-metadata-reconciliation,inventory-open
crates/worth-store/src/physical_runtime/durability/wal/reclamation/tests.rs,wal-topology,wal-topology=1,wal-reclamation-authority-move-proof,physical_runtime/durability/wal/reclamation,preserve,crates/worth-store/src/physical_runtime/durability/wal/reclamation/tests.rs,preserve,tracked-family-source-and-metadata-reconciliation,inventory-open
crates/worth-store/src/physical_runtime/durability/wal/runtime_owner.rs,durability-vocabulary;wal-topology,durability-vocabulary=11;wal-topology=10,store-owned-physical-wal-runtime,physical_runtime/durability/wal,preserve,crates/worth-store/src/physical_runtime/durability/wal/runtime_owner.rs,preserve,tracked-family-source-and-metadata-reconciliation,inventory-open
crates/worth-store/src/physical_runtime/durability/wal/runtime_owner/tests.rs,durability-vocabulary;wal-topology,durability-vocabulary=6;wal-topology=14,durable-wal-checkpoint-frontier-proof,physical_runtime/durability/wal,preserve,crates/worth-store/src/physical_runtime/durability/wal/runtime_owner/tests.rs,preserve,tracked-family-source-and-metadata-reconciliation,inventory-open
crates/worth-store/src/physical_runtime/instance/construction.rs,durability-vocabulary,durability-vocabulary=20,durability-owner-instance-construction,physical_runtime/instance,preserve,crates/worth-store/src/physical_runtime/instance/construction.rs,preserve,tracked-family-source-and-metadata-reconciliation,inventory-open
crates/worth-store/src/physical_runtime/instance/construction/record_serving.rs,checkpoint-publication;durability-vocabulary;root-publication-topology;wal-topology,checkpoint-publication=7;durability-vocabulary=28;root-publication-topology=2;wal-topology=2,record-serving-runtime-assembly,physical_runtime/instance/construction,preserve,crates/worth-store/src/physical_runtime/instance/construction/record_serving.rs,preserve,tracked-family-source-and-metadata-reconciliation,inventory-open
crates/worth-store/src/physical_runtime/instance/construction/work_runtime.rs,durability-vocabulary,durability-vocabulary=4,physical-work-runtime-preparation,physical_runtime/instance/construction,preserve,crates/worth-store/src/physical_runtime/instance/construction/work_runtime.rs,preserve,tracked-family-source-and-metadata-reconciliation,inventory-open
crates/worth-store/src/physical_runtime/instance/durability_bootstrap.rs,durability-vocabulary,durability-vocabulary=27,fresh-process-durability-reopen-join,physical_runtime/instance,preserve,crates/worth-store/src/physical_runtime/instance/durability_bootstrap.rs,preserve,tracked-family-source-and-metadata-reconciliation,inventory-open
crates/worth-store/src/physical_runtime/instance/executor.rs,root-publication-topology;wal-topology,root-publication-topology=1;wal-topology=2,physical-work-executor-facade,physical_runtime/instance/executor,preserve,crates/worth-store/src/physical_runtime/instance/executor.rs,preserve,tracked-family-source-and-metadata-reconciliation,inventory-open
crates/worth-store/src/physical_runtime/instance/executor/checkpoint.rs,checkpoint-publication,checkpoint-publication=26,checkpoint-media-executor,physical_runtime/instance/executor,preserve,crates/worth-store/src/physical_runtime/instance/executor/checkpoint.rs,preserve,tracked-family-source-and-metadata-reconciliation,inventory-open
crates/worth-store/src/physical_runtime/instance/executor/publication.rs,root-publication-topology,root-publication-topology=5,root-publication-store-executor,physical_runtime/instance/executor,preserve,crates/worth-store/src/physical_runtime/instance/executor/publication.rs,preserve,tracked-family-source-and-metadata-reconciliation,inventory-open
crates/worth-store/src/physical_runtime/instance/executor/range_write.rs,durability-barrier;durability-vocabulary;root-publication-topology;wal-topology,durability-barrier=1;durability-vocabulary=18;root-publication-topology=1;wal-topology=1,range-write-executor,physical_runtime/instance/executor,preserve,crates/worth-store/src/physical_runtime/instance/executor/range_write.rs,preserve,tracked-family-source-and-metadata-reconciliation,inventory-open
crates/worth-store/src/physical_runtime/instance/executor/wal_append.rs,wal-topology,wal-topology=6,physical-wal-append-executor,physical_runtime/instance/executor,preserve,crates/worth-store/src/physical_runtime/instance/executor/wal_append.rs,preserve,tracked-family-source-and-metadata-reconciliation,inventory-open
crates/worth-store/src/physical_runtime/instance/executor/wal_reclamation.rs,wal-topology,wal-topology=1,scheduled-wal-artifact-removal-executor,physical_runtime/instance/executor,preserve,crates/worth-store/src/physical_runtime/instance/executor/wal_reclamation.rs,preserve,tracked-family-source-and-metadata-reconciliation,inventory-open
crates/worth-store/src/physical_runtime/instance/executor/wal_segment_create.rs,wal-topology,wal-topology=6,wal-segment-create-media-effect,physical_runtime/instance/executor,preserve,crates/worth-store/src/physical_runtime/instance/executor/wal_segment_create.rs,preserve,tracked-family-source-and-metadata-reconciliation,inventory-open
crates/worth-store/src/physical_runtime/instance/lifecycle.rs,checkpoint-publication;durability-vocabulary;wal-topology,checkpoint-publication=2;durability-vocabulary=17;wal-topology=1,durability-owner-terminal-lifecycle,physical_runtime/instance,preserve,crates/worth-store/src/physical_runtime/instance/lifecycle.rs,preserve,tracked-family-source-and-metadata-reconciliation,inventory-open
crates/worth-store/src/physical_runtime/instance/mod.rs,durability-vocabulary,durability-vocabulary=5,physical-instance-semantic-facade,physical_runtime/instance,preserve,crates/worth-store/src/physical_runtime/instance/mod.rs,preserve,tracked-family-source-and-metadata-reconciliation,inventory-open
crates/worth-store/src/physical_runtime/instance/parts.rs,checkpoint-publication;durability-vocabulary,checkpoint-publication=1;durability-vocabulary=4,durability-owner-serving-parts,physical_runtime/instance,preserve,crates/worth-store/src/physical_runtime/instance/parts.rs,preserve,tracked-family-source-and-metadata-reconciliation,inventory-open
crates/worth-store/src/physical_runtime/instance/scheduler_admission.rs,durability-barrier;durability-vocabulary;root-publication-topology,durability-barrier=4;durability-vocabulary=7;root-publication-topology=1,ordinary-and-recovery-scheduler-admission-owners,worth-store/physical-runtime/instance/scheduler-admission,preserve,crates/worth-store/src/physical_runtime/instance/scheduler_admission.rs,preserve,tracked-family-source-and-metadata-reconciliation,inventory-open
crates/worth-store/src/physical_runtime/instance/scheduler_admission/checkpoint.rs,checkpoint-publication,checkpoint-publication=4,checkpoint-background-scheduler-admission,physical_runtime/instance/scheduler_admission,preserve,crates/worth-store/src/physical_runtime/instance/scheduler_admission/checkpoint.rs,preserve,tracked-family-source-and-metadata-reconciliation,inventory-open
crates/worth-store/src/physical_runtime/instance/scheduler_admission/root_publication.rs,durability-vocabulary,durability-vocabulary=2,root-publication-scheduler-admission,physical_runtime/instance/scheduler-admission,preserve,crates/worth-store/src/physical_runtime/instance/scheduler_admission/root_publication.rs,preserve,tracked-family-source-and-metadata-reconciliation,inventory-open
crates/worth-store/src/physical_runtime/instance/signal_owner/outcome.rs,durability-vocabulary,durability-vocabulary=2,signal-construction-failure-vocabulary,physical_runtime/instance/signal_owner,preserve,crates/worth-store/src/physical_runtime/instance/signal_owner/outcome.rs,preserve,tracked-family-source-and-metadata-reconciliation,inventory-open
crates/worth-store/src/physical_runtime/media_evidence.rs,durability-vocabulary,durability-vocabulary=2,domain-durability-meaning,crate:worth-store,preserve,crates/worth-store/src/physical_runtime/media_evidence.rs,preserve,tracked-family-source-and-metadata-reconciliation,inventory-open
crates/worth-store/src/physical_runtime/media_ownership/runtime.rs,durability-vocabulary,durability-vocabulary=3,durability-basis-admission-surface,physical_runtime/media_ownership,preserve,crates/worth-store/src/physical_runtime/media_ownership/runtime.rs,preserve,tracked-family-source-and-metadata-reconciliation,inventory-open
crates/worth-store/src/physical_runtime/mod.rs,acknowledgment-topology;checkpoint-publication;durability-vocabulary;ordinary-record-mutation-entry;root-publication-topology;wal-topology,acknowledgment-topology=1;checkpoint-publication=29;durability-vocabulary=50;ordinary-record-mutation-entry=1;root-publication-topology=14;wal-topology=14,physical-runtime-facade,crate:worth-store,preserve,crates/worth-store/src/physical_runtime/mod.rs,preserve,tracked-family-source-and-metadata-reconciliation,inventory-open
crates/worth-store/src/physical_runtime/record_serving/access/extent_read_session.rs,durability-vocabulary,durability-vocabulary=3,domain-durability-meaning,crate:worth-store,preserve,crates/worth-store/src/physical_runtime/record_serving/access/extent_read_session.rs,preserve,tracked-family-source-and-metadata-reconciliation,inventory-open
crates/worth-store/src/physical_runtime/record_serving/access/locate.rs,durability-vocabulary,durability-vocabulary=2,domain-durability-meaning,crate:worth-store,preserve,crates/worth-store/src/physical_runtime/record_serving/access/locate.rs,preserve,tracked-family-source-and-metadata-reconciliation,inventory-open
crates/worth-store/src/physical_runtime/record_serving/access/locate/extent.rs,durability-vocabulary,durability-vocabulary=2,domain-durability-meaning,crate:worth-store,preserve,crates/worth-store/src/physical_runtime/record_serving/access/locate/extent.rs,preserve,tracked-family-source-and-metadata-reconciliation,inventory-open
crates/worth-store/src/physical_runtime/record_serving/access/locate/extent/manifest_admission.rs,durability-vocabulary,durability-vocabulary=8,domain-durability-meaning,crate:worth-store,preserve,crates/worth-store/src/physical_runtime/record_serving/access/locate/extent/manifest_admission.rs,preserve,tracked-family-source-and-metadata-reconciliation,inventory-open
crates/worth-store/src/physical_runtime/record_serving/access/locate/inline.rs,durability-vocabulary,durability-vocabulary=2,domain-durability-meaning,crate:worth-store,preserve,crates/worth-store/src/physical_runtime/record_serving/access/locate/inline.rs,preserve,tracked-family-source-and-metadata-reconciliation,inventory-open
crates/worth-store/src/physical_runtime/record_serving/access/locate/inline/page_location.rs,durability-vocabulary,durability-vocabulary=3,domain-durability-meaning,crate:worth-store,preserve,crates/worth-store/src/physical_runtime/record_serving/access/locate/inline/page_location.rs,preserve,tracked-family-source-and-metadata-reconciliation,inventory-open
crates/worth-store/src/physical_runtime/record_serving/access/locate/inline/record_projection.rs,durability-vocabulary,durability-vocabulary=2,domain-durability-meaning,crate:worth-store,preserve,crates/worth-store/src/physical_runtime/record_serving/access/locate/inline/record_projection.rs,preserve,tracked-family-source-and-metadata-reconciliation,inventory-open
crates/worth-store/src/physical_runtime/record_serving/access/manifest_routing/capacity_rebuild.rs,durability-vocabulary,durability-vocabulary=2,domain-durability-meaning,crate:worth-store,preserve,crates/worth-store/src/physical_runtime/record_serving/access/manifest_routing/capacity_rebuild.rs,preserve,tracked-family-source-and-metadata-reconciliation,inventory-open
crates/worth-store/src/physical_runtime/record_serving/access/manifest_routing/planner.rs,durability-vocabulary,durability-vocabulary=8,domain-durability-meaning,crate:worth-store,preserve,crates/worth-store/src/physical_runtime/record_serving/access/manifest_routing/planner.rs,preserve,tracked-family-source-and-metadata-reconciliation,inventory-open
crates/worth-store/src/physical_runtime/record_serving/access/manifest_routing/reader.rs,durability-vocabulary,durability-vocabulary=6,domain-durability-meaning,crate:worth-store,preserve,crates/worth-store/src/physical_runtime/record_serving/access/manifest_routing/reader.rs,preserve,tracked-family-source-and-metadata-reconciliation,inventory-open
crates/worth-store/src/physical_runtime/record_serving/access/record_chunk_view.rs,durability-vocabulary,durability-vocabulary=3,domain-durability-meaning,crate:worth-store,preserve,crates/worth-store/src/physical_runtime/record_serving/access/record_chunk_view.rs,preserve,tracked-family-source-and-metadata-reconciliation,inventory-open
crates/worth-store/src/physical_runtime/record_serving/access/scan_readmission.rs,durability-vocabulary,durability-vocabulary=2,domain-durability-meaning,crate:worth-store,preserve,crates/worth-store/src/physical_runtime/record_serving/access/scan_readmission.rs,preserve,tracked-family-source-and-metadata-reconciliation,inventory-open
crates/worth-store/src/physical_runtime/record_serving/access/segment_membership.rs,durability-vocabulary,durability-vocabulary=6,domain-durability-meaning,crate:worth-store,preserve,crates/worth-store/src/physical_runtime/record_serving/access/segment_membership.rs,preserve,tracked-family-source-and-metadata-reconciliation,inventory-open
crates/worth-store/src/physical_runtime/record_serving/access/segment_membership/update_planning.rs,durability-vocabulary,durability-vocabulary=5,domain-durability-meaning,crate:worth-store,preserve,crates/worth-store/src/physical_runtime/record_serving/access/segment_membership/update_planning.rs,preserve,tracked-family-source-and-metadata-reconciliation,inventory-open
crates/worth-store/src/physical_runtime/record_serving/admission/bootstrap.rs,durability-vocabulary,durability-vocabulary=7,domain-durability-meaning,crate:worth-store,preserve,crates/worth-store/src/physical_runtime/record_serving/admission/bootstrap.rs,preserve,tracked-family-source-and-metadata-reconciliation,inventory-open
crates/worth-store/src/physical_runtime/record_serving/admission/initialization.rs,durability-vocabulary,durability-vocabulary=9,store-initialization-and-genesis-root-protocol,worth-store/physical-runtime/record-serving/admission,preserve,crates/worth-store/src/physical_runtime/record_serving/admission/initialization.rs,preserve,tracked-family-source-and-metadata-reconciliation,inventory-open
crates/worth-store/src/physical_runtime/record_serving/admission/open.rs,durability-vocabulary,durability-vocabulary=12,domain-durability-meaning,crate:worth-store,preserve,crates/worth-store/src/physical_runtime/record_serving/admission/open.rs,preserve,tracked-family-source-and-metadata-reconciliation,inventory-open
crates/worth-store/src/physical_runtime/record_serving/admission/request.rs,durability-vocabulary,durability-vocabulary=10,mandatory-durability-request-construction,physical_runtime/record_serving/admission,preserve,crates/worth-store/src/physical_runtime/record_serving/admission/request.rs,preserve,tracked-family-source-and-metadata-reconciliation,inventory-open
crates/worth-store/src/physical_runtime/record_serving/admission/transition.rs,durability-vocabulary,durability-vocabulary=29,pre-effect-durability-runtime-binding,physical_runtime/record_serving/admission,preserve,crates/worth-store/src/physical_runtime/record_serving/admission/transition.rs,preserve,tracked-family-source-and-metadata-reconciliation,inventory-open
crates/worth-store/src/physical_runtime/record_serving/evidence/canonical_observation.rs,durability-vocabulary,durability-vocabulary=6,domain-durability-meaning,crate:worth-store,preserve,crates/worth-store/src/physical_runtime/record_serving/evidence/canonical_observation.rs,preserve,tracked-family-source-and-metadata-reconciliation,inventory-open
crates/worth-store/src/physical_runtime/record_serving/evidence/physical_work/causal_lowering.rs,durability-barrier;durability-vocabulary,durability-barrier=2;durability-vocabulary=4,backend-barrier-evidence-consumer,crate:worth-store-physical-backend,preserve,crates/worth-store/src/physical_runtime/record_serving/evidence/physical_work/causal_lowering.rs,preserve,tracked-family-source-and-metadata-reconciliation,inventory-open
crates/worth-store/src/physical_runtime/record_serving/evidence/physical_work/hostile_truth/scenario.rs,root-publication-topology,root-publication-topology=4,root-publication-consumer,physical_runtime/durability/publication-and-C10-isolation,narrow,crates/worth-store/src/physical_runtime/record_serving/evidence/physical_work/hostile_truth/scenario.rs,phase-7,tracked-family-source-and-metadata-reconciliation,inventory-open
crates/worth-store/src/physical_runtime/record_serving/evidence/physical_work/hostile_truth_tests.rs,durability-vocabulary;root-publication-topology,durability-vocabulary=1;root-publication-topology=1,root-publication-consumer,physical_runtime/durability/publication-and-C10-isolation,narrow,crates/worth-store/src/physical_runtime/record_serving/evidence/physical_work/hostile_truth_tests.rs,phase-7,tracked-family-source-and-metadata-reconciliation,inventory-open
crates/worth-store/src/physical_runtime/record_serving/evidence/physical_work/hostile_truth_tests/fixture.rs,root-publication-topology,root-publication-topology=1,root-publication-consumer,physical_runtime/durability/publication-and-C10-isolation,narrow,crates/worth-store/src/physical_runtime/record_serving/evidence/physical_work/hostile_truth_tests/fixture.rs,phase-7,tracked-family-source-and-metadata-reconciliation,inventory-open
crates/worth-store/src/physical_runtime/record_serving/evidence/physical_work/hostile_validation.rs,root-publication-topology,root-publication-topology=1,root-publication-consumer,physical_runtime/durability/publication-and-C10-isolation,narrow,crates/worth-store/src/physical_runtime/record_serving/evidence/physical_work/hostile_validation.rs,phase-7,tracked-family-source-and-metadata-reconciliation,inventory-open
crates/worth-store/src/physical_runtime/record_serving/evidence/physical_work/run_provenance/filesystem.rs,durability-barrier,durability-barrier=3,backend-barrier-evidence-consumer,crate:worth-store-physical-backend,preserve,crates/worth-store/src/physical_runtime/record_serving/evidence/physical_work/run_provenance/filesystem.rs,preserve,tracked-family-source-and-metadata-reconciliation,inventory-open
crates/worth-store/src/physical_runtime/record_serving/evidence/physical_work/vocabulary.rs,durability-barrier;durability-vocabulary,durability-barrier=1;durability-vocabulary=2,backend-barrier-evidence-consumer,crate:worth-store-physical-backend,preserve,crates/worth-store/src/physical_runtime/record_serving/evidence/physical_work/vocabulary.rs,preserve,tracked-family-source-and-metadata-reconciliation,inventory-open
crates/worth-store/src/physical_runtime/record_serving/lifecycle/serving_runtime.rs,checkpoint-publication;durability-vocabulary;ordinary-record-mutation-entry,checkpoint-publication=2;durability-vocabulary=5;ordinary-record-mutation-entry=1,ordinary-record-mutation-and-checkpoint-facades,physical_runtime/record_serving/lifecycle,narrow,crates/worth-store/src/physical_runtime/record_serving/lifecycle/serving_runtime.rs,phase-8,tracked-family-source-and-metadata-reconciliation,inventory-open
crates/worth-store/src/physical_runtime/record_serving/lifecycle/serving_runtime/certification/durable_publication.rs,durability-vocabulary;ordinary-record-mutation-entry;root-publication-topology,durability-vocabulary=6;ordinary-record-mutation-entry=1;root-publication-topology=2,certification-durable-publication-driver,record_serving/lifecycle/serving_runtime/certification,preserve,crates/worth-store/src/physical_runtime/record_serving/lifecycle/serving_runtime/certification/durable_publication.rs,preserve,tracked-family-source-and-metadata-reconciliation,inventory-open
crates/worth-store/src/physical_runtime/record_serving/lifecycle/serving_runtime/certification/mod.rs,durability-vocabulary;ordinary-record-mutation-entry,durability-vocabulary=2;ordinary-record-mutation-entry=1,certification-serving-runtime-facade,record_serving/lifecycle/serving_runtime/certification,preserve,crates/worth-store/src/physical_runtime/record_serving/lifecycle/serving_runtime/certification/mod.rs,preserve,tracked-family-source-and-metadata-reconciliation,inventory-open
crates/worth-store/src/physical_runtime/record_serving/lifecycle/serving_runtime/certification/root_completion.rs,durability-vocabulary;ordinary-record-mutation-entry;root-publication-topology,durability-vocabulary=13;ordinary-record-mutation-entry=1;root-publication-topology=8,certification-root-publication-completion,record_serving/lifecycle/serving_runtime/certification,preserve,crates/worth-store/src/physical_runtime/record_serving/lifecycle/serving_runtime/certification/root_completion.rs,preserve,tracked-family-source-and-metadata-reconciliation,inventory-open
crates/worth-store/src/physical_runtime/record_serving/lifecycle/serving_runtime/certification/wal_durable.rs,durability-vocabulary;ordinary-record-mutation-entry,durability-vocabulary=25;ordinary-record-mutation-entry=1,certification-wal-durability-progression,record_serving/lifecycle/serving_runtime/certification,preserve,crates/worth-store/src/physical_runtime/record_serving/lifecycle/serving_runtime/certification/wal_durable.rs,preserve,tracked-family-source-and-metadata-reconciliation,inventory-open
crates/worth-store/src/physical_runtime/record_serving/lifecycle/serving_shutdown.rs,checkpoint-publication;durability-vocabulary,checkpoint-publication=2;durability-vocabulary=10,checkpoint-and-durability-shutdown-observation,physical_runtime/record_serving/lifecycle,preserve,crates/worth-store/src/physical_runtime/record_serving/lifecycle/serving_shutdown.rs,preserve,tracked-family-source-and-metadata-reconciliation,inventory-open
crates/worth-store/src/physical_runtime/record_serving/mod.rs,ordinary-record-mutation-entry;root-publication-topology;writeback-settlement,ordinary-record-mutation-entry=2;root-publication-topology=3;writeback-settlement=1,ordinary-record-publication,physical_runtime/durability/mutation,replace,crates/worth-store/src/physical_runtime/record_serving/mod.rs,phase-8,tracked-family-source-and-metadata-reconciliation,inventory-open
crates/worth-store/src/physical_runtime/record_serving/mutation_work_port/admission.rs,durability-vocabulary,durability-vocabulary=5,domain-durability-meaning,crate:worth-store,preserve,crates/worth-store/src/physical_runtime/record_serving/mutation_work_port/admission.rs,preserve,tracked-family-source-and-metadata-reconciliation,inventory-open
crates/worth-store/src/physical_runtime/record_serving/mutation_work_port/publication_dependency.rs,durability-vocabulary;root-publication-topology,durability-vocabulary=2;root-publication-topology=1,root-publication-consumer,physical_runtime/durability/publication-and-C10-isolation,delete,crates/worth-store/src/physical_runtime/record_serving/mutation_work_port/publication_dependency.rs,phase-7,tracked-family-source-and-metadata-reconciliation,deleted-phase-7
crates/worth-store/src/physical_runtime/record_serving/planning/allocation_frontier.rs,durability-vocabulary,durability-vocabulary=4,domain-durability-meaning,crate:worth-store,preserve,crates/worth-store/src/physical_runtime/record_serving/planning/allocation_frontier.rs,preserve,tracked-family-source-and-metadata-reconciliation,inventory-open
crates/worth-store/src/physical_runtime/record_serving/planning/batch_placement.rs,durability-vocabulary,durability-vocabulary=1,domain-durability-meaning,crate:worth-store,preserve,crates/worth-store/src/physical_runtime/record_serving/planning/batch_placement.rs,preserve,tracked-family-source-and-metadata-reconciliation,inventory-open
crates/worth-store/src/physical_runtime/record_serving/planning/extent_placement.rs,durability-vocabulary,durability-vocabulary=4,domain-durability-meaning,crate:worth-store,preserve,crates/worth-store/src/physical_runtime/record_serving/planning/extent_placement.rs,preserve,tracked-family-source-and-metadata-reconciliation,inventory-open
crates/worth-store/src/physical_runtime/record_serving/planning/free_space_projection.rs,durability-vocabulary,durability-vocabulary=2,domain-durability-meaning,crate:worth-store,preserve,crates/worth-store/src/physical_runtime/record_serving/planning/free_space_projection.rs,preserve,tracked-family-source-and-metadata-reconciliation,inventory-open
crates/worth-store/src/physical_runtime/record_serving/planning/free_space_routing/reader.rs,durability-vocabulary,durability-vocabulary=6,domain-durability-meaning,crate:worth-store,preserve,crates/worth-store/src/physical_runtime/record_serving/planning/free_space_routing/reader.rs,preserve,tracked-family-source-and-metadata-reconciliation,inventory-open
crates/worth-store/src/physical_runtime/record_serving/planning/free_space_routing/successor.rs,durability-vocabulary,durability-vocabulary=6,domain-durability-meaning,crate:worth-store,preserve,crates/worth-store/src/physical_runtime/record_serving/planning/free_space_routing/successor.rs,preserve,tracked-family-source-and-metadata-reconciliation,inventory-open
crates/worth-store/src/physical_runtime/record_serving/planning/inline_segment_plan.rs,durability-vocabulary,durability-vocabulary=3,domain-durability-meaning,crate:worth-store,preserve,crates/worth-store/src/physical_runtime/record_serving/planning/inline_segment_plan.rs,preserve,tracked-family-source-and-metadata-reconciliation,inventory-open
crates/worth-store/src/physical_runtime/record_serving/planning/inline_segment_plan/page_allocation.rs,durability-vocabulary,durability-vocabulary=3,domain-durability-meaning,crate:worth-store,preserve,crates/worth-store/src/physical_runtime/record_serving/planning/inline_segment_plan/page_allocation.rs,preserve,tracked-family-source-and-metadata-reconciliation,inventory-open
crates/worth-store/src/physical_runtime/record_serving/planning/placement_context.rs,durability-vocabulary,durability-vocabulary=4,domain-durability-meaning,crate:worth-store,preserve,crates/worth-store/src/physical_runtime/record_serving/planning/placement_context.rs,preserve,tracked-family-source-and-metadata-reconciliation,inventory-open
crates/worth-store/src/physical_runtime/record_serving/planning/prepared_payload.rs,durability-vocabulary,durability-vocabulary=2,merged-root-publication-payload-plan,physical_runtime/record-serving/planning,preserve,crates/worth-store/src/physical_runtime/record_serving/planning/prepared_payload.rs,preserve,tracked-family-source-and-metadata-reconciliation,inventory-open
crates/worth-store/src/physical_runtime/record_serving/planning/prepared_root_projection.rs,durability-vocabulary;root-publication-topology,durability-vocabulary=3;root-publication-topology=3,member-root-publication-projection,physical_runtime/record-serving/planning,preserve,crates/worth-store/src/physical_runtime/record_serving/planning/prepared_root_projection.rs,preserve,tracked-family-source-and-metadata-reconciliation,inventory-open
crates/worth-store/src/physical_runtime/record_serving/planning/published_segment_reuse.rs,durability-vocabulary,durability-vocabulary=6,domain-durability-meaning,crate:worth-store,preserve,crates/worth-store/src/physical_runtime/record_serving/planning/published_segment_reuse.rs,preserve,tracked-family-source-and-metadata-reconciliation,inventory-open
crates/worth-store/src/physical_runtime/record_serving/planning/published_tail_page.rs,durability-vocabulary,durability-vocabulary=2,domain-durability-meaning,crate:worth-store,preserve,crates/worth-store/src/physical_runtime/record_serving/planning/published_tail_page.rs,preserve,tracked-family-source-and-metadata-reconciliation,inventory-open
crates/worth-store/src/physical_runtime/record_serving/planning/rebased_root.rs,durability-vocabulary,durability-vocabulary=6,domain-durability-meaning,crate:worth-store,preserve,crates/worth-store/src/physical_runtime/record_serving/planning/rebased_root.rs,preserve,tracked-family-source-and-metadata-reconciliation,inventory-open
crates/worth-store/src/physical_runtime/record_serving/planning/rebased_root/assembly.rs,durability-vocabulary,durability-vocabulary=5,successor-root-selector-pair-assembly,worth-store/physical-runtime/record-serving/planning/rebased-root,preserve,crates/worth-store/src/physical_runtime/record_serving/planning/rebased_root/assembly.rs,preserve,tracked-family-source-and-metadata-reconciliation,inventory-open
crates/worth-store/src/physical_runtime/record_serving/planning/rebased_root/projection.rs,durability-vocabulary,durability-vocabulary=9,domain-durability-meaning,crate:worth-store,preserve,crates/worth-store/src/physical_runtime/record_serving/planning/rebased_root/projection.rs,preserve,tracked-family-source-and-metadata-reconciliation,inventory-open
crates/worth-store/src/physical_runtime/record_serving/planning/reusable_inline_tail.rs,durability-vocabulary,durability-vocabulary=4,domain-durability-meaning,crate:worth-store,preserve,crates/worth-store/src/physical_runtime/record_serving/planning/reusable_inline_tail.rs,preserve,tracked-family-source-and-metadata-reconciliation,inventory-open
crates/worth-store/src/physical_runtime/record_serving/planning/settled_root_projection.rs,root-publication-topology,root-publication-topology=1,settled-group-root-projection-merge,physical_runtime/record-serving/planning,preserve,crates/worth-store/src/physical_runtime/record_serving/planning/settled_root_projection.rs,preserve,tracked-family-source-and-metadata-reconciliation,inventory-open
crates/worth-store/src/physical_runtime/record_serving/publication/batch.rs,durability-vocabulary,durability-vocabulary=2,record-append-batch-construction,physical_runtime/record_serving/publication,preserve,crates/worth-store/src/physical_runtime/record_serving/publication/batch.rs,preserve,tracked-family-source-and-metadata-reconciliation,inventory-open
crates/worth-store/src/physical_runtime/record_serving/publication/completion_projection.rs,acknowledgment-topology,acknowledgment-topology=1,root-member-completion-projection,physical_runtime/record-serving/publication,preserve,crates/worth-store/src/physical_runtime/record_serving/publication/completion_projection.rs,preserve,tracked-family-source-and-metadata-reconciliation,inventory-open
crates/worth-store/src/physical_runtime/record_serving/publication/director/certification_submission.rs,durability-vocabulary;ordinary-record-mutation-entry;root-publication-topology,durability-vocabulary=13;ordinary-record-mutation-entry=7;root-publication-topology=12,certification-only-phase-driving-facade,physical_runtime/certification,preserve,crates/worth-store/src/physical_runtime/record_serving/publication/director/certification_submission.rs,preserve,tracked-family-source-and-metadata-reconciliation,inventory-open
crates/worth-store/src/physical_runtime/record_serving/publication/director/durable_data.rs,durability-vocabulary,durability-vocabulary=25,ordinary-durable-data-effect-orchestration,physical_runtime/durability/data,move,crates/worth-store/src/physical_runtime/record_serving/publication/director/durable_data.rs,phase-9,tracked-family-source-and-metadata-reconciliation,inventory-open
crates/worth-store/src/physical_runtime/record_serving/publication/director/durable_data/candidate_cleanup.rs,durability-vocabulary,durability-vocabulary=4,candidate-data-cleanup-proof,record_serving/publication/director/durable_data,preserve,crates/worth-store/src/physical_runtime/record_serving/publication/director/durable_data/candidate_cleanup.rs,preserve,tracked-family-source-and-metadata-reconciliation,inventory-open
crates/worth-store/src/physical_runtime/record_serving/publication/director/durable_data/effect_progression.rs,durability-vocabulary,durability-vocabulary=12,data-effect-progression,record_serving/publication/director/durable_data,preserve,crates/worth-store/src/physical_runtime/record_serving/publication/director/durable_data/effect_progression.rs,preserve,tracked-family-source-and-metadata-reconciliation,inventory-open
crates/worth-store/src/physical_runtime/record_serving/publication/director/durable_data/failure_outcome.rs,durability-vocabulary,durability-vocabulary=13,data-dispatch-failure-classification,record_serving/publication/director/durable_data,preserve,crates/worth-store/src/physical_runtime/record_serving/publication/director/durable_data/failure_outcome.rs,preserve,tracked-family-source-and-metadata-reconciliation,inventory-open
crates/worth-store/src/physical_runtime/record_serving/publication/director/durable_preparation.rs,durability-vocabulary,durability-vocabulary=17,record-append-durable-preparation,physical_runtime/record_serving/publication,preserve,crates/worth-store/src/physical_runtime/record_serving/publication/director/durable_preparation.rs,preserve,tracked-family-source-and-metadata-reconciliation,inventory-open
crates/worth-store/src/physical_runtime/record_serving/publication/director/execution.rs,published-record-batch;root-publication-topology,published-record-batch=5;root-publication-topology=4,ordinary-record-publication,physical_runtime/durability/mutation,delete,crates/worth-store/src/physical_runtime/record_serving/publication/director/execution.rs,phase-7,tracked-family-source-and-metadata-reconciliation,deleted-phase-7
crates/worth-store/src/physical_runtime/record_serving/publication/director/managed_mutation.rs,durability-barrier;durability-vocabulary;root-publication-topology;wal-topology,durability-barrier=2;durability-vocabulary=47;root-publication-topology=10;wal-topology=3,ordinary-store-managed-mutation-driver,physical_runtime/durability/lifecycle,preserve,crates/worth-store/src/physical_runtime/record_serving/publication/director/managed_mutation.rs,preserve,tracked-family-source-and-metadata-reconciliation,inventory-open
crates/worth-store/src/physical_runtime/record_serving/publication/director/mod.rs,durability-vocabulary;ordinary-record-mutation-entry;root-publication-topology;wal-topology,durability-vocabulary=34;ordinary-record-mutation-entry=6;root-publication-topology=2;wal-topology=3,ordinary-record-mutation-entry,physical_runtime/durability/mutation,narrow,crates/worth-store/src/physical_runtime/record_serving/publication/director/mod.rs,phase-8,tracked-family-source-and-metadata-reconciliation,inventory-open
crates/worth-store/src/physical_runtime/record_serving/publication/director/pre_seal_cancellation.rs,durability-vocabulary,durability-vocabulary=2,pre-seal-cancellation-transition-owner,physical_runtime/record_serving/publication,preserve,crates/worth-store/src/physical_runtime/record_serving/publication/director/pre_seal_cancellation.rs,preserve,tracked-family-source-and-metadata-reconciliation,inventory-open
crates/worth-store/src/physical_runtime/record_serving/publication/director/root_candidate_execution.rs,durability-vocabulary;root-publication-topology,durability-vocabulary=1;root-publication-topology=32,root-candidate-write-and-synchronization,physical_runtime/record-serving/publication/director,preserve,crates/worth-store/src/physical_runtime/record_serving/publication/director/root_candidate_execution.rs,preserve,tracked-family-source-and-metadata-reconciliation,inventory-open
crates/worth-store/src/physical_runtime/record_serving/publication/director/root_preparation.rs,durability-vocabulary;root-publication-topology,durability-vocabulary=7;root-publication-topology=38,root-publication-planning-orchestration,physical_runtime/record-serving/publication/director,preserve,crates/worth-store/src/physical_runtime/record_serving/publication/director/root_preparation.rs,preserve,tracked-family-source-and-metadata-reconciliation,inventory-open
crates/worth-store/src/physical_runtime/record_serving/publication/director/root_progression.rs,durability-vocabulary;root-publication-topology,durability-vocabulary=10;root-publication-topology=2,root-replacement-and-namespace-progression,physical_runtime/record-serving/publication/director,preserve,crates/worth-store/src/physical_runtime/record_serving/publication/director/root_progression.rs,preserve,tracked-family-source-and-metadata-reconciliation,inventory-open
crates/worth-store/src/physical_runtime/record_serving/publication/director/submission.rs,durability-vocabulary;ordinary-record-mutation-entry;root-publication-topology,durability-vocabulary=26;ordinary-record-mutation-entry=2;root-publication-topology=20,ordinary-record-publication,physical_runtime/durability/mutation,replace,crates/worth-store/src/physical_runtime/record_serving/publication/director/submission.rs,phase-8,tracked-family-source-and-metadata-reconciliation,inventory-open
crates/worth-store/src/physical_runtime/record_serving/publication/director/wal_data_planning.rs,durability-vocabulary,durability-vocabulary=7,record-plan-to-wal-bound-data-join,physical_runtime/durability/data,move,crates/worth-store/src/physical_runtime/record_serving/publication/director/wal_data_planning.rs,phase-9,tracked-family-source-and-metadata-reconciliation,inventory-open
crates/worth-store/src/physical_runtime/record_serving/publication/durable_data_plan.rs,durability-vocabulary;root-publication-topology,durability-vocabulary=2;root-publication-topology=2,candidate-record-data-plan,record_serving/publication/candidate_data,narrow,crates/worth-store/src/physical_runtime/record_serving/publication/durable_data_plan.rs,phase-9,tracked-family-source-and-metadata-reconciliation,inventory-open
crates/worth-store/src/physical_runtime/record_serving/publication/durable_preparation/cancellation.rs,durability-vocabulary,durability-vocabulary=1,pre-seal-cancellation-public-outcome,physical_runtime/record_serving/publication,preserve,crates/worth-store/src/physical_runtime/record_serving/publication/durable_preparation/cancellation.rs,preserve,tracked-family-source-and-metadata-reconciliation,inventory-open
crates/worth-store/src/physical_runtime/record_serving/publication/durable_preparation/manifest_capacity_transition.rs,durability-vocabulary,durability-vocabulary=1,manifest-capacity-transition-vocabulary,physical_runtime/record-serving/publication/durable-preparation,preserve,crates/worth-store/src/physical_runtime/record_serving/publication/durable_preparation/manifest_capacity_transition.rs,preserve,tracked-family-source-and-metadata-reconciliation,inventory-open
crates/worth-store/src/physical_runtime/record_serving/publication/durable_preparation/outcome.rs,durability-vocabulary,durability-vocabulary=2,physical-mutation-preparation-outcomes,physical_runtime/durability/mutation,preserve,crates/worth-store/src/physical_runtime/record_serving/publication/durable_preparation/outcome.rs,preserve,tracked-family-source-and-metadata-reconciliation,inventory-open
crates/worth-store/src/physical_runtime/record_serving/publication/durable_preparation/prepared.rs,durability-vocabulary,durability-vocabulary=11,prepared-physical-mutation-authority,physical_runtime/durability/mutation,preserve,crates/worth-store/src/physical_runtime/record_serving/publication/durable_preparation/prepared.rs,preserve,tracked-family-source-and-metadata-reconciliation,inventory-open
crates/worth-store/src/physical_runtime/record_serving/publication/extent_publication.rs,durability-vocabulary,durability-vocabulary=2,domain-durability-meaning,crate:worth-store,preserve,crates/worth-store/src/physical_runtime/record_serving/publication/extent_publication.rs,preserve,tracked-family-source-and-metadata-reconciliation,inventory-open
crates/worth-store/src/physical_runtime/record_serving/publication/mod.rs,durability-vocabulary;ordinary-record-mutation-entry;root-publication-topology,durability-vocabulary=7;ordinary-record-mutation-entry=2;root-publication-topology=3,ordinary-record-mutation-entry,physical_runtime/durability/mutation,narrow,crates/worth-store/src/physical_runtime/record_serving/publication/mod.rs,phase-8,tracked-family-source-and-metadata-reconciliation,inventory-open
crates/worth-store/src/physical_runtime/record_serving/publication/payload_progression.rs,root-publication-topology,root-publication-topology=1,root-publication-consumer,physical_runtime/durability/publication-and-C10-isolation,delete,crates/worth-store/src/physical_runtime/record_serving/publication/payload_progression.rs,phase-7,tracked-family-source-and-metadata-reconciliation,deleted-phase-7
crates/worth-store/src/physical_runtime/record_serving/publication/plan.rs,durability-vocabulary,durability-vocabulary=2,domain-durability-meaning,crate:worth-store,preserve,crates/worth-store/src/physical_runtime/record_serving/publication/plan.rs,preserve,tracked-family-source-and-metadata-reconciliation,inventory-open
crates/worth-store/src/physical_runtime/record_serving/publication/publication_outcome.rs,published-record-batch,published-record-batch=2,ordinary-record-publication,physical_runtime/durability/mutation,delete,crates/worth-store/src/physical_runtime/record_serving/publication/publication_outcome.rs,phase-7,tracked-family-source-and-metadata-reconciliation,deleted-phase-7
crates/worth-store/src/physical_runtime/record_serving/publication/publication_progression.rs,durability-vocabulary;published-record-batch;root-publication-topology,durability-vocabulary=3;published-record-batch=4;root-publication-topology=3,ordinary-record-publication,physical_runtime/durability/mutation,delete,crates/worth-store/src/physical_runtime/record_serving/publication/publication_progression.rs,phase-7,tracked-family-source-and-metadata-reconciliation,deleted-phase-7
crates/worth-store/src/physical_runtime/record_serving/publication/publication_residue.rs,durability-vocabulary,durability-vocabulary=4,domain-durability-meaning,crate:worth-store,preserve,crates/worth-store/src/physical_runtime/record_serving/publication/publication_residue.rs,preserve,tracked-family-source-and-metadata-reconciliation,inventory-open
crates/worth-store/src/physical_runtime/record_serving/publication/replacement_eligibility.rs,root-publication-topology,root-publication-topology=2,root-publication-consumer,physical_runtime/durability/publication-and-C10-isolation,delete,crates/worth-store/src/physical_runtime/record_serving/publication/replacement_eligibility.rs,phase-7,tracked-family-source-and-metadata-reconciliation,deleted-phase-7
crates/worth-store/src/physical_runtime/record_serving/publication/root_candidate/candidate.rs,durability-vocabulary,durability-vocabulary=11,prepared-root-candidate-artifacts,physical_runtime/record-serving/publication/root-candidate,preserve,crates/worth-store/src/physical_runtime/record_serving/publication/root_candidate/candidate.rs,preserve,tracked-family-source-and-metadata-reconciliation,inventory-open
crates/worth-store/src/physical_runtime/record_serving/publication/root_candidate/candidate_plan.rs,durability-vocabulary;root-publication-topology,durability-vocabulary=11;root-publication-topology=33,linear-root-candidate-plan,physical_runtime/record-serving/publication/root-candidate,preserve,crates/worth-store/src/physical_runtime/record_serving/publication/root_candidate/candidate_plan.rs,preserve,tracked-family-source-and-metadata-reconciliation,inventory-open
crates/worth-store/src/physical_runtime/record_serving/publication/root_candidate/mod.rs,root-publication-topology,root-publication-topology=3,root-candidate-facade,physical_runtime/record-serving/publication/root-candidate,preserve,crates/worth-store/src/physical_runtime/record_serving/publication/root_candidate/mod.rs,preserve,tracked-family-source-and-metadata-reconciliation,inventory-open
crates/worth-store/src/physical_runtime/record_serving/publication/root_candidate/planning_members.rs,durability-vocabulary;root-publication-topology,durability-vocabulary=4;root-publication-topology=32,retryable-root-planning-owner,physical_runtime/record-serving/publication/root-candidate,preserve,crates/worth-store/src/physical_runtime/record_serving/publication/root_candidate/planning_members.rs,preserve,tracked-family-source-and-metadata-reconciliation,inventory-open
crates/worth-store/src/physical_runtime/record_serving/publication/work_trace.rs,writeback-settlement,writeback-settlement=1,canonical-writeback-settlement,physical_runtime/durability/data,delete,crates/worth-store/src/physical_runtime/record_serving/publication/work_trace.rs,phase-7,tracked-family-source-and-metadata-reconciliation,deleted-phase-7
crates/worth-store/src/physical_runtime/record_serving/record_queue_policy.rs,durability-vocabulary;wal-commit,durability-vocabulary=7;wal-commit=1,domain-wal-commit-meaning,crate:worth-store,preserve,crates/worth-store/src/physical_runtime/record_serving/record_queue_policy.rs,preserve,tracked-family-source-and-metadata-reconciliation,inventory-open
crates/worth-store/src/physical_runtime/record_serving/residency/artifact_tree.rs,durability-vocabulary,durability-vocabulary=10,domain-durability-meaning,crate:worth-store,preserve,crates/worth-store/src/physical_runtime/record_serving/residency/artifact_tree.rs,preserve,tracked-family-source-and-metadata-reconciliation,inventory-open
crates/worth-store/src/physical_runtime/record_serving/residency/candidate_frame_residency.rs,durability-vocabulary,durability-vocabulary=1,domain-durability-meaning,crate:worth-store,preserve,crates/worth-store/src/physical_runtime/record_serving/residency/candidate_frame_residency.rs,preserve,tracked-family-source-and-metadata-reconciliation,inventory-open
crates/worth-store/src/physical_runtime/record_serving/residency/candidate_frame_residency/write_evidence.rs,writeback-settlement,writeback-settlement=2,candidate-frame-exact-effect-evidence,record_serving/residency/candidate-frame-residency,preserve,crates/worth-store/src/physical_runtime/record_serving/residency/candidate_frame_residency/write_evidence.rs,preserve,tracked-family-source-and-metadata-reconciliation,inventory-open
crates/worth-store/src/physical_runtime/record_serving/residency/candidate_frame_residency/write_progression.rs,durability-vocabulary,durability-vocabulary=1,domain-durability-meaning,crate:worth-store,preserve,crates/worth-store/src/physical_runtime/record_serving/residency/candidate_frame_residency/write_progression.rs,preserve,tracked-family-source-and-metadata-reconciliation,inventory-open
crates/worth-store/src/physical_runtime/record_serving/residency/candidate_frame_residency/writeback_progression.rs,durability-vocabulary;writeback-settlement,durability-vocabulary=2;writeback-settlement=2,canonical-writeback-settlement,physical_runtime/durability/data,preserve,crates/worth-store/src/physical_runtime/record_serving/residency/candidate_frame_residency/writeback_progression.rs,preserve,tracked-family-source-and-metadata-reconciliation,inventory-open
crates/worth-store/src/physical_runtime/record_serving/residency/certification/mod.rs,writeback-settlement,writeback-settlement=1,canonical-writeback-settlement,physical_runtime/durability/data,preserve,crates/worth-store/src/physical_runtime/record_serving/residency/certification/mod.rs,preserve,tracked-family-source-and-metadata-reconciliation,inventory-open
crates/worth-store/src/physical_runtime/record_serving/residency/certification/probe.rs,durability-vocabulary,durability-vocabulary=4,domain-durability-meaning,crate:worth-store,preserve,crates/worth-store/src/physical_runtime/record_serving/residency/certification/probe.rs,preserve,tracked-family-source-and-metadata-reconciliation,inventory-open
crates/worth-store/src/physical_runtime/record_serving/residency/dirty/failure.rs,writeback-settlement,writeback-settlement=1,canonical-writeback-settlement,physical_runtime/durability/data,preserve,crates/worth-store/src/physical_runtime/record_serving/residency/dirty/failure.rs,preserve,tracked-family-source-and-metadata-reconciliation,inventory-open
crates/worth-store/src/physical_runtime/record_serving/residency/dirty/mod.rs,writeback-settlement,writeback-settlement=2,canonical-writeback-settlement,physical_runtime/durability/data,preserve,crates/worth-store/src/physical_runtime/record_serving/residency/dirty/mod.rs,preserve,tracked-family-source-and-metadata-reconciliation,inventory-open
crates/worth-store/src/physical_runtime/record_serving/residency/dirty/outcome.rs,writeback-settlement,writeback-settlement=9,canonical-writeback-settlement,physical_runtime/durability/data,preserve,crates/worth-store/src/physical_runtime/record_serving/residency/dirty/outcome.rs,preserve,tracked-family-source-and-metadata-reconciliation,inventory-open
crates/worth-store/src/physical_runtime/record_serving/residency/dirty/writeback.rs,durability-vocabulary,durability-vocabulary=5,domain-durability-meaning,crate:worth-store,preserve,crates/worth-store/src/physical_runtime/record_serving/residency/dirty/writeback.rs,preserve,tracked-family-source-and-metadata-reconciliation,inventory-open
crates/worth-store/src/physical_runtime/record_serving/residency/dirty/writeback/admission.rs,durability-vocabulary,durability-vocabulary=14,domain-durability-meaning,crate:worth-store,preserve,crates/worth-store/src/physical_runtime/record_serving/residency/dirty/writeback/admission.rs,preserve,tracked-family-source-and-metadata-reconciliation,inventory-open
crates/worth-store/src/physical_runtime/record_serving/residency/dirty/writeback/execution.rs,writeback-settlement,writeback-settlement=2,canonical-writeback-settlement,physical_runtime/durability/data,preserve,crates/worth-store/src/physical_runtime/record_serving/residency/dirty/writeback/execution.rs,preserve,tracked-family-source-and-metadata-reconciliation,inventory-open
crates/worth-store/src/physical_runtime/record_serving/residency/dirty/writeback/progression.rs,durability-vocabulary,durability-vocabulary=12,domain-durability-meaning,crate:worth-store,preserve,crates/worth-store/src/physical_runtime/record_serving/residency/dirty/writeback/progression.rs,preserve,tracked-family-source-and-metadata-reconciliation,inventory-open
crates/worth-store/src/physical_runtime/record_serving/residency/frame_ports.rs,durability-vocabulary,durability-vocabulary=9,domain-durability-meaning,crate:worth-store,preserve,crates/worth-store/src/physical_runtime/record_serving/residency/frame_ports.rs,preserve,tracked-family-source-and-metadata-reconciliation,inventory-open
crates/worth-store/src/physical_runtime/record_serving/residency/mod.rs,writeback-settlement,writeback-settlement=1,canonical-writeback-settlement,physical_runtime/durability/data,preserve,crates/worth-store/src/physical_runtime/record_serving/residency/mod.rs,preserve,tracked-family-source-and-metadata-reconciliation,inventory-open
crates/worth-store/src/physical_runtime/record_serving/residency/scheduled_writeback.rs,durability-vocabulary;wal-commit,durability-vocabulary=20;wal-commit=1,domain-wal-commit-meaning,crate:worth-store,preserve,crates/worth-store/src/physical_runtime/record_serving/residency/scheduled_writeback.rs,preserve,tracked-family-source-and-metadata-reconciliation,inventory-open
crates/worth-store/src/physical_runtime/record_serving/work_semantics/durability/checkpoint_capture_basis.rs,durability-vocabulary,durability-vocabulary=2,checkpoint-signal-semantic-basis,physical_runtime/record_serving/work_semantics/durability,preserve,crates/worth-store/src/physical_runtime/record_serving/work_semantics/durability/checkpoint_capture_basis.rs,preserve,tracked-family-source-and-metadata-reconciliation,inventory-open
crates/worth-store/src/physical_runtime/record_serving/work_semantics/durability/mod.rs,root-publication-topology,root-publication-topology=3,durability-work-semantics-facade,physical_runtime/record-serving/work-semantics/durability,preserve,crates/worth-store/src/physical_runtime/record_serving/work_semantics/durability/mod.rs,preserve,tracked-family-source-and-metadata-reconciliation,inventory-open
crates/worth-store/src/physical_runtime/record_serving/work_semantics/durability/policy_binding_basis.rs,durability-barrier;durability-vocabulary;root-publication-topology;wal-topology,durability-barrier=2;durability-vocabulary=15;root-publication-topology=2;wal-topology=2,durability-policy-binding-semantic-basis,physical_runtime/record_serving/work_semantics/durability,preserve,crates/worth-store/src/physical_runtime/record_serving/work_semantics/durability/policy_binding_basis.rs,preserve,tracked-family-source-and-metadata-reconciliation,inventory-open
crates/worth-store/src/physical_runtime/record_serving/work_semantics/durability/root_publication_basis.rs,durability-vocabulary;root-publication-topology,durability-vocabulary=2;root-publication-topology=6,root-publication-aspect-basis,physical_runtime/record-serving/work-semantics/durability,preserve,crates/worth-store/src/physical_runtime/record_serving/work_semantics/durability/root_publication_basis.rs,preserve,tracked-family-source-and-metadata-reconciliation,inventory-open
crates/worth-store/src/physical_runtime/record_serving/work_semantics/durability/wal_append_basis.rs,durability-vocabulary;wal-topology,durability-vocabulary=2;wal-topology=4,wal-append-work-semantic-basis,physical_runtime/record_serving/work_semantics/durability,preserve,crates/worth-store/src/physical_runtime/record_serving/work_semantics/durability/wal_append_basis.rs,preserve,tracked-family-source-and-metadata-reconciliation,inventory-open
crates/worth-store/src/physical_runtime/record_serving/work_semantics/durability/wal_barrier_basis.rs,durability-barrier;durability-vocabulary,durability-barrier=1;durability-vocabulary=4,wal-barrier-semantic-basis,record_serving/work-semantics/durability,preserve,crates/worth-store/src/physical_runtime/record_serving/work_semantics/durability/wal_barrier_basis.rs,preserve,tracked-family-source-and-metadata-reconciliation,inventory-open
crates/worth-store/src/physical_runtime/record_serving/work_semantics/durability/wal_reclamation_basis.rs,durability-vocabulary,durability-vocabulary=2,wal-reclamation-dedicated-signal-basis,physical_runtime/record_serving/work_semantics/durability,preserve,crates/worth-store/src/physical_runtime/record_serving/work_semantics/durability/wal_reclamation_basis.rs,preserve,tracked-family-source-and-metadata-reconciliation,inventory-open
crates/worth-store/src/physical_runtime/record_serving/work_semantics/mod.rs,durability-vocabulary;root-publication-topology,durability-vocabulary=24;root-publication-topology=8,durability-work-semantic-facade,physical_runtime/record_serving/work_semantics,preserve,crates/worth-store/src/physical_runtime/record_serving/work_semantics/mod.rs,preserve,tracked-family-source-and-metadata-reconciliation,inventory-open
crates/worth-store/src/physical_runtime/record_serving/work_semantics/policy_binding_basis.rs,durability-barrier;durability-vocabulary;root-publication-topology;wal-topology,durability-barrier=2;durability-vocabulary=15;root-publication-topology=2;wal-topology=2,durability-policy-binding-semantic-basis,physical_runtime/record_serving/work_semantics/durability,move,crates/worth-store/src/physical_runtime/record_serving/work_semantics/policy_binding_basis.rs,phase-3,tracked-family-source-and-metadata-reconciliation,deleted-phase-3
crates/worth-store/src/physical_runtime/work/authority.rs,durability-vocabulary,durability-vocabulary=8,domain-durability-meaning,crate:worth-store,preserve,crates/worth-store/src/physical_runtime/work/authority.rs,preserve,tracked-family-source-and-metadata-reconciliation,inventory-open
crates/worth-store/src/physical_runtime/work/declaration/checkpoint_scope.rs,checkpoint-publication,checkpoint-publication=18,checkpoint-work-effect-scope,physical_runtime/work/declaration,preserve,crates/worth-store/src/physical_runtime/work/declaration/checkpoint_scope.rs,preserve,tracked-family-source-and-metadata-reconciliation,inventory-open
crates/worth-store/src/physical_runtime/work/declaration/contract.rs,durability-barrier;durability-vocabulary;root-publication-topology;wal-topology,durability-barrier=4;durability-vocabulary=8;root-publication-topology=4;wal-topology=4,physical-work-effect-contract,physical_runtime/work/declaration,preserve,crates/worth-store/src/physical_runtime/work/declaration/contract.rs,preserve,tracked-family-source-and-metadata-reconciliation,inventory-open
crates/worth-store/src/physical_runtime/work/declaration/effect_contract.rs,durability-barrier;durability-vocabulary;root-publication-topology;wal-topology,durability-barrier=2;durability-vocabulary=49;root-publication-topology=4;wal-topology=2,physical-work-effect-contract,physical_runtime/work/declaration,preserve,crates/worth-store/src/physical_runtime/work/declaration/effect_contract.rs,preserve,tracked-family-source-and-metadata-reconciliation,inventory-open
crates/worth-store/src/physical_runtime/work/declaration/intent.rs,durability-vocabulary,durability-vocabulary=12,domain-durability-meaning,crate:worth-store,preserve,crates/worth-store/src/physical_runtime/work/declaration/intent.rs,preserve,tracked-family-source-and-metadata-reconciliation,inventory-open
crates/worth-store/src/physical_runtime/work/declaration/mod.rs,checkpoint-publication;durability-vocabulary;root-publication-topology;wal-topology,checkpoint-publication=2;durability-vocabulary=1;root-publication-topology=4;wal-topology=2,physical-work-declaration-facade,physical_runtime/work/declaration,preserve,crates/worth-store/src/physical_runtime/work/declaration/mod.rs,preserve,tracked-family-source-and-metadata-reconciliation,inventory-open
crates/worth-store/src/physical_runtime/work/declaration/resource_demand.rs,durability-barrier;durability-vocabulary;root-publication-topology,durability-barrier=2;durability-vocabulary=13;root-publication-topology=3,physical-work-resource-demand,physical_runtime/work/declaration,preserve,crates/worth-store/src/physical_runtime/work/declaration/resource_demand.rs,preserve,tracked-family-source-and-metadata-reconciliation,inventory-open
crates/worth-store/src/physical_runtime/work/declaration/root_publication_scope.rs,durability-vocabulary;root-publication-topology,durability-vocabulary=1;root-publication-topology=13,root-publication-work-scope,physical_runtime/work/declaration,preserve,crates/worth-store/src/physical_runtime/work/declaration/root_publication_scope.rs,preserve,tracked-family-source-and-metadata-reconciliation,inventory-open
crates/worth-store/src/physical_runtime/work/declaration/scope.rs,checkpoint-publication;root-publication-topology;wal-topology,checkpoint-publication=10;root-publication-topology=17;wal-topology=11,physical-work-effect-scope,physical_runtime/work/declaration,preserve,crates/worth-store/src/physical_runtime/work/declaration/scope.rs,preserve,tracked-family-source-and-metadata-reconciliation,inventory-open
crates/worth-store/src/physical_runtime/work/declaration/tests.rs,durability-barrier;durability-vocabulary;root-publication-topology;wal-topology,durability-barrier=8;durability-vocabulary=51;root-publication-topology=2;wal-topology=12,domain-durability-meaning,crate:worth-store,preserve,crates/worth-store/src/physical_runtime/work/declaration/tests.rs,preserve,tracked-family-source-and-metadata-reconciliation,inventory-open
crates/worth-store/src/physical_runtime/work/declaration/wal_append_scope.rs,wal-topology,wal-topology=8,wal-append-effect-scope,physical_runtime/work/declaration,preserve,crates/worth-store/src/physical_runtime/work/declaration/wal_append_scope.rs,preserve,tracked-family-source-and-metadata-reconciliation,inventory-open
crates/worth-store/src/physical_runtime/work/declaration/wal_barrier_scope.rs,durability-vocabulary,durability-vocabulary=1,exact-wal-barrier-work-scope,physical_runtime/work/declaration,preserve,crates/worth-store/src/physical_runtime/work/declaration/wal_barrier_scope.rs,preserve,tracked-family-source-and-metadata-reconciliation,inventory-open
crates/worth-store/src/physical_runtime/work/declaration/wal_reclamation_scope.rs,checkpoint-publication;wal-topology,checkpoint-publication=4;wal-topology=8,exact-wal-reclamation-work-scope,physical_runtime/work/declaration,preserve,crates/worth-store/src/physical_runtime/work/declaration/wal_reclamation_scope.rs,preserve,tracked-family-source-and-metadata-reconciliation,inventory-open
crates/worth-store/src/physical_runtime/work/execution/command.rs,checkpoint-publication;root-publication-topology;wal-topology,checkpoint-publication=1;root-publication-topology=1;wal-topology=3,physical-wal-append-executor-command,physical_runtime/work/execution,preserve,crates/worth-store/src/physical_runtime/work/execution/command.rs,preserve,tracked-family-source-and-metadata-reconciliation,inventory-open
crates/worth-store/src/physical_runtime/work/execution/command/checkpoint.rs,checkpoint-publication,checkpoint-publication=9,checkpoint-executor-command,physical_runtime/work/execution/command,preserve,crates/worth-store/src/physical_runtime/work/execution/command/checkpoint.rs,preserve,tracked-family-source-and-metadata-reconciliation,inventory-open
crates/worth-store/src/physical_runtime/work/execution/command/root_publication.rs,root-publication-topology,root-publication-topology=9,root-publication-execution-command,physical_runtime/work/execution/command,preserve,crates/worth-store/src/physical_runtime/work/execution/command/root_publication.rs,preserve,tracked-family-source-and-metadata-reconciliation,inventory-open
crates/worth-store/src/physical_runtime/work/execution/command/types.rs,checkpoint-publication;root-publication-topology;wal-topology,checkpoint-publication=2;root-publication-topology=7;wal-topology=16,typed-wal-segment-create-command-state,physical_runtime/work/execution/command,preserve,crates/worth-store/src/physical_runtime/work/execution/command/types.rs,preserve,tracked-family-source-and-metadata-reconciliation,inventory-open
crates/worth-store/src/physical_runtime/work/execution/command/wal.rs,durability-barrier;durability-vocabulary;wal-topology,durability-barrier=1;durability-vocabulary=1;wal-topology=20,typed-wal-frame-effect-command-lowering,physical_runtime/work/execution/command,preserve,crates/worth-store/src/physical_runtime/work/execution/command/wal.rs,preserve,tracked-family-source-and-metadata-reconciliation,inventory-open
crates/worth-store/src/physical_runtime/work/execution/mod.rs,checkpoint-publication;wal-topology,checkpoint-publication=3;wal-topology=3,physical-work-execution-facade,physical_runtime/work/execution,preserve,crates/worth-store/src/physical_runtime/work/execution/mod.rs,preserve,tracked-family-source-and-metadata-reconciliation,inventory-open
crates/worth-store/src/physical_runtime/work/execution/outcome.rs,checkpoint-publication;wal-topology,checkpoint-publication=4;wal-topology=4,physical-work-execution-outcome,physical_runtime/work/execution,preserve,crates/worth-store/src/physical_runtime/work/execution/outcome.rs,preserve,tracked-family-source-and-metadata-reconciliation,inventory-open
crates/worth-store/src/physical_runtime/work/execution/outcome/checkpoint.rs,checkpoint-publication,checkpoint-publication=11,checkpoint-execution-outcome-evidence,physical_runtime/work/execution/outcome,preserve,crates/worth-store/src/physical_runtime/work/execution/outcome/checkpoint.rs,preserve,tracked-family-source-and-metadata-reconciliation,inventory-open
crates/worth-store/src/physical_runtime/work/execution/outcome/wal_reclamation.rs,checkpoint-publication;wal-topology,checkpoint-publication=7;wal-topology=11,wal-reclamation-effect-receipt,physical_runtime/work/execution/outcome,preserve,crates/worth-store/src/physical_runtime/work/execution/outcome/wal_reclamation.rs,preserve,tracked-family-source-and-metadata-reconciliation,inventory-open
crates/worth-store/src/physical_runtime/work/execution/settlement.rs,checkpoint-publication;durability-vocabulary;wal-topology,checkpoint-publication=2;durability-vocabulary=3;wal-topology=10,physical-work-execution-settlement,physical_runtime/work/execution,preserve,crates/worth-store/src/physical_runtime/work/execution/settlement.rs,preserve,tracked-family-source-and-metadata-reconciliation,inventory-open
crates/worth-store/src/physical_runtime/work/execution/settlement/classification.rs,wal-topology,wal-topology=4,physical-work-settlement-family-dispatch,physical_runtime/work/execution/settlement,preserve,crates/worth-store/src/physical_runtime/work/execution/settlement/classification.rs,preserve,tracked-family-source-and-metadata-reconciliation,inventory-open
crates/worth-store/src/physical_runtime/work/execution/settlement/classification/checkpoint.rs,checkpoint-publication,checkpoint-publication=16,checkpoint-settlement-classification,physical_runtime/work/execution/settlement/classification,preserve,crates/worth-store/src/physical_runtime/work/execution/settlement/classification/checkpoint.rs,preserve,tracked-family-source-and-metadata-reconciliation,inventory-open
crates/worth-store/src/physical_runtime/work/execution/settlement/classification/wal.rs,wal-topology,wal-topology=2,wal-append-barrier-and-segment-create-settlement-classification,physical_runtime/work/execution/settlement/classification,preserve,crates/worth-store/src/physical_runtime/work/execution/settlement/classification/wal.rs,preserve,tracked-family-source-and-metadata-reconciliation,inventory-open
crates/worth-store/src/physical_runtime/work/execution/settlement/classification/wal_reclamation.rs,wal-topology,wal-topology=1,wal-reclamation-settlement-classification,physical_runtime/work/execution/settlement,preserve,crates/worth-store/src/physical_runtime/work/execution/settlement/classification/wal_reclamation.rs,preserve,tracked-family-source-and-metadata-reconciliation,inventory-open
crates/worth-store/src/physical_runtime/work/execution/settlement/durability.rs,durability-barrier;durability-vocabulary;root-publication-topology;wal-topology,durability-barrier=1;durability-vocabulary=17;root-publication-topology=1;wal-topology=1,write-durability-satisfaction-policy,physical_runtime/work/execution/settlement,preserve,crates/worth-store/src/physical_runtime/work/execution/settlement/durability.rs,preserve,tracked-family-source-and-metadata-reconciliation,inventory-open
crates/worth-store/src/physical_runtime/work/mod.rs,checkpoint-publication;durability-vocabulary;root-publication-topology;wal-topology,checkpoint-publication=6;durability-vocabulary=1;root-publication-topology=2;wal-topology=5,physical-work-facade,physical_runtime/work,preserve,crates/worth-store/src/physical_runtime/work/mod.rs,preserve,tracked-family-source-and-metadata-reconciliation,inventory-open
crates/worth-store/src/physical_runtime/work/observation/accounting.rs,durability-barrier;durability-vocabulary;root-publication-topology;wal-topology,durability-barrier=1;durability-vocabulary=1;root-publication-topology=1;wal-topology=1,physical-work-family-accounting,physical_runtime/work/observation,preserve,crates/worth-store/src/physical_runtime/work/observation/accounting.rs,preserve,tracked-family-source-and-metadata-reconciliation,inventory-open
crates/worth-store/src/physical_runtime/work/profile/capability.rs,durability-barrier;durability-vocabulary;root-publication-topology;wal-topology,durability-barrier=3;durability-vocabulary=3;root-publication-topology=3;wal-topology=3,durability-work-capability-family,physical_runtime/work/profile,preserve,crates/worth-store/src/physical_runtime/work/profile/capability.rs,preserve,tracked-family-source-and-metadata-reconciliation,inventory-open
crates/worth-store/src/physical_runtime/work/profile/identity.rs,durability-barrier;durability-vocabulary;root-publication-topology;wal-topology,durability-barrier=1;durability-vocabulary=1;root-publication-topology=1;wal-topology=1,durability-work-profile-identity,physical_runtime/work/profile,preserve,crates/worth-store/src/physical_runtime/work/profile/identity.rs,preserve,tracked-family-source-and-metadata-reconciliation,inventory-open
crates/worth-store/src/physical_runtime/work/progression/settlement.rs,durability-barrier;durability-vocabulary;wal-topology,durability-barrier=2;durability-vocabulary=4;wal-topology=3,collapsed-physical-work-progression-settlement,physical_runtime/work/progression/settlement,delete,crates/worth-store/src/physical_runtime/work/progression/settlement.rs,phase-6,tracked-family-source-and-metadata-reconciliation,deleted-phase-6
crates/worth-store/src/physical_runtime/work/progression/settlement/dispatched.rs,durability-barrier;durability-vocabulary;root-publication-topology;wal-topology,durability-barrier=2;durability-vocabulary=4;root-publication-topology=6;wal-topology=8,dispatched-physical-evidence-matching,physical_runtime/work/progression/settlement,preserve,crates/worth-store/src/physical_runtime/work/progression/settlement/dispatched.rs,preserve,tracked-family-source-and-metadata-reconciliation,inventory-open
crates/worth-store/src/physical_runtime/work/progression/settlement/settled.rs,wal-topology,wal-topology=2,settled-physical-work-recovery-progression,physical_runtime/work/progression/settlement,preserve,crates/worth-store/src/physical_runtime/work/progression/settlement/settled.rs,preserve,tracked-family-source-and-metadata-reconciliation,inventory-open
crates/worth-store/src/physical_runtime/work/recovery/locator.rs,checkpoint-publication;wal-topology,checkpoint-publication=11;wal-topology=1,physical-work-recovery-locator,physical_runtime/work/recovery,preserve,crates/worth-store/src/physical_runtime/work/recovery/locator.rs,preserve,tracked-family-source-and-metadata-reconciliation,inventory-open
crates/worth-store/src/physical_runtime/work/recovery/locator/codec.rs,checkpoint-publication;durability-barrier;durability-vocabulary;root-publication-topology;wal-topology,checkpoint-publication=15;durability-barrier=2;durability-vocabulary=2;root-publication-topology=2;wal-topology=4,physical-work-recovery-locator-codec,physical_runtime/work/recovery/locator,preserve,crates/worth-store/src/physical_runtime/work/recovery/locator/codec.rs,preserve,tracked-family-source-and-metadata-reconciliation,inventory-open
crates/worth-store/src/physical_runtime/work/recovery/locator/codec/tests.rs,checkpoint-publication;wal-topology,checkpoint-publication=7;wal-topology=2,physical-work-recovery-locator-codec-proof,physical_runtime/work/recovery/locator,preserve,crates/worth-store/src/physical_runtime/work/recovery/locator/codec/tests.rs,preserve,tracked-family-source-and-metadata-reconciliation,inventory-open
crates/worth-store/src/physical_runtime/work/recovery/mod.rs,checkpoint-publication,checkpoint-publication=1,physical-work-recovery-facade,physical_runtime/work/recovery,preserve,crates/worth-store/src/physical_runtime/work/recovery/mod.rs,preserve,tracked-family-source-and-metadata-reconciliation,inventory-open
crates/worth-store/src/physical_runtime/work/request.rs,checkpoint-publication;durability-barrier;durability-vocabulary;root-publication-topology;wal-topology,checkpoint-publication=1;durability-barrier=2;durability-vocabulary=27;root-publication-topology=8;wal-topology=3,physical-work-request,physical_runtime/work,preserve,crates/worth-store/src/physical_runtime/work/request.rs,preserve,tracked-family-source-and-metadata-reconciliation,inventory-open
crates/worth-store/src/physical_runtime/work/scheduler_demand.rs,durability-barrier;durability-vocabulary;root-publication-topology;wal-topology,durability-barrier=3;durability-vocabulary=19;root-publication-topology=5;wal-topology=5,physical-work-scheduler-demand,physical_runtime/work,preserve,crates/worth-store/src/physical_runtime/work/scheduler_demand.rs,preserve,tracked-family-source-and-metadata-reconciliation,inventory-open
crates/worth-store/src/physical_runtime/work/scheduler_demand/locality.rs,root-publication-topology,root-publication-topology=5,physical-queue-locality-identity,physical_runtime/work/scheduler-demand,preserve,crates/worth-store/src/physical_runtime/work/scheduler_demand/locality.rs,preserve,tracked-family-source-and-metadata-reconciliation,inventory-open
crates/worth-store/src/physical_runtime/work/submission/request.rs,durability-vocabulary,durability-vocabulary=11,physical-work-submission-request,physical_runtime/work/submission,preserve,crates/worth-store/src/physical_runtime/work/submission/request.rs,preserve,tracked-family-source-and-metadata-reconciliation,inventory-open
crates/worth-store/tests/c5/courtroom_evidence_support.rs,durability-vocabulary,durability-vocabulary=2,domain-durability-meaning,crate:worth-store,preserve,crates/worth-store/tests/c5/courtroom_evidence_support.rs,preserve,tracked-family-source-and-metadata-reconciliation,inventory-open
crates/worth-store/tests/c5/courtrooms.rs,durability-vocabulary,durability-vocabulary=4,domain-durability-meaning,crate:worth-store,preserve,crates/worth-store/tests/c5/courtrooms.rs,preserve,tracked-family-source-and-metadata-reconciliation,inventory-open
crates/worth-store/tests/c5/extent_child.rs,durability-vocabulary,durability-vocabulary=5,ordinary-record-publication,physical_runtime/durability/mutation,replace,crates/worth-store/tests/c5/extent_child.rs,phase-8,tracked-family-source-and-metadata-reconciliation,inventory-open
crates/worth-store/tests/c5/scale.rs,durability-vocabulary,durability-vocabulary=1,domain-durability-meaning,crate:worth-store,preserve,crates/worth-store/tests/c5/scale.rs,preserve,tracked-family-source-and-metadata-reconciliation,inventory-open
crates/worth-store/tests/c5/scale_invalid_worlds.rs,durability-vocabulary;ordinary-record-mutation-entry,durability-vocabulary=17;ordinary-record-mutation-entry=1,ordinary-record-publication,physical_runtime/durability/mutation,replace,crates/worth-store/tests/c5/scale_invalid_worlds.rs,phase-8,tracked-family-source-and-metadata-reconciliation,inventory-open
crates/worth-store/tests/c5/scale_policy_evolution.rs,durability-vocabulary;ordinary-record-mutation-entry,durability-vocabulary=7;ordinary-record-mutation-entry=1,canonical-manifest-capacity-evolution,physical_runtime/record-serving/publication,preserve,crates/worth-store/tests/c5/scale_policy_evolution.rs,preserve,tracked-family-source-and-metadata-reconciliation,inventory-open
crates/worth-store/tests/physical_record_journeys.rs,checkpoint-publication;durability-vocabulary;wal-topology,checkpoint-publication=4;durability-vocabulary=39;wal-topology=8,journey-durability-policy-world,worth-store/physical-record-journeys,preserve,crates/worth-store/tests/physical_record_journeys.rs,preserve,tracked-family-source-and-metadata-reconciliation,inventory-open
crates/worth-store/tests/physical_record_journeys/baseline_admission.rs,durability-vocabulary,durability-vocabulary=19,ordinary-record-publication,physical_runtime/durability/mutation,replace,crates/worth-store/tests/physical_record_journeys/baseline_admission.rs,phase-8,tracked-family-source-and-metadata-reconciliation,inventory-open
crates/worth-store/tests/physical_record_journeys/bootstrap_faults.rs,durability-vocabulary,durability-vocabulary=7,durability-policy-consumer-proof,worth-store/physical-record-journeys,preserve,crates/worth-store/tests/physical_record_journeys/bootstrap_faults.rs,preserve,tracked-family-source-and-metadata-reconciliation,inventory-open
crates/worth-store/tests/physical_record_journeys/child_process/admission_probe.rs,durability-vocabulary;ordinary-record-mutation-entry,durability-vocabulary=2;ordinary-record-mutation-entry=1,ordinary-record-publication,physical_runtime/durability/mutation,replace,crates/worth-store/tests/physical_record_journeys/child_process/admission_probe.rs,phase-8,tracked-family-source-and-metadata-reconciliation,inventory-open
crates/worth-store/tests/physical_record_journeys/child_process/publication_death.rs,append-batch-api;durability-vocabulary;ordinary-record-mutation-entry,append-batch-api=1;durability-vocabulary=2;ordinary-record-mutation-entry=2,ordinary-record-publication,physical_runtime/durability/mutation,delete,crates/worth-store/tests/physical_record_journeys/child_process/publication_death.rs,phase-7,tracked-family-source-and-metadata-reconciliation,deleted-phase-7
crates/worth-store/tests/physical_record_journeys/child_process/record_round_trip.rs,durability-vocabulary,durability-vocabulary=5,ordinary-record-publication,physical_runtime/durability/mutation,replace,crates/worth-store/tests/physical_record_journeys/child_process/record_round_trip.rs,phase-8,tracked-family-source-and-metadata-reconciliation,inventory-open
crates/worth-store/tests/physical_record_journeys/configuration_boundaries.rs,durability-vocabulary;ordinary-record-mutation-entry,durability-vocabulary=16;ordinary-record-mutation-entry=1,ordinary-record-publication,physical_runtime/durability/mutation,replace,crates/worth-store/tests/physical_record_journeys/configuration_boundaries.rs,phase-8,tracked-family-source-and-metadata-reconciliation,inventory-open
crates/worth-store/tests/physical_record_journeys/courtroom_child.rs,durability-vocabulary,durability-vocabulary=12,ordinary-record-publication,physical_runtime/durability/mutation,replace,crates/worth-store/tests/physical_record_journeys/courtroom_child.rs,phase-8,tracked-family-source-and-metadata-reconciliation,inventory-open
crates/worth-store/tests/physical_record_journeys/durability_admission.rs,durability-vocabulary;ordinary-record-mutation-entry,durability-vocabulary=35;ordinary-record-mutation-entry=1,durability-admission-identity-observation-proof,worth-store/physical-record-journeys,preserve,crates/worth-store/tests/physical_record_journeys/durability_admission.rs,preserve,tracked-family-source-and-metadata-reconciliation,inventory-open
crates/worth-store/tests/physical_record_journeys/durability_admission/durability_documentation.rs,durability-vocabulary,durability-vocabulary=4,durability-guide-source-parity-proof,worth-store/physical-record-journeys/durability-admission,preserve,crates/worth-store/tests/physical_record_journeys/durability_admission/durability_documentation.rs,preserve,tracked-family-source-and-metadata-reconciliation,inventory-open
crates/worth-store/tests/physical_record_journeys/durability_admission/checkpoint_capture.rs,checkpoint-publication;durability-vocabulary;ordinary-record-mutation-entry,checkpoint-publication=13;durability-vocabulary=4;ordinary-record-mutation-entry=1,checkpoint-ordinary-facade-publication-proof,worth-store/physical-record-journeys,preserve,crates/worth-store/tests/physical_record_journeys/durability_admission/checkpoint_capture.rs,preserve,tracked-family-source-and-metadata-reconciliation,inventory-open
crates/worth-store/tests/physical_record_journeys/durability_admission/checkpoint_lifecycle.rs,checkpoint-publication;durability-vocabulary;ordinary-record-mutation-entry,checkpoint-publication=34;durability-vocabulary=12;ordinary-record-mutation-entry=1,checkpoint-managed-lifecycle-proof,worth-store/physical-record-journeys,preserve,crates/worth-store/tests/physical_record_journeys/durability_admission/checkpoint_lifecycle.rs,preserve,tracked-family-source-and-metadata-reconciliation,inventory-open
crates/worth-store/tests/physical_record_journeys/durability_admission/checkpoint_lifecycle/observation.rs,checkpoint-publication;durability-vocabulary,checkpoint-publication=13;durability-vocabulary=4,checkpoint-observation-disposal-and-cutover-proof,worth-store/physical-record-journeys,preserve,crates/worth-store/tests/physical_record_journeys/durability_admission/checkpoint_lifecycle/observation.rs,preserve,tracked-family-source-and-metadata-reconciliation,inventory-open
crates/worth-store/tests/physical_record_journeys/durability_admission/checkpoint_pressure.rs,checkpoint-publication;durability-vocabulary;ordinary-record-mutation-entry,checkpoint-publication=13;durability-vocabulary=15;ordinary-record-mutation-entry=3,whole-store-bounded-checkpoint-pressure-proof,worth-store/physical-record-journeys,preserve,crates/worth-store/tests/physical_record_journeys/durability_admission/checkpoint_pressure.rs,preserve,tracked-family-source-and-metadata-reconciliation,inventory-open
crates/worth-store/tests/physical_record_journeys/durability_admission/checkpoint_retained_wal_tail.rs,checkpoint-publication;durability-vocabulary;ordinary-record-mutation-entry,checkpoint-publication=25;durability-vocabulary=14;ordinary-record-mutation-entry=6,retained-wal-tail-real-filesystem-proof,worth-store/physical-record-journeys,preserve,crates/worth-store/tests/physical_record_journeys/durability_admission/checkpoint_retained_wal_tail.rs,preserve,tracked-family-source-and-metadata-reconciliation,inventory-open
crates/worth-store/tests/physical_record_journeys/durability_admission/checkpoint_wal_reclamation.rs,durability-vocabulary;ordinary-record-mutation-entry,durability-vocabulary=15;ordinary-record-mutation-entry=7,wal-reclamation-failure-and-reopen-proof,worth-store/physical-record-journeys,preserve,crates/worth-store/tests/physical_record_journeys/durability_admission/checkpoint_wal_reclamation.rs,preserve,tracked-family-source-and-metadata-reconciliation,inventory-open
crates/worth-store/tests/physical_record_journeys/durability_admission/data_durability.rs,durability-vocabulary,durability-vocabulary=9,phase-4-data-durability-proof-registry,worth-store/physical-record-journeys,preserve,crates/worth-store/tests/physical_record_journeys/durability_admission/data_durability.rs,preserve,tracked-family-source-and-metadata-reconciliation,inventory-open
crates/worth-store/tests/physical_record_journeys/durability_admission/data_durability/authority_matrix.rs,durability-vocabulary;ordinary-record-mutation-entry,durability-vocabulary=16;ordinary-record-mutation-entry=8,foreign-and-stale-data-authority-proof,worth-store/physical-record-journeys,preserve,crates/worth-store/tests/physical_record_journeys/durability_admission/data_durability/authority_matrix.rs,preserve,tracked-family-source-and-metadata-reconciliation,inventory-open
crates/worth-store/tests/physical_record_journeys/durability_admission/data_durability/concurrency.rs,durability-vocabulary;ordinary-record-mutation-entry;root-publication-topology,durability-vocabulary=13;ordinary-record-mutation-entry=6;root-publication-topology=1,canonical-data-concurrency-proof,tests/physical_record_journeys/durability_admission/data_durability,preserve,crates/worth-store/tests/physical_record_journeys/durability_admission/data_durability/concurrency.rs,preserve,tracked-family-source-and-metadata-reconciliation,inventory-open
crates/worth-store/tests/physical_record_journeys/durability_admission/data_durability/fault_matrix.rs,durability-vocabulary;ordinary-record-mutation-entry,durability-vocabulary=17;ordinary-record-mutation-entry=4,data-effect-fate-fault-matrix,worth-store/physical-record-journeys,preserve,crates/worth-store/tests/physical_record_journeys/durability_admission/data_durability/fault_matrix.rs,preserve,tracked-family-source-and-metadata-reconciliation,inventory-open
crates/worth-store/tests/physical_record_journeys/durability_admission/data_durability/journeys.rs,durability-vocabulary;ordinary-record-mutation-entry;page-lsn,durability-vocabulary=14;ordinary-record-mutation-entry=2;page-lsn=2,real-wal-before-data-and-page-lsn-journeys,worth-store/physical-record-journeys,preserve,crates/worth-store/tests/physical_record_journeys/durability_admission/data_durability/journeys.rs,preserve,tracked-family-source-and-metadata-reconciliation,inventory-open
crates/worth-store/tests/physical_record_journeys/durability_admission/data_durability/mutation_world.rs,durability-vocabulary;ordinary-record-mutation-entry,durability-vocabulary=12;ordinary-record-mutation-entry=2,independent-group-barrier-mutation-world,worth-store/physical-record-journeys,preserve,crates/worth-store/tests/physical_record_journeys/durability_admission/data_durability/mutation_world.rs,preserve,tracked-family-source-and-metadata-reconciliation,inventory-open
crates/worth-store/tests/physical_record_journeys/durability_admission/data_durability/oracle.rs,durability-vocabulary;page-lsn;wal-topology,durability-vocabulary=8;page-lsn=2;wal-topology=3,independent-page-and-effect-oracle,worth-store/physical-record-journeys,preserve,crates/worth-store/tests/physical_record_journeys/durability_admission/data_durability/oracle.rs,preserve,tracked-family-source-and-metadata-reconciliation,inventory-open
crates/worth-store/tests/physical_record_journeys/durability_admission/data_durability/root_projection_carriage.rs,durability-vocabulary;ordinary-record-mutation-entry;root-publication-topology,durability-vocabulary=23;ordinary-record-mutation-entry=6;root-publication-topology=24,root-member-and-selector-proof-carriage-journey,worth-store/physical-record-journeys/durability-admission,preserve,crates/worth-store/tests/physical_record_journeys/durability_admission/data_durability/root_projection_carriage.rs,preserve,tracked-family-source-and-metadata-reconciliation,inventory-open
crates/worth-store/tests/physical_record_journeys/durability_admission/data_durability/root_signal_progression.rs,durability-vocabulary;ordinary-record-mutation-entry;root-publication-topology,durability-vocabulary=13;ordinary-record-mutation-entry=4;root-publication-topology=5,root-signal-progression-proof,tests/physical_record_journeys/durability_admission/data_durability,preserve,crates/worth-store/tests/physical_record_journeys/durability_admission/data_durability/root_signal_progression.rs,preserve,tracked-family-source-and-metadata-reconciliation,inventory-open
crates/worth-store/tests/physical_record_journeys/durability_admission/data_durability/scheduler_capacity.rs,durability-vocabulary;ordinary-record-mutation-entry,durability-vocabulary=20;ordinary-record-mutation-entry=6,data-scheduler-capacity-proof,tests/physical_record_journeys/durability_admission/data_durability,preserve,crates/worth-store/tests/physical_record_journeys/durability_admission/data_durability/scheduler_capacity.rs,preserve,tracked-family-source-and-metadata-reconciliation,inventory-open
crates/worth-store/tests/physical_record_journeys/durability_admission/group_commit.rs,durability-vocabulary;ordinary-record-mutation-entry;root-publication-topology,durability-vocabulary=16;ordinary-record-mutation-entry=3;root-publication-topology=2,identity-blender-group-commit-and-cancellation-proof,worth-store/physical-record-journeys,preserve,crates/worth-store/tests/physical_record_journeys/durability_admission/group_commit.rs,preserve,tracked-family-source-and-metadata-reconciliation,inventory-open
crates/worth-store/tests/physical_record_journeys/durability_admission/idempotency_reopen.rs,acknowledgment-topology;durability-vocabulary;ordinary-record-mutation-entry,acknowledgment-topology=2;durability-vocabulary=12;ordinary-record-mutation-entry=11,idempotency-fresh-process-reopen-proof,worth-store/physical-record-journeys,preserve,crates/worth-store/tests/physical_record_journeys/durability_admission/idempotency_reopen.rs,preserve,tracked-family-source-and-metadata-reconciliation,inventory-open
crates/worth-store/tests/physical_record_journeys/durability_admission/idempotency_reopen/support.rs,checkpoint-publication;durability-vocabulary;ordinary-record-mutation-entry,checkpoint-publication=10;durability-vocabulary=6;ordinary-record-mutation-entry=3,idempotency-reopen-fixture-and-independent-checkpoint-inspection,worth-store/physical-record-journeys/durability-admission/idempotency-reopen,preserve,crates/worth-store/tests/physical_record_journeys/durability_admission/idempotency_reopen/support.rs,preserve,tracked-family-source-and-metadata-reconciliation,inventory-open
crates/worth-store/tests/physical_record_journeys/durability_admission/independent_wal_oracle/segment_inventory.rs,wal-topology,wal-topology=5,independent-wal-segment-inventory-oracle,worth-store/physical-record-journeys/independent-wal-oracle,preserve,crates/worth-store/tests/physical_record_journeys/durability_admission/independent_wal_oracle/segment_inventory.rs,preserve,tracked-family-source-and-metadata-reconciliation,inventory-open
crates/worth-store/tests/physical_record_journeys/durability_admission/managed_mutation.rs,acknowledgment-topology;durability-vocabulary;ordinary-record-mutation-entry;wal-topology,acknowledgment-topology=8;durability-vocabulary=2;ordinary-record-mutation-entry=1;wal-topology=2,managed-mutation-lifecycle-proof,worth-store/physical-record-journeys,preserve,crates/worth-store/tests/physical_record_journeys/durability_admission/managed_mutation.rs,preserve,tracked-family-source-and-metadata-reconciliation,inventory-open
crates/worth-store/tests/physical_record_journeys/durability_admission/managed_mutation/cancellation_boundaries.rs,durability-vocabulary;root-publication-topology,durability-vocabulary=1;root-publication-topology=1,mutation-cancellation-boundary-matrix,worth-store/physical-record-journeys,preserve,crates/worth-store/tests/physical_record_journeys/durability_admission/managed_mutation/cancellation_boundaries.rs,preserve,tracked-family-source-and-metadata-reconciliation,inventory-open
crates/worth-store/tests/physical_record_journeys/durability_admission/managed_mutation/drop_boundaries.rs,durability-vocabulary;root-publication-topology,durability-vocabulary=1;root-publication-topology=1,mutation-drop-and-close-boundary-matrix,worth-store/physical-record-journeys,preserve,crates/worth-store/tests/physical_record_journeys/durability_admission/managed_mutation/drop_boundaries.rs,preserve,tracked-family-source-and-metadata-reconciliation,inventory-open
crates/worth-store/tests/physical_record_journeys/durability_admission/mutation_preparation.rs,durability-vocabulary;ordinary-record-mutation-entry,durability-vocabulary=28;ordinary-record-mutation-entry=6,mutation-preparation-identity-and-zero-effect-proof,worth-store/physical-record-journeys,preserve,crates/worth-store/tests/physical_record_journeys/durability_admission/mutation_preparation.rs,preserve,tracked-family-source-and-metadata-reconciliation,inventory-open
crates/worth-store/tests/physical_record_journeys/durability_admission/source_shape.rs,durability-vocabulary;ordinary-record-mutation-entry,durability-vocabulary=5;ordinary-record-mutation-entry=1,mutation-preparation-source-shape-proof,worth-store/physical-record-journeys,preserve,crates/worth-store/tests/physical_record_journeys/durability_admission/source_shape.rs,preserve,tracked-family-source-and-metadata-reconciliation,inventory-open
crates/worth-store/tests/physical_record_journeys/durability_admission/wal_append.rs,durability-vocabulary;ordinary-record-mutation-entry;wal-topology,durability-vocabulary=8;ordinary-record-mutation-entry=4;wal-topology=4,ordinary-physical-wal-group-append-journeys,worth-store/physical-record-journeys,preserve,crates/worth-store/tests/physical_record_journeys/durability_admission/wal_append.rs,preserve,tracked-family-source-and-metadata-reconciliation,inventory-open
crates/worth-store/tests/physical_record_journeys/durability_admission/wal_attempt_binding_inspection.rs,durability-vocabulary;ordinary-record-mutation-entry;wal-topology,durability-vocabulary=4;ordinary-record-mutation-entry=1;wal-topology=2,independent-persisted-attempt-binding-inspection-proof,worth-store/physical-record-journeys,preserve,crates/worth-store/tests/physical_record_journeys/durability_admission/wal_attempt_binding_inspection.rs,preserve,tracked-family-source-and-metadata-reconciliation,inventory-open
crates/worth-store/tests/physical_record_journeys/durability_admission/wal_barrier.rs,durability-barrier;durability-vocabulary;ordinary-record-mutation-entry,durability-barrier=6;durability-vocabulary=34;ordinary-record-mutation-entry=4,real-scheduled-wal-group-barrier-journeys,worth-store/physical-record-journeys,preserve,crates/worth-store/tests/physical_record_journeys/durability_admission/wal_barrier.rs,preserve,tracked-family-source-and-metadata-reconciliation,inventory-open
crates/worth-store/tests/physical_record_journeys/durability_admission/wal_group_continuation.rs,durability-vocabulary;ordinary-record-mutation-entry;wal-topology,durability-vocabulary=12;ordinary-record-mutation-entry=4;wal-topology=9,partial-rotated-group-continuation-proof,worth-store/physical-record-journeys,preserve,crates/worth-store/tests/physical_record_journeys/durability_admission/wal_group_continuation.rs,preserve,tracked-family-source-and-metadata-reconciliation,inventory-open
crates/worth-store/tests/physical_record_journeys/durability_admission/wal_ownership_shape.rs,durability-vocabulary;wal-direct-execution;wal-topology,durability-vocabulary=10;wal-direct-execution=1;wal-topology=11,phase-3-wal-ownership-absence-proof,worth-store/physical-record-journeys,preserve,crates/worth-store/tests/physical_record_journeys/durability_admission/wal_ownership_shape.rs,preserve,tracked-family-source-and-metadata-reconciliation,inventory-open
crates/worth-store/tests/physical_record_journeys/durability_admission/wal_pre_effect_retry.rs,durability-vocabulary;ordinary-record-mutation-entry;wal-topology,durability-vocabulary=4;ordinary-record-mutation-entry=1;wal-topology=2,redundant-ordinal-coupled-wal-retry-proof,worth-store/physical-record-journeys/durability_admission/wal_group_continuation.rs,delete,crates/worth-store/tests/physical_record_journeys/durability_admission/wal_pre_effect_retry.rs,phase-6,tracked-family-source-and-metadata-reconciliation,deleted-phase-6
crates/worth-store/tests/physical_record_journeys/durability_admission/wal_preparation_authority.rs,durability-vocabulary;ordinary-record-mutation-entry,durability-vocabulary=12;ordinary-record-mutation-entry=9,foreign-and-stale-wal-group-preparation-authority-proof,worth-store/physical-record-journeys,preserve,crates/worth-store/tests/physical_record_journeys/durability_admission/wal_preparation_authority.rs,preserve,tracked-family-source-and-metadata-reconciliation,inventory-open
crates/worth-store/tests/physical_record_journeys/durability_admission/wal_reopen.rs,durability-vocabulary;ordinary-record-mutation-entry;wal-topology,durability-vocabulary=24;ordinary-record-mutation-entry=2;wal-topology=4,hostile-bounded-wal-reopen-proof,worth-store/physical-record-journeys,preserve,crates/worth-store/tests/physical_record_journeys/durability_admission/wal_reopen.rs,preserve,tracked-family-source-and-metadata-reconciliation,inventory-open
crates/worth-store/tests/physical_record_journeys/durability_admission/wal_rotation.rs,durability-vocabulary;ordinary-record-mutation-entry;wal-topology,durability-vocabulary=12;ordinary-record-mutation-entry=4;wal-topology=11,whole-group-rotation-and-inventory-proof,worth-store/physical-record-journeys,preserve,crates/worth-store/tests/physical_record_journeys/durability_admission/wal_rotation.rs,preserve,tracked-family-source-and-metadata-reconciliation,inventory-open
crates/worth-store/tests/physical_record_journeys/durability_admission/wal_submission_admission.rs,durability-vocabulary;ordinary-record-mutation-entry;wal-topology,durability-vocabulary=5;ordinary-record-mutation-entry=1;wal-topology=2,wal-group-work-admission-deferral-continuation-proof,worth-store/physical-record-journeys,preserve,crates/worth-store/tests/physical_record_journeys/durability_admission/wal_submission_admission.rs,preserve,tracked-family-source-and-metadata-reconciliation,inventory-open
crates/worth-store/tests/physical_record_journeys/durable_frame_oracle.rs,durability-vocabulary,durability-vocabulary=1,independent-durable-frame-test-oracle,crate:worth-store,preserve,crates/worth-store/tests/physical_record_journeys/durable_frame_oracle.rs,preserve,tracked-family-source-and-metadata-reconciliation,inventory-open
crates/worth-store/tests/physical_record_journeys/durable_publication/mod.rs,durability-vocabulary,durability-vocabulary=1,canonical-durable-publication-driver,worth-store/physical-record-journeys/durable-publication,preserve,crates/worth-store/tests/physical_record_journeys/durable_publication/mod.rs,preserve,tracked-family-source-and-metadata-reconciliation,inventory-open
crates/worth-store/tests/physical_record_journeys/durable_publication/mutable_reopen.rs,checkpoint-publication,checkpoint-publication=10,canonical-publication-reopen-driver,tests/physical_record_journeys/durable_publication,preserve,crates/worth-store/tests/physical_record_journeys/durable_publication/mutable_reopen.rs,preserve,tracked-family-source-and-metadata-reconciliation,inventory-open
crates/worth-store/tests/physical_record_journeys/durable_publication/root.rs,durability-vocabulary;root-publication-topology,durability-vocabulary=1;root-publication-topology=3,canonical-root-progression-driver,worth-store/physical-record-journeys/durable-publication,preserve,crates/worth-store/tests/physical_record_journeys/durable_publication/root.rs,preserve,tracked-family-source-and-metadata-reconciliation,inventory-open
crates/worth-store/tests/physical_record_journeys/durable_publication/wal_data.rs,durability-vocabulary;ordinary-record-mutation-entry,durability-vocabulary=13;ordinary-record-mutation-entry=5,canonical-wal-data-progression-driver,worth-store/physical-record-journeys/durable-publication,preserve,crates/worth-store/tests/physical_record_journeys/durable_publication/wal_data.rs,preserve,tracked-family-source-and-metadata-reconciliation,inventory-open
crates/worth-store/tests/physical_record_journeys/extent_streaming/identity.rs,append-batch-api;durability-vocabulary;ordinary-record-mutation-entry,append-batch-api=2;durability-vocabulary=4;ordinary-record-mutation-entry=4,ordinary-record-publication,physical_runtime/durability/mutation,delete,crates/worth-store/tests/physical_record_journeys/extent_streaming/identity.rs,phase-7,tracked-family-source-and-metadata-reconciliation,deleted-phase-7
crates/worth-store/tests/physical_record_journeys/extent_streaming/read_damage.rs,durability-barrier;durability-vocabulary;ordinary-record-mutation-entry,durability-barrier=1;durability-vocabulary=8;ordinary-record-mutation-entry=1,ordinary-record-publication,physical_runtime/durability/mutation,replace,crates/worth-store/tests/physical_record_journeys/extent_streaming/read_damage.rs,phase-8,tracked-family-source-and-metadata-reconciliation,inventory-open
crates/worth-store/tests/physical_record_journeys/extent_streaming/residue.rs,append-batch-api;durability-vocabulary;ordinary-record-mutation-entry,append-batch-api=2;durability-vocabulary=4;ordinary-record-mutation-entry=4,ordinary-record-publication,physical_runtime/durability/mutation,delete,crates/worth-store/tests/physical_record_journeys/extent_streaming/residue.rs,phase-7,tracked-family-source-and-metadata-reconciliation,deleted-phase-7
crates/worth-store/tests/physical_record_journeys/extent_streaming/roundtrip.rs,durability-vocabulary,durability-vocabulary=5,durable-record-publication-roundtrip,physical_runtime/record_serving/publication,preserve,crates/worth-store/tests/physical_record_journeys/extent_streaming/roundtrip.rs,preserve,tracked-family-source-and-metadata-reconciliation,inventory-open
crates/worth-store/tests/physical_record_journeys/extent_streaming/source_failure.rs,append-batch-api;durability-vocabulary;ordinary-record-mutation-entry,append-batch-api=4;durability-vocabulary=6;ordinary-record-mutation-entry=8,ordinary-record-publication,physical_runtime/durability/mutation,delete,crates/worth-store/tests/physical_record_journeys/extent_streaming/source_failure.rs,phase-7,tracked-family-source-and-metadata-reconciliation,deleted-phase-7
crates/worth-store/tests/physical_record_journeys/format_readmission.rs,durability-vocabulary,durability-vocabulary=17,durability-policy-consumer-proof,worth-store/physical-record-journeys,preserve,crates/worth-store/tests/physical_record_journeys/format_readmission.rs,preserve,tracked-family-source-and-metadata-reconciliation,inventory-open
crates/worth-store/tests/physical_record_journeys/foundational_evidence.rs,durability-vocabulary,durability-vocabulary=10,ordinary-record-publication,physical_runtime/durability/mutation,replace,crates/worth-store/tests/physical_record_journeys/foundational_evidence.rs,phase-8,tracked-family-source-and-metadata-reconciliation,inventory-open
crates/worth-store/tests/physical_record_journeys/generation_policy_truth.rs,durability-vocabulary,durability-vocabulary=32,ordinary-record-publication,physical_runtime/durability/mutation,replace,crates/worth-store/tests/physical_record_journeys/generation_policy_truth.rs,phase-8,tracked-family-source-and-metadata-reconciliation,inventory-open
crates/worth-store/tests/physical_record_journeys/identity_process.rs,durability-vocabulary,durability-vocabulary=1,canonical-record-identity-journey,worth-store/physical-record-journeys,preserve,crates/worth-store/tests/physical_record_journeys/identity_process.rs,preserve,tracked-family-source-and-metadata-reconciliation,inventory-open
crates/worth-store/tests/physical_record_journeys/locator_free_space.rs,durability-vocabulary;ordinary-record-mutation-entry;root-publication-topology,durability-vocabulary=32;ordinary-record-mutation-entry=2;root-publication-topology=1,ordinary-record-publication,physical_runtime/durability/mutation,replace,crates/worth-store/tests/physical_record_journeys/locator_free_space.rs,phase-8,tracked-family-source-and-metadata-reconciliation,inventory-open
crates/worth-store/tests/physical_record_journeys/manifest_fixture.rs,durability-vocabulary,durability-vocabulary=7,domain-durability-meaning,crate:worth-store,preserve,crates/worth-store/tests/physical_record_journeys/manifest_fixture.rs,preserve,tracked-family-source-and-metadata-reconciliation,inventory-open
crates/worth-store/tests/physical_record_journeys/manifest_scale.rs,durability-vocabulary,durability-vocabulary=2,scale-manifest-frame-accounting-proof,worth-store/physical-record-journeys,preserve,crates/worth-store/tests/physical_record_journeys/manifest_scale.rs,preserve,tracked-family-source-and-metadata-reconciliation,inventory-open
crates/worth-store/tests/physical_record_journeys/manifest_scale/evidence.rs,durability-vocabulary,durability-vocabulary=2,domain-durability-meaning,crate:worth-store,preserve,crates/worth-store/tests/physical_record_journeys/manifest_scale/evidence.rs,preserve,tracked-family-source-and-metadata-reconciliation,inventory-open
crates/worth-store/tests/physical_record_journeys/manifest_scale/world.rs,durability-vocabulary,durability-vocabulary=9,canonical-manifest-scale-world,physical_runtime/record-serving/publication,preserve,crates/worth-store/tests/physical_record_journeys/manifest_scale/world.rs,preserve,tracked-family-source-and-metadata-reconciliation,inventory-open
crates/worth-store/tests/physical_record_journeys/ordinary_writeback_failures.rs,append-batch-api;durability-vocabulary;ordinary-record-mutation-entry,append-batch-api=1;durability-vocabulary=4;ordinary-record-mutation-entry=2,ordinary-record-publication,physical_runtime/durability/mutation,delete,crates/worth-store/tests/physical_record_journeys/ordinary_writeback_failures.rs,phase-7,tracked-family-source-and-metadata-reconciliation,deleted-phase-7
crates/worth-store/tests/physical_record_journeys/page_packing_oracle.rs,durability-vocabulary,durability-vocabulary=13,ordinary-record-publication,physical_runtime/durability/mutation,replace,crates/worth-store/tests/physical_record_journeys/page_packing_oracle.rs,phase-8,tracked-family-source-and-metadata-reconciliation,inventory-open
crates/worth-store/tests/physical_record_journeys/physical_work/authority.rs,durability-vocabulary,durability-vocabulary=1,domain-durability-meaning,crate:worth-store,preserve,crates/worth-store/tests/physical_record_journeys/physical_work/authority.rs,preserve,tracked-family-source-and-metadata-reconciliation,inventory-open
crates/worth-store/tests/physical_record_journeys/physical_work/authority_sealing/reopen_boundary.rs,durability-vocabulary,durability-vocabulary=2,durability-policy-consumer-proof,worth-store/physical-record-journeys,preserve,crates/worth-store/tests/physical_record_journeys/physical_work/authority_sealing/reopen_boundary.rs,preserve,tracked-family-source-and-metadata-reconciliation,inventory-open
crates/worth-store/tests/physical_record_journeys/physical_work/concurrency.rs,durability-vocabulary,durability-vocabulary=4,durability-policy-consumer-proof,worth-store/physical-record-journeys,preserve,crates/worth-store/tests/physical_record_journeys/physical_work/concurrency.rs,preserve,tracked-family-source-and-metadata-reconciliation,inventory-open
crates/worth-store/tests/physical_record_journeys/physical_work/courtroom_binding.rs,durability-vocabulary,durability-vocabulary=2,domain-durability-meaning,crate:worth-store,preserve,crates/worth-store/tests/physical_record_journeys/physical_work/courtroom_binding.rs,preserve,tracked-family-source-and-metadata-reconciliation,inventory-open
crates/worth-store/tests/physical_record_journeys/physical_work/durability_signal_binding.rs,durability-barrier;durability-vocabulary;root-publication-topology;wal-topology,durability-barrier=1;durability-vocabulary=6;root-publication-topology=1;wal-topology=1,durability-policy-signal-family-proof,worth-store/physical-record-journeys,preserve,crates/worth-store/tests/physical_record_journeys/physical_work/durability_signal_binding.rs,preserve,tracked-family-source-and-metadata-reconciliation,inventory-open
crates/worth-store/tests/physical_record_journeys/physical_work/e2e_trace.rs,durability-vocabulary,durability-vocabulary=2,durability-policy-consumer-proof,worth-store/physical-record-journeys,preserve,crates/worth-store/tests/physical_record_journeys/physical_work/e2e_trace.rs,preserve,tracked-family-source-and-metadata-reconciliation,inventory-open
crates/worth-store/tests/physical_record_journeys/physical_work/failure.rs,durability-vocabulary,durability-vocabulary=2,ordinary-record-publication,physical_runtime/durability/mutation,replace,crates/worth-store/tests/physical_record_journeys/physical_work/failure.rs,phase-8,tracked-family-source-and-metadata-reconciliation,inventory-open
crates/worth-store/tests/physical_record_journeys/physical_work/failure/recovery.rs,durability-vocabulary,durability-vocabulary=3,domain-durability-meaning,crate:worth-store,preserve,crates/worth-store/tests/physical_record_journeys/physical_work/failure/recovery.rs,preserve,tracked-family-source-and-metadata-reconciliation,inventory-open
crates/worth-store/tests/physical_record_journeys/physical_work/fault_fixture.rs,durability-vocabulary,durability-vocabulary=11,durability-policy-consumer-proof,worth-store/physical-record-journeys,preserve,crates/worth-store/tests/physical_record_journeys/physical_work/fault_fixture.rs,preserve,tracked-family-source-and-metadata-reconciliation,inventory-open
crates/worth-store/tests/physical_record_journeys/physical_work/fixture/io_pressure.rs,durability-vocabulary,durability-vocabulary=2,domain-durability-meaning,crate:worth-store,preserve,crates/worth-store/tests/physical_record_journeys/physical_work/fixture/io_pressure.rs,preserve,tracked-family-source-and-metadata-reconciliation,inventory-open
crates/worth-store/tests/physical_record_journeys/physical_work/fixture/mutation_pair.rs,durability-vocabulary,durability-vocabulary=3,domain-durability-meaning,crate:worth-store,preserve,crates/worth-store/tests/physical_record_journeys/physical_work/fixture/mutation_pair.rs,preserve,tracked-family-source-and-metadata-reconciliation,inventory-open
crates/worth-store/tests/physical_record_journeys/physical_work/fixture/runtime.rs,durability-vocabulary,durability-vocabulary=4,durability-policy-consumer-proof,worth-store/physical-record-journeys,preserve,crates/worth-store/tests/physical_record_journeys/physical_work/fixture/runtime.rs,preserve,tracked-family-source-and-metadata-reconciliation,inventory-open
crates/worth-store/tests/physical_record_journeys/physical_work/fixture/semantic_work.rs,durability-vocabulary,durability-vocabulary=3,domain-durability-meaning,crate:worth-store,preserve,crates/worth-store/tests/physical_record_journeys/physical_work/fixture/semantic_work.rs,preserve,tracked-family-source-and-metadata-reconciliation,inventory-open
crates/worth-store/tests/physical_record_journeys/physical_work/locality.rs,durability-vocabulary,durability-vocabulary=1,physical-signal-locality-proof,worth-store/physical-record-journeys,preserve,crates/worth-store/tests/physical_record_journeys/physical_work/locality.rs,preserve,tracked-family-source-and-metadata-reconciliation,inventory-open
crates/worth-store/tests/physical_record_journeys/physical_work/mod.rs,durability-vocabulary,durability-vocabulary=1,durability-journey-module-topology,worth-store/physical-record-journeys,preserve,crates/worth-store/tests/physical_record_journeys/physical_work/mod.rs,preserve,tracked-family-source-and-metadata-reconciliation,inventory-open
crates/worth-store/tests/physical_record_journeys/physical_work/phase_16_lifecycle_maelstrom/append_preparation.rs,ordinary-record-mutation-entry;published-record-batch,ordinary-record-mutation-entry=4;published-record-batch=5,ordinary-record-publication,physical_runtime/durability/mutation,delete,crates/worth-store/tests/physical_record_journeys/physical_work/phase_16_lifecycle_maelstrom/append_preparation.rs,phase-7,tracked-family-source-and-metadata-reconciliation,deleted-phase-7
crates/worth-store/tests/physical_record_journeys/physical_work/phase_16_lifecycle_maelstrom/fixture.rs,durability-vocabulary,durability-vocabulary=4,domain-durability-meaning,crate:worth-store,preserve,crates/worth-store/tests/physical_record_journeys/physical_work/phase_16_lifecycle_maelstrom/fixture.rs,preserve,tracked-family-source-and-metadata-reconciliation,inventory-open
crates/worth-store/tests/physical_record_journeys/physical_work/phase_16_lifecycle_maelstrom/terminal_labels.rs,durability-barrier;durability-vocabulary,durability-barrier=1;durability-vocabulary=4,backend-barrier-evidence-consumer,crate:worth-store-physical-backend,preserve,crates/worth-store/tests/physical_record_journeys/physical_work/phase_16_lifecycle_maelstrom/terminal_labels.rs,preserve,tracked-family-source-and-metadata-reconciliation,inventory-open
crates/worth-store/tests/physical_record_journeys/physical_work/phase_16_lifecycle_maelstrom/terminal_projection.rs,durability-barrier,durability-barrier=1,backend-barrier-evidence-consumer,crate:worth-store-physical-backend,preserve,crates/worth-store/tests/physical_record_journeys/physical_work/phase_16_lifecycle_maelstrom/terminal_projection.rs,preserve,tracked-family-source-and-metadata-reconciliation,inventory-open
crates/worth-store/tests/physical_record_journeys/physical_work/phase_16_lifecycle_maelstrom/workflows.rs,durability-vocabulary,durability-vocabulary=2,domain-durability-meaning,crate:worth-store,preserve,crates/worth-store/tests/physical_record_journeys/physical_work/phase_16_lifecycle_maelstrom/workflows.rs,preserve,tracked-family-source-and-metadata-reconciliation,inventory-open
crates/worth-store/tests/physical_record_journeys/physical_work/publication_checkpoint.rs,append-batch-api;durability-vocabulary;ordinary-record-mutation-entry,append-batch-api=1;durability-vocabulary=2;ordinary-record-mutation-entry=2,ordinary-record-publication,physical_runtime/durability/mutation,delete,crates/worth-store/tests/physical_record_journeys/physical_work/publication_checkpoint.rs,phase-7,tracked-family-source-and-metadata-reconciliation,deleted-phase-7
crates/worth-store/tests/physical_record_journeys/physical_work/publication_concurrency.rs,append-batch-api;ordinary-record-mutation-entry,append-batch-api=3;ordinary-record-mutation-entry=16,ordinary-record-publication,physical_runtime/durability/mutation,delete,crates/worth-store/tests/physical_record_journeys/physical_work/publication_concurrency.rs,phase-7,tracked-family-source-and-metadata-reconciliation,deleted-phase-7
crates/worth-store/tests/physical_record_journeys/physical_work/publication_eligibility_failure.rs,append-batch-api;ordinary-record-mutation-entry;root-publication-topology,append-batch-api=1;ordinary-record-mutation-entry=2;root-publication-topology=1,ordinary-record-publication,physical_runtime/durability/mutation,delete,crates/worth-store/tests/physical_record_journeys/physical_work/publication_eligibility_failure.rs,phase-7,tracked-family-source-and-metadata-reconciliation,deleted-phase-7
crates/worth-store/tests/physical_record_journeys/physical_work/publication_fault_matrix.rs,append-batch-api;ordinary-record-mutation-entry,append-batch-api=2;ordinary-record-mutation-entry=4,ordinary-record-publication,physical_runtime/durability/mutation,delete,crates/worth-store/tests/physical_record_journeys/physical_work/publication_fault_matrix.rs,phase-7,tracked-family-source-and-metadata-reconciliation,deleted-phase-7
crates/worth-store/tests/physical_record_journeys/physical_work/publication_preparation_failure.rs,append-batch-api;ordinary-record-mutation-entry,append-batch-api=2;ordinary-record-mutation-entry=4,ordinary-record-publication,physical_runtime/durability/mutation,delete,crates/worth-store/tests/physical_record_journeys/physical_work/publication_preparation_failure.rs,phase-7,tracked-family-source-and-metadata-reconciliation,deleted-phase-7
crates/worth-store/tests/physical_record_journeys/physical_work/publication_residency_failure.rs,append-batch-api;ordinary-record-mutation-entry,append-batch-api=1;ordinary-record-mutation-entry=2,ordinary-record-publication,physical_runtime/durability/mutation,delete,crates/worth-store/tests/physical_record_journeys/physical_work/publication_residency_failure.rs,phase-7,tracked-family-source-and-metadata-reconciliation,deleted-phase-7
crates/worth-store/tests/physical_record_journeys/physical_work/publication_signal_progression.rs,ordinary-record-mutation-entry;root-publication-topology,ordinary-record-mutation-entry=2;root-publication-topology=1,ordinary-record-mutation-entry,physical_runtime/durability/mutation,delete,crates/worth-store/tests/physical_record_journeys/physical_work/publication_signal_progression.rs,phase-7,tracked-family-source-and-metadata-reconciliation,deleted-phase-7
crates/worth-store/tests/physical_record_journeys/physical_work/publication_work_trace.rs,append-batch-api;ordinary-record-mutation-entry,append-batch-api=7;ordinary-record-mutation-entry=16,ordinary-record-publication,physical_runtime/durability/mutation,delete,crates/worth-store/tests/physical_record_journeys/physical_work/publication_work_trace.rs,phase-7,tracked-family-source-and-metadata-reconciliation,deleted-phase-7
crates/worth-store/tests/physical_record_journeys/physical_work/read_partition_failures.rs,durability-vocabulary,durability-vocabulary=3,ordinary-record-publication,physical_runtime/durability/mutation,replace,crates/worth-store/tests/physical_record_journeys/physical_work/read_partition_failures.rs,phase-8,tracked-family-source-and-metadata-reconciliation,inventory-open
crates/worth-store/tests/physical_record_journeys/physical_work/read_partitions.rs,durability-vocabulary,durability-vocabulary=3,ordinary-record-publication,physical_runtime/durability/mutation,replace,crates/worth-store/tests/physical_record_journeys/physical_work/read_partitions.rs,phase-8,tracked-family-source-and-metadata-reconciliation,inventory-open
crates/worth-store/tests/physical_record_journeys/physical_work/record_read_cancellation.rs,durability-vocabulary,durability-vocabulary=3,ordinary-record-publication,physical_runtime/durability/mutation,replace,crates/worth-store/tests/physical_record_journeys/physical_work/record_read_cancellation.rs,phase-8,tracked-family-source-and-metadata-reconciliation,inventory-open
crates/worth-store/tests/physical_record_journeys/physical_work/record_read_damage.rs,durability-vocabulary;ordinary-record-mutation-entry,durability-vocabulary=6;ordinary-record-mutation-entry=1,ordinary-record-publication,physical_runtime/durability/mutation,replace,crates/worth-store/tests/physical_record_journeys/physical_work/record_read_damage.rs,phase-8,tracked-family-source-and-metadata-reconciliation,inventory-open
crates/worth-store/tests/physical_record_journeys/physical_work/record_read_failures.rs,durability-vocabulary,durability-vocabulary=3,ordinary-record-publication,physical_runtime/durability/mutation,replace,crates/worth-store/tests/physical_record_journeys/physical_work/record_read_failures.rs,phase-8,tracked-family-source-and-metadata-reconciliation,inventory-open
crates/worth-store/tests/physical_record_journeys/physical_work/record_read_path.rs,durability-vocabulary,durability-vocabulary=3,ordinary-record-publication,physical_runtime/durability/mutation,replace,crates/worth-store/tests/physical_record_journeys/physical_work/record_read_path.rs,phase-8,tracked-family-source-and-metadata-reconciliation,inventory-open
crates/worth-store/tests/physical_record_journeys/physical_work/residency_generation_fencing.rs,durability-vocabulary,durability-vocabulary=3,domain-durability-meaning,crate:worth-store,preserve,crates/worth-store/tests/physical_record_journeys/physical_work/residency_generation_fencing.rs,preserve,tracked-family-source-and-metadata-reconciliation,inventory-open
crates/worth-store/tests/physical_record_journeys/physical_work/residency_pressure_projection.rs,durability-vocabulary;ordinary-record-mutation-entry,durability-vocabulary=26;ordinary-record-mutation-entry=3,ordinary-record-publication,physical_runtime/durability/mutation,replace,crates/worth-store/tests/physical_record_journeys/physical_work/residency_pressure_projection.rs,phase-8,tracked-family-source-and-metadata-reconciliation,inventory-open
crates/worth-store/tests/physical_record_journeys/physical_work/residency_pressure_projection/public_pre_effect_basis.rs,durability-vocabulary,durability-vocabulary=7,public-pressure-pre-effect-proof,tests/physical_record_journeys/physical_work/residency_pressure_projection,preserve,crates/worth-store/tests/physical_record_journeys/physical_work/residency_pressure_projection/public_pre_effect_basis.rs,preserve,tracked-family-source-and-metadata-reconciliation,inventory-open
crates/worth-store/tests/physical_record_journeys/physical_work/residency_projection_failure.rs,durability-vocabulary;ordinary-record-mutation-entry,durability-vocabulary=1;ordinary-record-mutation-entry=1,ordinary-record-publication,physical_runtime/durability/mutation,replace,crates/worth-store/tests/physical_record_journeys/physical_work/residency_projection_failure.rs,phase-8,tracked-family-source-and-metadata-reconciliation,inventory-open
crates/worth-store/tests/physical_record_journeys/physical_work/residency_writeback_lifecycle.rs,durability-vocabulary,durability-vocabulary=5,domain-durability-meaning,crate:worth-store,preserve,crates/worth-store/tests/physical_record_journeys/physical_work/residency_writeback_lifecycle.rs,preserve,tracked-family-source-and-metadata-reconciliation,inventory-open
crates/worth-store/tests/physical_record_journeys/physical_work/residency_writeback_retry.rs,durability-vocabulary,durability-vocabulary=2,domain-durability-meaning,crate:worth-store,preserve,crates/worth-store/tests/physical_record_journeys/physical_work/residency_writeback_retry.rs,preserve,tracked-family-source-and-metadata-reconciliation,inventory-open
crates/worth-store/tests/physical_record_journeys/physical_work/scan_continuation_damage.rs,durability-vocabulary;ordinary-record-mutation-entry,durability-vocabulary=4;ordinary-record-mutation-entry=1,ordinary-record-publication,physical_runtime/durability/mutation,replace,crates/worth-store/tests/physical_record_journeys/physical_work/scan_continuation_damage.rs,phase-8,tracked-family-source-and-metadata-reconciliation,inventory-open
crates/worth-store/tests/physical_record_journeys/physical_work/scheduler.rs,durability-vocabulary,durability-vocabulary=5,domain-durability-meaning,crate:worth-store,preserve,crates/worth-store/tests/physical_record_journeys/physical_work/scheduler.rs,preserve,tracked-family-source-and-metadata-reconciliation,inventory-open
crates/worth-store/tests/physical_record_journeys/physical_work/scheduler_capacity_publication.rs,append-batch-api;ordinary-record-mutation-entry,append-batch-api=1;ordinary-record-mutation-entry=8,ordinary-record-publication,physical_runtime/durability/mutation,delete,crates/worth-store/tests/physical_record_journeys/physical_work/scheduler_capacity_publication.rs,phase-7,tracked-family-source-and-metadata-reconciliation,deleted-phase-7
crates/worth-store/tests/physical_record_journeys/physical_work/serving_frame_residency.rs,durability-vocabulary,durability-vocabulary=11,ordinary-record-publication,physical_runtime/durability/mutation,replace,crates/worth-store/tests/physical_record_journeys/physical_work/serving_frame_residency.rs,phase-8,tracked-family-source-and-metadata-reconciliation,inventory-open
crates/worth-store/tests/physical_record_journeys/physical_work/speculative_residency/fixture.rs,durability-vocabulary,durability-vocabulary=4,durability-policy-consumer-proof,worth-store/physical-record-journeys,preserve,crates/worth-store/tests/physical_record_journeys/physical_work/speculative_residency/fixture.rs,preserve,tracked-family-source-and-metadata-reconciliation,inventory-open
crates/worth-store/tests/physical_record_journeys/physical_work/speculative_residency/shutdown.rs,durability-vocabulary,durability-vocabulary=2,domain-durability-meaning,crate:worth-store,preserve,crates/worth-store/tests/physical_record_journeys/physical_work/speculative_residency/shutdown.rs,preserve,tracked-family-source-and-metadata-reconciliation,inventory-open
crates/worth-store/tests/physical_record_journeys/physical_work/speculative_residency/writebehind.rs,durability-vocabulary;writeback-settlement,durability-vocabulary=4;writeback-settlement=2,canonical-writeback-settlement,physical_runtime/durability/data,preserve,crates/worth-store/tests/physical_record_journeys/physical_work/speculative_residency/writebehind.rs,preserve,tracked-family-source-and-metadata-reconciliation,inventory-open
crates/worth-store/tests/physical_record_journeys/publication_failure_topology/scenario.rs,append-batch-api;durability-vocabulary;ordinary-record-mutation-entry,append-batch-api=1;durability-vocabulary=3;ordinary-record-mutation-entry=2,ordinary-record-publication,physical_runtime/durability/mutation,delete,crates/worth-store/tests/physical_record_journeys/publication_failure_topology/scenario.rs,phase-7,tracked-family-source-and-metadata-reconciliation,deleted-phase-7
crates/worth-store/tests/physical_record_journeys/publication_faults.rs,append-batch-api;durability-vocabulary;ordinary-record-mutation-entry,append-batch-api=6;durability-vocabulary=13;ordinary-record-mutation-entry=12,ordinary-record-publication,physical_runtime/durability/mutation,delete,crates/worth-store/tests/physical_record_journeys/publication_faults.rs,phase-7,tracked-family-source-and-metadata-reconciliation,deleted-phase-7
crates/worth-store/tests/physical_record_journeys/publication_mutants.rs,append-batch-api;durability-vocabulary;ordinary-record-mutation-entry,append-batch-api=1;durability-vocabulary=3;ordinary-record-mutation-entry=2,ordinary-record-publication,physical_runtime/durability/mutation,delete,crates/worth-store/tests/physical_record_journeys/publication_mutants.rs,phase-7,tracked-family-source-and-metadata-reconciliation,deleted-phase-7
crates/worth-store/tests/physical_record_journeys/publication_recovery_faults.rs,append-batch-api;durability-vocabulary;ordinary-record-mutation-entry,append-batch-api=5;durability-vocabulary=7;ordinary-record-mutation-entry=10,ordinary-record-publication,physical_runtime/durability/mutation,delete,crates/worth-store/tests/physical_record_journeys/publication_recovery_faults.rs,phase-7,tracked-family-source-and-metadata-reconciliation,deleted-phase-7
crates/worth-store/tests/physical_record_journeys/read_boundaries.rs,durability-vocabulary,durability-vocabulary=7,canonical-record-read-boundary-journey,worth-store/physical-record-journeys,preserve,crates/worth-store/tests/physical_record_journeys/read_boundaries.rs,preserve,tracked-family-source-and-metadata-reconciliation,inventory-open
crates/worth-store/tests/physical_record_journeys/record_chunk_views/borrowed_access.rs,durability-vocabulary,durability-vocabulary=1,canonical-borrowed-record-view-journey,worth-store/physical-record-journeys/record-chunk-views,preserve,crates/worth-store/tests/physical_record_journeys/record_chunk_views/borrowed_access.rs,preserve,tracked-family-source-and-metadata-reconciliation,inventory-open
crates/worth-store/tests/physical_record_journeys/record_chunk_views/bounded_copy.rs,durability-vocabulary,durability-vocabulary=1,canonical-bounded-record-copy-journey,worth-store/physical-record-journeys/record-chunk-views,preserve,crates/worth-store/tests/physical_record_journeys/record_chunk_views/bounded_copy.rs,preserve,tracked-family-source-and-metadata-reconciliation,inventory-open
crates/worth-store/tests/physical_record_journeys/record_chunk_views/failure_lifecycle.rs,durability-barrier;durability-vocabulary;ordinary-record-mutation-entry,durability-barrier=1;durability-vocabulary=2;ordinary-record-mutation-entry=1,record-view-failure-lifecycle-journey,worth-store/physical-record-journeys/record-chunk-views,replace,crates/worth-store/tests/physical_record_journeys/record_chunk_views/failure_lifecycle.rs,phase-8,tracked-family-source-and-metadata-reconciliation,inventory-open
crates/worth-store/tests/physical_record_journeys/record_chunk_views/fixture.rs,durability-vocabulary,durability-vocabulary=3,durability-policy-consumer-proof,worth-store/physical-record-journeys,preserve,crates/worth-store/tests/physical_record_journeys/record_chunk_views/fixture.rs,preserve,tracked-family-source-and-metadata-reconciliation,inventory-open
crates/worth-store/tests/physical_record_journeys/record_chunk_views/policy_boundaries.rs,durability-vocabulary,durability-vocabulary=1,canonical-record-view-policy-boundary-journey,worth-store/physical-record-journeys/record-chunk-views,preserve,crates/worth-store/tests/physical_record_journeys/record_chunk_views/policy_boundaries.rs,preserve,tracked-family-source-and-metadata-reconciliation,inventory-open
crates/worth-store/tests/physical_record_journeys/residency_pressure_processes.rs,durability-vocabulary,durability-vocabulary=7,ordinary-record-publication,physical_runtime/durability/mutation,replace,crates/worth-store/tests/physical_record_journeys/residency_pressure_processes.rs,phase-8,tracked-family-source-and-metadata-reconciliation,inventory-open
crates/worth-store/tests/physical_record_journeys/residency_writeback_fresh_reopen.rs,durability-vocabulary,durability-vocabulary=4,ordinary-record-publication,physical_runtime/durability/mutation,replace,crates/worth-store/tests/physical_record_journeys/residency_writeback_fresh_reopen.rs,phase-8,tracked-family-source-and-metadata-reconciliation,inventory-open
crates/worth-store/tests/physical_record_journeys/residue_safety.rs,append-batch-api;ordinary-record-mutation-entry,append-batch-api=2;ordinary-record-mutation-entry=4,ordinary-record-publication,physical_runtime/durability/mutation,delete,crates/worth-store/tests/physical_record_journeys/residue_safety.rs,phase-7,tracked-family-source-and-metadata-reconciliation,deleted-phase-7
crates/worth-store/tests/physical_record_journeys/reusable_segment_residue.rs,append-batch-api;durability-vocabulary;ordinary-record-mutation-entry,append-batch-api=3;durability-vocabulary=4;ordinary-record-mutation-entry=6,ordinary-record-publication,physical_runtime/durability/mutation,delete,crates/worth-store/tests/physical_record_journeys/reusable_segment_residue.rs,phase-7,tracked-family-source-and-metadata-reconciliation,deleted-phase-7
crates/worth-store/tests/physical_record_journeys/scan_journeys.rs,durability-vocabulary,durability-vocabulary=10,canonical-record-scan-journey,worth-store/physical-record-journeys,preserve,crates/worth-store/tests/physical_record_journeys/scan_journeys.rs,preserve,tracked-family-source-and-metadata-reconciliation,inventory-open
crates/worth-store/tests/physical_record_journeys/scenario_artifact_evidence.rs,durability-vocabulary,durability-vocabulary=5,scenario-artifact-evidence,tests/physical_record_journeys,preserve,crates/worth-store/tests/physical_record_journeys/scenario_artifact_evidence.rs,preserve,tracked-family-source-and-metadata-reconciliation,inventory-open
crates/worth-store/tests/physical_record_journeys/scenario_evidence.rs,durability-vocabulary,durability-vocabulary=3,domain-durability-meaning,crate:worth-store,preserve,crates/worth-store/tests/physical_record_journeys/scenario_evidence.rs,preserve,tracked-family-source-and-metadata-reconciliation,inventory-open
crates/worth-store/tests/physical_record_journeys/segment_journeys.rs,durability-vocabulary;ordinary-record-mutation-entry;root-publication-topology,durability-vocabulary=8;ordinary-record-mutation-entry=2;root-publication-topology=2,canonical-segment-publication-journeys,physical_runtime/record_serving/publication,preserve,crates/worth-store/tests/physical_record_journeys/segment_journeys.rs,preserve,tracked-family-source-and-metadata-reconciliation,inventory-open
crates/worth-store/tests/physical_record_journeys/segment_truth.rs,durability-vocabulary;ordinary-record-mutation-entry,durability-vocabulary=34;ordinary-record-mutation-entry=2,ordinary-record-publication,physical_runtime/durability/mutation,replace,crates/worth-store/tests/physical_record_journeys/segment_truth.rs,phase-8,tracked-family-source-and-metadata-reconciliation,inventory-open
crates/worth-store/tests/physical_record_journeys/serving_lifecycle.rs,durability-vocabulary,durability-vocabulary=11,canonical-serving-lifecycle-journey,worth-store/physical-record-journeys,preserve,crates/worth-store/tests/physical_record_journeys/serving_lifecycle.rs,preserve,tracked-family-source-and-metadata-reconciliation,inventory-open
crates/worth-store/tests/physical_record_journeys/successor_scope_admission.rs,durability-vocabulary,durability-vocabulary=2,durability-policy-consumer-proof,worth-store/physical-record-journeys,preserve,crates/worth-store/tests/physical_record_journeys/successor_scope_admission.rs,preserve,tracked-family-source-and-metadata-reconciliation,inventory-open
crates/worth-store/tests/physical_runtime_authority/admitted_durability_policy_is_sealed.rs,durability-vocabulary,durability-vocabulary=3,sealed-policy-compile-attack,worth-store/physical-runtime-authority,preserve,crates/worth-store/tests/physical_runtime_authority/admitted_durability_policy_is_sealed.rs,preserve,tracked-family-source-and-metadata-reconciliation,inventory-open
crates/worth-store/tests/physical_runtime_authority/admitted_residency_policy_supported.rs,durability-vocabulary,durability-vocabulary=6,positive-policy-composition-specimen,worth-store/physical-runtime-authority,preserve,crates/worth-store/tests/physical_runtime_authority/admitted_residency_policy_supported.rs,preserve,tracked-family-source-and-metadata-reconciliation,inventory-open
crates/worth-store/tests/physical_runtime_authority/bounded_physical_record_access_examples.rs,durability-vocabulary,durability-vocabulary=6,documented-policy-composition-specimen,worth-store/physical-runtime-authority,preserve,crates/worth-store/tests/physical_runtime_authority/bounded_physical_record_access_examples.rs,preserve,tracked-family-source-and-metadata-reconciliation,inventory-open
crates/worth-store/tests/physical_runtime_authority/checkpoint_capture_authority_is_sealed.rs,checkpoint-publication;durability-vocabulary,checkpoint-publication=9;durability-vocabulary=2,checkpoint-authority-compile-proof,worth-store/physical-runtime-authority-ui,preserve,crates/worth-store/tests/physical_runtime_authority/checkpoint_capture_authority_is_sealed.rs,preserve,tracked-family-source-and-metadata-reconciliation,inventory-open
crates/worth-store/tests/physical_runtime_authority/incomplete_durability_policy_cannot_admit.rs,durability-vocabulary,durability-vocabulary=4,incomplete-policy-compile-attack,worth-store/physical-runtime-authority,preserve,crates/worth-store/tests/physical_runtime_authority/incomplete_durability_policy_cannot_admit.rs,preserve,tracked-family-source-and-metadata-reconciliation,inventory-open
crates/worth-store/tests/physical_runtime_authority/independent_scan_and_mutation_capabilities_compile.rs,durability-vocabulary;ordinary-record-mutation-entry,durability-vocabulary=5;ordinary-record-mutation-entry=1,ordinary-record-mutation-entry,physical_runtime/durability/mutation,narrow,crates/worth-store/tests/physical_runtime_authority/independent_scan_and_mutation_capabilities_compile.rs,phase-8,tracked-family-source-and-metadata-reconciliation,inventory-open
crates/worth-store/tests/physical_runtime_authority/mutation_evidence_cannot_reenter_authority.rs,acknowledgment-topology,acknowledgment-topology=2,reverse-evidence-authority-compile-attack,worth-store/physical-runtime-authority,preserve,crates/worth-store/tests/physical_runtime_authority/mutation_evidence_cannot_reenter_authority.rs,preserve,tracked-family-source-and-metadata-reconciliation,inventory-open
crates/worth-store/tests/physical_runtime_authority/noncompleted_mutation_cannot_acknowledge.rs,acknowledgment-topology,acknowledgment-topology=2,noncompletion-acknowledgment-compile-attack,worth-store/physical-runtime-authority,preserve,crates/worth-store/tests/physical_runtime_authority/noncompleted_mutation_cannot_acknowledge.rs,preserve,tracked-family-source-and-metadata-reconciliation,inventory-open
crates/worth-store/tests/physical_runtime_authority/ordinary_mutation_outcomes_are_supported.rs,acknowledgment-topology,acknowledgment-topology=5,ordinary-mutation-outcome-compile-specimen,worth-store/physical-runtime-authority,preserve,crates/worth-store/tests/physical_runtime_authority/ordinary_mutation_outcomes_are_supported.rs,preserve,tracked-family-source-and-metadata-reconciliation,inventory-open
crates/worth-store/tests/physical_runtime_authority/ordinary_mutation_phase_driving_is_absent.rs,ordinary-record-mutation-entry,ordinary-record-mutation-entry=2,ordinary-phase-driving-absence-compile-attack,worth-store/physical-runtime-authority,preserve,crates/worth-store/tests/physical_runtime_authority/ordinary_mutation_phase_driving_is_absent.rs,preserve,tracked-family-source-and-metadata-reconciliation,inventory-open
crates/worth-store/tests/physical_runtime_authority/physical_data_progression_examples.rs,durability-vocabulary;ordinary-record-mutation-entry,durability-vocabulary=9;ordinary-record-mutation-entry=2,compiler-bound-data-progression-specimen,worth-store/physical-runtime-authority,preserve,crates/worth-store/tests/physical_runtime_authority/physical_data_progression_examples.rs,preserve,tracked-family-source-and-metadata-reconciliation,inventory-open
crates/worth-store/tests/physical_runtime_authority/physical_data_progression_is_sealed.rs,durability-vocabulary;ordinary-record-mutation-entry;wal-topology,durability-vocabulary=11;ordinary-record-mutation-entry=2;wal-topology=2,data-progression-construction-compile-attack,worth-store/physical-runtime-authority,preserve,crates/worth-store/tests/physical_runtime_authority/physical_data_progression_is_sealed.rs,preserve,tracked-family-source-and-metadata-reconciliation,inventory-open
crates/worth-store/tests/physical_runtime_authority/physical_durability_basis_cannot_be_duplicated.rs,durability-vocabulary,durability-vocabulary=2,move-only-basis-compile-attack,worth-store/physical-runtime-authority,preserve,crates/worth-store/tests/physical_runtime_authority/physical_durability_basis_cannot_be_duplicated.rs,preserve,tracked-family-source-and-metadata-reconciliation,inventory-open
crates/worth-store/tests/physical_runtime_authority/physical_receipt_construction_is_sealed.rs,durability-vocabulary,durability-vocabulary=3,domain-durability-meaning,crate:worth-store,preserve,crates/worth-store/tests/physical_runtime_authority/physical_receipt_construction_is_sealed.rs,preserve,tracked-family-source-and-metadata-reconciliation,inventory-open
crates/worth-store/tests/physical_runtime_authority/physical_wal_append_examples.rs,durability-vocabulary;ordinary-record-mutation-entry;wal-topology,durability-vocabulary=13;ordinary-record-mutation-entry=5;wal-topology=5,compiler-bound-physical-wal-group-specimen,worth-store/physical-runtime-authority,preserve,crates/worth-store/tests/physical_runtime_authority/physical_wal_append_examples.rs,preserve,tracked-family-source-and-metadata-reconciliation,inventory-open
crates/worth-store/tests/physical_runtime_authority/raw_backend_profile_cannot_admit_durability.rs,checkpoint-publication;durability-barrier;durability-vocabulary;wal-topology,checkpoint-publication=4;durability-barrier=1;durability-vocabulary=2;wal-topology=6,raw-profile-substitution-compile-attack,worth-store/physical-runtime-authority,preserve,crates/worth-store/tests/physical_runtime_authority/raw_backend_profile_cannot_admit_durability.rs,preserve,tracked-family-source-and-metadata-reconciliation,inventory-open
crates/worth-store/tests/physical_runtime_authority/responsibility_named_store_facade_supported.rs,ordinary-record-mutation-entry,ordinary-record-mutation-entry=1,ordinary-record-mutation-entry,physical_runtime/durability/mutation,narrow,crates/worth-store/tests/physical_runtime_authority/responsibility_named_store_facade_supported.rs,phase-8,tracked-family-source-and-metadata-reconciliation,inventory-open
crates/worth-store/tests/physical_runtime_authority/root_publication_plans_are_linear.rs,root-publication-topology,root-publication-topology=4,root-publication-linearity-compile-attack,worth-store/physical-runtime-authority,preserve,crates/worth-store/tests/physical_runtime_authority/root_publication_plans_are_linear.rs,preserve,tracked-family-source-and-metadata-reconciliation,inventory-open
crates/worth-store/tests/physical_runtime_authority/support/durability.rs,checkpoint-publication;durability-vocabulary;wal-topology,checkpoint-publication=4;durability-vocabulary=6;wal-topology=6,positive-authority-policy-world,worth-store/physical-runtime-authority,preserve,crates/worth-store/tests/physical_runtime_authority/support/durability.rs,preserve,tracked-family-source-and-metadata-reconciliation,inventory-open
crates/worth-store/tests/physical_runtime_authority/wal_durable_authority_requires_completed_barrier.rs,durability-vocabulary;wal-topology,durability-vocabulary=5;wal-topology=2,wal-durable-construction-compile-attack,worth-store/physical-runtime-authority,preserve,crates/worth-store/tests/physical_runtime_authority/wal_durable_authority_requires_completed_barrier.rs,preserve,tracked-family-source-and-metadata-reconciliation,inventory-open
crates/worth-store/tests/physical_runtime_authority_ui.rs,durability-vocabulary;root-publication-topology,durability-vocabulary=10;root-publication-topology=5,durability-authority-compile-contract,worth-store/physical-runtime-authority,preserve,crates/worth-store/tests/physical_runtime_authority_ui.rs,preserve,tracked-family-source-and-metadata-reconciliation,inventory-open
crates/worth-store/tests/physical_runtime_authority/physical_durability_guide_examples.rs,acknowledgment-topology;checkpoint-publication;durability-vocabulary;ordinary-record-mutation-entry,acknowledgment-topology=6;checkpoint-publication=10;durability-vocabulary=3;ordinary-record-mutation-entry=1,durability-guide-compile-contract,worth-store/physical-runtime-authority,preserve,crates/worth-store/tests/physical_runtime_authority/physical_durability_guide_examples.rs,preserve,tracked-family-source-and-metadata-reconciliation,inventory-open
crates/worth-store-aspect-native/src/canonical_basis.rs,wal-topology,wal-topology=10,domain-wal-topology-consumer,crate:worth-store-aspect-native,preserve,crates/worth-store-aspect-native/src/canonical_basis.rs,preserve,tracked-family-source-and-metadata-reconciliation,inventory-open
crates/worth-store-aspect-native/src/canonical_basis/canonical_basis_domains.rs,wal-topology,wal-topology=3,domain-wal-topology-consumer,crate:worth-store-aspect-native,preserve,crates/worth-store-aspect-native/src/canonical_basis/canonical_basis_domains.rs,preserve,tracked-family-source-and-metadata-reconciliation,inventory-open
crates/worth-store-aspect-native/src/canonical_basis/canonical_basis_sources.rs,wal-topology,wal-topology=4,domain-wal-topology-consumer,crate:worth-store-aspect-native,preserve,crates/worth-store-aspect-native/src/canonical_basis/canonical_basis_sources.rs,preserve,tracked-family-source-and-metadata-reconciliation,inventory-open
crates/worth-store-aspect-native/src/canonical_basis/physical_mutation_request.rs,durability-vocabulary,durability-vocabulary=14,physical-mutation-canonical-fingerprint-basis,crate:worth-store-aspect-native,preserve,crates/worth-store-aspect-native/src/canonical_basis/physical_mutation_request.rs,preserve,tracked-family-source-and-metadata-reconciliation,inventory-open
crates/worth-store-authority/src/aspect_native_authority.rs,durability-vocabulary,durability-vocabulary=4,domain-durability-meaning,crate:worth-store-authority,preserve,crates/worth-store-authority/src/aspect_native_authority.rs,preserve,tracked-family-source-and-metadata-reconciliation,inventory-open
crates/worth-store-authority/src/canonical_authority_record.rs,durability-vocabulary,durability-vocabulary=4,domain-durability-meaning,crate:worth-store-authority,preserve,crates/worth-store-authority/src/canonical_authority_record.rs,preserve,tracked-family-source-and-metadata-reconciliation,inventory-open
crates/worth-store-authority/src/current_authority_identity.rs,durability-vocabulary,durability-vocabulary=1,domain-durability-meaning,crate:worth-store-authority,preserve,crates/worth-store-authority/src/current_authority_identity.rs,preserve,tracked-family-source-and-metadata-reconciliation,inventory-open
crates/worth-store-blob-chunks/src/capsule_readiness/tests.rs,root-publication-topology,root-publication-topology=2,root-publication-consumer,crate:worth-store-blob-chunks,preserve,crates/worth-store-blob-chunks/src/capsule_readiness/tests.rs,preserve,tracked-family-source-and-metadata-reconciliation,inventory-open
crates/worth-store-blob-chunks/src/chunk_integrity/canonical_basis.rs,root-publication-topology,root-publication-topology=5,root-publication-consumer,crate:worth-store-blob-chunks,preserve,crates/worth-store-blob-chunks/src/chunk_integrity/canonical_basis.rs,preserve,tracked-family-source-and-metadata-reconciliation,inventory-open
crates/worth-store-blob-chunks/src/chunk_integrity/mod.rs,root-publication-topology,root-publication-topology=7,root-publication-consumer,crate:worth-store-blob-chunks,preserve,crates/worth-store-blob-chunks/src/chunk_integrity/mod.rs,preserve,tracked-family-source-and-metadata-reconciliation,inventory-open
crates/worth-store-blob-chunks/src/chunk_integrity/root_comparison.rs,root-publication-topology,root-publication-topology=6,root-publication-consumer,crate:worth-store-blob-chunks,preserve,crates/worth-store-blob-chunks/src/chunk_integrity/root_comparison.rs,preserve,tracked-family-source-and-metadata-reconciliation,inventory-open
crates/worth-store-blob-chunks/src/chunk_integrity/root_counters.rs,root-publication-topology,root-publication-topology=7,root-publication-consumer,crate:worth-store-blob-chunks,preserve,crates/worth-store-blob-chunks/src/chunk_integrity/root_counters.rs,preserve,tracked-family-source-and-metadata-reconciliation,inventory-open
crates/worth-store-blob-chunks/src/chunk_integrity/root_denial.rs,root-publication-topology,root-publication-topology=7,root-publication-consumer,crate:worth-store-blob-chunks,preserve,crates/worth-store-blob-chunks/src/chunk_integrity/root_denial.rs,preserve,tracked-family-source-and-metadata-reconciliation,inventory-open
crates/worth-store-blob-chunks/src/chunk_integrity/root_publication.rs,root-publication-topology,root-publication-topology=4,root-publication-consumer,crate:worth-store-blob-chunks,preserve,crates/worth-store-blob-chunks/src/chunk_integrity/root_publication.rs,preserve,tracked-family-source-and-metadata-reconciliation,inventory-open
crates/worth-store-blob-chunks/src/chunk_integrity/root_publication_tests.rs,root-publication-topology,root-publication-topology=15,root-publication-consumer,crate:worth-store-blob-chunks,preserve,crates/worth-store-blob-chunks/src/chunk_integrity/root_publication_tests.rs,preserve,tracked-family-source-and-metadata-reconciliation,inventory-open
crates/worth-store-blob-chunks/src/chunk_integrity/tests.rs,root-publication-topology,root-publication-topology=3,root-publication-consumer,crate:worth-store-blob-chunks,preserve,crates/worth-store-blob-chunks/src/chunk_integrity/tests.rs,preserve,tracked-family-source-and-metadata-reconciliation,inventory-open
crates/worth-store-blob-chunks/src/closeout_bundle.rs,root-publication-topology,root-publication-topology=13,root-publication-consumer,crate:worth-store-blob-chunks,preserve,crates/worth-store-blob-chunks/src/closeout_bundle.rs,preserve,tracked-family-source-and-metadata-reconciliation,inventory-open
crates/worth-store-blob-chunks/src/compaction/equivalence.rs,root-publication-topology,root-publication-topology=2,root-publication-consumer,crate:worth-store-blob-chunks,preserve,crates/worth-store-blob-chunks/src/compaction/equivalence.rs,preserve,tracked-family-source-and-metadata-reconciliation,inventory-open
crates/worth-store-blob-chunks/src/compaction/test_support.rs,root-publication-topology,root-publication-topology=9,root-publication-consumer,crate:worth-store-blob-chunks,preserve,crates/worth-store-blob-chunks/src/compaction/test_support.rs,preserve,tracked-family-source-and-metadata-reconciliation,inventory-open
crates/worth-store-blob-chunks/src/compaction/types/intent.rs,root-publication-topology,root-publication-topology=3,root-publication-consumer,crate:worth-store-blob-chunks,preserve,crates/worth-store-blob-chunks/src/compaction/types/intent.rs,preserve,tracked-family-source-and-metadata-reconciliation,inventory-open
crates/worth-store-blob-chunks/src/compaction/types/intent_basis.rs,root-publication-topology,root-publication-topology=4,root-publication-consumer,crate:worth-store-blob-chunks,preserve,crates/worth-store-blob-chunks/src/compaction/types/intent_basis.rs,preserve,tracked-family-source-and-metadata-reconciliation,inventory-open
crates/worth-store-blob-chunks/src/compaction/verification/uncompacted_publication.rs,root-publication-topology,root-publication-topology=2,root-publication-consumer,crate:worth-store-blob-chunks,preserve,crates/worth-store-blob-chunks/src/compaction/verification/uncompacted_publication.rs,preserve,tracked-family-source-and-metadata-reconciliation,inventory-open
crates/worth-store-blob-chunks/src/compile_fail/construction_boundaries.rs,durability-vocabulary;durable-publication-declaration,durability-vocabulary=1;durable-publication-declaration=2,wal-publication-declaration,worth-store-wal/append-declaration,move,crates/worth-store-blob-chunks/src/compile_fail/construction_boundaries.rs,phase-3,tracked-family-source-and-metadata-reconciliation,inventory-open
crates/worth-store-blob-chunks/src/compile_fail/generation_registry.rs,root-publication-topology,root-publication-topology=2,root-publication-consumer,crate:worth-store-blob-chunks,preserve,crates/worth-store-blob-chunks/src/compile_fail/generation_registry.rs,preserve,tracked-family-source-and-metadata-reconciliation,inventory-open
crates/worth-store-blob-chunks/src/compile_fail/publication.rs,durability-vocabulary;durable-publication-declaration;wal-topology,durability-vocabulary=1;durable-publication-declaration=2;wal-topology=16,wal-publication-declaration,worth-store-wal/append-declaration,move,crates/worth-store-blob-chunks/src/compile_fail/publication.rs,phase-3,tracked-family-source-and-metadata-reconciliation,inventory-open
crates/worth-store-blob-chunks/src/compile_fail/recovery_records.rs,durability-vocabulary;durable-publication-declaration;wal-topology,durability-vocabulary=2;durable-publication-declaration=2;wal-topology=6,wal-publication-declaration,worth-store-wal/append-declaration,move,crates/worth-store-blob-chunks/src/compile_fail/recovery_records.rs,phase-3,tracked-family-source-and-metadata-reconciliation,inventory-open
crates/worth-store-blob-chunks/src/compile_fail/retention_reclaim.rs,durability-vocabulary,durability-vocabulary=1,domain-durability-meaning,crate:worth-store-blob-chunks,preserve,crates/worth-store-blob-chunks/src/compile_fail/retention_reclaim.rs,preserve,tracked-family-source-and-metadata-reconciliation,inventory-open
crates/worth-store-blob-chunks/src/compile_fail/root.rs,root-publication-topology,root-publication-topology=6,root-publication-consumer,crate:worth-store-blob-chunks,preserve,crates/worth-store-blob-chunks/src/compile_fail/root.rs,preserve,tracked-family-source-and-metadata-reconciliation,inventory-open
crates/worth-store-blob-chunks/src/corruption/test_support.rs,durability-vocabulary;root-publication-topology;wal-commit;wal-topology,durability-vocabulary=2;root-publication-topology=1;wal-commit=1;wal-topology=1,domain-wal-commit-meaning,crate:worth-store-blob-chunks,preserve,crates/worth-store-blob-chunks/src/corruption/test_support.rs,preserve,tracked-family-source-and-metadata-reconciliation,inventory-open
crates/worth-store-blob-chunks/src/dedupe/evidence/artifact_identity.rs,wal-topology,wal-topology=1,domain-wal-topology-consumer,crate:worth-store-blob-chunks,preserve,crates/worth-store-blob-chunks/src/dedupe/evidence/artifact_identity.rs,preserve,tracked-family-source-and-metadata-reconciliation,inventory-open
crates/worth-store-blob-chunks/src/export_bundle/intent.rs,root-publication-topology,root-publication-topology=3,root-publication-consumer,crate:worth-store-blob-chunks,preserve,crates/worth-store-blob-chunks/src/export_bundle/intent.rs,preserve,tracked-family-source-and-metadata-reconciliation,inventory-open
crates/worth-store-blob-chunks/src/export_bundle/test_support.rs,root-publication-topology,root-publication-topology=3,root-publication-consumer,crate:worth-store-blob-chunks,preserve,crates/worth-store-blob-chunks/src/export_bundle/test_support.rs,preserve,tracked-family-source-and-metadata-reconciliation,inventory-open
crates/worth-store-blob-chunks/src/exports/hostile_lane.rs,root-publication-topology,root-publication-topology=2,root-publication-consumer,crate:worth-store-blob-chunks,preserve,crates/worth-store-blob-chunks/src/exports/hostile_lane.rs,preserve,tracked-family-source-and-metadata-reconciliation,inventory-open
crates/worth-store-blob-chunks/src/exports/integrity.rs,root-publication-topology,root-publication-topology=2,root-publication-consumer,crate:worth-store-blob-chunks,preserve,crates/worth-store-blob-chunks/src/exports/integrity.rs,preserve,tracked-family-source-and-metadata-reconciliation,inventory-open
crates/worth-store-blob-chunks/src/exports/publication.rs,wal-commit;wal-topology,wal-commit=1;wal-topology=2,domain-wal-commit-meaning,crate:worth-store-blob-chunks,preserve,crates/worth-store-blob-chunks/src/exports/publication.rs,preserve,tracked-family-source-and-metadata-reconciliation,inventory-open
crates/worth-store-blob-chunks/src/exports/recovery.rs,durability-vocabulary;root-publication-topology,durability-vocabulary=1;root-publication-topology=2,root-publication-consumer,crate:worth-store-blob-chunks,preserve,crates/worth-store-blob-chunks/src/exports/recovery.rs,preserve,tracked-family-source-and-metadata-reconciliation,inventory-open
crates/worth-store-blob-chunks/src/handoffs/harness_vocab.rs,root-publication-topology,root-publication-topology=1,root-publication-consumer,crate:worth-store-blob-chunks,preserve,crates/worth-store-blob-chunks/src/handoffs/harness_vocab.rs,preserve,tracked-family-source-and-metadata-reconciliation,inventory-open
crates/worth-store-blob-chunks/src/harness_execution/actors.rs,root-publication-topology;wal-topology,root-publication-topology=5;wal-topology=2,root-publication-consumer,crate:worth-store-blob-chunks,preserve,crates/worth-store-blob-chunks/src/harness_execution/actors.rs,preserve,tracked-family-source-and-metadata-reconciliation,inventory-open
crates/worth-store-blob-chunks/src/harness_execution/backend.rs,durability-barrier;durability-vocabulary,durability-barrier=1;durability-vocabulary=1,backend-barrier-evidence-consumer,crate:worth-store-physical-backend,preserve,crates/worth-store-blob-chunks/src/harness_execution/backend.rs,preserve,tracked-family-source-and-metadata-reconciliation,inventory-open
crates/worth-store-blob-chunks/src/harness_execution/export_publication.rs,root-publication-topology,root-publication-topology=5,root-publication-consumer,crate:worth-store-blob-chunks,preserve,crates/worth-store-blob-chunks/src/harness_execution/export_publication.rs,preserve,tracked-family-source-and-metadata-reconciliation,inventory-open
crates/worth-store-blob-chunks/src/harness_execution/lifecycle_execution.rs,root-publication-topology,root-publication-topology=2,root-publication-consumer,crate:worth-store-blob-chunks,preserve,crates/worth-store-blob-chunks/src/harness_execution/lifecycle_execution.rs,preserve,tracked-family-source-and-metadata-reconciliation,inventory-open
crates/worth-store-blob-chunks/src/import_readmission/test_support.rs,root-publication-topology,root-publication-topology=2,root-publication-consumer,crate:worth-store-blob-chunks,preserve,crates/worth-store-blob-chunks/src/import_readmission/test_support.rs,preserve,tracked-family-source-and-metadata-reconciliation,inventory-open
crates/worth-store-blob-chunks/src/layout_projection/behavior.rs,durability-vocabulary,durability-vocabulary=20,domain-durability-meaning,crate:worth-store-blob-chunks,preserve,crates/worth-store-blob-chunks/src/layout_projection/behavior.rs,preserve,tracked-family-source-and-metadata-reconciliation,inventory-open
crates/worth-store-blob-chunks/src/layout_projection/blob_object.rs,durability-vocabulary,durability-vocabulary=7,domain-durability-meaning,crate:worth-store-blob-chunks,preserve,crates/worth-store-blob-chunks/src/layout_projection/blob_object.rs,preserve,tracked-family-source-and-metadata-reconciliation,inventory-open
crates/worth-store-blob-chunks/src/layout_projection/chunk_tree.rs,durability-vocabulary,durability-vocabulary=7,domain-durability-meaning,crate:worth-store-blob-chunks,preserve,crates/worth-store-blob-chunks/src/layout_projection/chunk_tree.rs,preserve,tracked-family-source-and-metadata-reconciliation,inventory-open
crates/worth-store-blob-chunks/src/layout_projection/compaction.rs,durability-vocabulary,durability-vocabulary=8,domain-durability-meaning,crate:worth-store-blob-chunks,preserve,crates/worth-store-blob-chunks/src/layout_projection/compaction.rs,preserve,tracked-family-source-and-metadata-reconciliation,inventory-open
crates/worth-store-blob-chunks/src/layout_projection/counters.rs,durability-vocabulary,durability-vocabulary=12,domain-durability-meaning,crate:worth-store-blob-chunks,preserve,crates/worth-store-blob-chunks/src/layout_projection/counters.rs,preserve,tracked-family-source-and-metadata-reconciliation,inventory-open
crates/worth-store-blob-chunks/src/layout_projection/dedupe.rs,durability-vocabulary,durability-vocabulary=8,domain-durability-meaning,crate:worth-store-blob-chunks,preserve,crates/worth-store-blob-chunks/src/layout_projection/dedupe.rs,preserve,tracked-family-source-and-metadata-reconciliation,inventory-open
crates/worth-store-blob-chunks/src/layout_projection/quarantine.rs,durability-vocabulary,durability-vocabulary=8,domain-durability-meaning,crate:worth-store-blob-chunks,preserve,crates/worth-store-blob-chunks/src/layout_projection/quarantine.rs,preserve,tracked-family-source-and-metadata-reconciliation,inventory-open
crates/worth-store-blob-chunks/src/layout_projection/reachability.rs,durability-vocabulary,durability-vocabulary=7,domain-durability-meaning,crate:worth-store-blob-chunks,preserve,crates/worth-store-blob-chunks/src/layout_projection/reachability.rs,preserve,tracked-family-source-and-metadata-reconciliation,inventory-open
crates/worth-store-blob-chunks/src/layout_projection/reclaim.rs,durability-vocabulary,durability-vocabulary=7,domain-durability-meaning,crate:worth-store-blob-chunks,preserve,crates/worth-store-blob-chunks/src/layout_projection/reclaim.rs,preserve,tracked-family-source-and-metadata-reconciliation,inventory-open
crates/worth-store-blob-chunks/src/layout_projection/retention.rs,durability-vocabulary,durability-vocabulary=8,domain-durability-meaning,crate:worth-store-blob-chunks,preserve,crates/worth-store-blob-chunks/src/layout_projection/retention.rs,preserve,tracked-family-source-and-metadata-reconciliation,inventory-open
crates/worth-store-blob-chunks/src/layout_projection/streaming.rs,durability-vocabulary,durability-vocabulary=7,domain-durability-meaning,crate:worth-store-blob-chunks,preserve,crates/worth-store-blob-chunks/src/layout_projection/streaming.rs,preserve,tracked-family-source-and-metadata-reconciliation,inventory-open
crates/worth-store-blob-chunks/src/layout_projection/tests.rs,durability-vocabulary,durability-vocabulary=12,domain-durability-meaning,crate:worth-store-blob-chunks,preserve,crates/worth-store-blob-chunks/src/layout_projection/tests.rs,preserve,tracked-family-source-and-metadata-reconciliation,inventory-open
crates/worth-store-blob-chunks/src/lifecycle/generation_registry.rs,root-publication-topology,root-publication-topology=12,root-publication-consumer,crate:worth-store-blob-chunks,preserve,crates/worth-store-blob-chunks/src/lifecycle/generation_registry.rs,preserve,tracked-family-source-and-metadata-reconciliation,inventory-open
crates/worth-store-blob-chunks/src/lifecycle/generation_registry_denial.rs,root-publication-topology,root-publication-topology=2,root-publication-consumer,crate:worth-store-blob-chunks,preserve,crates/worth-store-blob-chunks/src/lifecycle/generation_registry_denial.rs,preserve,tracked-family-source-and-metadata-reconciliation,inventory-open
crates/worth-store-blob-chunks/src/lifecycle/generation_registry_test_support.rs,root-publication-topology,root-publication-topology=11,root-publication-consumer,crate:worth-store-blob-chunks,preserve,crates/worth-store-blob-chunks/src/lifecycle/generation_registry_test_support.rs,preserve,tracked-family-source-and-metadata-reconciliation,inventory-open
crates/worth-store-blob-chunks/src/lifecycle/generation_registry_tests.rs,root-publication-topology,root-publication-topology=6,root-publication-consumer,crate:worth-store-blob-chunks,preserve,crates/worth-store-blob-chunks/src/lifecycle/generation_registry_tests.rs,preserve,tracked-family-source-and-metadata-reconciliation,inventory-open
crates/worth-store-blob-chunks/src/placement/admission/test_support.rs,durability-barrier;durability-vocabulary,durability-barrier=1;durability-vocabulary=1,backend-barrier-evidence-consumer,crate:worth-store-physical-backend,preserve,crates/worth-store-blob-chunks/src/placement/admission/test_support.rs,preserve,tracked-family-source-and-metadata-reconciliation,inventory-open
crates/worth-store-blob-chunks/src/placement/admission/tests.rs,durability-barrier;durability-vocabulary;root-publication-topology,durability-barrier=1;durability-vocabulary=1;root-publication-topology=2,backend-barrier-evidence-consumer,crate:worth-store-physical-backend,preserve,crates/worth-store-blob-chunks/src/placement/admission/tests.rs,preserve,tracked-family-source-and-metadata-reconciliation,inventory-open
crates/worth-store-blob-chunks/src/placement/movement/test_support.rs,root-publication-topology,root-publication-topology=4,root-publication-consumer,crate:worth-store-blob-chunks,preserve,crates/worth-store-blob-chunks/src/placement/movement/test_support.rs,preserve,tracked-family-source-and-metadata-reconciliation,inventory-open
crates/worth-store-blob-chunks/src/publication/classification/crash_point.rs,durability-vocabulary,durability-vocabulary=1,domain-durability-meaning,crate:worth-store-blob-chunks,preserve,crates/worth-store-blob-chunks/src/publication/classification/crash_point.rs,preserve,tracked-family-source-and-metadata-reconciliation,inventory-open
crates/worth-store-blob-chunks/src/publication/classification/recovered_state.rs,durability-vocabulary,durability-vocabulary=3,domain-durability-meaning,crate:worth-store-blob-chunks,preserve,crates/worth-store-blob-chunks/src/publication/classification/recovered_state.rs,preserve,tracked-family-source-and-metadata-reconciliation,inventory-open
crates/worth-store-blob-chunks/src/publication/denial.rs,wal-topology,wal-topology=2,domain-wal-topology-consumer,crate:worth-store-blob-chunks,preserve,crates/worth-store-blob-chunks/src/publication/denial.rs,preserve,tracked-family-source-and-metadata-reconciliation,inventory-open
crates/worth-store-blob-chunks/src/publication/evidence/operation_digest.rs,durability-vocabulary,durability-vocabulary=1,domain-durability-meaning,crate:worth-store-blob-chunks,preserve,crates/worth-store-blob-chunks/src/publication/evidence/operation_digest.rs,preserve,tracked-family-source-and-metadata-reconciliation,inventory-open
crates/worth-store-blob-chunks/src/publication/intent.rs,root-publication-topology,root-publication-topology=7,root-publication-consumer,crate:worth-store-blob-chunks,preserve,crates/worth-store-blob-chunks/src/publication/intent.rs,preserve,tracked-family-source-and-metadata-reconciliation,inventory-open
crates/worth-store-blob-chunks/src/publication/mod.rs,wal-commit;wal-topology,wal-commit=1;wal-topology=2,domain-wal-commit-meaning,crate:worth-store-blob-chunks,preserve,crates/worth-store-blob-chunks/src/publication/mod.rs,preserve,tracked-family-source-and-metadata-reconciliation,inventory-open
crates/worth-store-blob-chunks/src/publication/test_support/mod.rs,durability-vocabulary,durability-vocabulary=1,domain-durability-meaning,crate:worth-store-blob-chunks,preserve,crates/worth-store-blob-chunks/src/publication/test_support/mod.rs,preserve,tracked-family-source-and-metadata-reconciliation,inventory-open
crates/worth-store-blob-chunks/src/publication/test_support/publish.rs,durability-vocabulary;root-publication-topology;wal-commit;wal-topology,durability-vocabulary=11;root-publication-topology=2;wal-commit=3;wal-topology=16,domain-wal-commit-meaning,crate:worth-store-blob-chunks,preserve,crates/worth-store-blob-chunks/src/publication/test_support/publish.rs,preserve,tracked-family-source-and-metadata-reconciliation,inventory-open
crates/worth-store-blob-chunks/src/publication/test_support/wal.rs,durability-vocabulary;durable-publication-declaration;wal-topology,durability-vocabulary=6;durable-publication-declaration=3;wal-topology=23,wal-publication-declaration,worth-store-wal/append-declaration,move,crates/worth-store-blob-chunks/src/publication/test_support/wal.rs,phase-3,tracked-family-source-and-metadata-reconciliation,inventory-open
crates/worth-store-blob-chunks/src/publication/tests.rs,durability-vocabulary;wal-commit;wal-topology,durability-vocabulary=4;wal-commit=3;wal-topology=14,domain-wal-commit-meaning,crate:worth-store-blob-chunks,preserve,crates/worth-store-blob-chunks/src/publication/tests.rs,preserve,tracked-family-source-and-metadata-reconciliation,inventory-open
crates/worth-store-blob-chunks/src/publication/transitions/pre_wal_replay.rs,durability-vocabulary;wal-topology,durability-vocabulary=1;wal-topology=6,domain-wal-topology-consumer,crate:worth-store-blob-chunks,preserve,crates/worth-store-blob-chunks/src/publication/transitions/pre_wal_replay.rs,preserve,tracked-family-source-and-metadata-reconciliation,inventory-open
crates/worth-store-blob-chunks/src/publication/transitions/recovery_evidence.rs,durability-vocabulary;wal-topology,durability-vocabulary=3;wal-topology=7,domain-wal-topology-consumer,crate:worth-store-blob-chunks,preserve,crates/worth-store-blob-chunks/src/publication/transitions/recovery_evidence.rs,preserve,tracked-family-source-and-metadata-reconciliation,inventory-open
crates/worth-store-blob-chunks/src/publication/transitions/session_closeout.rs,wal-topology,wal-topology=2,domain-wal-topology-consumer,crate:worth-store-blob-chunks,preserve,crates/worth-store-blob-chunks/src/publication/transitions/session_closeout.rs,preserve,tracked-family-source-and-metadata-reconciliation,inventory-open
crates/worth-store-blob-chunks/src/publication/transitions/wal_commit.rs,durability-vocabulary;durable-publication-declaration;wal-commit;wal-topology,durability-vocabulary=3;durable-publication-declaration=2;wal-commit=3;wal-topology=1,wal-publication-declaration,worth-store-wal/append-declaration,move,crates/worth-store-blob-chunks/src/publication/transitions/wal_commit.rs,phase-3,tracked-family-source-and-metadata-reconciliation,inventory-open
crates/worth-store-blob-chunks/src/publication/transitions/wal_record.rs,wal-commit;wal-topology,wal-commit=2;wal-topology=3,domain-wal-commit-meaning,crate:worth-store-blob-chunks,preserve,crates/worth-store-blob-chunks/src/publication/transitions/wal_record.rs,preserve,tracked-family-source-and-metadata-reconciliation,inventory-open
crates/worth-store-blob-chunks/src/publication/types/mod.rs,wal-commit;wal-topology,wal-commit=1;wal-topology=2,domain-wal-commit-meaning,crate:worth-store-blob-chunks,preserve,crates/worth-store-blob-chunks/src/publication/types/mod.rs,preserve,tracked-family-source-and-metadata-reconciliation,inventory-open
crates/worth-store-blob-chunks/src/publication/types/published.rs,durable-publication-declaration,durable-publication-declaration=3,wal-publication-declaration,worth-store-wal/append-declaration,move,crates/worth-store-blob-chunks/src/publication/types/published.rs,phase-3,tracked-family-source-and-metadata-reconciliation,inventory-open
crates/worth-store-blob-chunks/src/publication/types/recovery_types.rs,durability-vocabulary;wal-topology,durability-vocabulary=7;wal-topology=7,domain-wal-topology-consumer,crate:worth-store-blob-chunks,preserve,crates/worth-store-blob-chunks/src/publication/types/recovery_types.rs,preserve,tracked-family-source-and-metadata-reconciliation,inventory-open
crates/worth-store-blob-chunks/src/publication/types/root_candidate.rs,root-publication-topology,root-publication-topology=4,root-publication-consumer,crate:worth-store-blob-chunks,preserve,crates/worth-store-blob-chunks/src/publication/types/root_candidate.rs,preserve,tracked-family-source-and-metadata-reconciliation,inventory-open
crates/worth-store-blob-chunks/src/publication/types/session_closeout.rs,wal-commit;wal-topology,wal-commit=4;wal-topology=2,domain-wal-commit-meaning,crate:worth-store-blob-chunks,preserve,crates/worth-store-blob-chunks/src/publication/types/session_closeout.rs,preserve,tracked-family-source-and-metadata-reconciliation,inventory-open
crates/worth-store-blob-chunks/src/publication/types/wal_types.rs,durable-publication-declaration;wal-commit;wal-topology,durable-publication-declaration=5;wal-commit=6;wal-topology=2,wal-publication-declaration,worth-store-wal/append-declaration,move,crates/worth-store-blob-chunks/src/publication/types/wal_types.rs,phase-3,tracked-family-source-and-metadata-reconciliation,inventory-open
crates/worth-store-blob-chunks/src/publication/verification/pre_wal_replay.rs,wal-topology,wal-topology=8,domain-wal-topology-consumer,crate:worth-store-blob-chunks,preserve,crates/worth-store-blob-chunks/src/publication/verification/pre_wal_replay.rs,preserve,tracked-family-source-and-metadata-reconciliation,inventory-open
crates/worth-store-blob-chunks/src/publication/verification/replayable_wal.rs,durability-vocabulary;wal-topology,durability-vocabulary=4;wal-topology=1,domain-wal-topology-consumer,crate:worth-store-blob-chunks,preserve,crates/worth-store-blob-chunks/src/publication/verification/replayable_wal.rs,preserve,tracked-family-source-and-metadata-reconciliation,inventory-open
crates/worth-store-blob-chunks/src/publication/verification/wal_replay_identity.rs,durability-vocabulary;durable-publication-declaration;wal-commit;wal-topology,durability-vocabulary=2;durable-publication-declaration=1;wal-commit=4;wal-topology=6,wal-publication-declaration,worth-store-wal/append-declaration,move,crates/worth-store-blob-chunks/src/publication/verification/wal_replay_identity.rs,phase-3,tracked-family-source-and-metadata-reconciliation,inventory-open
crates/worth-store-blob-chunks/src/reachability/hold_test_support.rs,durability-vocabulary;durable-publication-declaration;wal-topology,durability-vocabulary=4;durable-publication-declaration=2;wal-topology=16,wal-publication-declaration,worth-store-wal/append-declaration,move,crates/worth-store-blob-chunks/src/reachability/hold_test_support.rs,phase-3,tracked-family-source-and-metadata-reconciliation,inventory-open
crates/worth-store-blob-chunks/src/reachability/tests.rs,durable-publication-declaration;wal-topology,durable-publication-declaration=2;wal-topology=15,wal-publication-declaration,worth-store-wal/append-declaration,move,crates/worth-store-blob-chunks/src/reachability/tests.rs,phase-3,tracked-family-source-and-metadata-reconciliation,inventory-open
crates/worth-store-blob-chunks/src/recovery/mod.rs,durability-vocabulary;root-publication-topology,durability-vocabulary=1;root-publication-topology=2,root-publication-consumer,crate:worth-store-blob-chunks,preserve,crates/worth-store-blob-chunks/src/recovery/mod.rs,preserve,tracked-family-source-and-metadata-reconciliation,inventory-open
crates/worth-store-blob-chunks/src/recovery/record_generation_tests.rs,durability-vocabulary;root-publication-topology;wal-commit;wal-topology,durability-vocabulary=12;root-publication-topology=2;wal-commit=2;wal-topology=2,direct-wal-durability-execution,physical_runtime/durability/wal,replace,crates/worth-store-blob-chunks/src/recovery/record_generation_tests.rs,phase-3,tracked-family-source-and-metadata-reconciliation,inventory-open
crates/worth-store-blob-chunks/src/recovery/records/denial.rs,wal-topology,wal-topology=1,domain-wal-topology-consumer,crate:worth-store-blob-chunks,preserve,crates/worth-store-blob-chunks/src/recovery/records/denial.rs,preserve,tracked-family-source-and-metadata-reconciliation,inventory-open
crates/worth-store-blob-chunks/src/recovery/records/wal_records.rs,durable-publication-declaration;wal-topology,durable-publication-declaration=3;wal-topology=3,wal-publication-declaration,worth-store-wal/append-declaration,move,crates/worth-store-blob-chunks/src/recovery/records/wal_records.rs,phase-3,tracked-family-source-and-metadata-reconciliation,inventory-open
crates/worth-store-blob-chunks/src/recovery/records_tests.rs,durability-vocabulary;wal-commit;wal-topology,durability-vocabulary=12;wal-commit=2;wal-topology=2,direct-wal-durability-execution,physical_runtime/durability/wal,replace,crates/worth-store-blob-chunks/src/recovery/records_tests.rs,phase-3,tracked-family-source-and-metadata-reconciliation,inventory-open
crates/worth-store-blob-chunks/src/recovery/resume_session/checkpoint.rs,wal-topology,wal-topology=2,domain-wal-topology-consumer,crate:worth-store-blob-chunks,preserve,crates/worth-store-blob-chunks/src/recovery/resume_session/checkpoint.rs,preserve,tracked-family-source-and-metadata-reconciliation,inventory-open
crates/worth-store-blob-chunks/src/recovery/resume_session/counters.rs,durability-vocabulary,durability-vocabulary=5,domain-durability-meaning,crate:worth-store-blob-chunks,preserve,crates/worth-store-blob-chunks/src/recovery/resume_session/counters.rs,preserve,tracked-family-source-and-metadata-reconciliation,inventory-open
crates/worth-store-blob-chunks/src/recovery/resume_session/denial.rs,durability-vocabulary;wal-topology,durability-vocabulary=4;wal-topology=1,domain-wal-topology-consumer,crate:worth-store-blob-chunks,preserve,crates/worth-store-blob-chunks/src/recovery/resume_session/denial.rs,preserve,tracked-family-source-and-metadata-reconciliation,inventory-open
crates/worth-store-blob-chunks/src/recovery/resume_session/mod.rs,durability-vocabulary;root-publication-topology,durability-vocabulary=1;root-publication-topology=2,root-publication-consumer,crate:worth-store-blob-chunks,preserve,crates/worth-store-blob-chunks/src/recovery/resume_session/mod.rs,preserve,tracked-family-source-and-metadata-reconciliation,inventory-open
crates/worth-store-blob-chunks/src/recovery/resume_session/orphan.rs,durability-vocabulary,durability-vocabulary=2,domain-durability-meaning,crate:worth-store-blob-chunks,preserve,crates/worth-store-blob-chunks/src/recovery/resume_session/orphan.rs,preserve,tracked-family-source-and-metadata-reconciliation,inventory-open
crates/worth-store-blob-chunks/src/recovery/resume_session/orphan_reclaim_tests.rs,durability-vocabulary,durability-vocabulary=1,domain-durability-meaning,crate:worth-store-blob-chunks,preserve,crates/worth-store-blob-chunks/src/recovery/resume_session/orphan_reclaim_tests.rs,preserve,tracked-family-source-and-metadata-reconciliation,inventory-open
crates/worth-store-blob-chunks/src/recovery/resume_session/replay.rs,durability-vocabulary;root-publication-topology,durability-vocabulary=4;root-publication-topology=8,root-publication-consumer,crate:worth-store-blob-chunks,preserve,crates/worth-store-blob-chunks/src/recovery/resume_session/replay.rs,preserve,tracked-family-source-and-metadata-reconciliation,inventory-open
crates/worth-store-blob-chunks/src/recovery/resume_session/session.rs,wal-topology,wal-topology=8,domain-wal-topology-consumer,crate:worth-store-blob-chunks,preserve,crates/worth-store-blob-chunks/src/recovery/resume_session/session.rs,preserve,tracked-family-source-and-metadata-reconciliation,inventory-open
crates/worth-store-blob-chunks/src/recovery/resume_session/states/kinds.rs,durability-vocabulary;root-publication-topology,durability-vocabulary=1;root-publication-topology=1,root-publication-consumer,crate:worth-store-blob-chunks,preserve,crates/worth-store-blob-chunks/src/recovery/resume_session/states/kinds.rs,preserve,tracked-family-source-and-metadata-reconciliation,inventory-open
crates/worth-store-blob-chunks/src/recovery/resume_session/states/mod.rs,durability-vocabulary;root-publication-topology,durability-vocabulary=1;root-publication-topology=1,root-publication-consumer,crate:worth-store-blob-chunks,preserve,crates/worth-store-blob-chunks/src/recovery/resume_session/states/mod.rs,preserve,tracked-family-source-and-metadata-reconciliation,inventory-open
crates/worth-store-blob-chunks/src/recovery/resume_session/states/session_states.rs,durability-vocabulary;root-publication-topology;wal-topology,durability-vocabulary=4;root-publication-topology=2;wal-topology=4,root-publication-consumer,crate:worth-store-blob-chunks,preserve,crates/worth-store-blob-chunks/src/recovery/resume_session/states/session_states.rs,preserve,tracked-family-source-and-metadata-reconciliation,inventory-open
crates/worth-store-blob-chunks/src/recovery/resume_session/tests.rs,durability-vocabulary;durable-publication-declaration;root-publication-topology;wal-topology,durability-vocabulary=15;durable-publication-declaration=2;root-publication-topology=4;wal-topology=21,wal-publication-declaration,worth-store-wal/append-declaration,move,crates/worth-store-blob-chunks/src/recovery/resume_session/tests.rs,phase-3,tracked-family-source-and-metadata-reconciliation,inventory-open
crates/worth-store-blob-chunks/src/recovery/resume_session/transitions/checkpoint_export.rs,durability-vocabulary;root-publication-topology;wal-topology,durability-vocabulary=10;root-publication-topology=3;wal-topology=5,root-publication-consumer,crate:worth-store-blob-chunks,preserve,crates/worth-store-blob-chunks/src/recovery/resume_session/transitions/checkpoint_export.rs,preserve,tracked-family-source-and-metadata-reconciliation,inventory-open
crates/worth-store-blob-chunks/src/recovery/resume_session/transitions/chunk_append.rs,durability-vocabulary;wal-topology,durability-vocabulary=14;wal-topology=6,domain-wal-topology-consumer,crate:worth-store-blob-chunks,preserve,crates/worth-store-blob-chunks/src/recovery/resume_session/transitions/chunk_append.rs,preserve,tracked-family-source-and-metadata-reconciliation,inventory-open
crates/worth-store-blob-chunks/src/recovery/resume_session/transitions/frontier.rs,durability-vocabulary;wal-topology,durability-vocabulary=7;wal-topology=5,domain-wal-topology-consumer,crate:worth-store-blob-chunks,preserve,crates/worth-store-blob-chunks/src/recovery/resume_session/transitions/frontier.rs,preserve,tracked-family-source-and-metadata-reconciliation,inventory-open
crates/worth-store-blob-chunks/src/recovery/resume_session/transitions/publication.rs,durability-vocabulary;root-publication-topology;wal-topology,durability-vocabulary=2;root-publication-topology=4;wal-topology=5,root-publication-consumer,crate:worth-store-blob-chunks,preserve,crates/worth-store-blob-chunks/src/recovery/resume_session/transitions/publication.rs,preserve,tracked-family-source-and-metadata-reconciliation,inventory-open
crates/worth-store-blob-chunks/src/recovery/resume_session/transitions/root_candidate.rs,durability-vocabulary,durability-vocabulary=2,domain-durability-meaning,crate:worth-store-blob-chunks,preserve,crates/worth-store-blob-chunks/src/recovery/resume_session/transitions/root_candidate.rs,preserve,tracked-family-source-and-metadata-reconciliation,inventory-open
crates/worth-store-blob-chunks/src/retention_reclaim/candidate.rs,durability-vocabulary,durability-vocabulary=11,domain-durability-meaning,crate:worth-store-blob-chunks,preserve,crates/worth-store-blob-chunks/src/retention_reclaim/candidate.rs,preserve,tracked-family-source-and-metadata-reconciliation,inventory-open
crates/worth-store-blob-chunks/src/retention_reclaim/residue.rs,durability-vocabulary,durability-vocabulary=6,domain-durability-meaning,crate:worth-store-blob-chunks,preserve,crates/worth-store-blob-chunks/src/retention_reclaim/residue.rs,preserve,tracked-family-source-and-metadata-reconciliation,inventory-open
crates/worth-store-blob-chunks/src/retention_reclaim/test_support.rs,durability-barrier,durability-barrier=1,backend-barrier-evidence-consumer,crate:worth-store-physical-backend,preserve,crates/worth-store-blob-chunks/src/retention_reclaim/test_support.rs,preserve,tracked-family-source-and-metadata-reconciliation,inventory-open
crates/worth-store-branch-deltas/src/layout_projection/branch_delta.rs,durability-vocabulary,durability-vocabulary=5,domain-durability-meaning,crate:worth-store-branch-deltas,preserve,crates/worth-store-branch-deltas/src/layout_projection/branch_delta.rs,preserve,tracked-family-source-and-metadata-reconciliation,inventory-open
crates/worth-store-branch-deltas/src/layout_projection/continuation.rs,durability-vocabulary,durability-vocabulary=5,domain-durability-meaning,crate:worth-store-branch-deltas,preserve,crates/worth-store-branch-deltas/src/layout_projection/continuation.rs,preserve,tracked-family-source-and-metadata-reconciliation,inventory-open
crates/worth-store-branch-deltas/src/layout_projection/stable_basis.rs,durability-vocabulary,durability-vocabulary=5,domain-durability-meaning,crate:worth-store-branch-deltas,preserve,crates/worth-store-branch-deltas/src/layout_projection/stable_basis.rs,preserve,tracked-family-source-and-metadata-reconciliation,inventory-open
crates/worth-store-branch-deltas/tests/scenarios/layout/lsm/branch_layout.rs,durability-vocabulary,durability-vocabulary=1,domain-durability-meaning,crate:worth-store-branch-deltas,preserve,crates/worth-store-branch-deltas/tests/scenarios/layout/lsm/branch_layout.rs,preserve,tracked-family-source-and-metadata-reconciliation,inventory-open
crates/worth-store-branch-deltas/tests/scenarios/layout/lsm/continuation_layout.rs,durability-vocabulary,durability-vocabulary=2,domain-durability-meaning,crate:worth-store-branch-deltas,preserve,crates/worth-store-branch-deltas/tests/scenarios/layout/lsm/continuation_layout.rs,preserve,tracked-family-source-and-metadata-reconciliation,inventory-open
crates/worth-store-buffer-pool/src/lib.rs,durability-vocabulary,durability-vocabulary=1,domain-durability-meaning,crate:worth-store-buffer-pool,preserve,crates/worth-store-buffer-pool/src/lib.rs,preserve,tracked-family-source-and-metadata-reconciliation,inventory-open
crates/worth-store-buffer-pool/src/physical_residency/dirty_generation.rs,durability-vocabulary,durability-vocabulary=2,checkpoint-dirty-source-capture-basis,worth-store-buffer-pool/physical_residency/dirty-generation,preserve,crates/worth-store-buffer-pool/src/physical_residency/dirty_generation.rs,preserve,tracked-family-source-and-metadata-reconciliation,inventory-open
crates/worth-store-buffer-pool/src/physical_residency/mod.rs,durability-vocabulary,durability-vocabulary=1,domain-durability-meaning,crate:worth-store-buffer-pool,preserve,crates/worth-store-buffer-pool/src/physical_residency/mod.rs,preserve,tracked-family-source-and-metadata-reconciliation,inventory-open
crates/worth-store-buffer-pool/src/physical_residency/speculation/mod.rs,durability-vocabulary,durability-vocabulary=1,domain-durability-meaning,crate:worth-store-buffer-pool,preserve,crates/worth-store-buffer-pool/src/physical_residency/speculation/mod.rs,preserve,tracked-family-source-and-metadata-reconciliation,inventory-open
crates/worth-store-buffer-pool/src/physical_residency/speculation/queue_declaration/mod.rs,durability-vocabulary,durability-vocabulary=1,domain-durability-meaning,crate:worth-store-buffer-pool,preserve,crates/worth-store-buffer-pool/src/physical_residency/speculation/queue_declaration/mod.rs,preserve,tracked-family-source-and-metadata-reconciliation,inventory-open
crates/worth-store-buffer-pool/src/physical_residency/speculation/queue_declaration/writeback.rs,durability-vocabulary,durability-vocabulary=9,domain-durability-meaning,crate:worth-store-buffer-pool,preserve,crates/worth-store-buffer-pool/src/physical_residency/speculation/queue_declaration/writeback.rs,preserve,tracked-family-source-and-metadata-reconciliation,inventory-open
crates/worth-store-buffer-pool/src/physical_residency/tests/dirty_generation_capture.rs,durability-vocabulary,durability-vocabulary=1,checkpoint-dirty-source-capture-proof,worth-store-buffer-pool/physical_residency/dirty-generation,preserve,crates/worth-store-buffer-pool/src/physical_residency/tests/dirty_generation_capture.rs,preserve,tracked-family-source-and-metadata-reconciliation,inventory-open
crates/worth-store-certification/Cargo.toml,durability-vocabulary,durability-vocabulary=2,domain-durability-meaning,crate:worth-store-certification,preserve,crates/worth-store-certification/Cargo.toml,preserve,tracked-family-source-and-metadata-reconciliation,inventory-open
crates/worth-store-certification/src/bin/worth_store_protocol_closeout.rs,durability-barrier;durability-vocabulary,durability-barrier=4;durability-vocabulary=6,backend-barrier-evidence-consumer,crate:worth-store-physical-backend,preserve,crates/worth-store-certification/src/bin/worth_store_protocol_closeout.rs,preserve,tracked-family-source-and-metadata-reconciliation,inventory-open
crates/worth-store-certification/src/courtroom/blobs/closeout/verifier.rs,root-publication-topology,root-publication-topology=1,root-publication-consumer,C7-courtroom/root-publication,narrow,crates/worth-store-certification/src/courtroom/blobs/closeout/verifier.rs,phase-10,tracked-family-source-and-metadata-reconciliation,inventory-open
crates/worth-store-certification/src/courtroom/cross_cutting/certification_matrix.rs,root-publication-topology,root-publication-topology=3,root-publication-consumer,C7-courtroom/root-publication,narrow,crates/worth-store-certification/src/courtroom/cross_cutting/certification_matrix.rs,phase-10,tracked-family-source-and-metadata-reconciliation,inventory-open
crates/worth-store-certification/src/courtroom/durability/wal_frame_integrity_tests.rs,wal-topology,wal-topology=41,domain-wal-topology-consumer,crate:worth-store-certification,preserve,crates/worth-store-certification/src/courtroom/durability/wal_frame_integrity_tests.rs,preserve,tracked-family-source-and-metadata-reconciliation,inventory-open
crates/worth-store-certification/src/courtroom/foundational/canonical_basis_source_registry.rs,checkpoint-publication;durability-vocabulary;wal-topology,checkpoint-publication=2;durability-vocabulary=16;wal-topology=10,wal-boundary-acknowledgment,physical_runtime/durability/settlement,narrow,crates/worth-store-certification/src/courtroom/foundational/canonical_basis_source_registry.rs,phase-8,tracked-family-source-and-metadata-reconciliation,inventory-open
crates/worth-store-certification/src/courtroom/foundational/canonical_basis_source_tests.rs,wal-topology,wal-topology=1,domain-wal-topology-consumer,crate:worth-store-certification,preserve,crates/worth-store-certification/src/courtroom/foundational/canonical_basis_source_tests.rs,preserve,tracked-family-source-and-metadata-reconciliation,inventory-open
crates/worth-store-certification/src/courtroom/foundational/store_json_residue_entry.rs,durability-vocabulary,durability-vocabulary=5,domain-durability-meaning,crate:worth-store-certification,preserve,crates/worth-store-certification/src/courtroom/foundational/store_json_residue_entry.rs,preserve,tracked-family-source-and-metadata-reconciliation,inventory-open
crates/worth-store-certification/src/courtroom/foundational/store_json_residue_inventory/classification.rs,durability-vocabulary,durability-vocabulary=9,domain-durability-meaning,crate:worth-store-certification,preserve,crates/worth-store-certification/src/courtroom/foundational/store_json_residue_inventory/classification.rs,preserve,tracked-family-source-and-metadata-reconciliation,inventory-open
crates/worth-store-certification/src/courtroom/foundational/store_json_residue_tests.rs,durability-vocabulary,durability-vocabulary=5,domain-durability-meaning,crate:worth-store-certification,preserve,crates/worth-store-certification/src/courtroom/foundational/store_json_residue_tests.rs,preserve,tracked-family-source-and-metadata-reconciliation,inventory-open
crates/worth-store-certification/src/courtroom/harness/test_support/integrity_handoff_test_support.rs,root-publication-topology;wal-topology,root-publication-topology=1;wal-topology=12,root-publication-consumer,C7-courtroom/root-publication,narrow,crates/worth-store-certification/src/courtroom/harness/test_support/integrity_handoff_test_support.rs,phase-10,tracked-family-source-and-metadata-reconciliation,inventory-open
crates/worth-store-certification/src/courtroom/harness/test_support/physical_scope_admission_test_support.rs,root-publication-topology,root-publication-topology=12,root-publication-consumer,C7-courtroom/root-publication,narrow,crates/worth-store-certification/src/courtroom/harness/test_support/physical_scope_admission_test_support.rs,phase-10,tracked-family-source-and-metadata-reconciliation,inventory-open
crates/worth-store-certification/src/courtroom/harness/test_support/recovery_blocking_damage_test_support.rs,root-publication-topology;wal-topology,root-publication-topology=1;wal-topology=11,root-publication-consumer,C7-courtroom/root-publication,narrow,crates/worth-store-certification/src/courtroom/harness/test_support/recovery_blocking_damage_test_support.rs,phase-10,tracked-family-source-and-metadata-reconciliation,inventory-open
crates/worth-store-certification/src/courtroom/layout/adjudication/bundle.rs,durability-vocabulary,durability-vocabulary=9,domain-durability-meaning,crate:worth-store-certification,preserve,crates/worth-store-certification/src/courtroom/layout/adjudication/bundle.rs,preserve,tracked-family-source-and-metadata-reconciliation,inventory-open
crates/worth-store-certification/src/courtroom/layout/adjudication/hazard.rs,durability-vocabulary,durability-vocabulary=2,domain-durability-meaning,crate:worth-store-certification,preserve,crates/worth-store-certification/src/courtroom/layout/adjudication/hazard.rs,preserve,tracked-family-source-and-metadata-reconciliation,inventory-open
crates/worth-store-certification/src/courtroom/layout/derived_index_damage_tests.rs,root-publication-topology,root-publication-topology=6,root-publication-consumer,C7-courtroom/root-publication,narrow,crates/worth-store-certification/src/courtroom/layout/derived_index_damage_tests.rs,phase-10,tracked-family-source-and-metadata-reconciliation,inventory-open
crates/worth-store-certification/src/courtroom/layout/formal_observation/artifact.rs,durability-vocabulary,durability-vocabulary=6,domain-wal-topology-consumer,crate:worth-store-certification,preserve,crates/worth-store-certification/src/courtroom/layout/formal_observation/artifact.rs,preserve,tracked-family-source-and-metadata-reconciliation,inventory-open
crates/worth-store-certification/src/courtroom/layout/formal_observation/mod.rs,durability-vocabulary,durability-vocabulary=3,domain-durability-meaning,crate:worth-store-certification,preserve,crates/worth-store-certification/src/courtroom/layout/formal_observation/mod.rs,preserve,tracked-family-source-and-metadata-reconciliation,inventory-open
crates/worth-store-certification/src/courtroom/layout/formal_observation/observation.rs,durability-vocabulary,durability-vocabulary=4,domain-wal-topology-consumer,crate:worth-store-certification,preserve,crates/worth-store-certification/src/courtroom/layout/formal_observation/observation.rs,preserve,tracked-family-source-and-metadata-reconciliation,inventory-open
crates/worth-store-certification/src/courtroom/layout/formal_observation/ordering.rs,durability-vocabulary,durability-vocabulary=1,domain-durability-meaning,crate:worth-store-certification,preserve,crates/worth-store-certification/src/courtroom/layout/formal_observation/ordering.rs,preserve,tracked-family-source-and-metadata-reconciliation,inventory-open
crates/worth-store-certification/src/courtroom/layout/formal_observation/validation.rs,durability-vocabulary;wal-topology,durability-vocabulary=16;wal-topology=8,formal-layout-observation-validation,worth-store-certification/layout-formal-observation,delete,crates/worth-store-certification/src/courtroom/layout/formal_observation/validation.rs,phase-9,tracked-family-source-and-metadata-reconciliation,deleted-phase-9
crates/worth-store-certification/src/courtroom/layout/layout_observers.rs,root-publication-topology,root-publication-topology=2,root-publication-consumer,C7-courtroom/root-publication,narrow,crates/worth-store-certification/src/courtroom/layout/layout_observers.rs,phase-10,tracked-family-source-and-metadata-reconciliation,inventory-open
crates/worth-store-certification/src/courtroom/layout/owner_coverage/declarations/mod.rs,durability-vocabulary,durability-vocabulary=1,domain-durability-meaning,crate:worth-store-certification,preserve,crates/worth-store-certification/src/courtroom/layout/owner_coverage/declarations/mod.rs,preserve,tracked-family-source-and-metadata-reconciliation,inventory-open
crates/worth-store-certification/src/courtroom/layout/owner_coverage/declarations/registry.rs,durability-vocabulary,durability-vocabulary=1,domain-durability-meaning,crate:worth-store-certification,preserve,crates/worth-store-certification/src/courtroom/layout/owner_coverage/declarations/registry.rs,preserve,tracked-family-source-and-metadata-reconciliation,inventory-open
crates/worth-store-certification/src/courtroom/layout/owner_coverage/ledger/mod.rs,durability-vocabulary,durability-vocabulary=1,domain-durability-meaning,crate:worth-store-certification,preserve,crates/worth-store-certification/src/courtroom/layout/owner_coverage/ledger/mod.rs,preserve,tracked-family-source-and-metadata-reconciliation,inventory-open
crates/worth-store-certification/src/courtroom/layout/owner_evidence/receipt.rs,durability-vocabulary,durability-vocabulary=8,domain-durability-meaning,crate:worth-store-certification,preserve,crates/worth-store-certification/src/courtroom/layout/owner_evidence/receipt.rs,preserve,tracked-family-source-and-metadata-reconciliation,inventory-open
crates/worth-store-certification/src/courtroom/layout/owner_scenarios/access/btree.rs,durability-vocabulary,durability-vocabulary=6,domain-durability-meaning,crate:worth-store-certification,preserve,crates/worth-store-certification/src/courtroom/layout/owner_scenarios/access/btree.rs,preserve,tracked-family-source-and-metadata-reconciliation,inventory-open
crates/worth-store-certification/src/courtroom/layout/owner_scenarios/access/execution.rs,durability-vocabulary,durability-vocabulary=2,domain-durability-meaning,crate:worth-store-certification,preserve,crates/worth-store-certification/src/courtroom/layout/owner_scenarios/access/execution.rs,preserve,tracked-family-source-and-metadata-reconciliation,inventory-open
crates/worth-store-certification/src/courtroom/layout/owner_scenarios/access/fixture_values.rs,wal-topology,wal-topology=1,domain-wal-topology-consumer,crate:worth-store-certification,preserve,crates/worth-store-certification/src/courtroom/layout/owner_scenarios/access/fixture_values.rs,preserve,tracked-family-source-and-metadata-reconciliation,inventory-open
crates/worth-store-certification/src/courtroom/layout/owner_scenarios/access/imported_blob.rs,durability-vocabulary,durability-vocabulary=4,domain-durability-meaning,crate:worth-store-certification,preserve,crates/worth-store-certification/src/courtroom/layout/owner_scenarios/access/imported_blob.rs,preserve,tracked-family-source-and-metadata-reconciliation,inventory-open
crates/worth-store-certification/src/courtroom/layout/owner_scenarios/access/lsm.rs,durability-vocabulary;wal-topology,durability-vocabulary=1;wal-topology=4,lsm-layout-access-scenario,worth-store-certification/layout-owner-scenarios,delete,crates/worth-store-certification/src/courtroom/layout/owner_scenarios/access/lsm.rs,phase-9,tracked-family-source-and-metadata-reconciliation,deleted-phase-9
crates/worth-store-certification/src/courtroom/layout/owner_scenarios/declarations/key_domain.rs,durability-vocabulary,durability-vocabulary=4,domain-durability-meaning,crate:worth-store-certification,preserve,crates/worth-store-certification/src/courtroom/layout/owner_scenarios/declarations/key_domain.rs,preserve,tracked-family-source-and-metadata-reconciliation,inventory-open
crates/worth-store-certification/src/courtroom/layout/owner_scenarios/durable.rs,durability-vocabulary,durability-vocabulary=2,domain-durability-meaning,crate:worth-store-certification,preserve,crates/worth-store-certification/src/courtroom/layout/owner_scenarios/durable.rs,preserve,tracked-family-source-and-metadata-reconciliation,inventory-open
crates/worth-store-certification/src/courtroom/layout/owner_scenarios/durable_observation.rs,durability-vocabulary,durability-vocabulary=9,domain-wal-topology-consumer,crate:worth-store-certification,preserve,crates/worth-store-certification/src/courtroom/layout/owner_scenarios/durable_observation.rs,preserve,tracked-family-source-and-metadata-reconciliation,inventory-open
crates/worth-store-certification/src/courtroom/layout/owner_scenarios/fixture_admission.rs,durability-vocabulary,durability-vocabulary=2,domain-durability-meaning,crate:worth-store-certification,preserve,crates/worth-store-certification/src/courtroom/layout/owner_scenarios/fixture_admission.rs,preserve,tracked-family-source-and-metadata-reconciliation,inventory-open
crates/worth-store-certification/src/courtroom/layout/owner_scenarios/integrity/fixture_authority.rs,durability-vocabulary,durability-vocabulary=2,domain-durability-meaning,crate:worth-store-certification,preserve,crates/worth-store-certification/src/courtroom/layout/owner_scenarios/integrity/fixture_authority.rs,preserve,tracked-family-source-and-metadata-reconciliation,inventory-open
crates/worth-store-certification/src/courtroom/layout/owner_scenarios/maintenance/lsm.rs,durability-vocabulary;wal-topology,durability-vocabulary=2;wal-topology=7,domain-wal-topology-consumer,crate:worth-store-certification,preserve,crates/worth-store-certification/src/courtroom/layout/owner_scenarios/maintenance/lsm.rs,preserve,tracked-family-source-and-metadata-reconciliation,inventory-open
crates/worth-store-certification/src/courtroom/layout/owner_scenarios/maintenance/mutation.rs,durability-vocabulary;root-publication-topology;wal-topology,durability-vocabulary=3;root-publication-topology=1;wal-topology=4,root-publication-consumer,C7-courtroom/root-publication,narrow,crates/worth-store-certification/src/courtroom/layout/owner_scenarios/maintenance/mutation.rs,phase-10,tracked-family-source-and-metadata-reconciliation,inventory-open
crates/worth-store-certification/src/courtroom/layout/owner_scenarios/maintenance/posture.rs,durability-vocabulary,durability-vocabulary=3,domain-durability-meaning,crate:worth-store-certification,preserve,crates/worth-store-certification/src/courtroom/layout/owner_scenarios/maintenance/posture.rs,preserve,tracked-family-source-and-metadata-reconciliation,inventory-open
crates/worth-store-certification/src/courtroom/layout/owner_scenarios/maintenance/rebuild/fixture_inputs.rs,root-publication-topology,root-publication-topology=3,wal-publication-declaration,worth-store-wal/append-declaration,move,crates/worth-store-certification/src/courtroom/layout/owner_scenarios/maintenance/rebuild/fixture_inputs.rs,phase-3,tracked-family-source-and-metadata-reconciliation,inventory-open
crates/worth-store-certification/src/courtroom/layout/owner_scenarios/maintenance/strategy.rs,durability-vocabulary;wal-topology,durability-vocabulary=3;wal-topology=1,domain-wal-topology-consumer,crate:worth-store-certification,preserve,crates/worth-store-certification/src/courtroom/layout/owner_scenarios/maintenance/strategy.rs,preserve,tracked-family-source-and-metadata-reconciliation,inventory-open
crates/worth-store-certification/src/courtroom/layout/owner_scenarios/materialization.rs,durability-vocabulary;root-publication-topology,durability-vocabulary=8;root-publication-topology=1,root-publication-consumer,C7-courtroom/root-publication,narrow,crates/worth-store-certification/src/courtroom/layout/owner_scenarios/materialization.rs,phase-10,tracked-family-source-and-metadata-reconciliation,inventory-open
crates/worth-store-certification/src/courtroom/layout/owner_scenarios/mod.rs,durability-vocabulary,durability-vocabulary=2,domain-durability-meaning,crate:worth-store-certification,preserve,crates/worth-store-certification/src/courtroom/layout/owner_scenarios/mod.rs,preserve,tracked-family-source-and-metadata-reconciliation,inventory-open
crates/worth-store-certification/src/courtroom/layout/owner_scenarios/planning.rs,durability-vocabulary;wal-topology,durability-vocabulary=4;wal-topology=2,domain-wal-topology-consumer,crate:worth-store-certification,preserve,crates/worth-store-certification/src/courtroom/layout/owner_scenarios/planning.rs,preserve,tracked-family-source-and-metadata-reconciliation,inventory-open
crates/worth-store-certification/src/courtroom/layout/owner_scenarios/transcript.rs,durability-vocabulary,durability-vocabulary=11,domain-durability-meaning,crate:worth-store-certification,preserve,crates/worth-store-certification/src/courtroom/layout/owner_scenarios/transcript.rs,preserve,tracked-family-source-and-metadata-reconciliation,inventory-open
crates/worth-store-certification/src/courtroom/mod.rs,durability-vocabulary,durability-vocabulary=1,domain-durability-meaning,crate:worth-store-certification,preserve,crates/worth-store-certification/src/courtroom/mod.rs,preserve,tracked-family-source-and-metadata-reconciliation,inventory-open
crates/worth-store-certification/src/courtroom/operational_recovery/adoption.rs,durability-vocabulary,durability-vocabulary=2,domain-durability-meaning,crate:worth-store-certification,preserve,crates/worth-store-certification/src/courtroom/operational_recovery/adoption.rs,preserve,tracked-family-source-and-metadata-reconciliation,inventory-open
crates/worth-store-certification/src/courtroom/operational_recovery/closeout.rs,durability-vocabulary,durability-vocabulary=2,domain-durability-meaning,crate:worth-store-certification,preserve,crates/worth-store-certification/src/courtroom/operational_recovery/closeout.rs,preserve,tracked-family-source-and-metadata-reconciliation,inventory-open
crates/worth-store-certification/src/courtroom/operational_recovery/handoff.rs,durability-vocabulary,durability-vocabulary=2,domain-durability-meaning,crate:worth-store-certification,preserve,crates/worth-store-certification/src/courtroom/operational_recovery/handoff.rs,preserve,tracked-family-source-and-metadata-reconciliation,inventory-open
crates/worth-store-certification/src/courtroom/operational_recovery/hostile_program.rs,durability-vocabulary,durability-vocabulary=4,domain-durability-meaning,crate:worth-store-certification,preserve,crates/worth-store-certification/src/courtroom/operational_recovery/hostile_program.rs,preserve,tracked-family-source-and-metadata-reconciliation,inventory-open
crates/worth-store-certification/src/courtroom/operational_recovery/phase_invocation.rs,durability-vocabulary,durability-vocabulary=1,domain-durability-meaning,crate:worth-store-certification,preserve,crates/worth-store-certification/src/courtroom/operational_recovery/phase_invocation.rs,preserve,tracked-family-source-and-metadata-reconciliation,inventory-open
crates/worth-store-certification/src/courtroom/operational_recovery/scenario/requirements.rs,durability-vocabulary,durability-vocabulary=2,domain-durability-meaning,crate:worth-store-certification,preserve,crates/worth-store-certification/src/courtroom/operational_recovery/scenario/requirements.rs,preserve,tracked-family-source-and-metadata-reconciliation,inventory-open
crates/worth-store-certification/src/courtroom/operational_recovery/scenario_audit_binding.rs,durability-vocabulary,durability-vocabulary=1,domain-durability-meaning,crate:worth-store-certification,preserve,crates/worth-store-certification/src/courtroom/operational_recovery/scenario_audit_binding.rs,preserve,tracked-family-source-and-metadata-reconciliation,inventory-open
crates/worth-store-certification/src/courtroom/operational_recovery/scenario_identity.rs,durability-vocabulary,durability-vocabulary=1,domain-durability-meaning,crate:worth-store-certification,preserve,crates/worth-store-certification/src/courtroom/operational_recovery/scenario_identity.rs,preserve,tracked-family-source-and-metadata-reconciliation,inventory-open
crates/worth-store-certification/src/courtroom/operational_recovery/scenario_trace_binding.rs,durability-vocabulary,durability-vocabulary=2,domain-durability-meaning,crate:worth-store-certification,preserve,crates/worth-store-certification/src/courtroom/operational_recovery/scenario_trace_binding.rs,preserve,tracked-family-source-and-metadata-reconciliation,inventory-open
crates/worth-store-certification/src/courtroom/physical_integrity/closeout/suite/physical_integrity_closeout_proof.rs,wal-topology,wal-topology=9,domain-wal-topology-consumer,crate:worth-store-certification,preserve,crates/worth-store-certification/src/courtroom/physical_integrity/closeout/suite/physical_integrity_closeout_proof.rs,preserve,tracked-family-source-and-metadata-reconciliation,inventory-open
crates/worth-store-certification/src/courtroom/physical_integrity/closeout/suite/physical_integrity_closeout_suite_kind.rs,wal-topology,wal-topology=2,domain-wal-topology-consumer,crate:worth-store-certification,preserve,crates/worth-store-certification/src/courtroom/physical_integrity/closeout/suite/physical_integrity_closeout_suite_kind.rs,preserve,tracked-family-source-and-metadata-reconciliation,inventory-open
crates/worth-store-certification/src/courtroom/physical_integrity/substrate/physical_substrate_certification_reports.rs,root-publication-topology,root-publication-topology=2,root-publication-consumer,C7-courtroom/root-publication,narrow,crates/worth-store-certification/src/courtroom/physical_integrity/substrate/physical_substrate_certification_reports.rs,phase-10,tracked-family-source-and-metadata-reconciliation,inventory-open
crates/worth-store-certification/src/courtroom/physical_integrity/substrate/physical_substrate_closeout.rs,root-publication-topology,root-publication-topology=1,root-publication-consumer,C7-courtroom/root-publication,narrow,crates/worth-store-certification/src/courtroom/physical_integrity/substrate/physical_substrate_closeout.rs,phase-10,tracked-family-source-and-metadata-reconciliation,inventory-open
crates/worth-store-certification/src/courtroom/physical_integrity/substrate/physical_substrate_complexity_suite.rs,root-publication-topology,root-publication-topology=1,root-publication-consumer,C7-courtroom/root-publication,narrow,crates/worth-store-certification/src/courtroom/physical_integrity/substrate/physical_substrate_complexity_suite.rs,phase-10,tracked-family-source-and-metadata-reconciliation,inventory-open
crates/worth-store-certification/src/courtroom/physical_integrity/substrate/physical_substrate_manifest_suite.rs,root-publication-topology,root-publication-topology=9,root-publication-consumer,C7-courtroom/root-publication,narrow,crates/worth-store-certification/src/courtroom/physical_integrity/substrate/physical_substrate_manifest_suite.rs,phase-10,tracked-family-source-and-metadata-reconciliation,inventory-open
crates/worth-store-certification/src/courtroom/physical_integrity/tests/container/manifest_integrity_tests.rs,root-publication-topology,root-publication-topology=22,root-publication-consumer,C7-courtroom/root-publication,narrow,crates/worth-store-certification/src/courtroom/physical_integrity/tests/container/manifest_integrity_tests.rs,phase-10,tracked-family-source-and-metadata-reconciliation,inventory-open
crates/worth-store-certification/src/courtroom/physical_integrity/tests/damage/integrity_damage_map_tests.rs,root-publication-topology;wal-topology,root-publication-topology=1;wal-topology=5,root-publication-consumer,C7-courtroom/root-publication,narrow,crates/worth-store-certification/src/courtroom/physical_integrity/tests/damage/integrity_damage_map_tests.rs,phase-10,tracked-family-source-and-metadata-reconciliation,inventory-open
crates/worth-store-certification/src/courtroom/physical_integrity/tests/damage/integrity_handoff_tests.rs,wal-topology,wal-topology=3,domain-wal-topology-consumer,crate:worth-store-certification,preserve,crates/worth-store-certification/src/courtroom/physical_integrity/tests/damage/integrity_handoff_tests.rs,preserve,tracked-family-source-and-metadata-reconciliation,inventory-open
crates/worth-store-certification/src/courtroom/physical_isolation/closeout/suite.rs,checkpoint-publication,checkpoint-publication=1,checkpoint-publication-and-retention,crate:worth-store-certification,preserve,crates/worth-store-certification/src/courtroom/physical_isolation/closeout/suite.rs,preserve,tracked-family-source-and-metadata-reconciliation,inventory-open
crates/worth-store-certification/src/courtroom/protocol_models/backend_matrix/tests.rs,durability-barrier;durability-vocabulary,durability-barrier=13;durability-vocabulary=10,backend-barrier-evidence-consumer,crate:worth-store-physical-backend,preserve,crates/worth-store-certification/src/courtroom/protocol_models/backend_matrix/tests.rs,preserve,tracked-family-source-and-metadata-reconciliation,inventory-open
crates/worth-store-certification/src/courtroom/protocol_models/closeout/legal_execution.rs,durability-vocabulary,durability-vocabulary=6,domain-durability-meaning,crate:worth-store-certification,preserve,crates/worth-store-certification/src/courtroom/protocol_models/closeout/legal_execution.rs,preserve,tracked-family-source-and-metadata-reconciliation,inventory-open
crates/worth-store-certification/src/courtroom/protocol_models/closeout/ordinary_execution.rs,checkpoint-publication;durability-vocabulary,checkpoint-publication=1;durability-vocabulary=18,checkpoint-publication-and-retention,crate:worth-store-certification,preserve,crates/worth-store-certification/src/courtroom/protocol_models/closeout/ordinary_execution.rs,preserve,tracked-family-source-and-metadata-reconciliation,inventory-open
crates/worth-store-certification/src/courtroom/protocol_models/closeout/owner_coverage.rs,durability-vocabulary,durability-vocabulary=8,domain-durability-meaning,crate:worth-store-certification,preserve,crates/worth-store-certification/src/courtroom/protocol_models/closeout/owner_coverage.rs,preserve,tracked-family-source-and-metadata-reconciliation,inventory-open
crates/worth-store-certification/src/courtroom/protocol_models/closeout/report.rs,durability-vocabulary,durability-vocabulary=11,domain-durability-meaning,crate:worth-store-certification,preserve,crates/worth-store-certification/src/courtroom/protocol_models/closeout/report.rs,preserve,tracked-family-source-and-metadata-reconciliation,inventory-open
crates/worth-store-certification/src/courtroom/protocol_models/closeout/tests.rs,durability-barrier;durability-vocabulary,durability-barrier=6;durability-vocabulary=14,backend-barrier-evidence-consumer,crate:worth-store-physical-backend,preserve,crates/worth-store-certification/src/courtroom/protocol_models/closeout/tests.rs,preserve,tracked-family-source-and-metadata-reconciliation,inventory-open
crates/worth-store-certification/src/courtroom/protocol_models/closeout/tests/fixtures.rs,durability-vocabulary,durability-vocabulary=3,domain-durability-meaning,crate:worth-store-certification,preserve,crates/worth-store-certification/src/courtroom/protocol_models/closeout/tests/fixtures.rs,preserve,tracked-family-source-and-metadata-reconciliation,inventory-open
crates/worth-store-certification/src/courtroom/protocol_models/compaction_visibility/tests.rs,durability-vocabulary,durability-vocabulary=2,domain-durability-meaning,crate:worth-store-certification,preserve,crates/worth-store-certification/src/courtroom/protocol_models/compaction_visibility/tests.rs,preserve,tracked-family-source-and-metadata-reconciliation,inventory-open
crates/worth-store-certification/src/courtroom/protocol_models/durability_recovery/certified_wal_mapping.rs,acknowledgment-topology;durability-vocabulary;wal-topology,acknowledgment-topology=2;durability-vocabulary=12;wal-topology=2,wal-only-formal-refinement,worth-store-certification/durability-recovery/physical-ack-mapping,delete,crates/worth-store-certification/src/courtroom/protocol_models/durability_recovery/certified_wal_mapping.rs,phase-9,tracked-family-source-and-metadata-reconciliation,deleted-phase-9
crates/worth-store-certification/src/courtroom/protocol_models/durability_recovery/mod.rs,acknowledgment-topology,acknowledgment-topology=1,certified-durability-recovery-module-topology,crate:worth-store-certification,preserve,crates/worth-store-certification/src/courtroom/protocol_models/durability_recovery/mod.rs,preserve,tracked-family-source-and-metadata-reconciliation,inventory-open
crates/worth-store-certification/src/courtroom/protocol_models/durability_recovery/physical_ack_mapping.rs,acknowledgment-topology;durability-barrier;durability-vocabulary;wal-topology,acknowledgment-topology=7;durability-barrier=1;durability-vocabulary=14;wal-topology=2,canonical-store-acknowledgment-formal-mapping,worth-store-certification/durability-recovery-protocol,preserve,crates/worth-store-certification/src/courtroom/protocol_models/durability_recovery/physical_ack_mapping.rs,preserve,tracked-family-source-and-metadata-reconciliation,inventory-open
crates/worth-store-certification/src/courtroom/protocol_models/durability_recovery/scenario.rs,acknowledgment-topology;checkpoint-publication;durability-barrier;durability-vocabulary;wal-topology,acknowledgment-topology=7;checkpoint-publication=4;durability-barrier=6;durability-vocabulary=39;wal-topology=12,certification-durability-recovery-mechanism-scenario,crate:worth-store-certification,preserve,crates/worth-store-certification/src/courtroom/protocol_models/durability_recovery/scenario.rs,preserve,tracked-family-source-and-metadata-reconciliation,inventory-open
crates/worth-store-certification/src/courtroom/protocol_models/durability_recovery/tests.rs,acknowledgment-topology;durability-barrier;durability-vocabulary;wal-topology,acknowledgment-topology=5;durability-barrier=1;durability-vocabulary=16;wal-topology=2,direct-wal-durability-execution,physical_runtime/durability/wal,replace,crates/worth-store-certification/src/courtroom/protocol_models/durability_recovery/tests.rs,phase-3,tracked-family-source-and-metadata-reconciliation,inventory-open
crates/worth-store-certification/src/courtroom/protocol_models/import_publication/scenario.rs,durability-barrier;durability-vocabulary;root-publication-topology,durability-barrier=1;durability-vocabulary=3;root-publication-topology=2,backend-barrier-evidence-consumer,crate:worth-store-physical-backend,preserve,crates/worth-store-certification/src/courtroom/protocol_models/import_publication/scenario.rs,preserve,tracked-family-source-and-metadata-reconciliation,inventory-open
crates/worth-store-certification/src/courtroom/protocol_models/import_publication/tests.rs,durability-vocabulary,durability-vocabulary=6,domain-durability-meaning,crate:worth-store-certification,preserve,crates/worth-store-certification/src/courtroom/protocol_models/import_publication/tests.rs,preserve,tracked-family-source-and-metadata-reconciliation,inventory-open
crates/worth-store-certification/src/courtroom/protocol_models/mod.rs,durability-vocabulary,durability-vocabulary=1,domain-durability-meaning,crate:worth-store-certification,preserve,crates/worth-store-certification/src/courtroom/protocol_models/mod.rs,preserve,tracked-family-source-and-metadata-reconciliation,inventory-open
crates/worth-store-certification/src/courtroom/protocol_models/mutants/catalog.rs,acknowledgment-topology;durability-vocabulary,acknowledgment-topology=8;durability-vocabulary=18,acknowledgment-consumer,C7-courtroom/settlement,narrow,crates/worth-store-certification/src/courtroom/protocol_models/mutants/catalog.rs,phase-10,tracked-family-source-and-metadata-reconciliation,inventory-open
crates/worth-store-certification/src/courtroom/protocol_models/mutants/execution.rs,durability-vocabulary,durability-vocabulary=1,domain-durability-meaning,crate:worth-store-certification,preserve,crates/worth-store-certification/src/courtroom/protocol_models/mutants/execution.rs,preserve,tracked-family-source-and-metadata-reconciliation,inventory-open
crates/worth-store-certification/src/courtroom/protocol_models/mutants/localization.rs,acknowledgment-topology;durability-vocabulary,acknowledgment-topology=3;durability-vocabulary=14,acknowledgment-consumer,C7-courtroom/settlement,narrow,crates/worth-store-certification/src/courtroom/protocol_models/mutants/localization.rs,phase-10,tracked-family-source-and-metadata-reconciliation,inventory-open
crates/worth-store-certification/src/courtroom/protocol_models/mutants/mapped_guard.rs,acknowledgment-topology;durability-vocabulary;wal-topology,acknowledgment-topology=2;durability-vocabulary=13;wal-topology=1,backend-barrier-evidence-consumer,crate:worth-store-physical-backend,preserve,crates/worth-store-certification/src/courtroom/protocol_models/mutants/mapped_guard.rs,preserve,tracked-family-source-and-metadata-reconciliation,inventory-open
crates/worth-store-certification/src/courtroom/protocol_models/mutants/physical_replay.rs,acknowledgment-topology;durability-vocabulary,acknowledgment-topology=10;durability-vocabulary=22,acknowledgment-consumer,C7-courtroom/settlement,narrow,crates/worth-store-certification/src/courtroom/protocol_models/mutants/physical_replay.rs,phase-10,tracked-family-source-and-metadata-reconciliation,inventory-open
crates/worth-store-certification/src/courtroom/protocol_models/mutants/scheduled_shrink.rs,acknowledgment-topology;durability-barrier;durability-vocabulary,acknowledgment-topology=4;durability-barrier=1;durability-vocabulary=8,backend-barrier-evidence-consumer,crate:worth-store-physical-backend,preserve,crates/worth-store-certification/src/courtroom/protocol_models/mutants/scheduled_shrink.rs,preserve,tracked-family-source-and-metadata-reconciliation,inventory-open
crates/worth-store-certification/src/courtroom/protocol_models/quarantine_readmission/scenario.rs,durability-vocabulary,durability-vocabulary=5,domain-durability-meaning,crate:worth-store-certification,preserve,crates/worth-store-certification/src/courtroom/protocol_models/quarantine_readmission/scenario.rs,preserve,tracked-family-source-and-metadata-reconciliation,inventory-open
crates/worth-store-certification/src/courtroom/protocol_models/replication_admission/scenarios/ordinary_owner_execution.rs,durability-barrier;durability-vocabulary;wal-topology,durability-barrier=1;durability-vocabulary=5;wal-topology=1,domain-wal-topology-consumer,crate:worth-store-certification,preserve,crates/worth-store-certification/src/courtroom/protocol_models/replication_admission/scenarios/ordinary_owner_execution.rs,preserve,tracked-family-source-and-metadata-reconciliation,inventory-open
crates/worth-store-certification/src/courtroom/protocol_models/runner_workflow/tests.rs,checkpoint-publication;durability-vocabulary,checkpoint-publication=1;durability-vocabulary=2,checkpoint-publication-and-retention,crate:worth-store-certification,preserve,crates/worth-store-certification/src/courtroom/protocol_models/runner_workflow/tests.rs,preserve,tracked-family-source-and-metadata-reconciliation,inventory-open
crates/worth-store-certification/src/courtroom/protocol_models/shared_frontiers/tests.rs,durability-vocabulary,durability-vocabulary=29,domain-durability-meaning,crate:worth-store-certification,preserve,crates/worth-store-certification/src/courtroom/protocol_models/shared_frontiers/tests.rs,preserve,tracked-family-source-and-metadata-reconciliation,inventory-open
crates/worth-store-certification/src/courtroom/protocol_models/source_precedence/scenario.rs,page-lsn,page-lsn=2,page-recovery-ordering,crate:worth-store-certification,preserve,crates/worth-store-certification/src/courtroom/protocol_models/source_precedence/scenario.rs,preserve,tracked-family-source-and-metadata-reconciliation,inventory-open
crates/worth-store-certification/src/courtroom/recovery/recovery_scope_propagation_tests.rs,wal-topology,wal-topology=8,domain-wal-topology-consumer,crate:worth-store-certification,preserve,crates/worth-store-certification/src/courtroom/recovery/recovery_scope_propagation_tests.rs,preserve,tracked-family-source-and-metadata-reconciliation,inventory-open
crates/worth-store-certification/src/courtroom/recovery/scope_propagation.rs,wal-topology,wal-topology=4,domain-wal-topology-consumer,crate:worth-store-certification,preserve,crates/worth-store-certification/src/courtroom/recovery/scope_propagation.rs,preserve,tracked-family-source-and-metadata-reconciliation,inventory-open
crates/worth-store-certification/src/courtroom/recovery/support.rs,wal-topology,wal-topology=4,domain-wal-topology-consumer,crate:worth-store-certification,preserve,crates/worth-store-certification/src/courtroom/recovery/support.rs,preserve,tracked-family-source-and-metadata-reconciliation,inventory-open
crates/worth-store-certification/src/courtroom/scheduling/backend_capability_admission_tests.rs,durability-barrier;durability-vocabulary,durability-barrier=1;durability-vocabulary=1,backend-barrier-evidence-consumer,crate:worth-store-physical-backend,preserve,crates/worth-store-certification/src/courtroom/scheduling/backend_capability_admission_tests.rs,preserve,tracked-family-source-and-metadata-reconciliation,inventory-open
crates/worth-store-certification/src/courtroom/scheduling/backend_qualification_tests.rs,durability-barrier;durability-vocabulary,durability-barrier=3;durability-vocabulary=1,backend-barrier-evidence-consumer,crate:worth-store-physical-backend,preserve,crates/worth-store-certification/src/courtroom/scheduling/backend_qualification_tests.rs,preserve,tracked-family-source-and-metadata-reconciliation,inventory-open
crates/worth-store-certification/src/courtroom/scheduling/background_pacing_tests/support.rs,durability-barrier;durability-vocabulary,durability-barrier=1;durability-vocabulary=1,backend-barrier-evidence-consumer,crate:worth-store-physical-backend,preserve,crates/worth-store-certification/src/courtroom/scheduling/background_pacing_tests/support.rs,preserve,tracked-family-source-and-metadata-reconciliation,inventory-open
crates/worth-store-certification/src/courtroom/scheduling/flush_durability.rs,acknowledgment-topology;durability-vocabulary,acknowledgment-topology=6;durability-vocabulary=2,checkpoint-publication-and-retention,crate:worth-store-certification,preserve,crates/worth-store-certification/src/courtroom/scheduling/flush_durability.rs,preserve,tracked-family-source-and-metadata-reconciliation,inventory-open
crates/worth-store-certification/src/courtroom/scheduling/materialized_closeout.rs,durability-vocabulary,durability-vocabulary=1,domain-durability-meaning,crate:worth-store-certification,preserve,crates/worth-store-certification/src/courtroom/scheduling/materialized_closeout.rs,preserve,tracked-family-source-and-metadata-reconciliation,inventory-open
crates/worth-store-certification/src/courtroom/scheduling/mod.rs,durability-vocabulary,durability-vocabulary=3,domain-durability-meaning,crate:worth-store-certification,preserve,crates/worth-store-certification/src/courtroom/scheduling/mod.rs,preserve,tracked-family-source-and-metadata-reconciliation,inventory-open
crates/worth-store-certification/src/courtroom/scheduling/reclaim_policy_tests.rs,durability-barrier,durability-barrier=1,backend-barrier-evidence-consumer,crate:worth-store-physical-backend,preserve,crates/worth-store-certification/src/courtroom/scheduling/reclaim_policy_tests.rs,preserve,tracked-family-source-and-metadata-reconciliation,inventory-open
crates/worth-store-certification/src/courtroom/security/cross_family_wrong_scope_tests.rs,durability-vocabulary;wal-topology,durability-vocabulary=2;wal-topology=2,domain-wal-topology-consumer,crate:worth-store-certification,preserve,crates/worth-store-certification/src/courtroom/security/cross_family_wrong_scope_tests.rs,preserve,tracked-family-source-and-metadata-reconciliation,inventory-open
crates/worth-store-certification/src/courtroom/security/physical_scope_admission_tests.rs,wal-topology,wal-topology=4,domain-wal-topology-consumer,crate:worth-store-certification,preserve,crates/worth-store-certification/src/courtroom/security/physical_scope_admission_tests.rs,preserve,tracked-family-source-and-metadata-reconciliation,inventory-open
crates/worth-store-certification/src/evidence/cross_cutting/offline_verifier_evidence_tests.rs,root-publication-topology,root-publication-topology=4,root-publication-consumer,C7-courtroom/root-publication,narrow,crates/worth-store-certification/src/evidence/cross_cutting/offline_verifier_evidence_tests.rs,phase-10,tracked-family-source-and-metadata-reconciliation,inventory-open
crates/worth-store-certification/src/evidence/physical_integrity/manifest_discovery_evidence.rs,root-publication-topology,root-publication-topology=10,root-publication-consumer,C7-courtroom/root-publication,narrow,crates/worth-store-certification/src/evidence/physical_integrity/manifest_discovery_evidence.rs,phase-10,tracked-family-source-and-metadata-reconciliation,inventory-open
crates/worth-store-certification/src/evidence/physical_integrity/manifest_discovery_evidence_tests.rs,root-publication-topology,root-publication-topology=18,root-publication-consumer,C7-courtroom/root-publication,narrow,crates/worth-store-certification/src/evidence/physical_integrity/manifest_discovery_evidence_tests.rs,phase-10,tracked-family-source-and-metadata-reconciliation,inventory-open
crates/worth-store-certification/src/evidence/physical_integrity/physical_identity_evidence.rs,root-publication-topology,root-publication-topology=10,root-publication-consumer,C7-courtroom/root-publication,narrow,crates/worth-store-certification/src/evidence/physical_integrity/physical_identity_evidence.rs,phase-10,tracked-family-source-and-metadata-reconciliation,inventory-open
crates/worth-store-certification/src/evidence/physical_integrity/quarantine_receipt_binding_tests.rs,wal-topology,wal-topology=12,domain-wal-topology-consumer,crate:worth-store-certification,preserve,crates/worth-store-certification/src/evidence/physical_integrity/quarantine_receipt_binding_tests.rs,preserve,tracked-family-source-and-metadata-reconciliation,inventory-open
crates/worth-store-certification/src/evidence/scheduling/adoption.rs,durability-vocabulary,durability-vocabulary=2,domain-durability-meaning,crate:worth-store-certification,preserve,crates/worth-store-certification/src/evidence/scheduling/adoption.rs,preserve,tracked-family-source-and-metadata-reconciliation,inventory-open
crates/worth-store-certification/src/evidence/scheduling/binding.rs,durability-vocabulary,durability-vocabulary=15,domain-durability-meaning,crate:worth-store-certification,preserve,crates/worth-store-certification/src/evidence/scheduling/binding.rs,preserve,tracked-family-source-and-metadata-reconciliation,inventory-open
crates/worth-store-certification/src/evidence/scheduling/binding_identity.rs,durability-barrier;durability-vocabulary,durability-barrier=1;durability-vocabulary=2,backend-barrier-evidence-consumer,crate:worth-store-physical-backend,preserve,crates/worth-store-certification/src/evidence/scheduling/binding_identity.rs,preserve,tracked-family-source-and-metadata-reconciliation,inventory-open
crates/worth-store-certification/src/evidence/scheduling/bundle.rs,durability-vocabulary,durability-vocabulary=5,domain-durability-meaning,crate:worth-store-certification,preserve,crates/worth-store-certification/src/evidence/scheduling/bundle.rs,preserve,tracked-family-source-and-metadata-reconciliation,inventory-open
crates/worth-store-certification/src/evidence/scheduling/canonical.rs,durability-vocabulary,durability-vocabulary=2,domain-durability-meaning,crate:worth-store-certification,preserve,crates/worth-store-certification/src/evidence/scheduling/canonical.rs,preserve,tracked-family-source-and-metadata-reconciliation,inventory-open
crates/worth-store-certification/src/evidence/scheduling/counter_strength.rs,durability-vocabulary,durability-vocabulary=1,domain-durability-meaning,crate:worth-store-certification,preserve,crates/worth-store-certification/src/evidence/scheduling/counter_strength.rs,preserve,tracked-family-source-and-metadata-reconciliation,inventory-open
crates/worth-store-certification/src/evidence/scheduling/denial.rs,durability-vocabulary,durability-vocabulary=1,domain-durability-meaning,crate:worth-store-certification,preserve,crates/worth-store-certification/src/evidence/scheduling/denial.rs,preserve,tracked-family-source-and-metadata-reconciliation,inventory-open
crates/worth-store-certification/src/evidence/scheduling/performance.rs,durability-vocabulary,durability-vocabulary=1,domain-durability-meaning,crate:worth-store-certification,preserve,crates/worth-store-certification/src/evidence/scheduling/performance.rs,preserve,tracked-family-source-and-metadata-reconciliation,inventory-open
crates/worth-store-certification/src/evidence/scheduling/proof.rs,durability-vocabulary,durability-vocabulary=1,domain-durability-meaning,crate:worth-store-certification,preserve,crates/worth-store-certification/src/evidence/scheduling/proof.rs,preserve,tracked-family-source-and-metadata-reconciliation,inventory-open
crates/worth-store-certification/src/evidence/scheduling/sources.rs,durability-vocabulary,durability-vocabulary=16,domain-durability-meaning,crate:worth-store-certification,preserve,crates/worth-store-certification/src/evidence/scheduling/sources.rs,preserve,tracked-family-source-and-metadata-reconciliation,inventory-open
crates/worth-store-certification/src/evidence/security/counter_matrix.rs,checkpoint-publication,checkpoint-publication=1,checkpoint-publication-and-retention,crate:worth-store-certification,preserve,crates/worth-store-certification/src/evidence/security/counter_matrix.rs,preserve,tracked-family-source-and-metadata-reconciliation,inventory-open
crates/worth-store-certification/src/public_api.rs,durability-vocabulary,durability-vocabulary=4,domain-durability-meaning,crate:worth-store-certification,preserve,crates/worth-store-certification/src/public_api.rs,preserve,tracked-family-source-and-metadata-reconciliation,inventory-open
crates/worth-store-certification/src/scenario/cross_cutting/drivers.rs,wal-topology,wal-topology=2,domain-wal-topology-consumer,crate:worth-store-certification,preserve,crates/worth-store-certification/src/scenario/cross_cutting/drivers.rs,preserve,tracked-family-source-and-metadata-reconciliation,inventory-open
crates/worth-store-certification/src/scenario/physical_integrity/physical_integrity_closeout_harness_runner.rs,wal-topology,wal-topology=1,domain-wal-topology-consumer,crate:worth-store-certification,preserve,crates/worth-store-certification/src/scenario/physical_integrity/physical_integrity_closeout_harness_runner.rs,preserve,tracked-family-source-and-metadata-reconciliation,inventory-open
crates/worth-store-certification/tests/compile_fail/protocol_models/cases/authority_inversion/src/bin/model_action_as_publication_authority.rs,durability-vocabulary,durability-vocabulary=1,domain-durability-meaning,crate:worth-store-certification,preserve,crates/worth-store-certification/tests/compile_fail/protocol_models/cases/authority_inversion/src/bin/model_action_as_publication_authority.rs,preserve,tracked-family-source-and-metadata-reconciliation,inventory-open
crates/worth-store-certification/tests/scenarios/layout/bootstrap/bootstrap_catalog.rs,durability-vocabulary;root-publication-topology,durability-vocabulary=2;root-publication-topology=2,root-publication-consumer,C7-courtroom/root-publication,narrow,crates/worth-store-certification/tests/scenarios/layout/bootstrap/bootstrap_catalog.rs,phase-10,tracked-family-source-and-metadata-reconciliation,inventory-open
crates/worth-store-certification/tests/scenarios/layout/btree_replay_authority/btree_replay_authority.rs,wal-topology,wal-topology=1,domain-wal-topology-consumer,crate:worth-store-certification,preserve,crates/worth-store-certification/tests/scenarios/layout/btree_replay_authority/btree_replay_authority.rs,preserve,tracked-family-source-and-metadata-reconciliation,inventory-open
crates/worth-store-certification/tests/scenarios/layout/layout_corruption_rebuild/layout_corruption_rebuild.rs,durability-vocabulary;root-publication-topology,durability-vocabulary=2;root-publication-topology=3,root-publication-consumer,C7-courtroom/root-publication,narrow,crates/worth-store-certification/tests/scenarios/layout/layout_corruption_rebuild/layout_corruption_rebuild.rs,phase-10,tracked-family-source-and-metadata-reconciliation,inventory-open
crates/worth-store-certification/tests/scenarios/layout/lsm_lookup_authority/activation_mutation.rs,durability-barrier,durability-barrier=1,backend-barrier-evidence-consumer,crate:worth-store-physical-backend,preserve,crates/worth-store-certification/tests/scenarios/layout/lsm_lookup_authority/activation_mutation.rs,preserve,tracked-family-source-and-metadata-reconciliation,inventory-open
crates/worth-store-certification/tests/scenarios/layout/lsm_lookup_authority/lsm_lookup_authority.rs,durability-vocabulary;wal-topology,durability-vocabulary=10;wal-topology=10,lsm-lookup-authority-scenario,worth-store-certification/layout-owner-scenarios,delete,crates/worth-store-certification/tests/scenarios/layout/lsm_lookup_authority/lsm_lookup_authority.rs,phase-9,tracked-family-source-and-metadata-reconciliation,deleted-phase-9
crates/worth-store-certification/tests/scenarios/physical_isolation/copy_on_write_publication/copy_on_write_publication.rs,root-publication-topology,root-publication-topology=10,root-publication-consumer,C7-courtroom/root-publication,narrow,crates/worth-store-certification/tests/scenarios/physical_isolation/copy_on_write_publication/copy_on_write_publication.rs,phase-10,tracked-family-source-and-metadata-reconciliation,inventory-open
crates/worth-store-certification/tests/scenarios/physical_isolation/epoch_scope_and_root_kind/epoch_scope_and_root_kind.rs,checkpoint-publication;durability-vocabulary,checkpoint-publication=5;durability-vocabulary=3,checkpoint-publication-and-retention,crate:worth-store-certification,preserve,crates/worth-store-certification/tests/scenarios/physical_isolation/epoch_scope_and_root_kind/epoch_scope_and_root_kind.rs,preserve,tracked-family-source-and-metadata-reconciliation,inventory-open
crates/worth-store-certification/tests/scenarios/physical_isolation/interleaving_harness_consumption/interleaving_harness_consumption.rs,checkpoint-publication,checkpoint-publication=1,obsolete-pre-cutover-interleaving-consumption-proof,no-successor/obsolete-pre-cutover-proof,delete,crates/worth-store-certification/tests/scenarios/physical_isolation/interleaving_harness_consumption/interleaving_harness_consumption.rs,phase-9,tracked-family-source-and-metadata-reconciliation,deleted-phase-9
crates/worth-store-certification/tests/scenarios/physical_isolation/interleaving_harness_denials/interleaving_harness_denials.rs,checkpoint-publication,checkpoint-publication=3,obsolete-pre-cutover-interleaving-denial-proof,no-successor/obsolete-pre-cutover-proof,delete,crates/worth-store-certification/tests/scenarios/physical_isolation/interleaving_harness_denials/interleaving_harness_denials.rs,phase-9,tracked-family-source-and-metadata-reconciliation,deleted-phase-9
crates/worth-store-certification/tests/scenarios/physical_isolation/physical_isolation_closeout/physical_isolation_closeout.rs,checkpoint-publication,checkpoint-publication=1,checkpoint-publication-and-retention,crate:worth-store-certification,preserve,crates/worth-store-certification/tests/scenarios/physical_isolation/physical_isolation_closeout/physical_isolation_closeout.rs,preserve,tracked-family-source-and-metadata-reconciliation,inventory-open
crates/worth-store-certification/tests/scenarios/physical_isolation/read_during_checkpoint/read_during_checkpoint.rs,checkpoint-publication;durability-vocabulary;page-lsn,checkpoint-publication=21;durability-vocabulary=10;page-lsn=1,page-recovery-ordering,crate:worth-store-certification,preserve,crates/worth-store-certification/tests/scenarios/physical_isolation/read_during_checkpoint/read_during_checkpoint.rs,preserve,tracked-family-source-and-metadata-reconciliation,inventory-open
crates/worth-store-certification/tests/scenarios/physical_isolation/simulation_harness_readiness/simulation_harness_readiness.rs,root-publication-topology,root-publication-topology=1,obsolete-pre-cutover-simulation-readiness-proof,no-successor/obsolete-pre-cutover-proof,delete,crates/worth-store-certification/tests/scenarios/physical_isolation/simulation_harness_readiness/simulation_harness_readiness.rs,phase-9,tracked-family-source-and-metadata-reconciliation,deleted-phase-9
crates/worth-store-certification/tests/scenarios/recovery/bounded_recovery_budget/bounded_recovery_budget.rs,wal-topology,wal-topology=2,domain-wal-topology-consumer,crate:worth-store-certification,preserve,crates/worth-store-certification/tests/scenarios/recovery/bounded_recovery_budget/bounded_recovery_budget.rs,preserve,tracked-family-source-and-metadata-reconciliation,inventory-open
crates/worth-store-certification/tests/scenarios/recovery/checkpoint_cutover/checkpoint_cutover.rs,checkpoint-publication;durability-vocabulary;page-lsn;wal-topology,checkpoint-publication=22;durability-vocabulary=50;page-lsn=1;wal-topology=3,page-recovery-ordering,crate:worth-store-certification,preserve,crates/worth-store-certification/tests/scenarios/recovery/checkpoint_cutover/checkpoint_cutover.rs,preserve,tracked-family-source-and-metadata-reconciliation,inventory-open
crates/worth-store-certification/tests/scenarios/recovery/checkpoint_publication_receipt_origin_hardening/checkpoint_publication_receipt_origin_hardening.rs,checkpoint-publication,checkpoint-publication=18,checkpoint-publication-and-retention,crate:worth-store-certification,preserve,crates/worth-store-certification/tests/scenarios/recovery/checkpoint_publication_receipt_origin_hardening/checkpoint_publication_receipt_origin_hardening.rs,preserve,tracked-family-source-and-metadata-reconciliation,inventory-open
crates/worth-store-certification/tests/scenarios/recovery/checkpoint_publication_scheduled_lane_hardening/checkpoint_publication_scheduled_lane_hardening.rs,checkpoint-publication,checkpoint-publication=36,checkpoint-publication-and-retention,crate:worth-store-certification,preserve,crates/worth-store-certification/tests/scenarios/recovery/checkpoint_publication_scheduled_lane_hardening/checkpoint_publication_scheduled_lane_hardening.rs,preserve,tracked-family-source-and-metadata-reconciliation,inventory-open
crates/worth-store-certification/tests/scenarios/recovery/deterministic_schedule_replay/owner_execution.rs,root-publication-topology,root-publication-topology=10,root-publication-consumer,C7-courtroom/root-publication,narrow,crates/worth-store-certification/tests/scenarios/recovery/deterministic_schedule_replay/owner_execution.rs,phase-10,tracked-family-source-and-metadata-reconciliation,inventory-open
crates/worth-store-certification/tests/scenarios/recovery/driver_contract_denials/driver_contract_denials.rs,durability-barrier;durability-vocabulary;root-publication-topology,durability-barrier=10;durability-vocabulary=6;root-publication-topology=4,backend-barrier-evidence-consumer,crate:worth-store-physical-backend,preserve,crates/worth-store-certification/tests/scenarios/recovery/driver_contract_denials/driver_contract_denials.rs,preserve,tracked-family-source-and-metadata-reconciliation,inventory-open
crates/worth-store-certification/tests/scenarios/recovery/fault_delivery_boundary/fault_delivery_boundary.rs,root-publication-topology;wal-topology,root-publication-topology=7;wal-topology=1,root-publication-consumer,C7-courtroom/root-publication,narrow,crates/worth-store-certification/tests/scenarios/recovery/fault_delivery_boundary/fault_delivery_boundary.rs,phase-10,tracked-family-source-and-metadata-reconciliation,inventory-open
crates/worth-store-certification/tests/scenarios/recovery/idempotent_redo_replay/idempotent_redo_replay.rs,page-lsn;wal-topology,page-lsn=2;wal-topology=2,page-recovery-ordering,crate:worth-store-certification,preserve,crates/worth-store-certification/tests/scenarios/recovery/idempotent_redo_replay/idempotent_redo_replay.rs,preserve,tracked-family-source-and-metadata-reconciliation,inventory-open
crates/worth-store-certification/tests/scenarios/recovery/partial_publication_classification/crash_edge_observations.rs,durability-vocabulary;wal-topology,durability-vocabulary=11;wal-topology=3,wal-acknowledgment-precondition,physical_runtime/durability/wal,narrow,crates/worth-store-certification/tests/scenarios/recovery/partial_publication_classification/crash_edge_observations.rs,phase-3,tracked-family-source-and-metadata-reconciliation,inventory-open
crates/worth-store-certification/tests/scenarios/recovery/partial_publication_classification/non_authoritative_observations.rs,durability-vocabulary,durability-vocabulary=2,domain-durability-meaning,crate:worth-store-certification,preserve,crates/worth-store-certification/tests/scenarios/recovery/partial_publication_classification/non_authoritative_observations.rs,preserve,tracked-family-source-and-metadata-reconciliation,inventory-open
crates/worth-store-certification/tests/scenarios/recovery/partial_publication_classification/partial_publication_classification.rs,checkpoint-publication;durability-vocabulary;wal-topology,checkpoint-publication=1;durability-vocabulary=11;wal-topology=7,checkpoint-publication-and-retention,crate:worth-store-certification,preserve,crates/worth-store-certification/tests/scenarios/recovery/partial_publication_classification/partial_publication_classification.rs,preserve,tracked-family-source-and-metadata-reconciliation,inventory-open
crates/worth-store-certification/tests/scenarios/recovery/production_backed_fixture_authority/production_backed_fixture_authority.rs,wal-topology,wal-topology=2,domain-wal-topology-consumer,crate:worth-store-certification,preserve,crates/worth-store-certification/tests/scenarios/recovery/production_backed_fixture_authority/production_backed_fixture_authority.rs,preserve,tracked-family-source-and-metadata-reconciliation,inventory-open
crates/worth-store-certification/tests/scenarios/recovery/production_driver_contracts/production_driver_contracts.rs,durability-barrier;durability-vocabulary;root-publication-topology,durability-barrier=4;durability-vocabulary=3;root-publication-topology=1,backend-barrier-evidence-consumer,crate:worth-store-physical-backend,preserve,crates/worth-store-certification/tests/scenarios/recovery/production_driver_contracts/production_driver_contracts.rs,preserve,tracked-family-source-and-metadata-reconciliation,inventory-open
crates/worth-store-certification/tests/scenarios/recovery/production_driver_yieldpoint_matrix/production_driver_yieldpoint_matrix.rs,durability-barrier;durability-vocabulary,durability-barrier=4;durability-vocabulary=3,backend-barrier-evidence-consumer,crate:worth-store-physical-backend,preserve,crates/worth-store-certification/tests/scenarios/recovery/production_driver_yieldpoint_matrix/production_driver_yieldpoint_matrix.rs,preserve,tracked-family-source-and-metadata-reconciliation,inventory-open
crates/worth-store-certification/tests/scenarios/recovery/recovery_source_precedence/assertions.rs,wal-topology,wal-topology=3,domain-wal-topology-consumer,crate:worth-store-certification,preserve,crates/worth-store-certification/tests/scenarios/recovery/recovery_source_precedence/assertions.rs,preserve,tracked-family-source-and-metadata-reconciliation,inventory-open
crates/worth-store-certification/tests/scenarios/recovery/recovery_source_precedence/recovery_source_precedence.rs,durability-vocabulary;page-lsn;wal-topology,durability-vocabulary=7;page-lsn=5;wal-topology=5,page-recovery-ordering,crate:worth-store-certification,preserve,crates/worth-store-certification/tests/scenarios/recovery/recovery_source_precedence/recovery_source_precedence.rs,preserve,tracked-family-source-and-metadata-reconciliation,inventory-open
crates/worth-store-certification/tests/scenarios/recovery/s10_operational_world/owner_world.rs,durability-vocabulary,durability-vocabulary=1,domain-durability-meaning,crate:worth-store-certification,preserve,crates/worth-store-certification/tests/scenarios/recovery/s10_operational_world/owner_world.rs,preserve,tracked-family-source-and-metadata-reconciliation,inventory-open
crates/worth-store-certification/tests/scenarios/recovery/s10_operational_world/owner_world/audit.rs,durability-vocabulary,durability-vocabulary=2,domain-durability-meaning,crate:worth-store-certification,preserve,crates/worth-store-certification/tests/scenarios/recovery/s10_operational_world/owner_world/audit.rs,preserve,tracked-family-source-and-metadata-reconciliation,inventory-open
crates/worth-store-certification/tests/scenarios/recovery/s10_operational_world/owner_world/control_selection_defect.rs,durability-vocabulary,durability-vocabulary=1,domain-durability-meaning,crate:worth-store-certification,preserve,crates/worth-store-certification/tests/scenarios/recovery/s10_operational_world/owner_world/control_selection_defect.rs,preserve,tracked-family-source-and-metadata-reconciliation,inventory-open
crates/worth-store-certification/tests/scenarios/recovery/s10_operational_world/owner_world/crash_probe.rs,durability-vocabulary,durability-vocabulary=2,domain-durability-meaning,crate:worth-store-certification,preserve,crates/worth-store-certification/tests/scenarios/recovery/s10_operational_world/owner_world/crash_probe.rs,preserve,tracked-family-source-and-metadata-reconciliation,inventory-open
crates/worth-store-certification/tests/scenarios/recovery/s10_operational_world/physical_evidence.rs,root-publication-topology,root-publication-topology=1,root-publication-consumer,C7-courtroom/root-publication,narrow,crates/worth-store-certification/tests/scenarios/recovery/s10_operational_world/physical_evidence.rs,phase-10,tracked-family-source-and-metadata-reconciliation,inventory-open
crates/worth-store-certification/tests/scenarios/recovery/s10_operational_world/qos.rs,durability-barrier;durability-vocabulary,durability-barrier=1;durability-vocabulary=1,backend-barrier-evidence-consumer,crate:worth-store-physical-backend,preserve,crates/worth-store-certification/tests/scenarios/recovery/s10_operational_world/qos.rs,preserve,tracked-family-source-and-metadata-reconciliation,inventory-open
crates/worth-store-certification/tests/scenarios/recovery/s10_operational_world/replication.rs,durability-vocabulary,durability-vocabulary=6,domain-durability-meaning,crate:worth-store-certification,preserve,crates/worth-store-certification/tests/scenarios/recovery/s10_operational_world/replication.rs,preserve,tracked-family-source-and-metadata-reconciliation,inventory-open
crates/worth-store-certification/tests/scenarios/recovery/s10_operational_world/replication/reconciliation.rs,durability-vocabulary,durability-vocabulary=2,domain-durability-meaning,crate:worth-store-certification,preserve,crates/worth-store-certification/tests/scenarios/recovery/s10_operational_world/replication/reconciliation.rs,preserve,tracked-family-source-and-metadata-reconciliation,inventory-open
crates/worth-store-certification/tests/scenarios/recovery/s10_operational_world/s10_operational_world.rs,durability-vocabulary,durability-vocabulary=4,domain-durability-meaning,crate:worth-store-certification,preserve,crates/worth-store-certification/tests/scenarios/recovery/s10_operational_world/s10_operational_world.rs,preserve,tracked-family-source-and-metadata-reconciliation,inventory-open
crates/worth-store-certification/tests/scenarios/recovery/transcript_evidence_bundle/transcript_evidence_bundle.rs,root-publication-topology,root-publication-topology=1,root-publication-consumer,C7-courtroom/root-publication,narrow,crates/worth-store-certification/tests/scenarios/recovery/transcript_evidence_bundle/transcript_evidence_bundle.rs,phase-10,tracked-family-source-and-metadata-reconciliation,inventory-open
crates/worth-store-certification/tests/scenarios/recovery/wal_durability_ack/ack_assertions.rs,acknowledgment-topology;durability-barrier;durability-vocabulary;wal-acknowledgment,acknowledgment-topology=11;durability-barrier=3;durability-vocabulary=7;wal-acknowledgment=2,wal-only-acknowledgment-assertions,worth-store-certification/durability-recovery/physical-ack-mapping,delete,crates/worth-store-certification/tests/scenarios/recovery/wal_durability_ack/ack_assertions.rs,phase-9,tracked-family-source-and-metadata-reconciliation,deleted-phase-9
crates/worth-store-certification/tests/scenarios/recovery/wal_durability_ack/adversarial_ack_denial_paths.rs,acknowledgment-topology;durability-barrier;durability-vocabulary;wal-topology,acknowledgment-topology=2;durability-barrier=67;durability-vocabulary=33;wal-topology=11,wal-observation-denial-proof,worth-store-certification/durability-recovery-protocol,delete,crates/worth-store-certification/tests/scenarios/recovery/wal_durability_ack/adversarial_ack_denial_paths.rs,phase-9,tracked-family-source-and-metadata-reconciliation,deleted-phase-9
crates/worth-store-certification/tests/scenarios/recovery/wal_durability_ack/append_path_basis.rs,durability-barrier;durability-vocabulary;wal-topology,durability-barrier=6;durability-vocabulary=5;wal-topology=19,wal-append-observation-proof,worth-store-certification/durability-recovery-protocol,delete,crates/worth-store-certification/tests/scenarios/recovery/wal_durability_ack/append_path_basis.rs,phase-9,tracked-family-source-and-metadata-reconciliation,deleted-phase-9
crates/worth-store-certification/tests/scenarios/recovery/wal_durability_ack/certified_barrier_observations.rs,barrier-receipt;durability-barrier;durability-vocabulary;wal-topology,barrier-receipt=2;durability-barrier=8;durability-vocabulary=21;wal-topology=7,wal-barrier-observation-proof,worth-store-certification/durability-recovery-protocol,delete,crates/worth-store-certification/tests/scenarios/recovery/wal_durability_ack/certified_barrier_observations.rs,phase-9,tracked-family-source-and-metadata-reconciliation,deleted-phase-9
crates/worth-store-certification/tests/scenarios/recovery/wal_durability_ack/crash_assertions.rs,durability-vocabulary,durability-vocabulary=4,wal-crash-recovery-observation-proof,worth-store-certification/durability-recovery-protocol,delete,crates/worth-store-certification/tests/scenarios/recovery/wal_durability_ack/crash_assertions.rs,phase-9,tracked-family-source-and-metadata-reconciliation,deleted-phase-9
crates/worth-store-certification/tests/scenarios/recovery/wal_durability_ack/durable_profile_paths.rs,durability-barrier;durability-vocabulary;wal-topology,durability-barrier=36;durability-vocabulary=22;wal-topology=7,wal-durability-profile-proof,worth-store-certification/durability-recovery-protocol,delete,crates/worth-store-certification/tests/scenarios/recovery/wal_durability_ack/durable_profile_paths.rs,phase-9,tracked-family-source-and-metadata-reconciliation,deleted-phase-9
crates/worth-store-certification/tests/scenarios/recovery/wal_durability_ack/wal_durability_ack.rs,acknowledgment-precondition;acknowledgment-topology;durability-barrier;durability-vocabulary;wal-acknowledgment;wal-topology,acknowledgment-precondition=22;acknowledgment-topology=33;durability-barrier=31;durability-vocabulary=40;wal-acknowledgment=9;wal-topology=2,obsolete-wal-only-acknowledgment-suite,worth-store-certification/durability-recovery-protocol,delete,crates/worth-store-certification/tests/scenarios/recovery/wal_durability_ack/wal_durability_ack.rs,phase-9,tracked-family-source-and-metadata-reconciliation,deleted-phase-9
crates/worth-store-certification/tests/scenarios/recovery/wal_topology/wal_topology.rs,wal-topology,wal-topology=4,domain-wal-topology-consumer,crate:worth-store-certification,preserve,crates/worth-store-certification/tests/scenarios/recovery/wal_topology/wal_topology.rs,preserve,tracked-family-source-and-metadata-reconciliation,inventory-open
crates/worth-store-certification/tests/scenarios/scheduling/evidence_materialization/evidence_materialization.rs,durability-vocabulary,durability-vocabulary=3,domain-durability-meaning,crate:worth-store-certification,preserve,crates/worth-store-certification/tests/scenarios/scheduling/evidence_materialization/evidence_materialization.rs,preserve,tracked-family-source-and-metadata-reconciliation,inventory-open
crates/worth-store-certification/tests/scenarios/scheduling/evidence_materialization_support/assertions.rs,durability-vocabulary,durability-vocabulary=2,domain-durability-meaning,crate:worth-store-certification,preserve,crates/worth-store-certification/tests/scenarios/scheduling/evidence_materialization_support/assertions.rs,preserve,tracked-family-source-and-metadata-reconciliation,inventory-open
crates/worth-store-certification/tests/scenarios/scheduling/evidence_materialization_support/durability_evidence.rs,acknowledgment-topology;durability-vocabulary,acknowledgment-topology=5;durability-vocabulary=3,direct-wal-durability-execution,physical_runtime/durability/wal,replace,crates/worth-store-certification/tests/scenarios/scheduling/evidence_materialization_support/durability_evidence.rs,phase-3,tracked-family-source-and-metadata-reconciliation,inventory-open
crates/worth-store-certification/tests/scenarios/scheduling/evidence_materialization_support/mod.rs,durability-barrier;durability-vocabulary,durability-barrier=2;durability-vocabulary=8,backend-barrier-evidence-consumer,crate:worth-store-physical-backend,preserve,crates/worth-store-certification/tests/scenarios/scheduling/evidence_materialization_support/mod.rs,preserve,tracked-family-source-and-metadata-reconciliation,inventory-open
crates/worth-store-certification/tests/scenarios/scheduling/evidence_materialization_support/qualification_residual_debt.rs,durability-barrier;durability-vocabulary,durability-barrier=5;durability-vocabulary=7,backend-barrier-evidence-consumer,crate:worth-store-physical-backend,preserve,crates/worth-store-certification/tests/scenarios/scheduling/evidence_materialization_support/qualification_residual_debt.rs,preserve,tracked-family-source-and-metadata-reconciliation,inventory-open
crates/worth-store-certification/tests/scenarios/scheduling/evidence_materialization_support/source_variants.rs,durability-barrier;durability-vocabulary,durability-barrier=1;durability-vocabulary=2,backend-barrier-evidence-consumer,crate:worth-store-physical-backend,preserve,crates/worth-store-certification/tests/scenarios/scheduling/evidence_materialization_support/source_variants.rs,preserve,tracked-family-source-and-metadata-reconciliation,inventory-open
crates/worth-store-certification/tests/scenarios/scheduling/flush_durability/flush_durability.rs,acknowledgment-topology;durability-vocabulary,acknowledgment-topology=7;durability-vocabulary=2,direct-wal-durability-execution,physical_runtime/durability/wal,replace,crates/worth-store-certification/tests/scenarios/scheduling/flush_durability/flush_durability.rs,phase-3,tracked-family-source-and-metadata-reconciliation,inventory-open
crates/worth-store-certification/tests/scenarios/scheduling/latency_interference/latency_interference.rs,durability-barrier;durability-vocabulary,durability-barrier=1;durability-vocabulary=1,backend-barrier-evidence-consumer,crate:worth-store-physical-backend,preserve,crates/worth-store-certification/tests/scenarios/scheduling/latency_interference/latency_interference.rs,preserve,tracked-family-source-and-metadata-reconciliation,inventory-open
crates/worth-store-certification/tests/scenarios/scheduling/secure_io_execution/secure_io_execution.rs,durability-barrier;durability-vocabulary,durability-barrier=1;durability-vocabulary=1,backend-barrier-evidence-consumer,crate:worth-store-physical-backend,preserve,crates/worth-store-certification/tests/scenarios/scheduling/secure_io_execution/secure_io_execution.rs,preserve,tracked-family-source-and-metadata-reconciliation,inventory-open
crates/worth-store-certification/tests/scenarios/security/certification_closeout/certification_closeout.rs,checkpoint-publication,checkpoint-publication=1,checkpoint-publication-and-retention,crate:worth-store-certification,preserve,crates/worth-store-certification/tests/scenarios/security/certification_closeout/certification_closeout.rs,preserve,tracked-family-source-and-metadata-reconciliation,inventory-open
crates/worth-store-certification/tests/scenarios/security/security_scope_simulation_harness/security_scope_simulation_harness.rs,checkpoint-publication,checkpoint-publication=1,checkpoint-publication-and-retention,crate:worth-store-certification,preserve,crates/worth-store-certification/tests/scenarios/security/security_scope_simulation_harness/security_scope_simulation_harness.rs,preserve,tracked-family-source-and-metadata-reconciliation,inventory-open
crates/worth-store-certification/tests/scheduler_queue_execution/support.rs,durability-barrier;durability-vocabulary,durability-barrier=2;durability-vocabulary=1,backend-barrier-evidence-consumer,crate:worth-store-physical-backend,preserve,crates/worth-store-certification/tests/scheduler_queue_execution/support.rs,preserve,tracked-family-source-and-metadata-reconciliation,inventory-open
crates/worth-store-certification/tests/suites/io_scheduling.rs,durability-vocabulary,durability-vocabulary=3,domain-durability-meaning,crate:worth-store-certification,preserve,crates/worth-store-certification/tests/suites/io_scheduling.rs,preserve,tracked-family-source-and-metadata-reconciliation,inventory-open
crates/worth-store-certification/tests/support/physical_isolation/checkpoint_read_fixture/checkpoint_read_fixture.rs,checkpoint-publication;durability-vocabulary,checkpoint-publication=14;durability-vocabulary=9,checkpoint-publication-and-retention,crate:worth-store-certification,preserve,crates/worth-store-certification/tests/support/physical_isolation/checkpoint_read_fixture/checkpoint_read_fixture.rs,preserve,tracked-family-source-and-metadata-reconciliation,inventory-open
crates/worth-store-certification/tests/support/recovery/bounded_recovery_budget/budget_fixture.rs,wal-topology,wal-topology=5,domain-wal-topology-consumer,crate:worth-store-certification,preserve,crates/worth-store-certification/tests/support/recovery/bounded_recovery_budget/budget_fixture.rs,preserve,tracked-family-source-and-metadata-reconciliation,inventory-open
crates/worth-store-certification/tests/support/recovery/fault_delivery_boundary/support.rs,durability-barrier;durability-vocabulary;root-publication-topology;wal-topology,durability-barrier=2;durability-vocabulary=3;root-publication-topology=2;wal-topology=7,backend-barrier-evidence-consumer,crate:worth-store-physical-backend,preserve,crates/worth-store-certification/tests/support/recovery/fault_delivery_boundary/support.rs,preserve,tracked-family-source-and-metadata-reconciliation,inventory-open
crates/worth-store-certification/tests/support/recovery/wal_topology/scan_fixtures.rs,wal-topology,wal-topology=24,domain-wal-topology-consumer,crate:worth-store-certification,preserve,crates/worth-store-certification/tests/support/recovery/wal_topology/scan_fixtures.rs,preserve,tracked-family-source-and-metadata-reconciliation,inventory-open
crates/worth-store-certification/tests/support/scheduling/access_policy_support/extended.rs,durability-barrier,durability-barrier=1,backend-barrier-evidence-consumer,crate:worth-store-physical-backend,preserve,crates/worth-store-certification/tests/support/scheduling/access_policy_support/extended.rs,preserve,tracked-family-source-and-metadata-reconciliation,inventory-open
crates/worth-store-certification/tests/support/scheduling/reclaim_policy/support.rs,durability-barrier,durability-barrier=2,backend-barrier-evidence-consumer,crate:worth-store-physical-backend,preserve,crates/worth-store-certification/tests/support/scheduling/reclaim_policy/support.rs,preserve,tracked-family-source-and-metadata-reconciliation,inventory-open
crates/worth-store-certification/tests/support/security/security_scope_simulation_harness/replay.rs,checkpoint-publication,checkpoint-publication=1,checkpoint-publication-and-retention,crate:worth-store-certification,preserve,crates/worth-store-certification/tests/support/security/security_scope_simulation_harness/replay.rs,preserve,tracked-family-source-and-metadata-reconciliation,inventory-open
crates/worth-store-contracts/src/durable_artifact_family_classification.rs,durability-vocabulary,durability-vocabulary=5,domain-durability-meaning,crate:worth-store-contracts,preserve,crates/worth-store-contracts/src/durable_artifact_family_classification.rs,preserve,tracked-family-source-and-metadata-reconciliation,inventory-open
crates/worth-store-contracts/src/durable_artifact_family_id.rs,acknowledgment-topology;checkpoint-publication;durability-vocabulary,acknowledgment-topology=3;checkpoint-publication=2;durability-vocabulary=8,checkpoint-publication-and-retention,crate:worth-store-contracts,preserve,crates/worth-store-contracts/src/durable_artifact_family_id.rs,preserve,tracked-family-source-and-metadata-reconciliation,inventory-open
crates/worth-store-contracts/src/existing_artifact_family.rs,acknowledgment-topology;checkpoint-publication;durability-vocabulary;wal-topology,acknowledgment-topology=1;checkpoint-publication=1;durability-vocabulary=2;wal-topology=1,checkpoint-publication-and-retention,crate:worth-store-contracts,preserve,crates/worth-store-contracts/src/existing_artifact_family.rs,preserve,tracked-family-source-and-metadata-reconciliation,inventory-open
crates/worth-store-contracts/src/lib.rs,durability-vocabulary;wal-topology,durability-vocabulary=11;wal-topology=1,domain-wal-topology-consumer,crate:worth-store-contracts,preserve,crates/worth-store-contracts/src/lib.rs,preserve,tracked-family-source-and-metadata-reconciliation,inventory-open
crates/worth-store-contracts/src/resources/queue_producer.rs,wal-commit,wal-commit=1,domain-wal-commit-meaning,crate:worth-store-contracts,preserve,crates/worth-store-contracts/src/resources/queue_producer.rs,preserve,tracked-family-source-and-metadata-reconciliation,inventory-open
crates/worth-store-extensions/Cargo.toml,durability-vocabulary,durability-vocabulary=1,domain-durability-meaning,crate:worth-store-extensions,preserve,crates/worth-store-extensions/Cargo.toml,preserve,tracked-family-source-and-metadata-reconciliation,inventory-open
crates/worth-store-extensions/src/customization/tests.rs,durability-vocabulary,durability-vocabulary=5,domain-durability-meaning,crate:worth-store-extensions,preserve,crates/worth-store-extensions/src/customization/tests.rs,preserve,tracked-family-source-and-metadata-reconciliation,inventory-open
crates/worth-store-formal-models/src/assumptions/atomicity.rs,durability-vocabulary,durability-vocabulary=2,domain-durability-meaning,crate:worth-store-formal-models,preserve,crates/worth-store-formal-models/src/assumptions/atomicity.rs,preserve,tracked-family-source-and-metadata-reconciliation,inventory-open
crates/worth-store-formal-models/src/assumptions/backend.rs,durability-barrier;durability-vocabulary,durability-barrier=3;durability-vocabulary=13,backend-barrier-evidence-consumer,crate:worth-store-physical-backend,preserve,crates/worth-store-formal-models/src/assumptions/backend.rs,preserve,tracked-family-source-and-metadata-reconciliation,inventory-open
crates/worth-store-formal-models/src/assumptions/matrix.rs,durability-barrier;durability-vocabulary,durability-barrier=2;durability-vocabulary=29,backend-barrier-evidence-consumer,crate:worth-store-physical-backend,preserve,crates/worth-store-formal-models/src/assumptions/matrix.rs,preserve,tracked-family-source-and-metadata-reconciliation,inventory-open
crates/worth-store-formal-models/src/assumptions/mod.rs,durability-vocabulary,durability-vocabulary=1,domain-durability-meaning,crate:worth-store-formal-models,preserve,crates/worth-store-formal-models/src/assumptions/mod.rs,preserve,tracked-family-source-and-metadata-reconciliation,inventory-open
crates/worth-store-formal-models/src/lib.rs,durability-barrier;durability-vocabulary,durability-barrier=1;durability-vocabulary=7,backend-barrier-evidence-consumer,crate:worth-store-physical-backend,preserve,crates/worth-store-formal-models/src/lib.rs,preserve,tracked-family-source-and-metadata-reconciliation,inventory-open
crates/worth-store-formal-models/src/model_contract.rs,acknowledgment-topology;durability-vocabulary,acknowledgment-topology=1;durability-vocabulary=10,acknowledgment-consumer,crate:worth-store-formal-models,preserve,crates/worth-store-formal-models/src/model_contract.rs,preserve,tracked-family-source-and-metadata-reconciliation,inventory-open
crates/worth-store-formal-models/src/protocol_bindings/compaction_visibility/correspondence/execution.rs,durability-vocabulary,durability-vocabulary=2,domain-durability-meaning,crate:worth-store-formal-models,preserve,crates/worth-store-formal-models/src/protocol_bindings/compaction_visibility/correspondence/execution.rs,preserve,tracked-family-source-and-metadata-reconciliation,inventory-open
crates/worth-store-formal-models/src/protocol_bindings/compaction_visibility/correspondence/membership.rs,durability-vocabulary,durability-vocabulary=2,domain-durability-meaning,crate:worth-store-formal-models,preserve,crates/worth-store-formal-models/src/protocol_bindings/compaction_visibility/correspondence/membership.rs,preserve,tracked-family-source-and-metadata-reconciliation,inventory-open
crates/worth-store-formal-models/src/protocol_bindings/evidence_class.rs,durability-vocabulary,durability-vocabulary=5,domain-durability-meaning,crate:worth-store-formal-models,preserve,crates/worth-store-formal-models/src/protocol_bindings/evidence_class.rs,preserve,tracked-family-source-and-metadata-reconciliation,inventory-open
crates/worth-store-formal-models/src/protocol_bindings/manifest/current.rs,durability-vocabulary,durability-vocabulary=2,domain-durability-meaning,crate:worth-store-formal-models,preserve,crates/worth-store-formal-models/src/protocol_bindings/manifest/current.rs,preserve,tracked-family-source-and-metadata-reconciliation,inventory-open
crates/worth-store-formal-models/src/protocol_bindings/manifest/durability_bindings.rs,durability-barrier;durability-vocabulary;durable-publication-declaration;wal-topology,durability-barrier=4;durability-vocabulary=15;durable-publication-declaration=2;wal-topology=4,wal-publication-declaration,worth-store-wal/append-declaration,move,crates/worth-store-formal-models/src/protocol_bindings/manifest/durability_bindings.rs,phase-3,tracked-family-source-and-metadata-reconciliation,inventory-open
crates/worth-store-formal-models/src/protocol_bindings/manifest/mod.rs,durability-vocabulary,durability-vocabulary=1,domain-durability-meaning,crate:worth-store-formal-models,preserve,crates/worth-store-formal-models/src/protocol_bindings/manifest/mod.rs,preserve,tracked-family-source-and-metadata-reconciliation,inventory-open
crates/worth-store-formal-models/src/protocol_bindings/manifest/recovery_bindings.rs,durability-vocabulary;wal-topology,durability-vocabulary=8;wal-topology=2,domain-wal-topology-consumer,crate:worth-store-formal-models,preserve,crates/worth-store-formal-models/src/protocol_bindings/manifest/recovery_bindings.rs,preserve,tracked-family-source-and-metadata-reconciliation,inventory-open
crates/worth-store-formal-models/src/protocol_bindings/manifest/replication_bindings.rs,durability-vocabulary,durability-vocabulary=3,domain-durability-meaning,crate:worth-store-formal-models,preserve,crates/worth-store-formal-models/src/protocol_bindings/manifest/replication_bindings.rs,preserve,tracked-family-source-and-metadata-reconciliation,inventory-open
crates/worth-store-formal-models/src/protocol_bindings/manifest/source.rs,durability-vocabulary,durability-vocabulary=1,domain-durability-meaning,crate:worth-store-formal-models,preserve,crates/worth-store-formal-models/src/protocol_bindings/manifest/source.rs,preserve,tracked-family-source-and-metadata-reconciliation,inventory-open
crates/worth-store-formal-models/src/protocol_bindings/manifest/storage_bindings.rs,durability-vocabulary,durability-vocabulary=7,domain-durability-meaning,crate:worth-store-formal-models,preserve,crates/worth-store-formal-models/src/protocol_bindings/manifest/storage_bindings.rs,preserve,tracked-family-source-and-metadata-reconciliation,inventory-open
crates/worth-store-formal-models/src/protocol_bindings/manifest/trust_bindings.rs,durability-vocabulary,durability-vocabulary=3,domain-durability-meaning,crate:worth-store-formal-models,preserve,crates/worth-store-formal-models/src/protocol_bindings/manifest/trust_bindings.rs,preserve,tracked-family-source-and-metadata-reconciliation,inventory-open
crates/worth-store-formal-models/src/protocol_bindings/manifest/vocabulary.rs,durability-vocabulary;durable-publication-declaration;wal-topology,durability-vocabulary=12;durable-publication-declaration=2;wal-topology=6,wal-publication-declaration,worth-store-wal/append-declaration,move,crates/worth-store-formal-models/src/protocol_bindings/manifest/vocabulary.rs,phase-3,tracked-family-source-and-metadata-reconciliation,inventory-open
crates/worth-store-formal-models/src/protocol_bindings/omission.rs,durability-vocabulary,durability-vocabulary=2,domain-durability-meaning,crate:worth-store-formal-models,preserve,crates/worth-store-formal-models/src/protocol_bindings/omission.rs,preserve,tracked-family-source-and-metadata-reconciliation,inventory-open
crates/worth-store-formal-models/src/protocols/compaction_visibility/action.rs,durability-vocabulary,durability-vocabulary=2,domain-durability-meaning,crate:worth-store-formal-models,preserve,crates/worth-store-formal-models/src/protocols/compaction_visibility/action.rs,preserve,tracked-family-source-and-metadata-reconciliation,inventory-open
crates/worth-store-formal-models/src/protocols/compaction_visibility/execution_mapping.rs,durability-vocabulary,durability-vocabulary=2,domain-durability-meaning,crate:worth-store-formal-models,preserve,crates/worth-store-formal-models/src/protocols/compaction_visibility/execution_mapping.rs,preserve,tracked-family-source-and-metadata-reconciliation,inventory-open
crates/worth-store-formal-models/src/protocols/compaction_visibility/lifecycle.rs,durability-vocabulary,durability-vocabulary=7,domain-durability-meaning,crate:worth-store-formal-models,preserve,crates/worth-store-formal-models/src/protocols/compaction_visibility/lifecycle.rs,preserve,tracked-family-source-and-metadata-reconciliation,inventory-open
crates/worth-store-formal-models/src/protocols/compaction_visibility/membership_mapping.rs,durability-vocabulary,durability-vocabulary=2,domain-durability-meaning,crate:worth-store-formal-models,preserve,crates/worth-store-formal-models/src/protocols/compaction_visibility/membership_mapping.rs,preserve,tracked-family-source-and-metadata-reconciliation,inventory-open
crates/worth-store-formal-models/src/protocols/durability_recovery/action.rs,durability-barrier;durability-vocabulary;root-publication-topology;wal-topology,durability-barrier=7;durability-vocabulary=13;root-publication-topology=6;wal-topology=6,backend-barrier-evidence-consumer,crate:worth-store-physical-backend,preserve,crates/worth-store-formal-models/src/protocols/durability_recovery/action.rs,preserve,tracked-family-source-and-metadata-reconciliation,inventory-open
crates/worth-store-formal-models/src/protocols/durability_recovery/frontier.rs,durability-barrier;durability-vocabulary;root-publication-topology;wal-topology,durability-barrier=11;durability-vocabulary=40;root-publication-topology=5;wal-topology=2,backend-barrier-evidence-consumer,crate:worth-store-physical-backend,preserve,crates/worth-store-formal-models/src/protocols/durability_recovery/frontier.rs,preserve,tracked-family-source-and-metadata-reconciliation,inventory-open
crates/worth-store-formal-models/src/protocols/durability_recovery/mod.rs,durability-barrier;durability-vocabulary,durability-barrier=1;durability-vocabulary=4,backend-barrier-evidence-consumer,crate:worth-store-physical-backend,preserve,crates/worth-store-formal-models/src/protocols/durability_recovery/mod.rs,preserve,tracked-family-source-and-metadata-reconciliation,inventory-open
crates/worth-store-formal-models/src/protocols/durability_recovery/owner_mapping.rs,checkpoint-publication;durability-barrier;durability-vocabulary;root-publication-topology;wal-topology,checkpoint-publication=2;durability-barrier=7;durability-vocabulary=36;root-publication-topology=2;wal-topology=2,checkpoint-publication-and-retention,crate:worth-store-formal-models,preserve,crates/worth-store-formal-models/src/protocols/durability_recovery/owner_mapping.rs,preserve,tracked-family-source-and-metadata-reconciliation,inventory-open
crates/worth-store-formal-models/src/protocols/import_publication/action.rs,durability-vocabulary,durability-vocabulary=2,domain-durability-meaning,crate:worth-store-formal-models,preserve,crates/worth-store-formal-models/src/protocols/import_publication/action.rs,preserve,tracked-family-source-and-metadata-reconciliation,inventory-open
crates/worth-store-formal-models/src/protocols/import_publication/model.rs,durability-vocabulary,durability-vocabulary=3,domain-durability-meaning,crate:worth-store-formal-models,preserve,crates/worth-store-formal-models/src/protocols/import_publication/model.rs,preserve,tracked-family-source-and-metadata-reconciliation,inventory-open
crates/worth-store-formal-models/src/protocols/import_publication/owner_mapping.rs,durability-barrier;durability-vocabulary;root-publication-topology,durability-barrier=1;durability-vocabulary=2;root-publication-topology=3,backend-barrier-evidence-consumer,crate:worth-store-physical-backend,preserve,crates/worth-store-formal-models/src/protocols/import_publication/owner_mapping.rs,preserve,tracked-family-source-and-metadata-reconciliation,inventory-open
crates/worth-store-formal-models/src/protocols/mod.rs,durability-vocabulary,durability-vocabulary=1,domain-durability-meaning,crate:worth-store-formal-models,preserve,crates/worth-store-formal-models/src/protocols/mod.rs,preserve,tracked-family-source-and-metadata-reconciliation,inventory-open
crates/worth-store-formal-models/src/protocols/operational_recovery/action.rs,durability-vocabulary,durability-vocabulary=1,domain-durability-meaning,crate:worth-store-formal-models,preserve,crates/worth-store-formal-models/src/protocols/operational_recovery/action.rs,preserve,tracked-family-source-and-metadata-reconciliation,inventory-open
crates/worth-store-formal-models/src/protocols/operational_recovery/binding.rs,durability-vocabulary,durability-vocabulary=2,domain-durability-meaning,crate:worth-store-formal-models,preserve,crates/worth-store-formal-models/src/protocols/operational_recovery/binding.rs,preserve,tracked-family-source-and-metadata-reconciliation,inventory-open
crates/worth-store-formal-models/src/protocols/replication_admission/action.rs,durability-vocabulary,durability-vocabulary=4,domain-durability-meaning,crate:worth-store-formal-models,preserve,crates/worth-store-formal-models/src/protocols/replication_admission/action.rs,preserve,tracked-family-source-and-metadata-reconciliation,inventory-open
crates/worth-store-formal-models/src/protocols/replication_admission/owner_mapping.rs,durability-vocabulary,durability-vocabulary=2,domain-durability-meaning,crate:worth-store-formal-models,preserve,crates/worth-store-formal-models/src/protocols/replication_admission/owner_mapping.rs,preserve,tracked-family-source-and-metadata-reconciliation,inventory-open
crates/worth-store-formal-models/src/protocols/shared_frontiers/action.rs,checkpoint-publication;durability-vocabulary,checkpoint-publication=2;durability-vocabulary=4,checkpoint-publication-and-retention,crate:worth-store-formal-models,preserve,crates/worth-store-formal-models/src/protocols/shared_frontiers/action.rs,preserve,tracked-family-source-and-metadata-reconciliation,inventory-open
crates/worth-store-formal-models/src/protocols/shared_frontiers/frontier.rs,durability-vocabulary,durability-vocabulary=2,domain-durability-meaning,crate:worth-store-formal-models,preserve,crates/worth-store-formal-models/src/protocols/shared_frontiers/frontier.rs,preserve,tracked-family-source-and-metadata-reconciliation,inventory-open
crates/worth-store-formal-models/src/protocols/shared_frontiers/mod.rs,durability-vocabulary,durability-vocabulary=2,domain-durability-meaning,crate:worth-store-formal-models,preserve,crates/worth-store-formal-models/src/protocols/shared_frontiers/mod.rs,preserve,tracked-family-source-and-metadata-reconciliation,inventory-open
crates/worth-store-formal-models/src/protocols/shared_frontiers/model.rs,checkpoint-publication;durability-vocabulary,checkpoint-publication=1;durability-vocabulary=21,checkpoint-publication-and-retention,crate:worth-store-formal-models,preserve,crates/worth-store-formal-models/src/protocols/shared_frontiers/model.rs,preserve,tracked-family-source-and-metadata-reconciliation,inventory-open
crates/worth-store-formal-models/src/protocols/shared_frontiers/projection.rs,checkpoint-publication;durability-barrier;durability-vocabulary,checkpoint-publication=1;durability-barrier=1;durability-vocabulary=15,checkpoint-publication-and-retention,crate:worth-store-formal-models,preserve,crates/worth-store-formal-models/src/protocols/shared_frontiers/projection.rs,preserve,tracked-family-source-and-metadata-reconciliation,inventory-open
crates/worth-store-formal-models/src/protocols/source_precedence/trace_mapping.rs,wal-topology,wal-topology=1,domain-wal-topology-consumer,crate:worth-store-formal-models,preserve,crates/worth-store-formal-models/src/protocols/source_precedence/trace_mapping.rs,preserve,tracked-family-source-and-metadata-reconciliation,inventory-open
crates/worth-store-formal-models/src/runner/canonical_trace.rs,durability-vocabulary,durability-vocabulary=8,domain-durability-meaning,crate:worth-store-formal-models,preserve,crates/worth-store-formal-models/src/runner/canonical_trace.rs,preserve,tracked-family-source-and-metadata-reconciliation,inventory-open
crates/worth-store-formal-models/src/runner/checked_operator.rs,checkpoint-publication;durability-barrier;durability-vocabulary;root-publication-topology;wal-topology,checkpoint-publication=2;durability-barrier=4;durability-vocabulary=43;root-publication-topology=2;wal-topology=3,checkpoint-publication-and-retention,crate:worth-store-formal-models,preserve,crates/worth-store-formal-models/src/runner/checked_operator.rs,preserve,tracked-family-source-and-metadata-reconciliation,inventory-open
crates/worth-store-formal-models/src/runner/counter_identity.rs,durability-vocabulary,durability-vocabulary=5,domain-durability-meaning,crate:worth-store-formal-models,preserve,crates/worth-store-formal-models/src/runner/counter_identity.rs,preserve,tracked-family-source-and-metadata-reconciliation,inventory-open
crates/worth-store-formal-models/src/runner/cross_protocol.rs,durability-vocabulary,durability-vocabulary=1,domain-durability-meaning,crate:worth-store-formal-models,preserve,crates/worth-store-formal-models/src/runner/cross_protocol.rs,preserve,tracked-family-source-and-metadata-reconciliation,inventory-open
crates/worth-store-formal-models/src/runner/invocation.rs,durability-vocabulary,durability-vocabulary=5,domain-durability-meaning,crate:worth-store-formal-models,preserve,crates/worth-store-formal-models/src/runner/invocation.rs,preserve,tracked-family-source-and-metadata-reconciliation,inventory-open
crates/worth-store-formal-models/src/runner/localization.rs,durability-vocabulary,durability-vocabulary=6,domain-durability-meaning,crate:worth-store-formal-models,preserve,crates/worth-store-formal-models/src/runner/localization.rs,preserve,tracked-family-source-and-metadata-reconciliation,inventory-open
crates/worth-store-formal-models/src/runner/output.rs,durability-vocabulary,durability-vocabulary=4,domain-durability-meaning,crate:worth-store-formal-models,preserve,crates/worth-store-formal-models/src/runner/output.rs,preserve,tracked-family-source-and-metadata-reconciliation,inventory-open
crates/worth-store-formal-models/src/runner/trace_validation/durability.rs,durability-vocabulary,durability-vocabulary=8,domain-durability-meaning,crate:worth-store-formal-models,preserve,crates/worth-store-formal-models/src/runner/trace_validation/durability.rs,preserve,tracked-family-source-and-metadata-reconciliation,inventory-open
crates/worth-store-formal-models/src/runner/trace_validation/import.rs,durability-vocabulary,durability-vocabulary=1,domain-durability-meaning,crate:worth-store-formal-models,preserve,crates/worth-store-formal-models/src/runner/trace_validation/import.rs,preserve,tracked-family-source-and-metadata-reconciliation,inventory-open
crates/worth-store-formal-models/src/runner/trace_validation/mod.rs,durability-vocabulary,durability-vocabulary=5,domain-durability-meaning,crate:worth-store-formal-models,preserve,crates/worth-store-formal-models/src/runner/trace_validation/mod.rs,preserve,tracked-family-source-and-metadata-reconciliation,inventory-open
crates/worth-store-formal-models/src/runner/trace_validation/replication.rs,durability-vocabulary,durability-vocabulary=4,domain-durability-meaning,crate:worth-store-formal-models,preserve,crates/worth-store-formal-models/src/runner/trace_validation/replication.rs,preserve,tracked-family-source-and-metadata-reconciliation,inventory-open
crates/worth-store-formal-models/src/runner/trace_validation/source.rs,wal-topology,wal-topology=1,domain-wal-topology-consumer,crate:worth-store-formal-models,preserve,crates/worth-store-formal-models/src/runner/trace_validation/source.rs,preserve,tracked-family-source-and-metadata-reconciliation,inventory-open
crates/worth-store-formal-models/tests/backend_assumptions.rs,durability-barrier;durability-vocabulary,durability-barrier=10;durability-vocabulary=4,backend-barrier-evidence-consumer,crate:worth-store-physical-backend,preserve,crates/worth-store-formal-models/tests/backend_assumptions.rs,preserve,tracked-family-source-and-metadata-reconciliation,inventory-open
crates/worth-store-formal-models/tests/binding_completeness.rs,durability-vocabulary,durability-vocabulary=8,domain-durability-meaning,crate:worth-store-formal-models,preserve,crates/worth-store-formal-models/tests/binding_completeness.rs,preserve,tracked-family-source-and-metadata-reconciliation,inventory-open
crates/worth-store-formal-models/tests/spec_evidence.rs,durability-vocabulary,durability-vocabulary=1,domain-durability-meaning,crate:worth-store-formal-models,preserve,crates/worth-store-formal-models/tests/spec_evidence.rs,preserve,tracked-family-source-and-metadata-reconciliation,inventory-open
crates/worth-store-io-scheduler/src/backend_capability/requirement.rs,durability-barrier;durability-vocabulary,durability-barrier=14;durability-vocabulary=7,backend-barrier-evidence-consumer,crate:worth-store-physical-backend,preserve,crates/worth-store-io-scheduler/src/backend_capability/requirement.rs,preserve,tracked-family-source-and-metadata-reconciliation,inventory-open
crates/worth-store-io-scheduler/src/backend_capability/tests/support.rs,durability-barrier;durability-vocabulary,durability-barrier=3;durability-vocabulary=1,backend-barrier-evidence-consumer,crate:worth-store-physical-backend,preserve,crates/worth-store-io-scheduler/src/backend_capability/tests/support.rs,preserve,tracked-family-source-and-metadata-reconciliation,inventory-open
crates/worth-store-io-scheduler/src/background_pacing/capacity.rs,wal-topology,wal-topology=1,background-capacity-foreground-wal-preservation,crate:worth-store-io-scheduler,preserve,crates/worth-store-io-scheduler/src/background_pacing/capacity.rs,preserve,tracked-family-source-and-metadata-reconciliation,inventory-open
crates/worth-store-io-scheduler/src/background_pacing/shape.rs,durability-barrier,durability-barrier=2,backend-barrier-evidence-consumer,crate:worth-store-physical-backend,preserve,crates/worth-store-io-scheduler/src/background_pacing/shape.rs,preserve,tracked-family-source-and-metadata-reconciliation,inventory-open
crates/worth-store-io-scheduler/src/background_pacing/streaming_pressure_link.rs,wal-topology,wal-topology=1,streaming-pressure-foreground-lane-link,crate:worth-store-io-scheduler,preserve,crates/worth-store-io-scheduler/src/background_pacing/streaming_pressure_link.rs,preserve,tracked-family-source-and-metadata-reconciliation,inventory-open
crates/worth-store-io-scheduler/src/background_pacing/test_authority.rs,durability-barrier;durability-vocabulary,durability-barrier=2;durability-vocabulary=1,backend-barrier-evidence-consumer,crate:worth-store-physical-backend,preserve,crates/worth-store-io-scheduler/src/background_pacing/test_authority.rs,preserve,tracked-family-source-and-metadata-reconciliation,inventory-open
crates/worth-store-io-scheduler/src/background_pacing/test_authority/producer_pressure.rs,durability-barrier;durability-vocabulary,durability-barrier=4;durability-vocabulary=2,backend-barrier-evidence-consumer,crate:worth-store-physical-backend,preserve,crates/worth-store-io-scheduler/src/background_pacing/test_authority/producer_pressure.rs,preserve,tracked-family-source-and-metadata-reconciliation,inventory-open
crates/worth-store-io-scheduler/src/background_pacing/tests.rs,durability-barrier,durability-barrier=1,checkpoint-background-pressure-proof,worth-store-io-scheduler/background_pacing,preserve,crates/worth-store-io-scheduler/src/background_pacing/tests.rs,preserve,tracked-family-source-and-metadata-reconciliation,inventory-open
crates/worth-store-io-scheduler/src/background_pacing/tests/secure_io_preservation.rs,durability-barrier,durability-barrier=2,backend-barrier-evidence-consumer,crate:worth-store-physical-backend,preserve,crates/worth-store-io-scheduler/src/background_pacing/tests/secure_io_preservation.rs,preserve,tracked-family-source-and-metadata-reconciliation,inventory-open
crates/worth-store-io-scheduler/src/background_pacing/tests/test_support.rs,durability-barrier;durability-vocabulary,durability-barrier=2;durability-vocabulary=1,backend-barrier-evidence-consumer,crate:worth-store-physical-backend,preserve,crates/worth-store-io-scheduler/src/background_pacing/tests/test_support.rs,preserve,tracked-family-source-and-metadata-reconciliation,inventory-open
crates/worth-store-io-scheduler/src/foreground_reservation/fairness.rs,root-publication-topology;wal-topology,root-publication-topology=3;wal-topology=1,foreground-lane-fairness,crate:worth-store-io-scheduler,preserve,crates/worth-store-io-scheduler/src/foreground_reservation/fairness.rs,preserve,tracked-family-source-and-metadata-reconciliation,inventory-open
crates/worth-store-io-scheduler/src/foreground_reservation/lane.rs,durability-barrier;durability-vocabulary;root-publication-topology;wal-topology,durability-barrier=9;durability-vocabulary=2;root-publication-topology=9;wal-topology=4,foreground-io-lane-identity,crate:worth-store-io-scheduler,preserve,crates/worth-store-io-scheduler/src/foreground_reservation/lane.rs,preserve,tracked-family-source-and-metadata-reconciliation,inventory-open
crates/worth-store-io-scheduler/src/foreground_reservation/resource_contract.rs,root-publication-topology;wal-topology,root-publication-topology=1;wal-topology=1,foreground-lane-resource-contract,crate:worth-store-io-scheduler,preserve,crates/worth-store-io-scheduler/src/foreground_reservation/resource_contract.rs,preserve,tracked-family-source-and-metadata-reconciliation,inventory-open
crates/worth-store-io-scheduler/src/foreground_reservation/streaming_read_lane_link.rs,root-publication-topology;wal-topology,root-publication-topology=1;wal-topology=1,streaming-read-foreground-lane-link,crate:worth-store-io-scheduler,preserve,crates/worth-store-io-scheduler/src/foreground_reservation/streaming_read_lane_link.rs,preserve,tracked-family-source-and-metadata-reconciliation,inventory-open
crates/worth-store-io-scheduler/src/foreground_reservation/test_authority.rs,durability-barrier;durability-vocabulary,durability-barrier=1;durability-vocabulary=1,backend-barrier-evidence-consumer,crate:worth-store-physical-backend,preserve,crates/worth-store-io-scheduler/src/foreground_reservation/test_authority.rs,preserve,tracked-family-source-and-metadata-reconciliation,inventory-open
crates/worth-store-io-scheduler/src/foreground_reservation/tests/backend_capability.rs,durability-barrier;durability-vocabulary,durability-barrier=3;durability-vocabulary=2,backend-barrier-evidence-consumer,crate:worth-store-physical-backend,preserve,crates/worth-store-io-scheduler/src/foreground_reservation/tests/backend_capability.rs,preserve,tracked-family-source-and-metadata-reconciliation,inventory-open
crates/worth-store-io-scheduler/src/foreground_reservation/tests/capacity_shortfalls.rs,wal-topology,wal-topology=3,wal-lane-capacity-shortfall-proof,crate:worth-store-io-scheduler,preserve,crates/worth-store-io-scheduler/src/foreground_reservation/tests/capacity_shortfalls.rs,preserve,tracked-family-source-and-metadata-reconciliation,inventory-open
crates/worth-store-io-scheduler/src/foreground_reservation/tests/reservation.rs,durability-barrier;durability-vocabulary;root-publication-topology;wal-topology,durability-barrier=6;durability-vocabulary=1;root-publication-topology=6;wal-topology=5,foreground-lane-reservation-and-fairness-proof,crate:worth-store-io-scheduler,preserve,crates/worth-store-io-scheduler/src/foreground_reservation/tests/reservation.rs,preserve,tracked-family-source-and-metadata-reconciliation,inventory-open
crates/worth-store-io-scheduler/src/foreground_reservation/tests/resource_units.rs,root-publication-topology;wal-topology,root-publication-topology=3;wal-topology=3,wal-lane-resource-contract-proof,crate:worth-store-io-scheduler,preserve,crates/worth-store-io-scheduler/src/foreground_reservation/tests/resource_units.rs,preserve,tracked-family-source-and-metadata-reconciliation,inventory-open
crates/worth-store-io-scheduler/src/interference_accounting/tests.rs,durability-vocabulary,durability-vocabulary=1,domain-durability-meaning,crate:worth-store-io-scheduler,preserve,crates/worth-store-io-scheduler/src/interference_accounting/tests.rs,preserve,tracked-family-source-and-metadata-reconciliation,inventory-open
crates/worth-store-io-scheduler/src/lib.rs,durability-vocabulary,durability-vocabulary=1,domain-durability-meaning,crate:worth-store-io-scheduler,preserve,crates/worth-store-io-scheduler/src/lib.rs,preserve,tracked-family-source-and-metadata-reconciliation,inventory-open
crates/worth-store-io-scheduler/src/queue_execution/admission/denial.rs,durability-vocabulary,durability-vocabulary=1,domain-durability-meaning,crate:worth-store-io-scheduler,preserve,crates/worth-store-io-scheduler/src/queue_execution/admission/denial.rs,preserve,tracked-family-source-and-metadata-reconciliation,inventory-open
crates/worth-store-io-scheduler/src/queue_execution/admission/policy_receipt.rs,durability-vocabulary;wal-commit,durability-vocabulary=7;wal-commit=1,domain-wal-commit-meaning,crate:worth-store-io-scheduler,preserve,crates/worth-store-io-scheduler/src/queue_execution/admission/policy_receipt.rs,preserve,tracked-family-source-and-metadata-reconciliation,inventory-open
crates/worth-store-io-scheduler/src/queue_execution/admission/request.rs,durability-vocabulary,durability-vocabulary=3,domain-durability-meaning,crate:worth-store-io-scheduler,preserve,crates/worth-store-io-scheduler/src/queue_execution/admission/request.rs,preserve,tracked-family-source-and-metadata-reconciliation,inventory-open
crates/worth-store-io-scheduler/src/queue_execution/execution/adjudication.rs,durability-vocabulary,durability-vocabulary=1,domain-durability-meaning,crate:worth-store-io-scheduler,preserve,crates/worth-store-io-scheduler/src/queue_execution/execution/adjudication.rs,preserve,tracked-family-source-and-metadata-reconciliation,inventory-open
crates/worth-store-io-scheduler/src/queue_execution/grouping_basis_tests.rs,durability-vocabulary,durability-vocabulary=14,domain-durability-meaning,crate:worth-store-io-scheduler,preserve,crates/worth-store-io-scheduler/src/queue_execution/grouping_basis_tests.rs,preserve,tracked-family-source-and-metadata-reconciliation,inventory-open
crates/worth-store-io-scheduler/src/queue_execution/mod.rs,durability-vocabulary,durability-vocabulary=1,domain-durability-meaning,crate:worth-store-io-scheduler,preserve,crates/worth-store-io-scheduler/src/queue_execution/mod.rs,preserve,tracked-family-source-and-metadata-reconciliation,inventory-open
crates/worth-store-io-scheduler/src/queue_execution/observation/execution.rs,durability-vocabulary,durability-vocabulary=9,domain-durability-meaning,crate:worth-store-io-scheduler,preserve,crates/worth-store-io-scheduler/src/queue_execution/observation/execution.rs,preserve,tracked-family-source-and-metadata-reconciliation,inventory-open
crates/worth-store-io-scheduler/src/queue_execution/observation/replay.rs,durability-barrier;durability-vocabulary;root-publication-topology;wal-commit;wal-topology,durability-barrier=4;durability-vocabulary=21;root-publication-topology=1;wal-commit=1;wal-topology=1,scheduler-execution-observation-replay,crate:worth-store-io-scheduler,preserve,crates/worth-store-io-scheduler/src/queue_execution/observation/replay.rs,preserve,tracked-family-source-and-metadata-reconciliation,inventory-open
crates/worth-store-io-scheduler/src/queue_execution/policy/background_lease.rs,durability-vocabulary,durability-vocabulary=6,domain-durability-meaning,crate:worth-store-io-scheduler,preserve,crates/worth-store-io-scheduler/src/queue_execution/policy/background_lease.rs,preserve,tracked-family-source-and-metadata-reconciliation,inventory-open
crates/worth-store-io-scheduler/src/queue_execution/policy/grouping.rs,durability-vocabulary,durability-vocabulary=12,domain-durability-meaning,crate:worth-store-io-scheduler,preserve,crates/worth-store-io-scheduler/src/queue_execution/policy/grouping.rs,preserve,tracked-family-source-and-metadata-reconciliation,inventory-open
crates/worth-store-io-scheduler/src/queue_execution/policy/mod.rs,durability-vocabulary,durability-vocabulary=1,domain-durability-meaning,crate:worth-store-io-scheduler,preserve,crates/worth-store-io-scheduler/src/queue_execution/policy/mod.rs,preserve,tracked-family-source-and-metadata-reconciliation,inventory-open
crates/worth-store-io-scheduler/src/queue_execution/policy/physical_work/declaration.rs,durability-vocabulary;wal-commit;wal-topology,durability-vocabulary=17;wal-commit=1;wal-topology=4,physical-work-scheduler-declaration,crate:worth-store-io-scheduler,preserve,crates/worth-store-io-scheduler/src/queue_execution/policy/physical_work/declaration.rs,preserve,tracked-family-source-and-metadata-reconciliation,inventory-open
crates/worth-store-io-scheduler/src/queue_execution/policy/physical_work/lowering.rs,durability-vocabulary,durability-vocabulary=3,domain-durability-meaning,crate:worth-store-io-scheduler,preserve,crates/worth-store-io-scheduler/src/queue_execution/policy/physical_work/lowering.rs,preserve,tracked-family-source-and-metadata-reconciliation,inventory-open
crates/worth-store-io-scheduler/src/queue_execution/policy/producer_lowering.rs,durability-vocabulary;wal-commit,durability-vocabulary=28;wal-commit=3,domain-wal-commit-meaning,crate:worth-store-io-scheduler,preserve,crates/worth-store-io-scheduler/src/queue_execution/policy/producer_lowering.rs,preserve,tracked-family-source-and-metadata-reconciliation,inventory-open
crates/worth-store-io-scheduler/src/queue_execution/policy/work_declaration.rs,durability-vocabulary;wal-commit,durability-vocabulary=17;wal-commit=2,domain-wal-commit-meaning,crate:worth-store-io-scheduler,preserve,crates/worth-store-io-scheduler/src/queue_execution/policy/work_declaration.rs,preserve,tracked-family-source-and-metadata-reconciliation,inventory-open
crates/worth-store-io-scheduler/src/queue_execution/test_execution.rs,durability-vocabulary,durability-vocabulary=2,domain-durability-meaning,crate:worth-store-io-scheduler,preserve,crates/worth-store-io-scheduler/src/queue_execution/test_execution.rs,preserve,tracked-family-source-and-metadata-reconciliation,inventory-open
crates/worth-store-io-scheduler/src/queue_execution/test_support.rs,durability-barrier;durability-vocabulary;wal-commit,durability-barrier=2;durability-vocabulary=15;wal-commit=1,backend-barrier-evidence-consumer,crate:worth-store-physical-backend,preserve,crates/worth-store-io-scheduler/src/queue_execution/test_support.rs,preserve,tracked-family-source-and-metadata-reconciliation,inventory-open
crates/worth-store-io-scheduler/src/queue_execution/test_support/buffer_pool_declaration.rs,durability-vocabulary,durability-vocabulary=18,domain-durability-meaning,crate:worth-store-io-scheduler,preserve,crates/worth-store-io-scheduler/src/queue_execution/test_support/buffer_pool_declaration.rs,preserve,tracked-family-source-and-metadata-reconciliation,inventory-open
crates/worth-store-io-scheduler/src/queue_execution/tests/admission_lowering.rs,durability-vocabulary,durability-vocabulary=19,domain-durability-meaning,crate:worth-store-io-scheduler,preserve,crates/worth-store-io-scheduler/src/queue_execution/tests/admission_lowering.rs,preserve,tracked-family-source-and-metadata-reconciliation,inventory-open
crates/worth-store-io-scheduler/src/queue_execution/tests/backend_completion_replay_binding.rs,durability-vocabulary,durability-vocabulary=1,domain-durability-meaning,crate:worth-store-io-scheduler,preserve,crates/worth-store-io-scheduler/src/queue_execution/tests/backend_completion_replay_binding.rs,preserve,tracked-family-source-and-metadata-reconciliation,inventory-open
crates/worth-store-io-scheduler/src/queue_execution/tests/execution_observations_violations.rs,durability-vocabulary,durability-vocabulary=6,domain-durability-meaning,crate:worth-store-io-scheduler,preserve,crates/worth-store-io-scheduler/src/queue_execution/tests/execution_observations_violations.rs,preserve,tracked-family-source-and-metadata-reconciliation,inventory-open
crates/worth-store-io-scheduler/src/queue_execution/tests/grouping.rs,durability-vocabulary,durability-vocabulary=1,domain-durability-meaning,crate:worth-store-io-scheduler,preserve,crates/worth-store-io-scheduler/src/queue_execution/tests/grouping.rs,preserve,tracked-family-source-and-metadata-reconciliation,inventory-open
crates/worth-store-io-scheduler/src/queue_execution/tests/physical_work_declaration.rs,durability-vocabulary,durability-vocabulary=11,domain-durability-meaning,crate:worth-store-io-scheduler,preserve,crates/worth-store-io-scheduler/src/queue_execution/tests/physical_work_declaration.rs,preserve,tracked-family-source-and-metadata-reconciliation,inventory-open
crates/worth-store-layout-indexes/Cargo.toml,durability-vocabulary,durability-vocabulary=1,domain-durability-meaning,crate:worth-store-layout-indexes,preserve,crates/worth-store-layout-indexes/Cargo.toml,preserve,tracked-family-source-and-metadata-reconciliation,inventory-open
crates/worth-store-layout-indexes/src/access/execution/degraded_scan/operation/execution.rs,durability-vocabulary,durability-vocabulary=2,domain-durability-meaning,crate:worth-store-layout-indexes,preserve,crates/worth-store-layout-indexes/src/access/execution/degraded_scan/operation/execution.rs,preserve,tracked-family-source-and-metadata-reconciliation,inventory-open
crates/worth-store-layout-indexes/src/access/execution/progression_tests.rs,durability-vocabulary;wal-topology,durability-vocabulary=7;wal-topology=10,domain-wal-topology-consumer,crate:worth-store-layout-indexes,preserve,crates/worth-store-layout-indexes/src/access/execution/progression_tests.rs,preserve,tracked-family-source-and-metadata-reconciliation,inventory-open
crates/worth-store-layout-indexes/src/access/execution/tests_support.rs,durability-vocabulary,durability-vocabulary=2,domain-durability-meaning,crate:worth-store-layout-indexes,preserve,crates/worth-store-layout-indexes/src/access/execution/tests_support.rs,preserve,tracked-family-source-and-metadata-reconciliation,inventory-open
crates/worth-store-layout-indexes/src/architecture_residue_tests.rs,root-publication-topology;wal-topology,root-publication-topology=2;wal-topology=1,root-publication-consumer,crate:worth-store-layout-indexes,preserve,crates/worth-store-layout-indexes/src/architecture_residue_tests.rs,preserve,tracked-family-source-and-metadata-reconciliation,inventory-open
crates/worth-store-layout-indexes/src/artifact_family/admission.rs,durability-vocabulary,durability-vocabulary=1,domain-durability-meaning,crate:worth-store-layout-indexes,preserve,crates/worth-store-layout-indexes/src/artifact_family/admission.rs,preserve,tracked-family-source-and-metadata-reconciliation,inventory-open
crates/worth-store-layout-indexes/src/artifact_family/inventory_rows/blob_chunks.rs,durability-vocabulary,durability-vocabulary=4,domain-durability-meaning,crate:worth-store-layout-indexes,preserve,crates/worth-store-layout-indexes/src/artifact_family/inventory_rows/blob_chunks.rs,preserve,tracked-family-source-and-metadata-reconciliation,inventory-open
crates/worth-store-layout-indexes/src/artifact_family/inventory_rows/branch_deltas.rs,durability-vocabulary,durability-vocabulary=4,domain-durability-meaning,crate:worth-store-layout-indexes,preserve,crates/worth-store-layout-indexes/src/artifact_family/inventory_rows/branch_deltas.rs,preserve,tracked-family-source-and-metadata-reconciliation,inventory-open
crates/worth-store-layout-indexes/src/artifact_family/inventory_rows/buffer_pool.rs,durability-vocabulary,durability-vocabulary=4,domain-durability-meaning,crate:worth-store-layout-indexes,preserve,crates/worth-store-layout-indexes/src/artifact_family/inventory_rows/buffer_pool.rs,preserve,tracked-family-source-and-metadata-reconciliation,inventory-open
crates/worth-store-layout-indexes/src/artifact_family/inventory_rows/compatibility.rs,durability-vocabulary,durability-vocabulary=4,domain-durability-meaning,crate:worth-store-layout-indexes,preserve,crates/worth-store-layout-indexes/src/artifact_family/inventory_rows/compatibility.rs,preserve,tracked-family-source-and-metadata-reconciliation,inventory-open
crates/worth-store-layout-indexes/src/artifact_family/inventory_rows/io_scheduler.rs,durability-vocabulary,durability-vocabulary=4,domain-durability-meaning,crate:worth-store-layout-indexes,preserve,crates/worth-store-layout-indexes/src/artifact_family/inventory_rows/io_scheduler.rs,preserve,tracked-family-source-and-metadata-reconciliation,inventory-open
crates/worth-store-layout-indexes/src/artifact_family/inventory_rows/maintenance.rs,durability-vocabulary,durability-vocabulary=4,domain-durability-meaning,crate:worth-store-layout-indexes,preserve,crates/worth-store-layout-indexes/src/artifact_family/inventory_rows/maintenance.rs,preserve,tracked-family-source-and-metadata-reconciliation,inventory-open
crates/worth-store-layout-indexes/src/artifact_family/inventory_rows/offline_verifier.rs,durability-vocabulary,durability-vocabulary=4,domain-durability-meaning,crate:worth-store-layout-indexes,preserve,crates/worth-store-layout-indexes/src/artifact_family/inventory_rows/offline_verifier.rs,preserve,tracked-family-source-and-metadata-reconciliation,inventory-open
crates/worth-store-layout-indexes/src/artifact_family/inventory_rows/operations.rs,acknowledgment-topology;durability-vocabulary,acknowledgment-topology=1;durability-vocabulary=4,acknowledgment-consumer,crate:worth-store-layout-indexes,preserve,crates/worth-store-layout-indexes/src/artifact_family/inventory_rows/operations.rs,preserve,tracked-family-source-and-metadata-reconciliation,inventory-open
crates/worth-store-layout-indexes/src/artifact_family/inventory_rows/physical_format.rs,durability-vocabulary,durability-vocabulary=4,domain-durability-meaning,crate:worth-store-layout-indexes,preserve,crates/worth-store-layout-indexes/src/artifact_family/inventory_rows/physical_format.rs,preserve,tracked-family-source-and-metadata-reconciliation,inventory-open
crates/worth-store-layout-indexes/src/artifact_family/inventory_rows/physical_integrity.rs,durability-vocabulary,durability-vocabulary=4,domain-durability-meaning,crate:worth-store-layout-indexes,preserve,crates/worth-store-layout-indexes/src/artifact_family/inventory_rows/physical_integrity.rs,preserve,tracked-family-source-and-metadata-reconciliation,inventory-open
crates/worth-store-layout-indexes/src/artifact_family/inventory_rows/recovery_physics.rs,durability-vocabulary,durability-vocabulary=4,domain-durability-meaning,crate:worth-store-layout-indexes,preserve,crates/worth-store-layout-indexes/src/artifact_family/inventory_rows/recovery_physics.rs,preserve,tracked-family-source-and-metadata-reconciliation,inventory-open
crates/worth-store-layout-indexes/src/artifact_family/inventory_rows/retention.rs,durability-vocabulary,durability-vocabulary=4,domain-durability-meaning,crate:worth-store-layout-indexes,preserve,crates/worth-store-layout-indexes/src/artifact_family/inventory_rows/retention.rs,preserve,tracked-family-source-and-metadata-reconciliation,inventory-open
crates/worth-store-layout-indexes/src/artifact_family/inventory_rows/row.rs,durability-vocabulary,durability-vocabulary=18,domain-durability-meaning,crate:worth-store-layout-indexes,preserve,crates/worth-store-layout-indexes/src/artifact_family/inventory_rows/row.rs,preserve,tracked-family-source-and-metadata-reconciliation,inventory-open
crates/worth-store-layout-indexes/src/artifact_family/inventory_rows/security.rs,durability-vocabulary,durability-vocabulary=4,domain-durability-meaning,crate:worth-store-layout-indexes,preserve,crates/worth-store-layout-indexes/src/artifact_family/inventory_rows/security.rs,preserve,tracked-family-source-and-metadata-reconciliation,inventory-open
crates/worth-store-layout-indexes/src/artifact_family/inventory_rows/snapshots.rs,durability-vocabulary,durability-vocabulary=4,domain-durability-meaning,crate:worth-store-layout-indexes,preserve,crates/worth-store-layout-indexes/src/artifact_family/inventory_rows/snapshots.rs,preserve,tracked-family-source-and-metadata-reconciliation,inventory-open
crates/worth-store-layout-indexes/src/artifact_family/inventory_rows/tiering.rs,durability-vocabulary,durability-vocabulary=4,domain-durability-meaning,crate:worth-store-layout-indexes,preserve,crates/worth-store-layout-indexes/src/artifact_family/inventory_rows/tiering.rs,preserve,tracked-family-source-and-metadata-reconciliation,inventory-open
crates/worth-store-layout-indexes/src/artifact_family/inventory_rows/wal.rs,checkpoint-publication;durability-vocabulary,checkpoint-publication=1;durability-vocabulary=6,checkpoint-publication-and-retention,crate:worth-store-layout-indexes,preserve,crates/worth-store-layout-indexes/src/artifact_family/inventory_rows/wal.rs,preserve,tracked-family-source-and-metadata-reconciliation,inventory-open
crates/worth-store-layout-indexes/src/artifact_family/inventory_rows_tests.rs,acknowledgment-topology;checkpoint-publication;durability-vocabulary,acknowledgment-topology=1;checkpoint-publication=1;durability-vocabulary=3,checkpoint-publication-and-retention,crate:worth-store-layout-indexes,preserve,crates/worth-store-layout-indexes/src/artifact_family/inventory_rows_tests.rs,preserve,tracked-family-source-and-metadata-reconciliation,inventory-open
crates/worth-store-layout-indexes/src/bootstrap/test_support.rs,root-publication-topology,root-publication-topology=2,root-publication-consumer,crate:worth-store-layout-indexes,preserve,crates/worth-store-layout-indexes/src/bootstrap/test_support.rs,preserve,tracked-family-source-and-metadata-reconciliation,inventory-open
crates/worth-store-layout-indexes/src/catalog/accuracy_class.rs,durability-vocabulary,durability-vocabulary=35,domain-durability-meaning,crate:worth-store-layout-indexes,preserve,crates/worth-store-layout-indexes/src/catalog/accuracy_class.rs,preserve,tracked-family-source-and-metadata-reconciliation,inventory-open
crates/worth-store-layout-indexes/src/catalog/admission.rs,durability-vocabulary,durability-vocabulary=5,domain-durability-meaning,crate:worth-store-layout-indexes,preserve,crates/worth-store-layout-indexes/src/catalog/admission.rs,preserve,tracked-family-source-and-metadata-reconciliation,inventory-open
crates/worth-store-layout-indexes/src/catalog/authority.rs,durability-vocabulary,durability-vocabulary=1,domain-durability-meaning,crate:worth-store-layout-indexes,preserve,crates/worth-store-layout-indexes/src/catalog/authority.rs,preserve,tracked-family-source-and-metadata-reconciliation,inventory-open
crates/worth-store-layout-indexes/src/catalog/authority_role.rs,checkpoint-publication;durability-vocabulary,checkpoint-publication=1;durability-vocabulary=34,checkpoint-publication-and-retention,crate:worth-store-layout-indexes,preserve,crates/worth-store-layout-indexes/src/catalog/authority_role.rs,preserve,tracked-family-source-and-metadata-reconciliation,inventory-open
crates/worth-store-layout-indexes/src/catalog/classification.rs,durability-vocabulary,durability-vocabulary=2,domain-durability-meaning,crate:worth-store-layout-indexes,preserve,crates/worth-store-layout-indexes/src/catalog/classification.rs,preserve,tracked-family-source-and-metadata-reconciliation,inventory-open
crates/worth-store-layout-indexes/src/catalog/declaration.rs,durability-vocabulary,durability-vocabulary=21,domain-durability-meaning,crate:worth-store-layout-indexes,preserve,crates/worth-store-layout-indexes/src/catalog/declaration.rs,preserve,tracked-family-source-and-metadata-reconciliation,inventory-open
crates/worth-store-layout-indexes/src/catalog/declaration_registry.rs,durability-vocabulary;wal-topology,durability-vocabulary=3;wal-topology=6,domain-wal-topology-consumer,crate:worth-store-layout-indexes,preserve,crates/worth-store-layout-indexes/src/catalog/declaration_registry.rs,preserve,tracked-family-source-and-metadata-reconciliation,inventory-open
crates/worth-store-layout-indexes/src/catalog/inventory.rs,acknowledgment-topology;checkpoint-publication;durability-vocabulary;wal-topology,acknowledgment-topology=2;checkpoint-publication=2;durability-vocabulary=61;wal-topology=3,checkpoint-publication-and-retention,crate:worth-store-layout-indexes,preserve,crates/worth-store-layout-indexes/src/catalog/inventory.rs,preserve,tracked-family-source-and-metadata-reconciliation,inventory-open
crates/worth-store-layout-indexes/src/catalog/lifecycle.rs,durability-vocabulary,durability-vocabulary=2,domain-durability-meaning,crate:worth-store-layout-indexes,preserve,crates/worth-store-layout-indexes/src/catalog/lifecycle.rs,preserve,tracked-family-source-and-metadata-reconciliation,inventory-open
crates/worth-store-layout-indexes/src/catalog/lifecycle_authority_tests.rs,durability-vocabulary,durability-vocabulary=22,domain-durability-meaning,crate:worth-store-layout-indexes,preserve,crates/worth-store-layout-indexes/src/catalog/lifecycle_authority_tests.rs,preserve,tracked-family-source-and-metadata-reconciliation,inventory-open
crates/worth-store-layout-indexes/src/catalog/mod.rs,durability-vocabulary,durability-vocabulary=3,domain-durability-meaning,crate:worth-store-layout-indexes,preserve,crates/worth-store-layout-indexes/src/catalog/mod.rs,preserve,tracked-family-source-and-metadata-reconciliation,inventory-open
crates/worth-store-layout-indexes/src/catalog/scope_authority_tests.rs,durability-vocabulary,durability-vocabulary=5,domain-durability-meaning,crate:worth-store-layout-indexes,preserve,crates/worth-store-layout-indexes/src/catalog/scope_authority_tests.rs,preserve,tracked-family-source-and-metadata-reconciliation,inventory-open
crates/worth-store-layout-indexes/src/catalog/scope_partition.rs,checkpoint-publication;durability-vocabulary;wal-topology,checkpoint-publication=3;durability-vocabulary=11;wal-topology=1,checkpoint-publication-and-retention,crate:worth-store-layout-indexes,preserve,crates/worth-store-layout-indexes/src/catalog/scope_partition.rs,preserve,tracked-family-source-and-metadata-reconciliation,inventory-open
crates/worth-store-layout-indexes/src/catalog/system_families/io_scheduler/background_pacing.rs,durability-vocabulary,durability-vocabulary=8,domain-durability-meaning,crate:worth-store-layout-indexes,preserve,crates/worth-store-layout-indexes/src/catalog/system_families/io_scheduler/background_pacing.rs,preserve,tracked-family-source-and-metadata-reconciliation,inventory-open
crates/worth-store-layout-indexes/src/catalog/system_families/io_scheduler/foreground_interference.rs,durability-vocabulary,durability-vocabulary=8,domain-durability-meaning,crate:worth-store-layout-indexes,preserve,crates/worth-store-layout-indexes/src/catalog/system_families/io_scheduler/foreground_interference.rs,preserve,tracked-family-source-and-metadata-reconciliation,inventory-open
crates/worth-store-layout-indexes/src/catalog/system_families/io_scheduler/foreground_reservation.rs,durability-vocabulary,durability-vocabulary=8,domain-durability-meaning,crate:worth-store-layout-indexes,preserve,crates/worth-store-layout-indexes/src/catalog/system_families/io_scheduler/foreground_reservation.rs,preserve,tracked-family-source-and-metadata-reconciliation,inventory-open
crates/worth-store-layout-indexes/src/catalog/system_families/offline_verifier.rs,durability-vocabulary,durability-vocabulary=4,domain-durability-meaning,crate:worth-store-layout-indexes,preserve,crates/worth-store-layout-indexes/src/catalog/system_families/offline_verifier.rs,preserve,tracked-family-source-and-metadata-reconciliation,inventory-open
crates/worth-store-layout-indexes/src/catalog/tests.rs,acknowledgment-topology;checkpoint-publication;durability-vocabulary;wal-topology,acknowledgment-topology=1;checkpoint-publication=2;durability-vocabulary=131;wal-topology=2,checkpoint-publication-and-retention,crate:worth-store-layout-indexes,preserve,crates/worth-store-layout-indexes/src/catalog/tests.rs,preserve,tracked-family-source-and-metadata-reconciliation,inventory-open
crates/worth-store-layout-indexes/src/catalog/witness.rs,durability-vocabulary,durability-vocabulary=3,domain-durability-meaning,crate:worth-store-layout-indexes,preserve,crates/worth-store-layout-indexes/src/catalog/witness.rs,preserve,tracked-family-source-and-metadata-reconciliation,inventory-open
crates/worth-store-layout-indexes/src/customization/capability.rs,wal-topology,wal-topology=2,domain-wal-topology-consumer,crate:worth-store-layout-indexes,preserve,crates/worth-store-layout-indexes/src/customization/capability.rs,preserve,tracked-family-source-and-metadata-reconciliation,inventory-open
crates/worth-store-layout-indexes/src/customization/tests.rs,durability-vocabulary;wal-topology,durability-vocabulary=4;wal-topology=1,domain-wal-topology-consumer,crate:worth-store-layout-indexes,preserve,crates/worth-store-layout-indexes/src/customization/tests.rs,preserve,tracked-family-source-and-metadata-reconciliation,inventory-open
crates/worth-store-layout-indexes/src/declarations.rs,durability-vocabulary,durability-vocabulary=3,domain-durability-meaning,crate:worth-store-layout-indexes,preserve,crates/worth-store-layout-indexes/src/declarations.rs,preserve,tracked-family-source-and-metadata-reconciliation,inventory-open
crates/worth-store-layout-indexes/src/evolution/migration/binding/admission.rs,durability-vocabulary,durability-vocabulary=1,root-publication-consumer,crate:worth-store-layout-indexes,preserve,crates/worth-store-layout-indexes/src/evolution/migration/binding/admission.rs,preserve,tracked-family-source-and-metadata-reconciliation,inventory-open
crates/worth-store-layout-indexes/src/evolution/migration/forward/execution.rs,parallel-root-publication;root-publication-topology,parallel-root-publication=4;root-publication-topology=6,parallel-root-publication,physical_runtime/durability/publication,delete,crates/worth-store-layout-indexes/src/evolution/migration/forward/execution.rs,phase-7,tracked-family-source-and-metadata-reconciliation,deleted-phase-7
crates/worth-store-layout-indexes/src/evolution/migration/interruption_tests.rs,durability-vocabulary;root-publication-topology,durability-vocabulary=1;root-publication-topology=1,root-publication-consumer,crate:worth-store-layout-indexes,delete,crates/worth-store-layout-indexes/src/evolution/migration/interruption_tests.rs,phase-7,tracked-family-source-and-metadata-reconciliation,deleted-phase-7
crates/worth-store-layout-indexes/src/evolution/migration/plan_fingerprint.rs,durability-vocabulary,durability-vocabulary=1,domain-durability-meaning,crate:worth-store-layout-indexes,preserve,crates/worth-store-layout-indexes/src/evolution/migration/plan_fingerprint.rs,preserve,tracked-family-source-and-metadata-reconciliation,inventory-open
crates/worth-store-layout-indexes/src/evolution/migration/rollback/execution.rs,parallel-root-publication;root-publication-topology,parallel-root-publication=4;root-publication-topology=6,parallel-root-publication,physical_runtime/durability/publication,delete,crates/worth-store-layout-indexes/src/evolution/migration/rollback/execution.rs,phase-7,tracked-family-source-and-metadata-reconciliation,deleted-phase-7
crates/worth-store-layout-indexes/src/evolution/migration/rollback_interruption_tests.rs,root-publication-topology,root-publication-topology=3,root-publication-consumer,crate:worth-store-layout-indexes,delete,crates/worth-store-layout-indexes/src/evolution/migration/rollback_interruption_tests.rs,phase-7,tracked-family-source-and-metadata-reconciliation,deleted-phase-7
crates/worth-store-layout-indexes/src/evolution/migration/test_support.rs,durability-vocabulary,durability-vocabulary=2,root-publication-consumer,crate:worth-store-layout-indexes,preserve,crates/worth-store-layout-indexes/src/evolution/migration/test_support.rs,preserve,tracked-family-source-and-metadata-reconciliation,inventory-open
crates/worth-store-layout-indexes/src/evolution/migration/tests/counter_tests.rs,root-publication-topology,root-publication-topology=1,root-publication-consumer,crate:worth-store-layout-indexes,delete,crates/worth-store-layout-indexes/src/evolution/migration/tests/counter_tests.rs,phase-7,tracked-family-source-and-metadata-reconciliation,deleted-phase-7
crates/worth-store-layout-indexes/src/evolution/migration/tests/physical_source_binding.rs,root-publication-topology,root-publication-topology=2,root-publication-consumer,crate:worth-store-layout-indexes,delete,crates/worth-store-layout-indexes/src/evolution/migration/tests/physical_source_binding.rs,phase-7,tracked-family-source-and-metadata-reconciliation,deleted-phase-7
crates/worth-store-layout-indexes/src/integrity/tests.rs,durability-vocabulary,durability-vocabulary=3,domain-durability-meaning,crate:worth-store-layout-indexes,preserve,crates/worth-store-layout-indexes/src/integrity/tests.rs,preserve,tracked-family-source-and-metadata-reconciliation,inventory-open
crates/worth-store-layout-indexes/src/keyspace/admission_operation.rs,wal-topology,wal-topology=4,domain-wal-topology-consumer,crate:worth-store-layout-indexes,preserve,crates/worth-store-layout-indexes/src/keyspace/admission_operation.rs,preserve,tracked-family-source-and-metadata-reconciliation,inventory-open
crates/worth-store-layout-indexes/src/keyspace/blob_replay_tests.rs,durability-vocabulary;wal-topology,durability-vocabulary=4;wal-topology=8,domain-wal-topology-consumer,crate:worth-store-layout-indexes,preserve,crates/worth-store-layout-indexes/src/keyspace/blob_replay_tests.rs,preserve,tracked-family-source-and-metadata-reconciliation,inventory-open
crates/worth-store-layout-indexes/src/keyspace/composite.rs,wal-topology,wal-topology=1,domain-wal-topology-consumer,crate:worth-store-layout-indexes,preserve,crates/worth-store-layout-indexes/src/keyspace/composite.rs,preserve,tracked-family-source-and-metadata-reconciliation,inventory-open
crates/worth-store-layout-indexes/src/keyspace/declaration.rs,checkpoint-publication;durability-vocabulary;wal-topology,checkpoint-publication=1;durability-vocabulary=5;wal-topology=2,checkpoint-publication-and-retention,crate:worth-store-layout-indexes,preserve,crates/worth-store-layout-indexes/src/keyspace/declaration.rs,preserve,tracked-family-source-and-metadata-reconciliation,inventory-open
crates/worth-store-layout-indexes/src/keyspace/encoding.rs,checkpoint-publication;durability-vocabulary;root-publication-topology;wal-topology,checkpoint-publication=1;durability-vocabulary=2;root-publication-topology=1;wal-topology=9,checkpoint-publication-and-retention,crate:worth-store-layout-indexes,preserve,crates/worth-store-layout-indexes/src/keyspace/encoding.rs,preserve,tracked-family-source-and-metadata-reconciliation,inventory-open
crates/worth-store-layout-indexes/src/keyspace/hash_collision.rs,wal-topology,wal-topology=1,domain-wal-topology-consumer,crate:worth-store-layout-indexes,preserve,crates/worth-store-layout-indexes/src/keyspace/hash_collision.rs,preserve,tracked-family-source-and-metadata-reconciliation,inventory-open
crates/worth-store-layout-indexes/src/keyspace/prefix.rs,wal-topology,wal-topology=1,domain-wal-topology-consumer,crate:worth-store-layout-indexes,preserve,crates/worth-store-layout-indexes/src/keyspace/prefix.rs,preserve,tracked-family-source-and-metadata-reconciliation,inventory-open
crates/worth-store-layout-indexes/src/keyspace/range.rs,wal-topology,wal-topology=1,domain-wal-topology-consumer,crate:worth-store-layout-indexes,preserve,crates/worth-store-layout-indexes/src/keyspace/range.rs,preserve,tracked-family-source-and-metadata-reconciliation,inventory-open
crates/worth-store-layout-indexes/src/keyspace/replay_tests.rs,durability-vocabulary,durability-vocabulary=5,domain-durability-meaning,crate:worth-store-layout-indexes,preserve,crates/worth-store-layout-indexes/src/keyspace/replay_tests.rs,preserve,tracked-family-source-and-metadata-reconciliation,inventory-open
crates/worth-store-layout-indexes/src/keyspace/tests.rs,durability-vocabulary,durability-vocabulary=8,domain-durability-meaning,crate:worth-store-layout-indexes,preserve,crates/worth-store-layout-indexes/src/keyspace/tests.rs,preserve,tracked-family-source-and-metadata-reconciliation,inventory-open
crates/worth-store-layout-indexes/src/keyspace/tests_support.rs,durability-vocabulary,durability-vocabulary=2,domain-durability-meaning,crate:worth-store-layout-indexes,preserve,crates/worth-store-layout-indexes/src/keyspace/tests_support.rs,preserve,tracked-family-source-and-metadata-reconciliation,inventory-open
crates/worth-store-layout-indexes/src/keyspace/value.rs,wal-topology,wal-topology=14,domain-wal-topology-consumer,crate:worth-store-layout-indexes,preserve,crates/worth-store-layout-indexes/src/keyspace/value.rs,preserve,tracked-family-source-and-metadata-reconciliation,inventory-open
crates/worth-store-layout-indexes/src/maintenance/live/copy_on_write_execution.rs,parallel-root-publication;root-publication-topology,parallel-root-publication=2;root-publication-topology=2,parallel-root-publication,physical_runtime/durability/publication,delete,crates/worth-store-layout-indexes/src/maintenance/live/copy_on_write_execution.rs,phase-7,tracked-family-source-and-metadata-reconciliation,deleted-phase-7
crates/worth-store-layout-indexes/src/maintenance/lsm/operation_context.rs,durability-vocabulary;wal-topology,durability-vocabulary=2;wal-topology=4,domain-wal-topology-consumer,crate:worth-store-layout-indexes,preserve,crates/worth-store-layout-indexes/src/maintenance/lsm/operation_context.rs,preserve,tracked-family-source-and-metadata-reconciliation,inventory-open
crates/worth-store-layout-indexes/src/maintenance/lsm/request.rs,wal-topology,wal-topology=14,domain-wal-topology-consumer,crate:worth-store-layout-indexes,preserve,crates/worth-store-layout-indexes/src/maintenance/lsm/request.rs,preserve,tracked-family-source-and-metadata-reconciliation,inventory-open
crates/worth-store-layout-indexes/src/maintenance/operational_repair.rs,durability-barrier;durability-vocabulary,durability-barrier=3;durability-vocabulary=1,backend-barrier-evidence-consumer,crate:worth-store-physical-backend,preserve,crates/worth-store-layout-indexes/src/maintenance/operational_repair.rs,preserve,tracked-family-source-and-metadata-reconciliation,inventory-open
crates/worth-store-layout-indexes/src/maintenance/operational_repair_tests.rs,durability-vocabulary,durability-vocabulary=2,domain-durability-meaning,crate:worth-store-layout-indexes,preserve,crates/worth-store-layout-indexes/src/maintenance/operational_repair_tests.rs,preserve,tracked-family-source-and-metadata-reconciliation,inventory-open
crates/worth-store-layout-indexes/src/maintenance/rebuild/plan.rs,wal-topology,wal-topology=2,domain-wal-topology-consumer,crate:worth-store-layout-indexes,preserve,crates/worth-store-layout-indexes/src/maintenance/rebuild/plan.rs,preserve,tracked-family-source-and-metadata-reconciliation,inventory-open
crates/worth-store-layout-indexes/src/maintenance/rebuild/source/admission.rs,wal-topology,wal-topology=3,domain-wal-topology-consumer,crate:worth-store-layout-indexes,preserve,crates/worth-store-layout-indexes/src/maintenance/rebuild/source/admission.rs,preserve,tracked-family-source-and-metadata-reconciliation,inventory-open
crates/worth-store-layout-indexes/src/maintenance/rebuild/source/authority.rs,durability-vocabulary;wal-topology,durability-vocabulary=1;wal-topology=18,domain-wal-topology-consumer,crate:worth-store-layout-indexes,preserve,crates/worth-store-layout-indexes/src/maintenance/rebuild/source/authority.rs,preserve,tracked-family-source-and-metadata-reconciliation,inventory-open
crates/worth-store-layout-indexes/src/maintenance/test_support.rs,root-publication-topology,root-publication-topology=3,root-publication-consumer,crate:worth-store-layout-indexes,preserve,crates/worth-store-layout-indexes/src/maintenance/test_support.rs,preserve,tracked-family-source-and-metadata-reconciliation,inventory-open
crates/worth-store-layout-indexes/src/maintenance/test_support/source_witness.rs,durable-publication-declaration;wal-topology,durable-publication-declaration=2;wal-topology=21,wal-publication-declaration,worth-store-wal/append-declaration,move,crates/worth-store-layout-indexes/src/maintenance/test_support/source_witness.rs,phase-3,tracked-family-source-and-metadata-reconciliation,inventory-open
crates/worth-store-layout-indexes/src/maintenance/tests/live_posture_cases.rs,durability-vocabulary,durability-vocabulary=2,domain-durability-meaning,crate:worth-store-layout-indexes,preserve,crates/worth-store-layout-indexes/src/maintenance/tests/live_posture_cases.rs,preserve,tracked-family-source-and-metadata-reconciliation,inventory-open
crates/worth-store-layout-indexes/src/maintenance/tests/mutation_cases.rs,durability-vocabulary;wal-topology,durability-vocabulary=2;wal-topology=6,root-publication-consumer,crate:worth-store-layout-indexes,preserve,crates/worth-store-layout-indexes/src/maintenance/tests/mutation_cases.rs,preserve,tracked-family-source-and-metadata-reconciliation,inventory-open
crates/worth-store-layout-indexes/src/maintenance/tests/mutation_support.rs,durability-vocabulary;root-publication-topology,durability-vocabulary=2;root-publication-topology=1,root-publication-consumer,crate:worth-store-layout-indexes,delete,crates/worth-store-layout-indexes/src/maintenance/tests/mutation_support.rs,phase-7,tracked-family-source-and-metadata-reconciliation,deleted-phase-7
crates/worth-store-layout-indexes/src/maintenance/tests/rebuild.rs,wal-topology,wal-topology=3,domain-wal-topology-consumer,crate:worth-store-layout-indexes,preserve,crates/worth-store-layout-indexes/src/maintenance/tests/rebuild.rs,preserve,tracked-family-source-and-metadata-reconciliation,inventory-open
crates/worth-store-layout-indexes/src/maintenance/tests/rebuild_case_matrix.rs,wal-topology,wal-topology=11,domain-wal-topology-consumer,crate:worth-store-layout-indexes,preserve,crates/worth-store-layout-indexes/src/maintenance/tests/rebuild_case_matrix.rs,preserve,tracked-family-source-and-metadata-reconciliation,inventory-open
crates/worth-store-layout-indexes/src/maintenance/tests/rebuild_source_binding.rs,wal-topology,wal-topology=8,domain-wal-topology-consumer,crate:worth-store-layout-indexes,preserve,crates/worth-store-layout-indexes/src/maintenance/tests/rebuild_source_binding.rs,preserve,tracked-family-source-and-metadata-reconciliation,inventory-open
crates/worth-store-layout-indexes/src/maintenance/tests/rebuild_substitution.rs,wal-topology,wal-topology=3,domain-wal-topology-consumer,crate:worth-store-layout-indexes,preserve,crates/worth-store-layout-indexes/src/maintenance/tests/rebuild_substitution.rs,preserve,tracked-family-source-and-metadata-reconciliation,inventory-open
crates/worth-store-layout-indexes/src/maintenance/tests/rebuild_support.rs,wal-topology,wal-topology=2,domain-wal-topology-consumer,crate:worth-store-layout-indexes,preserve,crates/worth-store-layout-indexes/src/maintenance/tests/rebuild_support.rs,preserve,tracked-family-source-and-metadata-reconciliation,inventory-open
crates/worth-store-layout-indexes/src/materialization/admission.rs,durability-vocabulary;root-publication-topology;wal-topology,durability-vocabulary=1;root-publication-topology=1;wal-topology=1,root-publication-consumer,crate:worth-store-layout-indexes,preserve,crates/worth-store-layout-indexes/src/materialization/admission.rs,preserve,tracked-family-source-and-metadata-reconciliation,inventory-open
crates/worth-store-layout-indexes/src/materialization/admission/btree_admission.rs,root-publication-topology,root-publication-topology=1,root-publication-consumer,crate:worth-store-layout-indexes,preserve,crates/worth-store-layout-indexes/src/materialization/admission/btree_admission.rs,preserve,tracked-family-source-and-metadata-reconciliation,inventory-open
crates/worth-store-layout-indexes/src/materialization/runtime_tests.rs,durability-vocabulary;wal-topology,durability-vocabulary=1;wal-topology=3,domain-wal-topology-consumer,crate:worth-store-layout-indexes,preserve,crates/worth-store-layout-indexes/src/materialization/runtime_tests.rs,preserve,tracked-family-source-and-metadata-reconciliation,inventory-open
crates/worth-store-layout-indexes/src/materialization/source.rs,root-publication-topology;wal-topology,root-publication-topology=2;wal-topology=1,root-publication-consumer,crate:worth-store-layout-indexes,preserve,crates/worth-store-layout-indexes/src/materialization/source.rs,preserve,tracked-family-source-and-metadata-reconciliation,inventory-open
crates/worth-store-layout-indexes/src/materialization/source_binding_tests.rs,durability-vocabulary,durability-vocabulary=1,domain-durability-meaning,crate:worth-store-layout-indexes,preserve,crates/worth-store-layout-indexes/src/materialization/source_binding_tests.rs,preserve,tracked-family-source-and-metadata-reconciliation,inventory-open
crates/worth-store-layout-indexes/src/materialization/tests.rs,durability-vocabulary,durability-vocabulary=2,domain-durability-meaning,crate:worth-store-layout-indexes,preserve,crates/worth-store-layout-indexes/src/materialization/tests.rs,preserve,tracked-family-source-and-metadata-reconciliation,inventory-open
crates/worth-store-layout-indexes/src/materialization/watermark.rs,wal-topology,wal-topology=7,domain-wal-topology-consumer,crate:worth-store-layout-indexes,preserve,crates/worth-store-layout-indexes/src/materialization/watermark.rs,preserve,tracked-family-source-and-metadata-reconciliation,inventory-open
crates/worth-store-layout-indexes/src/planning/candidate_tests.rs,durability-vocabulary,durability-vocabulary=2,domain-durability-meaning,crate:worth-store-layout-indexes,preserve,crates/worth-store-layout-indexes/src/planning/candidate_tests.rs,preserve,tracked-family-source-and-metadata-reconciliation,inventory-open
crates/worth-store-layout-indexes/src/planning/candidates/set.rs,wal-topology,wal-topology=1,domain-wal-topology-consumer,crate:worth-store-layout-indexes,preserve,crates/worth-store-layout-indexes/src/planning/candidates/set.rs,preserve,tracked-family-source-and-metadata-reconciliation,inventory-open
crates/worth-store-layout-indexes/src/planning/cost_tests.rs,durability-vocabulary,durability-vocabulary=2,domain-durability-meaning,crate:worth-store-layout-indexes,preserve,crates/worth-store-layout-indexes/src/planning/cost_tests.rs,preserve,tracked-family-source-and-metadata-reconciliation,inventory-open
crates/worth-store-layout-indexes/src/planning/decision_case_tests.rs,durability-vocabulary;wal-topology,durability-vocabulary=3;wal-topology=3,domain-wal-topology-consumer,crate:worth-store-layout-indexes,preserve,crates/worth-store-layout-indexes/src/planning/decision_case_tests.rs,preserve,tracked-family-source-and-metadata-reconciliation,inventory-open
crates/worth-store-layout-indexes/src/planning/plan_identity_tests.rs,durability-vocabulary;root-publication-topology,durability-vocabulary=3;root-publication-topology=4,root-publication-consumer,crate:worth-store-layout-indexes,preserve,crates/worth-store-layout-indexes/src/planning/plan_identity_tests.rs,preserve,tracked-family-source-and-metadata-reconciliation,inventory-open
crates/worth-store-layout-indexes/src/planning/request_identity_tests.rs,checkpoint-publication;durability-vocabulary;wal-topology,checkpoint-publication=1;durability-vocabulary=12;wal-topology=4,checkpoint-publication-and-retention,crate:worth-store-layout-indexes,preserve,crates/worth-store-layout-indexes/src/planning/request_identity_tests.rs,preserve,tracked-family-source-and-metadata-reconciliation,inventory-open
crates/worth-store-layout-indexes/src/planning/selection_tests.rs,durability-vocabulary;wal-topology,durability-vocabulary=8;wal-topology=2,domain-wal-topology-consumer,crate:worth-store-layout-indexes,preserve,crates/worth-store-layout-indexes/src/planning/selection_tests.rs,preserve,tracked-family-source-and-metadata-reconciliation,inventory-open
crates/worth-store-layout-indexes/src/read/page_lookup.rs,durability-vocabulary,durability-vocabulary=2,domain-durability-meaning,crate:worth-store-layout-indexes,preserve,crates/worth-store-layout-indexes/src/read/page_lookup.rs,preserve,tracked-family-source-and-metadata-reconciliation,inventory-open
crates/worth-store-layout-indexes/src/read/request.rs,wal-topology,wal-topology=6,domain-wal-topology-consumer,crate:worth-store-layout-indexes,preserve,crates/worth-store-layout-indexes/src/read/request.rs,preserve,tracked-family-source-and-metadata-reconciliation,inventory-open
crates/worth-store-layout-indexes/src/read/wal_lookup.rs,durability-vocabulary,durability-vocabulary=2,domain-durability-meaning,crate:worth-store-layout-indexes,preserve,crates/worth-store-layout-indexes/src/read/wal_lookup.rs,preserve,tracked-family-source-and-metadata-reconciliation,inventory-open
crates/worth-store-layout-indexes/src/recovery/btree_replay/layout_admission.rs,durability-vocabulary,durability-vocabulary=2,domain-durability-meaning,crate:worth-store-layout-indexes,preserve,crates/worth-store-layout-indexes/src/recovery/btree_replay/layout_admission.rs,preserve,tracked-family-source-and-metadata-reconciliation,inventory-open
crates/worth-store-layout-indexes/src/recovery/btree_replay/request.rs,durability-vocabulary,durability-vocabulary=3,domain-durability-meaning,crate:worth-store-layout-indexes,preserve,crates/worth-store-layout-indexes/src/recovery/btree_replay/request.rs,preserve,tracked-family-source-and-metadata-reconciliation,inventory-open
crates/worth-store-layout-indexes/src/recovery/btree_replay/source_admission.rs,durability-vocabulary,durability-vocabulary=1,domain-durability-meaning,crate:worth-store-layout-indexes,preserve,crates/worth-store-layout-indexes/src/recovery/btree_replay/source_admission.rs,preserve,tracked-family-source-and-metadata-reconciliation,inventory-open
crates/worth-store-layout-indexes/src/strategy/admission.rs,wal-topology,wal-topology=1,domain-wal-topology-consumer,crate:worth-store-layout-indexes,preserve,crates/worth-store-layout-indexes/src/strategy/admission.rs,preserve,tracked-family-source-and-metadata-reconciliation,inventory-open
crates/worth-store-layout-indexes/src/strategy/btree/execution/replay_runtime.rs,durability-vocabulary,durability-vocabulary=3,domain-durability-meaning,crate:worth-store-layout-indexes,preserve,crates/worth-store-layout-indexes/src/strategy/btree/execution/replay_runtime.rs,preserve,tracked-family-source-and-metadata-reconciliation,inventory-open
crates/worth-store-layout-indexes/src/strategy/btree/invariants.rs,root-publication-topology,root-publication-topology=10,root-publication-consumer,crate:worth-store-layout-indexes,preserve,crates/worth-store-layout-indexes/src/strategy/btree/invariants.rs,preserve,tracked-family-source-and-metadata-reconciliation,inventory-open
crates/worth-store-layout-indexes/src/strategy/btree/mod.rs,root-publication-topology,root-publication-topology=3,root-publication-consumer,crate:worth-store-layout-indexes,preserve,crates/worth-store-layout-indexes/src/strategy/btree/mod.rs,preserve,tracked-family-source-and-metadata-reconciliation,inventory-open
crates/worth-store-layout-indexes/src/strategy/btree/root_publication.rs,root-publication-topology,root-publication-topology=6,root-publication-consumer,crate:worth-store-layout-indexes,preserve,crates/worth-store-layout-indexes/src/strategy/btree/root_publication.rs,preserve,tracked-family-source-and-metadata-reconciliation,inventory-open
crates/worth-store-layout-indexes/src/strategy/capability_queries.rs,durability-vocabulary,durability-vocabulary=2,domain-durability-meaning,crate:worth-store-layout-indexes,preserve,crates/worth-store-layout-indexes/src/strategy/capability_queries.rs,preserve,tracked-family-source-and-metadata-reconciliation,inventory-open
crates/worth-store-layout-indexes/src/strategy/declaration.rs,durability-vocabulary;wal-topology,durability-vocabulary=9;wal-topology=1,domain-wal-topology-consumer,crate:worth-store-layout-indexes,preserve,crates/worth-store-layout-indexes/src/strategy/declaration.rs,preserve,tracked-family-source-and-metadata-reconciliation,inventory-open
crates/worth-store-layout-indexes/src/strategy/denial.rs,root-publication-topology,root-publication-topology=1,root-publication-consumer,crate:worth-store-layout-indexes,preserve,crates/worth-store-layout-indexes/src/strategy/denial.rs,preserve,tracked-family-source-and-metadata-reconciliation,inventory-open
crates/worth-store-layout-indexes/src/strategy/invariant_suite.rs,root-publication-topology;wal-topology,root-publication-topology=2;wal-topology=2,root-publication-consumer,crate:worth-store-layout-indexes,preserve,crates/worth-store-layout-indexes/src/strategy/invariant_suite.rs,preserve,tracked-family-source-and-metadata-reconciliation,inventory-open
crates/worth-store-layout-indexes/src/strategy/lsm/compaction/evidence.rs,durable-publication-declaration;wal-topology,durable-publication-declaration=4;wal-topology=15,wal-publication-declaration,worth-store-wal/append-declaration,move,crates/worth-store-layout-indexes/src/strategy/lsm/compaction/evidence.rs,phase-3,tracked-family-source-and-metadata-reconciliation,inventory-open
crates/worth-store-layout-indexes/src/strategy/lsm/compaction/observation.rs,durable-publication-declaration;wal-topology,durable-publication-declaration=2;wal-topology=11,wal-publication-declaration,worth-store-wal/append-declaration,move,crates/worth-store-layout-indexes/src/strategy/lsm/compaction/observation.rs,phase-3,tracked-family-source-and-metadata-reconciliation,inventory-open
crates/worth-store-layout-indexes/src/strategy/lsm/compaction/publication.rs,durable-publication-declaration;wal-topology,durable-publication-declaration=2;wal-topology=4,wal-publication-declaration,worth-store-wal/append-declaration,move,crates/worth-store-layout-indexes/src/strategy/lsm/compaction/publication.rs,phase-3,tracked-family-source-and-metadata-reconciliation,inventory-open
crates/worth-store-layout-indexes/src/strategy/lsm/compaction/publication_evidence.rs,durable-publication-declaration;wal-topology,durable-publication-declaration=3;wal-topology=3,wal-publication-declaration,worth-store-wal/append-declaration,move,crates/worth-store-layout-indexes/src/strategy/lsm/compaction/publication_evidence.rs,phase-3,tracked-family-source-and-metadata-reconciliation,inventory-open
crates/worth-store-layout-indexes/src/strategy/lsm/compaction/replay_tail.rs,wal-topology,wal-topology=10,domain-wal-topology-consumer,crate:worth-store-layout-indexes,preserve,crates/worth-store-layout-indexes/src/strategy/lsm/compaction/replay_tail.rs,preserve,tracked-family-source-and-metadata-reconciliation,inventory-open
crates/worth-store-layout-indexes/src/strategy/lsm/compaction/state.rs,durable-publication-declaration;wal-topology,durable-publication-declaration=2;wal-topology=5,wal-publication-declaration,worth-store-wal/append-declaration,move,crates/worth-store-layout-indexes/src/strategy/lsm/compaction/state.rs,phase-3,tracked-family-source-and-metadata-reconciliation,inventory-open
crates/worth-store-layout-indexes/src/strategy/lsm/execution/compaction_demand.rs,durability-vocabulary;wal-topology,durability-vocabulary=3;wal-topology=6,domain-wal-topology-consumer,crate:worth-store-layout-indexes,preserve,crates/worth-store-layout-indexes/src/strategy/lsm/execution/compaction_demand.rs,preserve,tracked-family-source-and-metadata-reconciliation,inventory-open
crates/worth-store-layout-indexes/src/strategy/lsm/execution/compaction_plan.rs,checkpoint-publication,checkpoint-publication=2,domain-durability-meaning,crate:worth-store-layout-indexes,preserve,crates/worth-store-layout-indexes/src/strategy/lsm/execution/compaction_plan.rs,preserve,tracked-family-source-and-metadata-reconciliation,inventory-open
crates/worth-store-layout-indexes/src/strategy/lsm/execution/denial.rs,durability-vocabulary,durability-vocabulary=6,domain-durability-meaning,crate:worth-store-layout-indexes,preserve,crates/worth-store-layout-indexes/src/strategy/lsm/execution/denial.rs,preserve,tracked-family-source-and-metadata-reconciliation,inventory-open
crates/worth-store-layout-indexes/src/strategy/lsm/execution/lookup_outcome.rs,wal-topology,wal-topology=5,domain-wal-topology-consumer,crate:worth-store-layout-indexes,preserve,crates/worth-store-layout-indexes/src/strategy/lsm/execution/lookup_outcome.rs,preserve,tracked-family-source-and-metadata-reconciliation,inventory-open
crates/worth-store-layout-indexes/src/strategy/lsm/execution/lookup_source.rs,wal-topology,wal-topology=2,domain-wal-topology-consumer,crate:worth-store-layout-indexes,preserve,crates/worth-store-layout-indexes/src/strategy/lsm/execution/lookup_source.rs,preserve,tracked-family-source-and-metadata-reconciliation,inventory-open
crates/worth-store-layout-indexes/src/strategy/lsm/memtable_wal.rs,durability-vocabulary,durability-vocabulary=2,domain-durability-meaning,crate:worth-store-layout-indexes,preserve,crates/worth-store-layout-indexes/src/strategy/lsm/memtable_wal.rs,preserve,tracked-family-source-and-metadata-reconciliation,inventory-open
crates/worth-store-layout-indexes/src/strategy/lsm/replay/evidence.rs,wal-topology,wal-topology=4,domain-wal-topology-consumer,crate:worth-store-layout-indexes,preserve,crates/worth-store-layout-indexes/src/strategy/lsm/replay/evidence.rs,preserve,tracked-family-source-and-metadata-reconciliation,inventory-open
crates/worth-store-layout-indexes/src/strategy/lsm/run_publication.rs,root-publication-topology,root-publication-topology=2,root-publication-consumer,crate:worth-store-layout-indexes,preserve,crates/worth-store-layout-indexes/src/strategy/lsm/run_publication.rs,preserve,tracked-family-source-and-metadata-reconciliation,inventory-open
crates/worth-store-layout-indexes/src/strategy/lsm/strategy.rs,durability-vocabulary;wal-topology,durability-vocabulary=5;wal-topology=6,checkpoint-publication-and-retention,crate:worth-store-layout-indexes,preserve,crates/worth-store-layout-indexes/src/strategy/lsm/strategy.rs,preserve,tracked-family-source-and-metadata-reconciliation,inventory-open
crates/worth-store-layout-indexes/src/strategy/materialization_policy.rs,durability-vocabulary,durability-vocabulary=4,domain-durability-meaning,crate:worth-store-layout-indexes,preserve,crates/worth-store-layout-indexes/src/strategy/materialization_policy.rs,preserve,tracked-family-source-and-metadata-reconciliation,inventory-open
crates/worth-store-layout-indexes/src/strategy/mod.rs,root-publication-topology,root-publication-topology=1,root-publication-consumer,crate:worth-store-layout-indexes,preserve,crates/worth-store-layout-indexes/src/strategy/mod.rs,preserve,tracked-family-source-and-metadata-reconciliation,inventory-open
crates/worth-store-layout-indexes/src/strategy/posture.rs,wal-topology,wal-topology=1,domain-wal-topology-consumer,crate:worth-store-layout-indexes,preserve,crates/worth-store-layout-indexes/src/strategy/posture.rs,preserve,tracked-family-source-and-metadata-reconciliation,inventory-open
crates/worth-store-layout-indexes/src/strategy/registry/denial.rs,durability-vocabulary,durability-vocabulary=3,domain-durability-meaning,crate:worth-store-layout-indexes,preserve,crates/worth-store-layout-indexes/src/strategy/registry/denial.rs,preserve,tracked-family-source-and-metadata-reconciliation,inventory-open
crates/worth-store-layout-indexes/src/strategy/registry/request.rs,durability-vocabulary,durability-vocabulary=4,domain-durability-meaning,crate:worth-store-layout-indexes,preserve,crates/worth-store-layout-indexes/src/strategy/registry/request.rs,preserve,tracked-family-source-and-metadata-reconciliation,inventory-open
crates/worth-store-layout-indexes/src/strategy/registry/tests.rs,durability-vocabulary;wal-topology,durability-vocabulary=3;wal-topology=1,domain-wal-topology-consumer,crate:worth-store-layout-indexes,preserve,crates/worth-store-layout-indexes/src/strategy/registry/tests.rs,preserve,tracked-family-source-and-metadata-reconciliation,inventory-open
crates/worth-store-layout-indexes/src/strategy/tests.rs,durability-vocabulary;wal-topology,durability-vocabulary=5;wal-topology=1,domain-wal-topology-consumer,crate:worth-store-layout-indexes,preserve,crates/worth-store-layout-indexes/src/strategy/tests.rs,preserve,tracked-family-source-and-metadata-reconciliation,inventory-open
crates/worth-store-layout-indexes/src/strategy/tests_support.rs,durability-vocabulary;wal-topology,durability-vocabulary=8;wal-topology=6,domain-wal-topology-consumer,crate:worth-store-layout-indexes,preserve,crates/worth-store-layout-indexes/src/strategy/tests_support.rs,preserve,tracked-family-source-and-metadata-reconciliation,inventory-open
crates/worth-store-layout-indexes/src/strategy_declarations.rs,root-publication-topology,root-publication-topology=1,root-publication-consumer,crate:worth-store-layout-indexes,preserve,crates/worth-store-layout-indexes/src/strategy_declarations.rs,preserve,tracked-family-source-and-metadata-reconciliation,inventory-open
crates/worth-store-layout-indexes/tests/compile_fail/layout/foundations_runner.rs,root-publication-topology,root-publication-topology=1,root-publication-consumer,crate:worth-store-layout-indexes,preserve,crates/worth-store-layout-indexes/tests/compile_fail/layout/foundations_runner.rs,preserve,tracked-family-source-and-metadata-reconciliation,inventory-open
crates/worth-store-layout-indexes/tests/compile_fail/layout/strategy_admission/caller_defined_rule_cannot_open_wal_layout.rs,wal-topology,wal-topology=2,domain-wal-topology-consumer,crate:worth-store-layout-indexes,preserve,crates/worth-store-layout-indexes/tests/compile_fail/layout/strategy_admission/caller_defined_rule_cannot_open_wal_layout.rs,preserve,tracked-family-source-and-metadata-reconciliation,inventory-open
crates/worth-store-layout-indexes/tests/compile_fail/layout/strategy_admission_runner.rs,wal-topology,wal-topology=1,domain-wal-topology-consumer,crate:worth-store-layout-indexes,preserve,crates/worth-store-layout-indexes/tests/compile_fail/layout/strategy_admission_runner.rs,preserve,tracked-family-source-and-metadata-reconciliation,inventory-open
crates/worth-store-layout-indexes/tests/scenarios/layout/degraded_scan/physical_fixture.rs,root-publication-topology,root-publication-topology=2,root-publication-consumer,crate:worth-store-layout-indexes,preserve,crates/worth-store-layout-indexes/tests/scenarios/layout/degraded_scan/physical_fixture.rs,preserve,tracked-family-source-and-metadata-reconciliation,inventory-open
crates/worth-store-live-query/Cargo.toml,durability-vocabulary,durability-vocabulary=1,domain-durability-meaning,crate:worth-store-live-query,preserve,crates/worth-store-live-query/Cargo.toml,preserve,tracked-family-source-and-metadata-reconciliation,inventory-open
crates/worth-store-lsm-authority/Cargo.toml,durability-vocabulary,durability-vocabulary=1,domain-durability-meaning,crate:worth-store-lsm-authority,preserve,crates/worth-store-lsm-authority/Cargo.toml,preserve,tracked-family-source-and-metadata-reconciliation,inventory-open
crates/worth-store-lsm-authority/src/lib.rs,checkpoint-publication;durable-publication-declaration;wal-topology,checkpoint-publication=1;durable-publication-declaration=1;wal-topology=8,wal-publication-declaration,worth-store-wal/append-declaration,move,crates/worth-store-lsm-authority/src/lib.rs,phase-3,tracked-family-source-and-metadata-reconciliation,inventory-open
crates/worth-store-lsm-authority/src/membership/activation_artifact/event.rs,checkpoint-publication;durability-vocabulary;wal-topology,checkpoint-publication=5;durability-vocabulary=1;wal-topology=16,domain-wal-topology-consumer,crate:worth-store-lsm-authority,preserve,crates/worth-store-lsm-authority/src/membership/activation_artifact/event.rs,preserve,tracked-family-source-and-metadata-reconciliation,inventory-open
crates/worth-store-lsm-authority/src/membership/activation_artifact/frame.rs,durability-vocabulary,durability-vocabulary=1,domain-durability-meaning,crate:worth-store-lsm-authority,preserve,crates/worth-store-lsm-authority/src/membership/activation_artifact/frame.rs,preserve,tracked-family-source-and-metadata-reconciliation,inventory-open
crates/worth-store-lsm-authority/src/membership/activation_artifact/tests.rs,checkpoint-publication;durability-vocabulary;wal-topology,checkpoint-publication=2;durability-vocabulary=1;wal-topology=18,domain-wal-topology-consumer,crate:worth-store-lsm-authority,preserve,crates/worth-store-lsm-authority/src/membership/activation_artifact/tests.rs,preserve,tracked-family-source-and-metadata-reconciliation,inventory-open
crates/worth-store-lsm-authority/src/membership/durable_artifact/record_codec.rs,checkpoint-publication;durability-vocabulary;wal-topology,checkpoint-publication=3;durability-vocabulary=1;wal-topology=33,domain-wal-topology-consumer,crate:worth-store-lsm-authority,preserve,crates/worth-store-lsm-authority/src/membership/durable_artifact/record_codec.rs,preserve,tracked-family-source-and-metadata-reconciliation,inventory-open
crates/worth-store-lsm-authority/src/membership/mod.rs,durability-vocabulary,durability-vocabulary=2,domain-durability-meaning,crate:worth-store-lsm-authority,preserve,crates/worth-store-lsm-authority/src/membership/mod.rs,preserve,tracked-family-source-and-metadata-reconciliation,inventory-open
crates/worth-store-lsm-authority/src/membership/model.rs,checkpoint-publication;durability-vocabulary;wal-topology,checkpoint-publication=3;durability-vocabulary=13;wal-topology=18,domain-wal-topology-consumer,crate:worth-store-lsm-authority,preserve,crates/worth-store-lsm-authority/src/membership/model.rs,preserve,tracked-family-source-and-metadata-reconciliation,inventory-open
crates/worth-store-lsm-authority/src/membership/record_set/identity_set.rs,wal-topology,wal-topology=11,domain-wal-topology-consumer,crate:worth-store-lsm-authority,preserve,crates/worth-store-lsm-authority/src/membership/record_set/identity_set.rs,preserve,tracked-family-source-and-metadata-reconciliation,inventory-open
crates/worth-store-lsm-authority/src/membership/record_set/issuance.rs,wal-topology,wal-topology=5,domain-wal-topology-consumer,crate:worth-store-lsm-authority,preserve,crates/worth-store-lsm-authority/src/membership/record_set/issuance.rs,preserve,tracked-family-source-and-metadata-reconciliation,inventory-open
crates/worth-store-lsm-authority/src/membership/record_set/roles.rs,durability-vocabulary;wal-topology,durability-vocabulary=1;wal-topology=2,domain-wal-topology-consumer,crate:worth-store-lsm-authority,preserve,crates/worth-store-lsm-authority/src/membership/record_set/roles.rs,preserve,tracked-family-source-and-metadata-reconciliation,inventory-open
crates/worth-store-lsm-authority/src/membership/runtime/certification_authority.rs,checkpoint-publication;durability-vocabulary;wal-topology,checkpoint-publication=2;durability-vocabulary=1;wal-topology=17,domain-wal-topology-consumer,crate:worth-store-lsm-authority,preserve,crates/worth-store-lsm-authority/src/membership/runtime/certification_authority.rs,preserve,tracked-family-source-and-metadata-reconciliation,inventory-open
crates/worth-store-lsm-authority/src/membership/runtime/persistence/operation.rs,durability-vocabulary;wal-topology,durability-vocabulary=8;wal-topology=4,domain-wal-topology-consumer,crate:worth-store-lsm-authority,preserve,crates/worth-store-lsm-authority/src/membership/runtime/persistence/operation.rs,preserve,tracked-family-source-and-metadata-reconciliation,inventory-open
crates/worth-store-lsm-authority/src/membership/runtime/reopen/operation.rs,durability-vocabulary;wal-topology,durability-vocabulary=2;wal-topology=2,domain-wal-topology-consumer,crate:worth-store-lsm-authority,preserve,crates/worth-store-lsm-authority/src/membership/runtime/reopen/operation.rs,preserve,tracked-family-source-and-metadata-reconciliation,inventory-open
crates/worth-store-lsm-authority/src/membership/runtime/reopen/replay.rs,durability-vocabulary;durable-publication-declaration;wal-topology,durability-vocabulary=13;durable-publication-declaration=2;wal-topology=13,wal-publication-declaration,worth-store-wal/append-declaration,move,crates/worth-store-lsm-authority/src/membership/runtime/reopen/replay.rs,phase-3,tracked-family-source-and-metadata-reconciliation,inventory-open
crates/worth-store-lsm-authority/src/membership/runtime/replacement/binding.rs,checkpoint-publication;durability-vocabulary;wal-topology,checkpoint-publication=3;durability-vocabulary=7;wal-topology=10,domain-wal-topology-consumer,crate:worth-store-lsm-authority,preserve,crates/worth-store-lsm-authority/src/membership/runtime/replacement/binding.rs,preserve,tracked-family-source-and-metadata-reconciliation,inventory-open
crates/worth-store-lsm-authority/src/membership/runtime/replacement/publication.rs,checkpoint-publication;durability-vocabulary;durable-publication-declaration;wal-topology,checkpoint-publication=8;durability-vocabulary=5;durable-publication-declaration=2;wal-topology=19,wal-publication-declaration,worth-store-wal/append-declaration,move,crates/worth-store-lsm-authority/src/membership/runtime/replacement/publication.rs,phase-3,tracked-family-source-and-metadata-reconciliation,inventory-open
crates/worth-store-lsm-authority/src/membership/runtime/state/session.rs,durability-vocabulary,durability-vocabulary=4,domain-durability-meaning,crate:worth-store-lsm-authority,preserve,crates/worth-store-lsm-authority/src/membership/runtime/state/session.rs,preserve,tracked-family-source-and-metadata-reconciliation,inventory-open
crates/worth-store-lsm-authority/src/replay_source.rs,checkpoint-publication;durability-vocabulary;wal-topology,checkpoint-publication=1;durability-vocabulary=10;wal-topology=11,checkpoint-publication-and-retention,crate:worth-store-lsm-authority,preserve,crates/worth-store-lsm-authority/src/replay_source.rs,preserve,tracked-family-source-and-metadata-reconciliation,inventory-open
crates/worth-store-maintenance/src/layout_projection/queue.rs,durability-vocabulary,durability-vocabulary=10,domain-durability-meaning,crate:worth-store-maintenance,preserve,crates/worth-store-maintenance/src/layout_projection/queue.rs,preserve,tracked-family-source-and-metadata-reconciliation,inventory-open
crates/worth-store-modes/Cargo.toml,durability-vocabulary,durability-vocabulary=1,domain-durability-meaning,crate:worth-store-modes,preserve,crates/worth-store-modes/Cargo.toml,preserve,tracked-family-source-and-metadata-reconciliation,inventory-open
crates/worth-store-modes/src/lib.rs,durability-vocabulary,durability-vocabulary=1,domain-durability-meaning,crate:worth-store-modes,preserve,crates/worth-store-modes/src/lib.rs,preserve,tracked-family-source-and-metadata-reconciliation,inventory-open
crates/worth-store-offline-verifier/src/backup_verification/manifest_semantic_validation.rs,durability-vocabulary;wal-topology,durability-vocabulary=3;wal-topology=2,domain-wal-topology-consumer,crate:worth-store-offline-verifier,preserve,crates/worth-store-offline-verifier/src/backup_verification/manifest_semantic_validation.rs,preserve,tracked-family-source-and-metadata-reconciliation,inventory-open
crates/worth-store-offline-verifier/src/backup_verification/owner_artifact_verification.rs,durability-vocabulary;root-publication-topology;wal-topology,durability-vocabulary=3;root-publication-topology=2;wal-topology=4,root-publication-consumer,crate:worth-store-offline-verifier,preserve,crates/worth-store-offline-verifier/src/backup_verification/owner_artifact_verification.rs,preserve,tracked-family-source-and-metadata-reconciliation,inventory-open
crates/worth-store-offline-verifier/src/backup_verification/owner_denial_classification.rs,wal-topology,wal-topology=14,domain-wal-topology-consumer,crate:worth-store-offline-verifier,preserve,crates/worth-store-offline-verifier/src/backup_verification/owner_denial_classification.rs,preserve,tracked-family-source-and-metadata-reconciliation,inventory-open
crates/worth-store-offline-verifier/src/backup_verification/owner_family_mapping.rs,wal-topology,wal-topology=1,domain-wal-topology-consumer,crate:worth-store-offline-verifier,preserve,crates/worth-store-offline-verifier/src/backup_verification/owner_family_mapping.rs,preserve,tracked-family-source-and-metadata-reconciliation,inventory-open
crates/worth-store-offline-verifier/src/bin/physical_store_offline_observer/c5_c7_observation/bounded_residency_verification.rs,durability-vocabulary,durability-vocabulary=9,domain-durability-meaning,crate:worth-store-offline-verifier,preserve,crates/worth-store-offline-verifier/src/bin/physical_store_offline_observer/c5_c7_observation/bounded_residency_verification.rs,preserve,tracked-family-source-and-metadata-reconciliation,inventory-open
crates/worth-store-offline-verifier/src/bin/physical_store_offline_observer/c5_c7_observation/bounded_residency_verification/expectation.rs,durability-vocabulary,durability-vocabulary=4,domain-durability-meaning,crate:worth-store-offline-verifier,preserve,crates/worth-store-offline-verifier/src/bin/physical_store_offline_observer/c5_c7_observation/bounded_residency_verification/expectation.rs,preserve,tracked-family-source-and-metadata-reconciliation,inventory-open
crates/worth-store-offline-verifier/src/bin/physical_store_offline_observer/c5_c7_observation/current_manifest.rs,durability-vocabulary,durability-vocabulary=2,domain-durability-meaning,crate:worth-store-offline-verifier,preserve,crates/worth-store-offline-verifier/src/bin/physical_store_offline_observer/c5_c7_observation/current_manifest.rs,preserve,tracked-family-source-and-metadata-reconciliation,inventory-open
crates/worth-store-offline-verifier/src/disaster_recovery_verification/bootstrap_source_resolution.rs,durability-vocabulary,durability-vocabulary=1,domain-durability-meaning,crate:worth-store-offline-verifier,preserve,crates/worth-store-offline-verifier/src/disaster_recovery_verification/bootstrap_source_resolution.rs,preserve,tracked-family-source-and-metadata-reconciliation,inventory-open
crates/worth-store-offline-verifier/src/durable_record_manifest/free_space_tree.rs,durability-vocabulary,durability-vocabulary=27,domain-durability-meaning,crate:worth-store-offline-verifier,preserve,crates/worth-store-offline-verifier/src/durable_record_manifest/free_space_tree.rs,preserve,tracked-family-source-and-metadata-reconciliation,inventory-open
crates/worth-store-offline-verifier/src/durable_record_manifest/independent_frame.rs,durability-vocabulary,durability-vocabulary=6,domain-durability-meaning,crate:worth-store-offline-verifier,preserve,crates/worth-store-offline-verifier/src/durable_record_manifest/independent_frame.rs,preserve,tracked-family-source-and-metadata-reconciliation,inventory-open
crates/worth-store-offline-verifier/src/durable_record_manifest/mod.rs,durability-vocabulary,durability-vocabulary=27,domain-durability-meaning,crate:worth-store-offline-verifier,preserve,crates/worth-store-offline-verifier/src/durable_record_manifest/mod.rs,preserve,tracked-family-source-and-metadata-reconciliation,inventory-open
crates/worth-store-offline-verifier/src/durable_record_manifest/payload_validation.rs,durability-vocabulary,durability-vocabulary=22,domain-durability-meaning,crate:worth-store-offline-verifier,preserve,crates/worth-store-offline-verifier/src/durable_record_manifest/payload_validation.rs,preserve,tracked-family-source-and-metadata-reconciliation,inventory-open
crates/worth-store-offline-verifier/src/durable_record_manifest/payload_validation_tests.rs,durability-vocabulary,durability-vocabulary=2,domain-durability-meaning,crate:worth-store-offline-verifier,preserve,crates/worth-store-offline-verifier/src/durable_record_manifest/payload_validation_tests.rs,preserve,tracked-family-source-and-metadata-reconciliation,inventory-open
crates/worth-store-offline-verifier/src/durable_record_manifest/root_tree.rs,durability-vocabulary,durability-vocabulary=34,domain-durability-meaning,crate:worth-store-offline-verifier,preserve,crates/worth-store-offline-verifier/src/durable_record_manifest/root_tree.rs,preserve,tracked-family-source-and-metadata-reconciliation,inventory-open
crates/worth-store-offline-verifier/src/durable_record_manifest/segment_tree.rs,durability-vocabulary,durability-vocabulary=19,domain-durability-meaning,crate:worth-store-offline-verifier,preserve,crates/worth-store-offline-verifier/src/durable_record_manifest/segment_tree.rs,preserve,tracked-family-source-and-metadata-reconciliation,inventory-open
crates/worth-store-offline-verifier/src/forensic_acquisition/acquisition_record.rs,durability-barrier;durability-vocabulary,durability-barrier=1;durability-vocabulary=7,backend-barrier-evidence-consumer,crate:worth-store-physical-backend,preserve,crates/worth-store-offline-verifier/src/forensic_acquisition/acquisition_record.rs,preserve,tracked-family-source-and-metadata-reconciliation,inventory-open
crates/worth-store-offline-verifier/src/forensic_acquisition/acquisition_session.rs,durability-barrier;durability-vocabulary,durability-barrier=4;durability-vocabulary=7,backend-barrier-evidence-consumer,crate:worth-store-physical-backend,preserve,crates/worth-store-offline-verifier/src/forensic_acquisition/acquisition_session.rs,preserve,tracked-family-source-and-metadata-reconciliation,inventory-open
crates/worth-store-offline-verifier/src/forensic_acquisition/bundle_manifest.rs,durability-barrier;durability-vocabulary,durability-barrier=1;durability-vocabulary=3,backend-barrier-evidence-consumer,crate:worth-store-physical-backend,preserve,crates/worth-store-offline-verifier/src/forensic_acquisition/bundle_manifest.rs,preserve,tracked-family-source-and-metadata-reconciliation,inventory-open
crates/worth-store-offline-verifier/src/forensic_acquisition/tests.rs,durability-vocabulary,durability-vocabulary=1,domain-durability-meaning,crate:worth-store-offline-verifier,preserve,crates/worth-store-offline-verifier/src/forensic_acquisition/tests.rs,preserve,tracked-family-source-and-metadata-reconciliation,inventory-open
crates/worth-store-offline-verifier/src/hostile_physical_truth/mod.rs,durability-vocabulary,durability-vocabulary=1,domain-durability-meaning,crate:worth-store-offline-verifier,preserve,crates/worth-store-offline-verifier/src/hostile_physical_truth/mod.rs,preserve,tracked-family-source-and-metadata-reconciliation,inventory-open
crates/worth-store-offline-verifier/src/hostile_physical_truth/observation.rs,durability-vocabulary,durability-vocabulary=6,domain-durability-meaning,crate:worth-store-offline-verifier,preserve,crates/worth-store-offline-verifier/src/hostile_physical_truth/observation.rs,preserve,tracked-family-source-and-metadata-reconciliation,inventory-open
crates/worth-store-offline-verifier/src/lib.rs,durability-vocabulary,durability-vocabulary=6,domain-durability-meaning,crate:worth-store-offline-verifier,preserve,crates/worth-store-offline-verifier/src/lib.rs,preserve,tracked-family-source-and-metadata-reconciliation,inventory-open
crates/worth-store-offline-verifier/src/record_topology_canonical_basis.rs,durability-vocabulary,durability-vocabulary=3,domain-durability-meaning,crate:worth-store-offline-verifier,preserve,crates/worth-store-offline-verifier/src/record_topology_canonical_basis.rs,preserve,tracked-family-source-and-metadata-reconciliation,inventory-open
crates/worth-store-offline-verifier/src/replica_target_verification.rs,durability-vocabulary,durability-vocabulary=5,domain-durability-meaning,crate:worth-store-offline-verifier,preserve,crates/worth-store-offline-verifier/src/replica_target_verification.rs,preserve,tracked-family-source-and-metadata-reconciliation,inventory-open
crates/worth-store-offline-verifier/src/staged_recovery_verification/mod.rs,durability-vocabulary,durability-vocabulary=7,domain-durability-meaning,crate:worth-store-offline-verifier,preserve,crates/worth-store-offline-verifier/src/staged_recovery_verification/mod.rs,preserve,tracked-family-source-and-metadata-reconciliation,inventory-open
crates/worth-store-offline-verifier/src/truth_composition/truth_report_identity.rs,durability-vocabulary;wal-topology,durability-vocabulary=2;wal-topology=1,domain-wal-topology-consumer,crate:worth-store-offline-verifier,preserve,crates/worth-store-offline-verifier/src/truth_composition/truth_report_identity.rs,preserve,tracked-family-source-and-metadata-reconciliation,inventory-open
crates/worth-store-operations/src/authorization/authorization_consumption.rs,durability-vocabulary,durability-vocabulary=2,domain-durability-meaning,crate:worth-store-operations,preserve,crates/worth-store-operations/src/authorization/authorization_consumption.rs,preserve,tracked-family-source-and-metadata-reconciliation,inventory-open
crates/worth-store-operations/src/backup/import/import_publication.rs,root-publication-topology,root-publication-topology=5,root-publication-consumer,crate:worth-store-operations,delete,crates/worth-store-operations/src/backup/import/import_publication.rs,phase-7,tracked-family-source-and-metadata-reconciliation,deleted-phase-7
crates/worth-store-operations/src/backup/import/restored_layout_materialization_tests.rs,durability-vocabulary,durability-vocabulary=2,domain-durability-meaning,crate:worth-store-operations,delete,crates/worth-store-operations/src/backup/import/restored_layout_materialization_tests.rs,phase-7,tracked-family-source-and-metadata-reconciliation,deleted-phase-7
crates/worth-store-operations/src/certification_scenario/backup.rs,durability-vocabulary,durability-vocabulary=2,domain-durability-meaning,crate:worth-store-operations,preserve,crates/worth-store-operations/src/certification_scenario/backup.rs,preserve,tracked-family-source-and-metadata-reconciliation,inventory-open
crates/worth-store-operations/src/certification_scenario/backup_artifacts.rs,root-publication-topology,root-publication-topology=1,root-publication-consumer,crate:worth-store-operations,preserve,crates/worth-store-operations/src/certification_scenario/backup_artifacts.rs,preserve,tracked-family-source-and-metadata-reconciliation,inventory-open
crates/worth-store-operations/src/certification_scenario/backup_artifacts/canonical_materialization.rs,page-lsn;root-publication-topology;wal-topology,page-lsn=5;root-publication-topology=8;wal-topology=2,page-recovery-ordering,crate:worth-store-operations,preserve,crates/worth-store-operations/src/certification_scenario/backup_artifacts/canonical_materialization.rs,preserve,tracked-family-source-and-metadata-reconciliation,inventory-open
crates/worth-store-operations/src/certification_scenario/backup_artifacts/physical_reference.rs,root-publication-topology,root-publication-topology=4,root-publication-consumer,crate:worth-store-operations,preserve,crates/worth-store-operations/src/certification_scenario/backup_artifacts/physical_reference.rs,preserve,tracked-family-source-and-metadata-reconciliation,inventory-open
crates/worth-store-operations/src/certification_scenario/fencing.rs,durability-vocabulary,durability-vocabulary=1,domain-durability-meaning,crate:worth-store-operations,preserve,crates/worth-store-operations/src/certification_scenario/fencing.rs,preserve,tracked-family-source-and-metadata-reconciliation,inventory-open
crates/worth-store-operations/src/certification_scenario/poisoned_backup.rs,wal-topology,wal-topology=2,domain-wal-topology-consumer,crate:worth-store-operations,preserve,crates/worth-store-operations/src/certification_scenario/poisoned_backup.rs,preserve,tracked-family-source-and-metadata-reconciliation,inventory-open
crates/worth-store-operations/src/certification_scenario/recovery_staging.rs,durability-vocabulary,durability-vocabulary=7,domain-durability-meaning,crate:worth-store-operations,preserve,crates/worth-store-operations/src/certification_scenario/recovery_staging.rs,preserve,tracked-family-source-and-metadata-reconciliation,inventory-open
crates/worth-store-operations/src/certification_scenario/repair.rs,durability-vocabulary,durability-vocabulary=2,domain-durability-meaning,crate:worth-store-operations,preserve,crates/worth-store-operations/src/certification_scenario/repair.rs,preserve,tracked-family-source-and-metadata-reconciliation,inventory-open
crates/worth-store-operations/src/certification_scenario/repair_cancellation_recovery.rs,durability-vocabulary,durability-vocabulary=3,domain-durability-meaning,crate:worth-store-operations,preserve,crates/worth-store-operations/src/certification_scenario/repair_cancellation_recovery.rs,preserve,tracked-family-source-and-metadata-reconciliation,inventory-open
crates/worth-store-operations/src/certification_scenario/repair_mutants.rs,durability-vocabulary,durability-vocabulary=1,domain-durability-meaning,crate:worth-store-operations,preserve,crates/worth-store-operations/src/certification_scenario/repair_mutants.rs,preserve,tracked-family-source-and-metadata-reconciliation,inventory-open
crates/worth-store-operations/src/certification_scenario/replication_ports.rs,durability-vocabulary,durability-vocabulary=3,domain-durability-meaning,crate:worth-store-operations,preserve,crates/worth-store-operations/src/certification_scenario/replication_ports.rs,preserve,tracked-family-source-and-metadata-reconciliation,inventory-open
crates/worth-store-operations/src/certification_scenario/staging_resume.rs,durability-vocabulary,durability-vocabulary=1,domain-durability-meaning,crate:worth-store-operations,preserve,crates/worth-store-operations/src/certification_scenario/staging_resume.rs,preserve,tracked-family-source-and-metadata-reconciliation,inventory-open
crates/worth-store-operations/src/certification_test_authority.rs,durability-vocabulary,durability-vocabulary=2,domain-durability-meaning,crate:worth-store-operations,preserve,crates/worth-store-operations/src/certification_test_authority.rs,preserve,tracked-family-source-and-metadata-reconciliation,inventory-open
crates/worth-store-operations/src/control_store/control_record_identity.rs,durability-vocabulary,durability-vocabulary=3,domain-durability-meaning,crate:worth-store-operations,preserve,crates/worth-store-operations/src/control_store/control_record_identity.rs,preserve,tracked-family-source-and-metadata-reconciliation,inventory-open
crates/worth-store-operations/src/control_store/control_record_kind.rs,durability-vocabulary,durability-vocabulary=1,domain-durability-meaning,crate:worth-store-operations,preserve,crates/worth-store-operations/src/control_store/control_record_kind.rs,preserve,tracked-family-source-and-metadata-reconciliation,inventory-open
crates/worth-store-operations/src/control_store/divergent_generation_selection.rs,durability-vocabulary,durability-vocabulary=2,domain-durability-meaning,crate:worth-store-operations,preserve,crates/worth-store-operations/src/control_store/divergent_generation_selection.rs,preserve,tracked-family-source-and-metadata-reconciliation,inventory-open
crates/worth-store-operations/src/control_store/operation_identity.rs,durability-vocabulary,durability-vocabulary=1,domain-durability-meaning,crate:worth-store-operations,preserve,crates/worth-store-operations/src/control_store/operation_identity.rs,preserve,tracked-family-source-and-metadata-reconciliation,inventory-open
crates/worth-store-operations/src/control_store/persisted_record.rs,durability-vocabulary,durability-vocabulary=2,domain-durability-meaning,crate:worth-store-operations,preserve,crates/worth-store-operations/src/control_store/persisted_record.rs,preserve,tracked-family-source-and-metadata-reconciliation,inventory-open
crates/worth-store-operations/src/control_store/persisted_record_codec.rs,durability-vocabulary,durability-vocabulary=1,domain-durability-meaning,crate:worth-store-operations,preserve,crates/worth-store-operations/src/control_store/persisted_record_codec.rs,preserve,tracked-family-source-and-metadata-reconciliation,inventory-open
crates/worth-store-operations/src/control_store/persisted_record_codec_tests.rs,durability-vocabulary,durability-vocabulary=1,domain-durability-meaning,crate:worth-store-operations,preserve,crates/worth-store-operations/src/control_store/persisted_record_codec_tests.rs,preserve,tracked-family-source-and-metadata-reconciliation,inventory-open
crates/worth-store-operations/src/control_store/persisted_record_encoding.rs,durability-vocabulary,durability-vocabulary=2,domain-durability-meaning,crate:worth-store-operations,preserve,crates/worth-store-operations/src/control_store/persisted_record_encoding.rs,preserve,tracked-family-source-and-metadata-reconciliation,inventory-open
crates/worth-store-operations/src/control_store/persisted_record_kind.rs,durability-vocabulary,durability-vocabulary=1,domain-durability-meaning,crate:worth-store-operations,preserve,crates/worth-store-operations/src/control_store/persisted_record_kind.rs,preserve,tracked-family-source-and-metadata-reconciliation,inventory-open
crates/worth-store-operations/src/control_store/prepared_publication_handle.rs,durability-vocabulary,durability-vocabulary=1,domain-durability-meaning,crate:worth-store-operations,delete,crates/worth-store-operations/src/control_store/prepared_publication_handle.rs,phase-7,tracked-family-source-and-metadata-reconciliation,deleted-phase-7
crates/worth-store-operations/src/control_store/recovery_staging_control_replay.rs,durability-vocabulary,durability-vocabulary=2,domain-durability-meaning,crate:worth-store-operations,preserve,crates/worth-store-operations/src/control_store/recovery_staging_control_replay.rs,preserve,tracked-family-source-and-metadata-reconciliation,inventory-open
crates/worth-store-operations/src/control_store/recovery_staging_handle.rs,durability-vocabulary,durability-vocabulary=1,domain-durability-meaning,crate:worth-store-operations,preserve,crates/worth-store-operations/src/control_store/recovery_staging_handle.rs,preserve,tracked-family-source-and-metadata-reconciliation,inventory-open
crates/worth-store-operations/src/control_store/repair_control_replay.rs,durability-vocabulary,durability-vocabulary=4,domain-durability-meaning,crate:worth-store-operations,preserve,crates/worth-store-operations/src/control_store/repair_control_replay.rs,preserve,tracked-family-source-and-metadata-reconciliation,inventory-open
crates/worth-store-operations/src/control_store/repair_recovery_posture.rs,durability-vocabulary,durability-vocabulary=14,domain-durability-meaning,crate:worth-store-operations,preserve,crates/worth-store-operations/src/control_store/repair_recovery_posture.rs,preserve,tracked-family-source-and-metadata-reconciliation,inventory-open
crates/worth-store-operations/src/control_store/replica_control_record.rs,durability-vocabulary,durability-vocabulary=3,domain-durability-meaning,crate:worth-store-operations,preserve,crates/worth-store-operations/src/control_store/replica_control_record.rs,preserve,tracked-family-source-and-metadata-reconciliation,inventory-open
crates/worth-store-operations/src/control_store/replica_operation_control_replay.rs,durability-vocabulary,durability-vocabulary=3,domain-durability-meaning,crate:worth-store-operations,preserve,crates/worth-store-operations/src/control_store/replica_operation_control_replay.rs,preserve,tracked-family-source-and-metadata-reconciliation,inventory-open
crates/worth-store-operations/src/control_store/replica_operation_recovery.rs,durability-vocabulary,durability-vocabulary=5,domain-durability-meaning,crate:worth-store-operations,preserve,crates/worth-store-operations/src/control_store/replica_operation_recovery.rs,preserve,tracked-family-source-and-metadata-reconciliation,inventory-open
crates/worth-store-operations/src/control_store/replica_operation_replay_tests.rs,durability-vocabulary,durability-vocabulary=8,domain-durability-meaning,crate:worth-store-operations,preserve,crates/worth-store-operations/src/control_store/replica_operation_replay_tests.rs,preserve,tracked-family-source-and-metadata-reconciliation,inventory-open
crates/worth-store-operations/src/control_store/selected_control_replay_contract.rs,durability-vocabulary,durability-vocabulary=1,domain-durability-meaning,crate:worth-store-operations,preserve,crates/worth-store-operations/src/control_store/selected_control_replay_contract.rs,preserve,tracked-family-source-and-metadata-reconciliation,inventory-open
crates/worth-store-operations/src/control_store/selected_control_replay_finish.rs,durability-vocabulary,durability-vocabulary=1,domain-durability-meaning,crate:worth-store-operations,preserve,crates/worth-store-operations/src/control_store/selected_control_replay_finish.rs,preserve,tracked-family-source-and-metadata-reconciliation,inventory-open
crates/worth-store-operations/src/control_store/selected_control_replay_replica.rs,durability-vocabulary,durability-vocabulary=2,domain-durability-meaning,crate:worth-store-operations,preserve,crates/worth-store-operations/src/control_store/selected_control_replay_replica.rs,preserve,tracked-family-source-and-metadata-reconciliation,inventory-open
crates/worth-store-operations/src/control_store/selected_control_state.rs,durability-vocabulary,durability-vocabulary=4,domain-durability-meaning,crate:worth-store-operations,preserve,crates/worth-store-operations/src/control_store/selected_control_state.rs,preserve,tracked-family-source-and-metadata-reconciliation,inventory-open
crates/worth-store-operations/src/control_store/trust_posture.rs,durability-vocabulary,durability-vocabulary=6,domain-durability-meaning,crate:worth-store-operations,preserve,crates/worth-store-operations/src/control_store/trust_posture.rs,preserve,tracked-family-source-and-metadata-reconciliation,inventory-open
crates/worth-store-operations/src/layout_projection/backup.rs,durability-vocabulary,durability-vocabulary=4,domain-durability-meaning,crate:worth-store-operations,preserve,crates/worth-store-operations/src/layout_projection/backup.rs,preserve,tracked-family-source-and-metadata-reconciliation,inventory-open
crates/worth-store-operations/src/layout_projection/capsule_operation.rs,durability-vocabulary,durability-vocabulary=4,domain-durability-meaning,crate:worth-store-operations,preserve,crates/worth-store-operations/src/layout_projection/capsule_operation.rs,preserve,tracked-family-source-and-metadata-reconciliation,inventory-open
crates/worth-store-operations/src/layout_projection/export.rs,durability-vocabulary,durability-vocabulary=4,domain-durability-meaning,crate:worth-store-operations,preserve,crates/worth-store-operations/src/layout_projection/export.rs,preserve,tracked-family-source-and-metadata-reconciliation,inventory-open
crates/worth-store-operations/src/layout_projection/import.rs,durability-vocabulary,durability-vocabulary=4,domain-durability-meaning,crate:worth-store-operations,preserve,crates/worth-store-operations/src/layout_projection/import.rs,preserve,tracked-family-source-and-metadata-reconciliation,inventory-open
crates/worth-store-operations/src/layout_projection/restore.rs,durability-vocabulary,durability-vocabulary=4,domain-durability-meaning,crate:worth-store-operations,preserve,crates/worth-store-operations/src/layout_projection/restore.rs,preserve,tracked-family-source-and-metadata-reconciliation,inventory-open
crates/worth-store-operations/src/layout_projection/tests.rs,durability-vocabulary,durability-vocabulary=3,domain-durability-meaning,crate:worth-store-operations,preserve,crates/worth-store-operations/src/layout_projection/tests.rs,preserve,tracked-family-source-and-metadata-reconciliation,inventory-open
crates/worth-store-operations/src/lib.rs,durability-vocabulary,durability-vocabulary=1,domain-durability-meaning,crate:worth-store-operations,preserve,crates/worth-store-operations/src/lib.rs,preserve,tracked-family-source-and-metadata-reconciliation,inventory-open
crates/worth-store-operations/src/operational_audit/completeness.rs,durability-vocabulary,durability-vocabulary=5,domain-durability-meaning,crate:worth-store-operations,preserve,crates/worth-store-operations/src/operational_audit/completeness.rs,preserve,tracked-family-source-and-metadata-reconciliation,inventory-open
crates/worth-store-operations/src/operational_audit/durable_derivation.rs,durability-vocabulary,durability-vocabulary=2,domain-durability-meaning,crate:worth-store-operations,preserve,crates/worth-store-operations/src/operational_audit/durable_derivation.rs,preserve,tracked-family-source-and-metadata-reconciliation,inventory-open
crates/worth-store-operations/src/operational_audit/mod.rs,durability-vocabulary,durability-vocabulary=2,domain-durability-meaning,crate:worth-store-operations,preserve,crates/worth-store-operations/src/operational_audit/mod.rs,preserve,tracked-family-source-and-metadata-reconciliation,inventory-open
crates/worth-store-operations/src/operational_audit/tests.rs,durability-vocabulary,durability-vocabulary=26,domain-durability-meaning,crate:worth-store-operations,preserve,crates/worth-store-operations/src/operational_audit/tests.rs,preserve,tracked-family-source-and-metadata-reconciliation,inventory-open
crates/worth-store-operations/src/operational_session/counters.rs,durability-vocabulary,durability-vocabulary=13,domain-durability-meaning,crate:worth-store-operations,preserve,crates/worth-store-operations/src/operational_session/counters.rs,preserve,tracked-family-source-and-metadata-reconciliation,inventory-open
crates/worth-store-operations/src/operational_session/interruption.rs,durability-vocabulary,durability-vocabulary=2,domain-durability-meaning,crate:worth-store-operations,preserve,crates/worth-store-operations/src/operational_session/interruption.rs,preserve,tracked-family-source-and-metadata-reconciliation,inventory-open
crates/worth-store-operations/src/operational_session/policy.rs,durability-vocabulary,durability-vocabulary=1,domain-durability-meaning,crate:worth-store-operations,preserve,crates/worth-store-operations/src/operational_session/policy.rs,preserve,tracked-family-source-and-metadata-reconciliation,inventory-open
crates/worth-store-operations/src/operational_session/progress.rs,durability-vocabulary,durability-vocabulary=7,domain-durability-meaning,crate:worth-store-operations,preserve,crates/worth-store-operations/src/operational_session/progress.rs,preserve,tracked-family-source-and-metadata-reconciliation,inventory-open
crates/worth-store-operations/src/operational_session/recovery.rs,durability-vocabulary,durability-vocabulary=7,domain-durability-meaning,crate:worth-store-operations,preserve,crates/worth-store-operations/src/operational_session/recovery.rs,preserve,tracked-family-source-and-metadata-reconciliation,inventory-open
crates/worth-store-operations/src/owner_plan_dag/canonical_dag.rs,durability-vocabulary,durability-vocabulary=9,domain-durability-meaning,crate:worth-store-operations,preserve,crates/worth-store-operations/src/owner_plan_dag/canonical_dag.rs,preserve,tracked-family-source-and-metadata-reconciliation,inventory-open
crates/worth-store-operations/src/phase_1_6_tests/closure_verification.rs,wal-topology,wal-topology=2,domain-wal-topology-consumer,crate:worth-store-operations,preserve,crates/worth-store-operations/src/phase_1_6_tests/closure_verification.rs,preserve,tracked-family-source-and-metadata-reconciliation,inventory-open
crates/worth-store-operations/src/phase_1_6_tests/control_append_fault.rs,durability-vocabulary,durability-vocabulary=2,domain-durability-meaning,crate:worth-store-operations,preserve,crates/worth-store-operations/src/phase_1_6_tests/control_append_fault.rs,preserve,tracked-family-source-and-metadata-reconciliation,inventory-open
crates/worth-store-operations/src/phase_1_6_tests/control_history_semantics.rs,durability-vocabulary,durability-vocabulary=3,domain-durability-meaning,crate:worth-store-operations,preserve,crates/worth-store-operations/src/phase_1_6_tests/control_history_semantics.rs,preserve,tracked-family-source-and-metadata-reconciliation,inventory-open
crates/worth-store-operations/src/phase_1_6_tests/control_media_boundaries.rs,durability-vocabulary,durability-vocabulary=2,domain-durability-meaning,crate:worth-store-operations,preserve,crates/worth-store-operations/src/phase_1_6_tests/control_media_boundaries.rs,preserve,tracked-family-source-and-metadata-reconciliation,inventory-open
crates/worth-store-operations/src/phase_1_6_tests/control_plane.rs,durability-vocabulary,durability-vocabulary=13,domain-durability-meaning,crate:worth-store-operations,preserve,crates/worth-store-operations/src/phase_1_6_tests/control_plane.rs,preserve,tracked-family-source-and-metadata-reconciliation,inventory-open
crates/worth-store-operations/src/phase_1_6_tests/current_root_fixture.rs,root-publication-topology,root-publication-topology=4,root-publication-consumer,crate:worth-store-operations,preserve,crates/worth-store-operations/src/phase_1_6_tests/current_root_fixture.rs,preserve,tracked-family-source-and-metadata-reconciliation,inventory-open
crates/worth-store-operations/src/phase_1_6_tests/cut_failure_recovery.rs,durability-vocabulary;wal-topology,durability-vocabulary=5;wal-topology=4,domain-wal-topology-consumer,crate:worth-store-operations,preserve,crates/worth-store-operations/src/phase_1_6_tests/cut_failure_recovery.rs,preserve,tracked-family-source-and-metadata-reconciliation,inventory-open
crates/worth-store-operations/src/phase_1_6_tests/cut_lifecycle.rs,durability-vocabulary;root-publication-topology,durability-vocabulary=1;root-publication-topology=1,root-publication-consumer,crate:worth-store-operations,preserve,crates/worth-store-operations/src/phase_1_6_tests/cut_lifecycle.rs,preserve,tracked-family-source-and-metadata-reconciliation,inventory-open
crates/worth-store-operations/src/phase_1_6_tests/cut_publication_race.rs,root-publication-topology,root-publication-topology=2,root-publication-consumer,crate:worth-store-operations,preserve,crates/worth-store-operations/src/phase_1_6_tests/cut_publication_race.rs,preserve,tracked-family-source-and-metadata-reconciliation,inventory-open
crates/worth-store-operations/src/phase_1_6_tests/independent_verification.rs,durability-vocabulary;wal-topology,durability-vocabulary=1;wal-topology=1,domain-wal-topology-consumer,crate:worth-store-operations,preserve,crates/worth-store-operations/src/phase_1_6_tests/independent_verification.rs,preserve,tracked-family-source-and-metadata-reconciliation,inventory-open
crates/worth-store-operations/src/phase_1_6_tests/materialization_control_recovery.rs,durability-vocabulary,durability-vocabulary=9,domain-durability-meaning,crate:worth-store-operations,preserve,crates/worth-store-operations/src/phase_1_6_tests/materialization_control_recovery.rs,preserve,tracked-family-source-and-metadata-reconciliation,inventory-open
crates/worth-store-operations/src/phase_1_6_tests/materialization_interruption.rs,durability-vocabulary,durability-vocabulary=13,domain-durability-meaning,crate:worth-store-operations,preserve,crates/worth-store-operations/src/phase_1_6_tests/materialization_interruption.rs,preserve,tracked-family-source-and-metadata-reconciliation,inventory-open
crates/worth-store-operations/src/phase_1_6_tests/materialization_resume_matrix.rs,durability-vocabulary,durability-vocabulary=8,domain-durability-meaning,crate:worth-store-operations,preserve,crates/worth-store-operations/src/phase_1_6_tests/materialization_resume_matrix.rs,preserve,tracked-family-source-and-metadata-reconciliation,inventory-open
crates/worth-store-operations/src/phase_1_6_tests/owner_forgery_verification.rs,wal-topology,wal-topology=4,domain-wal-topology-consumer,crate:worth-store-operations,preserve,crates/worth-store-operations/src/phase_1_6_tests/owner_forgery_verification.rs,preserve,tracked-family-source-and-metadata-reconciliation,inventory-open
crates/worth-store-operations/src/phase_1_6_tests/readmission_budget.rs,durability-vocabulary,durability-vocabulary=4,domain-durability-meaning,crate:worth-store-operations,preserve,crates/worth-store-operations/src/phase_1_6_tests/readmission_budget.rs,preserve,tracked-family-source-and-metadata-reconciliation,inventory-open
crates/worth-store-operations/src/phase_1_6_tests/release_scale_backup.rs,durability-vocabulary,durability-vocabulary=1,domain-durability-meaning,crate:worth-store-operations,preserve,crates/worth-store-operations/src/phase_1_6_tests/release_scale_backup.rs,preserve,tracked-family-source-and-metadata-reconciliation,inventory-open
crates/worth-store-operations/src/phase_1_6_tests/release_scale_blob_fixture.rs,durability-barrier,durability-barrier=1,backend-barrier-evidence-consumer,crate:worth-store-physical-backend,preserve,crates/worth-store-operations/src/phase_1_6_tests/release_scale_blob_fixture.rs,preserve,tracked-family-source-and-metadata-reconciliation,inventory-open
crates/worth-store-operations/src/phase_1_6_tests/support.rs,root-publication-topology;wal-topology,root-publication-topology=5;wal-topology=4,root-publication-consumer,crate:worth-store-operations,preserve,crates/worth-store-operations/src/phase_1_6_tests/support.rs,preserve,tracked-family-source-and-metadata-reconciliation,inventory-open
crates/worth-store-operations/src/phase_7_13_tests/authorization_boundary.rs,durability-vocabulary,durability-vocabulary=2,domain-durability-meaning,crate:worth-store-operations,preserve,crates/worth-store-operations/src/phase_7_13_tests/authorization_boundary.rs,preserve,tracked-family-source-and-metadata-reconciliation,inventory-open
crates/worth-store-operations/src/phase_7_13_tests/cutover_freshness.rs,durability-vocabulary,durability-vocabulary=1,domain-durability-meaning,crate:worth-store-operations,delete,crates/worth-store-operations/src/phase_7_13_tests/cutover_freshness.rs,phase-7,tracked-family-source-and-metadata-reconciliation,deleted-phase-7
crates/worth-store-operations/src/phase_7_13_tests/pitr_recovery.rs,durability-vocabulary,durability-vocabulary=4,domain-durability-meaning,crate:worth-store-operations,preserve,crates/worth-store-operations/src/phase_7_13_tests/pitr_recovery.rs,preserve,tracked-family-source-and-metadata-reconciliation,inventory-open
crates/worth-store-operations/src/phase_7_13_tests/publication_disposition.rs,durability-vocabulary,durability-vocabulary=4,domain-durability-meaning,crate:worth-store-operations,delete,crates/worth-store-operations/src/phase_7_13_tests/publication_disposition.rs,phase-7,tracked-family-source-and-metadata-reconciliation,deleted-phase-7
crates/worth-store-operations/src/phase_7_13_tests/publication_preparation.rs,durability-vocabulary;parallel-root-publication;root-publication-topology,durability-vocabulary=1;parallel-root-publication=1;root-publication-topology=1,parallel-root-publication,physical_runtime/durability/publication,delete,crates/worth-store-operations/src/phase_7_13_tests/publication_preparation.rs,phase-7,tracked-family-source-and-metadata-reconciliation,deleted-phase-7
crates/worth-store-operations/src/phase_7_13_tests/restore_pipeline.rs,durability-vocabulary,durability-vocabulary=8,domain-durability-meaning,crate:worth-store-operations,delete,crates/worth-store-operations/src/phase_7_13_tests/restore_pipeline.rs,phase-7,tracked-family-source-and-metadata-reconciliation,deleted-phase-7
crates/worth-store-operations/src/phase_7_13_tests/rollback_recovery.rs,durability-vocabulary,durability-vocabulary=1,domain-durability-meaning,crate:worth-store-operations,preserve,crates/worth-store-operations/src/phase_7_13_tests/rollback_recovery.rs,preserve,tracked-family-source-and-metadata-reconciliation,inventory-open
crates/worth-store-operations/src/phase_7_13_tests/staging_crash_matrix.rs,durability-vocabulary,durability-vocabulary=1,domain-durability-meaning,crate:worth-store-operations,preserve,crates/worth-store-operations/src/phase_7_13_tests/staging_crash_matrix.rs,preserve,tracked-family-source-and-metadata-reconciliation,inventory-open
crates/worth-store-operations/src/phase_7_13_tests/staging_recovery.rs,durability-vocabulary,durability-vocabulary=2,domain-durability-meaning,crate:worth-store-operations,preserve,crates/worth-store-operations/src/phase_7_13_tests/staging_recovery.rs,preserve,tracked-family-source-and-metadata-reconciliation,inventory-open
crates/worth-store-operations/src/workflow/backup/admitted_online_backup.rs,durability-vocabulary;wal-topology,durability-vocabulary=8;wal-topology=5,domain-wal-topology-consumer,crate:worth-store-operations,preserve,crates/worth-store-operations/src/workflow/backup/admitted_online_backup.rs,preserve,tracked-family-source-and-metadata-reconciliation,inventory-open
crates/worth-store-operations/src/workflow/backup/materialization_abandonment.rs,durability-vocabulary,durability-vocabulary=3,domain-durability-meaning,crate:worth-store-operations,preserve,crates/worth-store-operations/src/workflow/backup/materialization_abandonment.rs,preserve,tracked-family-source-and-metadata-reconciliation,inventory-open
crates/worth-store-operations/src/workflow/backup/online_backup_intent.rs,durability-vocabulary,durability-vocabulary=1,domain-durability-meaning,crate:worth-store-operations,preserve,crates/worth-store-operations/src/workflow/backup/online_backup_intent.rs,preserve,tracked-family-source-and-metadata-reconciliation,inventory-open
crates/worth-store-operations/src/workflow/backup/verification_ladder.rs,durability-vocabulary,durability-vocabulary=1,domain-durability-meaning,crate:worth-store-operations,preserve,crates/worth-store-operations/src/workflow/backup/verification_ladder.rs,preserve,tracked-family-source-and-metadata-reconciliation,inventory-open
crates/worth-store-operations/src/workflow/cutover/frontier.rs,durability-vocabulary,durability-vocabulary=14,domain-durability-meaning,crate:worth-store-operations,delete,crates/worth-store-operations/src/workflow/cutover/frontier.rs,phase-7,tracked-family-source-and-metadata-reconciliation,deleted-phase-7
crates/worth-store-operations/src/workflow/cutover/post_verification.rs,durability-vocabulary,durability-vocabulary=6,domain-durability-meaning,crate:worth-store-operations,delete,crates/worth-store-operations/src/workflow/cutover/post_verification.rs,phase-7,tracked-family-source-and-metadata-reconciliation,deleted-phase-7
crates/worth-store-operations/src/workflow/cutover/restore_drill_certification.rs,durability-vocabulary,durability-vocabulary=1,domain-durability-meaning,crate:worth-store-operations,delete,crates/worth-store-operations/src/workflow/cutover/restore_drill_certification.rs,phase-7,tracked-family-source-and-metadata-reconciliation,deleted-phase-7
crates/worth-store-operations/src/workflow/point_in_time_recovery/intent.rs,durability-vocabulary,durability-vocabulary=4,domain-durability-meaning,crate:worth-store-operations,preserve,crates/worth-store-operations/src/workflow/point_in_time_recovery/intent.rs,preserve,tracked-family-source-and-metadata-reconciliation,inventory-open
crates/worth-store-operations/src/workflow/point_in_time_recovery/lowering.rs,durability-vocabulary;wal-topology,durability-vocabulary=4;wal-topology=8,domain-wal-topology-consumer,crate:worth-store-operations,preserve,crates/worth-store-operations/src/workflow/point_in_time_recovery/lowering.rs,preserve,tracked-family-source-and-metadata-reconciliation,inventory-open
crates/worth-store-operations/src/workflow/recovery_owner_receipt.rs,durability-vocabulary;wal-topology,durability-vocabulary=3;wal-topology=1,domain-wal-topology-consumer,crate:worth-store-operations,preserve,crates/worth-store-operations/src/workflow/recovery_owner_receipt.rs,preserve,tracked-family-source-and-metadata-reconciliation,inventory-open
crates/worth-store-operations/src/workflow/repair/authority_affecting.rs,durability-vocabulary,durability-vocabulary=1,domain-durability-meaning,crate:worth-store-operations,preserve,crates/worth-store-operations/src/workflow/repair/authority_affecting.rs,preserve,tracked-family-source-and-metadata-reconciliation,inventory-open
crates/worth-store-operations/src/workflow/repair/authority_affecting_tests.rs,durability-vocabulary,durability-vocabulary=1,domain-durability-meaning,crate:worth-store-operations,preserve,crates/worth-store-operations/src/workflow/repair/authority_affecting_tests.rs,preserve,tracked-family-source-and-metadata-reconciliation,inventory-open
crates/worth-store-operations/src/workflow/repair/authority_receipt_persistence.rs,durability-vocabulary,durability-vocabulary=1,domain-durability-meaning,crate:worth-store-operations,preserve,crates/worth-store-operations/src/workflow/repair/authority_receipt_persistence.rs,preserve,tracked-family-source-and-metadata-reconciliation,inventory-open
crates/worth-store-operations/src/workflow/repair/crash_matrix_tests.rs,durability-vocabulary,durability-vocabulary=1,domain-durability-meaning,crate:worth-store-operations,preserve,crates/worth-store-operations/src/workflow/repair/crash_matrix_tests.rs,preserve,tracked-family-source-and-metadata-reconciliation,inventory-open
crates/worth-store-operations/src/workflow/repair/crash_recovery_tests.rs,durability-vocabulary,durability-vocabulary=5,domain-durability-meaning,crate:worth-store-operations,preserve,crates/worth-store-operations/src/workflow/repair/crash_recovery_tests.rs,preserve,tracked-family-source-and-metadata-reconciliation,inventory-open
crates/worth-store-operations/src/workflow/repair/execution.rs,durability-vocabulary,durability-vocabulary=1,domain-durability-meaning,crate:worth-store-operations,preserve,crates/worth-store-operations/src/workflow/repair/execution.rs,preserve,tracked-family-source-and-metadata-reconciliation,inventory-open
crates/worth-store-operations/src/workflow/repair/journal.rs,durability-vocabulary,durability-vocabulary=2,domain-durability-meaning,crate:worth-store-operations,preserve,crates/worth-store-operations/src/workflow/repair/journal.rs,preserve,tracked-family-source-and-metadata-reconciliation,inventory-open
crates/worth-store-operations/src/workflow/replica_bootstrap/execution.rs,durability-vocabulary,durability-vocabulary=1,domain-durability-meaning,crate:worth-store-operations,preserve,crates/worth-store-operations/src/workflow/replica_bootstrap/execution.rs,preserve,tracked-family-source-and-metadata-reconciliation,inventory-open
crates/worth-store-operations/src/workflow/replica_bootstrap/workflow.rs,durability-vocabulary,durability-vocabulary=1,domain-durability-meaning,crate:worth-store-operations,preserve,crates/worth-store-operations/src/workflow/replica_bootstrap/workflow.rs,preserve,tracked-family-source-and-metadata-reconciliation,inventory-open
crates/worth-store-operations/src/workflow/replica_promotion/finalization.rs,durability-vocabulary,durability-vocabulary=1,domain-durability-meaning,crate:worth-store-operations,preserve,crates/worth-store-operations/src/workflow/replica_promotion/finalization.rs,preserve,tracked-family-source-and-metadata-reconciliation,inventory-open
crates/worth-store-operations/src/workflow/replica_promotion/workflow.rs,durability-vocabulary,durability-vocabulary=1,domain-durability-meaning,crate:worth-store-operations,preserve,crates/worth-store-operations/src/workflow/replica_promotion/workflow.rs,preserve,tracked-family-source-and-metadata-reconciliation,inventory-open
crates/worth-store-physical-backend/src/access_policy/proof_authority_tests.rs,durability-barrier,durability-barrier=2,backend-barrier-evidence-consumer,crate:worth-store-physical-backend,preserve,crates/worth-store-physical-backend/src/access_policy/proof_authority_tests.rs,preserve,tracked-family-source-and-metadata-reconciliation,inventory-open
crates/worth-store-physical-backend/src/access_policy/test_support.rs,durability-barrier,durability-barrier=1,backend-barrier-evidence-consumer,crate:worth-store-physical-backend,preserve,crates/worth-store-physical-backend/src/access_policy/test_support.rs,preserve,tracked-family-source-and-metadata-reconciliation,inventory-open
crates/worth-store-physical-backend/src/access_policy/tests.rs,durability-barrier,durability-barrier=1,backend-barrier-evidence-consumer,crate:worth-store-physical-backend,preserve,crates/worth-store-physical-backend/src/access_policy/tests.rs,preserve,tracked-family-source-and-metadata-reconciliation,inventory-open
crates/worth-store-physical-backend/src/backup_materialization/interruption_tests.rs,durability-vocabulary,durability-vocabulary=1,domain-durability-meaning,crate:worth-store-physical-backend,preserve,crates/worth-store-physical-backend/src/backup_materialization/interruption_tests.rs,preserve,tracked-family-source-and-metadata-reconciliation,inventory-open
crates/worth-store-physical-backend/src/backup_materialization/mod.rs,durability-vocabulary,durability-vocabulary=1,domain-durability-meaning,crate:worth-store-physical-backend,preserve,crates/worth-store-physical-backend/src/backup_materialization/mod.rs,preserve,tracked-family-source-and-metadata-reconciliation,inventory-open
crates/worth-store-physical-backend/src/backup_materialization/publication_tests.rs,durability-vocabulary,durability-vocabulary=5,domain-durability-meaning,crate:worth-store-physical-backend,preserve,crates/worth-store-physical-backend/src/backup_materialization/publication_tests.rs,preserve,tracked-family-source-and-metadata-reconciliation,inventory-open
crates/worth-store-physical-backend/src/backup_materialization/session.rs,durability-barrier;durability-vocabulary,durability-barrier=1;durability-vocabulary=9,backend-barrier-evidence-consumer,crate:worth-store-physical-backend,preserve,crates/worth-store-physical-backend/src/backup_materialization/session.rs,preserve,tracked-family-source-and-metadata-reconciliation,inventory-open
crates/worth-store-physical-backend/src/backup_materialization/session/materialization_progress.rs,durability-vocabulary,durability-vocabulary=4,domain-durability-meaning,crate:worth-store-physical-backend,preserve,crates/worth-store-physical-backend/src/backup_materialization/session/materialization_progress.rs,preserve,tracked-family-source-and-metadata-reconciliation,inventory-open
crates/worth-store-physical-backend/src/backup_materialization/session/physical_abandonment.rs,durability-vocabulary,durability-vocabulary=1,domain-durability-meaning,crate:worth-store-physical-backend,preserve,crates/worth-store-physical-backend/src/backup_materialization/session/physical_abandonment.rs,preserve,tracked-family-source-and-metadata-reconciliation,inventory-open
crates/worth-store-physical-backend/src/backup_materialization/session/publication.rs,durability-barrier;durability-vocabulary,durability-barrier=2;durability-vocabulary=9,backend-barrier-evidence-consumer,crate:worth-store-physical-backend,preserve,crates/worth-store-physical-backend/src/backup_materialization/session/publication.rs,preserve,tracked-family-source-and-metadata-reconciliation,inventory-open
crates/worth-store-physical-backend/src/backup_materialization/session/resume_validation.rs,durability-barrier,durability-barrier=1,backend-barrier-evidence-consumer,crate:worth-store-physical-backend,preserve,crates/worth-store-physical-backend/src/backup_materialization/session/resume_validation.rs,preserve,tracked-family-source-and-metadata-reconciliation,inventory-open
crates/worth-store-physical-backend/src/backup_materialization/session/session_identity.rs,durability-barrier;durability-vocabulary,durability-barrier=1;durability-vocabulary=1,backend-barrier-evidence-consumer,crate:worth-store-physical-backend,preserve,crates/worth-store-physical-backend/src/backup_materialization/session/session_identity.rs,preserve,tracked-family-source-and-metadata-reconciliation,inventory-open
crates/worth-store-physical-backend/src/backup_materialization/session/session_open.rs,durability-barrier;durability-vocabulary,durability-barrier=1;durability-vocabulary=1,backend-barrier-evidence-consumer,crate:worth-store-physical-backend,preserve,crates/worth-store-physical-backend/src/backup_materialization/session/session_open.rs,preserve,tracked-family-source-and-metadata-reconciliation,inventory-open
crates/worth-store-physical-backend/src/directory_durability.rs,durability-barrier,durability-barrier=2,backend-barrier-evidence-consumer,crate:worth-store-physical-backend,preserve,crates/worth-store-physical-backend/src/directory_durability.rs,preserve,tracked-family-source-and-metadata-reconciliation,inventory-open
crates/worth-store-physical-backend/src/durability_ordering/admission.rs,checkpoint-publication;durability-barrier;durability-vocabulary;wal-topology,checkpoint-publication=1;durability-barrier=3;durability-vocabulary=72;wal-topology=1,backend-durability-admission,worth-store-physical-backend/durability-profile,delete,crates/worth-store-physical-backend/src/durability_ordering/admission.rs,phase-9,tracked-family-source-and-metadata-reconciliation,deleted-phase-9
crates/worth-store-physical-backend/src/durability_ordering/counters.rs,durability-barrier;durability-vocabulary,durability-barrier=1;durability-vocabulary=9,backend-durability-counters,worth-store-physical-backend/durability-profile,delete,crates/worth-store-physical-backend/src/durability_ordering/counters.rs,phase-9,tracked-family-source-and-metadata-reconciliation,deleted-phase-9
crates/worth-store-physical-backend/src/durability_ordering/denial.rs,durability-barrier;durability-vocabulary,durability-barrier=4;durability-vocabulary=25,backend-durability-denial,worth-store-physical-backend/durability-profile,delete,crates/worth-store-physical-backend/src/durability_ordering/denial.rs,phase-9,tracked-family-source-and-metadata-reconciliation,deleted-phase-9
crates/worth-store-physical-backend/src/durability_ordering/execution.rs,barrier-receipt;durability-barrier;durability-vocabulary;store-durability-runtime,barrier-receipt=9;durability-barrier=25;durability-vocabulary=90;store-durability-runtime=1,direct-backend-durability-executor,worth-store/physical-runtime-media-ownership,delete,crates/worth-store-physical-backend/src/durability_ordering/execution.rs,phase-9,tracked-family-source-and-metadata-reconciliation,deleted-phase-9
crates/worth-store-physical-backend/src/durability_ordering/execution/file_runtime.rs,barrier-receipt;durability-barrier;durability-vocabulary;store-durability-runtime;wal-topology,barrier-receipt=7;durability-barrier=28;durability-vocabulary=74;store-durability-runtime=2;wal-topology=1,direct-filesystem-durability-runtime,worth-store/physical-runtime-media-ownership,delete,crates/worth-store-physical-backend/src/durability_ordering/execution/file_runtime.rs,phase-9,tracked-family-source-and-metadata-reconciliation,deleted-phase-9
crates/worth-store-physical-backend/src/durability_ordering/mod.rs,barrier-receipt;durability-vocabulary;store-durability-runtime,barrier-receipt=2;durability-vocabulary=25;store-durability-runtime=1,backend-durability-ordering-facade,worth-store-physical-backend/durability-profile,delete,crates/worth-store-physical-backend/src/durability_ordering/mod.rs,phase-9,tracked-family-source-and-metadata-reconciliation,deleted-phase-9
crates/worth-store-physical-backend/src/durability_ordering/physical_target.rs,durability-barrier;durability-vocabulary,durability-barrier=6;durability-vocabulary=9,backend-durability-target-binding,worth-store-physical-backend/durability-profile,delete,crates/worth-store-physical-backend/src/durability_ordering/physical_target.rs,phase-9,tracked-family-source-and-metadata-reconciliation,deleted-phase-9
crates/worth-store-physical-backend/src/durability_ordering/receipt.rs,barrier-receipt;durability-barrier;durability-vocabulary,barrier-receipt=10;durability-barrier=6;durability-vocabulary=136,backend-barrier-receipt,worth-store-physical-backend/durability-profile,delete,crates/worth-store-physical-backend/src/durability_ordering/receipt.rs,phase-9,tracked-family-source-and-metadata-reconciliation,deleted-phase-9
crates/worth-store-physical-backend/src/durability_ordering/receipt/barrier_validation.rs,checkpoint-publication;durability-barrier;durability-vocabulary;wal-topology,checkpoint-publication=1;durability-barrier=20;durability-vocabulary=53;wal-topology=1,backend-barrier-receipt-validation,worth-store-physical-backend/durability-profile,delete,crates/worth-store-physical-backend/src/durability_ordering/receipt/barrier_validation.rs,phase-9,tracked-family-source-and-metadata-reconciliation,deleted-phase-9
crates/worth-store-physical-backend/src/durability_ordering/receipt_accessors.rs,barrier-receipt;durability-barrier;durability-vocabulary,barrier-receipt=1;durability-barrier=1;durability-vocabulary=13,backend-barrier-receipt-projection,worth-store-physical-backend/durability-profile,delete,crates/worth-store-physical-backend/src/durability_ordering/receipt_accessors.rs,phase-9,tracked-family-source-and-metadata-reconciliation,deleted-phase-9
crates/worth-store-physical-backend/src/durability_ordering/requirement.rs,durability-barrier;durability-vocabulary;wal-topology,durability-barrier=15;durability-vocabulary=43;wal-topology=2,backend-barrier-requirement-declaration,worth-store-physical-backend/durability-profile,delete,crates/worth-store-physical-backend/src/durability_ordering/requirement.rs,phase-9,tracked-family-source-and-metadata-reconciliation,deleted-phase-9
crates/worth-store-physical-backend/src/durability_ordering/state.rs,checkpoint-publication;durability-barrier;durability-vocabulary,checkpoint-publication=1;durability-barrier=2;durability-vocabulary=8,backend-durability-progression-state,worth-store-physical-backend/durability-profile,delete,crates/worth-store-physical-backend/src/durability_ordering/state.rs,phase-9,tracked-family-source-and-metadata-reconciliation,deleted-phase-9
crates/worth-store-physical-backend/src/durability_ordering/test_support.rs,barrier-receipt;durability-barrier;durability-vocabulary,barrier-receipt=3;durability-barrier=4;durability-vocabulary=40,backend-durability-test-fixture,worth-store-physical-backend/durability-profile-tests,delete,crates/worth-store-physical-backend/src/durability_ordering/test_support.rs,phase-9,tracked-family-source-and-metadata-reconciliation,deleted-phase-9
crates/worth-store-physical-backend/src/durability_ordering/tests/admission_posture.rs,durability-barrier;durability-vocabulary,durability-barrier=10;durability-vocabulary=34,backend-durability-admission-proof,worth-store-physical-backend/durability-profile-tests,delete,crates/worth-store-physical-backend/src/durability_ordering/tests/admission_posture.rs,phase-9,tracked-family-source-and-metadata-reconciliation,deleted-phase-9
crates/worth-store-physical-backend/src/durability_ordering/tests/execution_binding.rs,durability-barrier;durability-vocabulary;wal-topology,durability-barrier=8;durability-vocabulary=31;wal-topology=1,obsolete-direct-execution-binding-proof,worth-store/physical-runtime-media-ownership-tests,delete,crates/worth-store-physical-backend/src/durability_ordering/tests/execution_binding.rs,phase-9,tracked-family-source-and-metadata-reconciliation,deleted-phase-9
crates/worth-store-physical-backend/src/durability_ordering/tests/progression.rs,durability-barrier;durability-vocabulary,durability-barrier=38;durability-vocabulary=91,backend-barrier-progression-proof,worth-store-physical-backend/durability-profile-tests,delete,crates/worth-store-physical-backend/src/durability_ordering/tests/progression.rs,phase-9,tracked-family-source-and-metadata-reconciliation,deleted-phase-9
crates/worth-store-physical-backend/src/durability_profile/barrier.rs,durability-barrier;durability-vocabulary,durability-barrier=24;durability-vocabulary=18,backend-barrier-evidence-consumer,crate:worth-store-physical-backend,preserve,crates/worth-store-physical-backend/src/durability_profile/barrier.rs,preserve,tracked-family-source-and-metadata-reconciliation,inventory-open
crates/worth-store-physical-backend/src/durability_profile/barrier_receipt.rs,barrier-receipt;durability-barrier;durability-vocabulary,barrier-receipt=6;durability-barrier=39;durability-vocabulary=57,backend-barrier-evidence-consumer,crate:worth-store-physical-backend,preserve,crates/worth-store-physical-backend/src/durability_profile/barrier_receipt.rs,preserve,tracked-family-source-and-metadata-reconciliation,inventory-open
crates/worth-store-physical-backend/src/durability_profile/mod.rs,barrier-receipt;durability-barrier;durability-vocabulary,barrier-receipt=1;durability-barrier=10;durability-vocabulary=16,backend-barrier-evidence-consumer,crate:worth-store-physical-backend,preserve,crates/worth-store-physical-backend/src/durability_profile/mod.rs,preserve,tracked-family-source-and-metadata-reconciliation,inventory-open
crates/worth-store-physical-backend/src/durability_profile/physical_admission_basis.rs,durability-barrier;durability-vocabulary,durability-barrier=3;durability-vocabulary=23,sealed-durability-admission-basis,crate:worth-store-physical-backend,preserve,crates/worth-store-physical-backend/src/durability_profile/physical_admission_basis.rs,preserve,tracked-family-source-and-metadata-reconciliation,inventory-open
crates/worth-store-physical-backend/src/durability_profile/profile.rs,durability-barrier;durability-vocabulary,durability-barrier=4;durability-vocabulary=10,backend-barrier-evidence-consumer,crate:worth-store-physical-backend,preserve,crates/worth-store-physical-backend/src/durability_profile/profile.rs,preserve,tracked-family-source-and-metadata-reconciliation,inventory-open
crates/worth-store-physical-backend/src/durability_profile/profiles.rs,durability-barrier;durability-vocabulary,durability-barrier=40;durability-vocabulary=69,backend-barrier-evidence-consumer,crate:worth-store-physical-backend,preserve,crates/worth-store-physical-backend/src/durability_profile/profiles.rs,preserve,tracked-family-source-and-metadata-reconciliation,inventory-open
crates/worth-store-physical-backend/src/execution/queue/model.rs,durability-vocabulary,durability-vocabulary=3,domain-durability-meaning,crate:worth-store-physical-backend,preserve,crates/worth-store-physical-backend/src/execution/queue/model.rs,preserve,tracked-family-source-and-metadata-reconciliation,inventory-open
crates/worth-store-physical-backend/src/facade.rs,barrier-receipt;durability-barrier;durability-vocabulary;root-publication-topology,barrier-receipt=1;durability-barrier=10;durability-vocabulary=25;root-publication-topology=2,backend-durability-mechanism-facade,crate:worth-store-physical-backend,narrow,crates/worth-store-physical-backend/src/facade.rs,phase-3,tracked-family-source-and-metadata-reconciliation,inventory-open
crates/worth-store-physical-backend/src/filesystem_media/admission.rs,durability-vocabulary,durability-vocabulary=2,domain-durability-meaning,crate:worth-store-physical-backend,preserve,crates/worth-store-physical-backend/src/filesystem_media/admission.rs,preserve,tracked-family-source-and-metadata-reconciliation,inventory-open
crates/worth-store-physical-backend/src/filesystem_media/admitted_namespace.rs,root-publication-topology,root-publication-topology=5,root-publication-consumer,crate:worth-store-physical-backend,preserve,crates/worth-store-physical-backend/src/filesystem_media/admitted_namespace.rs,preserve,tracked-family-source-and-metadata-reconciliation,inventory-open
crates/worth-store-physical-backend/src/filesystem_media/artifact_tree/artifact_append.rs,durability-vocabulary,durability-vocabulary=1,scheduled-exact-artifact-append-effect,crate:worth-store-physical-backend,preserve,crates/worth-store-physical-backend/src/filesystem_media/artifact_tree/artifact_append.rs,preserve,tracked-family-source-and-metadata-reconciliation,inventory-open
crates/worth-store-physical-backend/src/filesystem_media/artifact_tree/media.rs,durability-vocabulary,durability-vocabulary=1,domain-durability-meaning,crate:worth-store-physical-backend,preserve,crates/worth-store-physical-backend/src/filesystem_media/artifact_tree/media.rs,preserve,tracked-family-source-and-metadata-reconciliation,inventory-open
crates/worth-store-physical-backend/src/filesystem_media/artifact_tree/mod.rs,durability-vocabulary,durability-vocabulary=3,domain-durability-meaning,crate:worth-store-physical-backend,preserve,crates/worth-store-physical-backend/src/filesystem_media/artifact_tree/mod.rs,preserve,tracked-family-source-and-metadata-reconciliation,inventory-open
crates/worth-store-physical-backend/src/filesystem_media/artifact_tree/publication_effect/execution.rs,durability-vocabulary,durability-vocabulary=1,publication-effect-execution-topology,crate:worth-store-physical-backend,preserve,crates/worth-store-physical-backend/src/filesystem_media/artifact_tree/publication_effect/execution.rs,preserve,tracked-family-source-and-metadata-reconciliation,inventory-open
crates/worth-store-physical-backend/src/filesystem_media/artifact_tree/publication_effect/execution/directory_synchronization.rs,durability-barrier,durability-barrier=1,backend-barrier-evidence-consumer,crate:worth-store-physical-backend,preserve,crates/worth-store-physical-backend/src/filesystem_media/artifact_tree/publication_effect/execution/directory_synchronization.rs,preserve,tracked-family-source-and-metadata-reconciliation,inventory-open
crates/worth-store-physical-backend/src/filesystem_media/artifact_tree/publication_effect/execution/durable_removal.rs,durability-vocabulary,durability-vocabulary=1,durable-candidate-removal-effect,crate:worth-store-physical-backend,preserve,crates/worth-store-physical-backend/src/filesystem_media/artifact_tree/publication_effect/execution/durable_removal.rs,preserve,tracked-family-source-and-metadata-reconciliation,inventory-open
crates/worth-store-physical-backend/src/filesystem_media/artifact_tree/publication_effect/execution/file_synchronization.rs,durability-barrier,durability-barrier=1,backend-barrier-evidence-consumer,crate:worth-store-physical-backend,preserve,crates/worth-store-physical-backend/src/filesystem_media/artifact_tree/publication_effect/execution/file_synchronization.rs,preserve,tracked-family-source-and-metadata-reconciliation,inventory-open
crates/worth-store-physical-backend/src/filesystem_media/artifact_tree/publication_effect/outcome.rs,durability-barrier;durability-vocabulary,durability-barrier=1;durability-vocabulary=1,backend-barrier-evidence-consumer,crate:worth-store-physical-backend,preserve,crates/worth-store-physical-backend/src/filesystem_media/artifact_tree/publication_effect/outcome.rs,preserve,tracked-family-source-and-metadata-reconciliation,inventory-open
crates/worth-store-physical-backend/src/filesystem_media/artifact_tree/range_write.rs,durability-vocabulary,durability-vocabulary=32,domain-durability-meaning,crate:worth-store-physical-backend,preserve,crates/worth-store-physical-backend/src/filesystem_media/artifact_tree/range_write.rs,preserve,tracked-family-source-and-metadata-reconciliation,inventory-open
crates/worth-store-physical-backend/src/filesystem_media/artifact_tree/range_write_outcome.rs,durability-vocabulary,durability-vocabulary=14,domain-durability-meaning,crate:worth-store-physical-backend,preserve,crates/worth-store-physical-backend/src/filesystem_media/artifact_tree/range_write_outcome.rs,preserve,tracked-family-source-and-metadata-reconciliation,inventory-open
crates/worth-store-physical-backend/src/filesystem_media/artifact_tree_effects.rs,durability-barrier,durability-barrier=1,backend-barrier-evidence-consumer,crate:worth-store-physical-backend,preserve,crates/worth-store-physical-backend/src/filesystem_media/artifact_tree_effects.rs,preserve,tracked-family-source-and-metadata-reconciliation,inventory-open
crates/worth-store-physical-backend/src/filesystem_media/capability_profile.rs,durability-barrier,durability-barrier=1,backend-barrier-evidence-consumer,crate:worth-store-physical-backend,preserve,crates/worth-store-physical-backend/src/filesystem_media/capability_profile.rs,preserve,tracked-family-source-and-metadata-reconciliation,inventory-open
crates/worth-store-physical-backend/src/filesystem_media/capability_qualification.rs,durability-barrier;durability-vocabulary,durability-barrier=4;durability-vocabulary=1,backend-barrier-evidence-consumer,crate:worth-store-physical-backend,preserve,crates/worth-store-physical-backend/src/filesystem_media/capability_qualification.rs,preserve,tracked-family-source-and-metadata-reconciliation,inventory-open
crates/worth-store-physical-backend/src/filesystem_media/directory_synchronization.rs,durability-barrier;root-publication-topology,durability-barrier=3;root-publication-topology=16,backend-barrier-evidence-consumer,crate:worth-store-physical-backend,preserve,crates/worth-store-physical-backend/src/filesystem_media/directory_synchronization.rs,preserve,tracked-family-source-and-metadata-reconciliation,inventory-open
crates/worth-store-physical-backend/src/filesystem_media/durability_admission.rs,durability-barrier;durability-vocabulary,durability-barrier=2;durability-vocabulary=12,qualified-media-durability-basis-derivation,crate:worth-store-physical-backend,preserve,crates/worth-store-physical-backend/src/filesystem_media/durability_admission.rs,preserve,tracked-family-source-and-metadata-reconciliation,inventory-open
crates/worth-store-physical-backend/src/filesystem_media/durable_deletion.rs,durability-vocabulary,durability-vocabulary=10,domain-durability-meaning,crate:worth-store-physical-backend,preserve,crates/worth-store-physical-backend/src/filesystem_media/durable_deletion.rs,preserve,tracked-family-source-and-metadata-reconciliation,inventory-open
crates/worth-store-physical-backend/src/filesystem_media/fault_schedule_validation.rs,root-publication-topology,root-publication-topology=2,root-publication-consumer,crate:worth-store-physical-backend,preserve,crates/worth-store-physical-backend/src/filesystem_media/fault_schedule_validation.rs,preserve,tracked-family-source-and-metadata-reconciliation,inventory-open
crates/worth-store-physical-backend/src/filesystem_media/file_synchronization.rs,durability-barrier,durability-barrier=2,backend-barrier-evidence-consumer,crate:worth-store-physical-backend,preserve,crates/worth-store-physical-backend/src/filesystem_media/file_synchronization.rs,preserve,tracked-family-source-and-metadata-reconciliation,inventory-open
crates/worth-store-physical-backend/src/filesystem_media/media_owner.rs,root-publication-topology,root-publication-topology=4,root-publication-consumer,crate:worth-store-physical-backend,preserve,crates/worth-store-physical-backend/src/filesystem_media/media_owner.rs,preserve,tracked-family-source-and-metadata-reconciliation,inventory-open
crates/worth-store-physical-backend/src/filesystem_media/media_owner_admission.rs,root-publication-topology,root-publication-topology=4,root-publication-consumer,crate:worth-store-physical-backend,preserve,crates/worth-store-physical-backend/src/filesystem_media/media_owner_admission.rs,preserve,tracked-family-source-and-metadata-reconciliation,inventory-open
crates/worth-store-physical-backend/src/filesystem_media/mod.rs,durability-vocabulary;root-publication-topology,durability-vocabulary=9;root-publication-topology=2,root-publication-consumer,crate:worth-store-physical-backend,preserve,crates/worth-store-physical-backend/src/filesystem_media/mod.rs,preserve,tracked-family-source-and-metadata-reconciliation,inventory-open
crates/worth-store-physical-backend/src/filesystem_media/mutation_owner_publication.rs,durability-barrier,durability-barrier=1,backend-barrier-evidence-consumer,crate:worth-store-physical-backend,preserve,crates/worth-store-physical-backend/src/filesystem_media/mutation_owner_publication.rs,preserve,tracked-family-source-and-metadata-reconciliation,inventory-open
crates/worth-store-physical-backend/src/filesystem_media/namespace_identity_admission.rs,durability-vocabulary;root-publication-topology,durability-vocabulary=1;root-publication-topology=2,root-publication-consumer,crate:worth-store-physical-backend,preserve,crates/worth-store-physical-backend/src/filesystem_media/namespace_identity_admission.rs,preserve,tracked-family-source-and-metadata-reconciliation,inventory-open
crates/worth-store-physical-backend/src/filesystem_media/namespace_publication.rs,durability-vocabulary;root-publication-topology,durability-vocabulary=6;root-publication-topology=6,root-publication-consumer,crate:worth-store-physical-backend,preserve,crates/worth-store-physical-backend/src/filesystem_media/namespace_publication.rs,preserve,tracked-family-source-and-metadata-reconciliation,inventory-open
crates/worth-store-physical-backend/src/filesystem_media/namespace_publication_state.rs,durability-vocabulary;root-publication-topology,durability-vocabulary=1;root-publication-topology=1,root-publication-consumer,crate:worth-store-physical-backend,preserve,crates/worth-store-physical-backend/src/filesystem_media/namespace_publication_state.rs,preserve,tracked-family-source-and-metadata-reconciliation,inventory-open
crates/worth-store-physical-backend/src/filesystem_media/operation_contract.rs,durability-barrier;root-publication-topology,durability-barrier=3;root-publication-topology=2,backend-barrier-evidence-consumer,crate:worth-store-physical-backend,preserve,crates/worth-store-physical-backend/src/filesystem_media/operation_contract.rs,preserve,tracked-family-source-and-metadata-reconciliation,inventory-open
crates/worth-store-physical-backend/src/filesystem_media/operation_role_metric.rs,root-publication-topology,root-publication-topology=2,root-publication-consumer,crate:worth-store-physical-backend,preserve,crates/worth-store-physical-backend/src/filesystem_media/operation_role_metric.rs,preserve,tracked-family-source-and-metadata-reconciliation,inventory-open
crates/worth-store-physical-backend/src/filesystem_media/publication_summary.rs,root-publication-topology,root-publication-topology=4,root-publication-consumer,crate:worth-store-physical-backend,preserve,crates/worth-store-physical-backend/src/filesystem_media/publication_summary.rs,preserve,tracked-family-source-and-metadata-reconciliation,inventory-open
crates/worth-store-physical-backend/src/filesystem_media/qualification_transaction.rs,durability-vocabulary,durability-vocabulary=7,domain-durability-meaning,crate:worth-store-physical-backend,preserve,crates/worth-store-physical-backend/src/filesystem_media/qualification_transaction.rs,preserve,tracked-family-source-and-metadata-reconciliation,inventory-open
crates/worth-store-physical-backend/src/filesystem_media/qualified_capabilities.rs,durability-vocabulary,durability-vocabulary=12,domain-durability-meaning,crate:worth-store-physical-backend,preserve,crates/worth-store-physical-backend/src/filesystem_media/qualified_capabilities.rs,preserve,tracked-family-source-and-metadata-reconciliation,inventory-open
crates/worth-store-physical-backend/src/filesystem_media/synchronization.rs,root-publication-topology,root-publication-topology=3,root-publication-consumer,crate:worth-store-physical-backend,preserve,crates/worth-store-physical-backend/src/filesystem_media/synchronization.rs,preserve,tracked-family-source-and-metadata-reconciliation,inventory-open
crates/worth-store-physical-backend/src/filesystem_media/tests/artifact_publication_effect.rs,durability-barrier;durability-vocabulary,durability-barrier=1;durability-vocabulary=1,backend-barrier-evidence-consumer,crate:worth-store-physical-backend,preserve,crates/worth-store-physical-backend/src/filesystem_media/tests/artifact_publication_effect.rs,preserve,tracked-family-source-and-metadata-reconciliation,inventory-open
crates/worth-store-physical-backend/src/filesystem_media/tests/capability_profile.rs,durability-barrier,durability-barrier=1,backend-barrier-evidence-consumer,crate:worth-store-physical-backend,preserve,crates/worth-store-physical-backend/src/filesystem_media/tests/capability_profile.rs,preserve,tracked-family-source-and-metadata-reconciliation,inventory-open
crates/worth-store-physical-backend/src/filesystem_media/tests/durability_admission.rs,durability-barrier;durability-vocabulary,durability-barrier=2;durability-vocabulary=5,durability-basis-identity-proof,worth-store-physical-backend/filesystem-media-tests,preserve,crates/worth-store-physical-backend/src/filesystem_media/tests/durability_admission.rs,preserve,tracked-family-source-and-metadata-reconciliation,inventory-open
crates/worth-store-physical-backend/src/filesystem_media/tests/fault_interposition.rs,root-publication-topology,root-publication-topology=2,root-publication-consumer,crate:worth-store-physical-backend,preserve,crates/worth-store-physical-backend/src/filesystem_media/tests/fault_interposition.rs,preserve,tracked-family-source-and-metadata-reconciliation,inventory-open
crates/worth-store-physical-backend/src/filesystem_media/tests/filesystem_effects/namespace_publication.rs,durability-vocabulary,durability-vocabulary=5,domain-durability-meaning,crate:worth-store-physical-backend,preserve,crates/worth-store-physical-backend/src/filesystem_media/tests/filesystem_effects/namespace_publication.rs,preserve,tracked-family-source-and-metadata-reconciliation,inventory-open
crates/worth-store-physical-backend/src/filesystem_media/tests/mod.rs,durability-vocabulary,durability-vocabulary=1,filesystem-media-test-topology,worth-store-physical-backend/filesystem-media-tests,preserve,crates/worth-store-physical-backend/src/filesystem_media/tests/mod.rs,preserve,tracked-family-source-and-metadata-reconciliation,inventory-open
crates/worth-store-physical-backend/src/filesystem_media/tests/mutation_ownership_process.rs,durability-vocabulary,durability-vocabulary=1,domain-durability-meaning,crate:worth-store-physical-backend,preserve,crates/worth-store-physical-backend/src/filesystem_media/tests/mutation_ownership_process.rs,preserve,tracked-family-source-and-metadata-reconciliation,inventory-open
crates/worth-store-physical-backend/src/filesystem_media/tests/operation_outcome.rs,root-publication-topology,root-publication-topology=4,root-publication-consumer,crate:worth-store-physical-backend,preserve,crates/worth-store-physical-backend/src/filesystem_media/tests/operation_outcome.rs,preserve,tracked-family-source-and-metadata-reconciliation,inventory-open
crates/worth-store-physical-backend/src/io_capability/media_assumptions.rs,durability-barrier;durability-vocabulary,durability-barrier=2;durability-vocabulary=2,backend-barrier-evidence-consumer,crate:worth-store-physical-backend,preserve,crates/worth-store-physical-backend/src/io_capability/media_assumptions.rs,preserve,tracked-family-source-and-metadata-reconciliation,inventory-open
crates/worth-store-physical-backend/src/io_capability/support.rs,durability-barrier;durability-vocabulary,durability-barrier=4;durability-vocabulary=12,backend-barrier-evidence-consumer,crate:worth-store-physical-backend,preserve,crates/worth-store-physical-backend/src/io_capability/support.rs,preserve,tracked-family-source-and-metadata-reconciliation,inventory-open
crates/worth-store-physical-backend/src/io_capability/tests.rs,durability-barrier;durability-vocabulary,durability-barrier=7;durability-vocabulary=5,backend-barrier-evidence-consumer,crate:worth-store-physical-backend,preserve,crates/worth-store-physical-backend/src/io_capability/tests.rs,preserve,tracked-family-source-and-metadata-reconciliation,inventory-open
crates/worth-store-physical-backend/src/io_capability/vocabulary.rs,durability-barrier;durability-vocabulary,durability-barrier=4;durability-vocabulary=7,backend-barrier-evidence-consumer,crate:worth-store-physical-backend,preserve,crates/worth-store-physical-backend/src/io_capability/vocabulary.rs,preserve,tracked-family-source-and-metadata-reconciliation,inventory-open
crates/worth-store-physical-backend/src/lib.rs,durability-barrier;durability-vocabulary,durability-barrier=1;durability-vocabulary=2,backend-barrier-evidence-consumer,crate:worth-store-physical-backend,preserve,crates/worth-store-physical-backend/src/lib.rs,preserve,tracked-family-source-and-metadata-reconciliation,inventory-open
crates/worth-store-physical-backend/src/operation_boundary.rs,durability-barrier;durability-vocabulary;root-publication-topology;wal-topology,durability-barrier=3;durability-vocabulary=4;root-publication-topology=3;wal-topology=3,backend-barrier-evidence-consumer,crate:worth-store-physical-backend,preserve,crates/worth-store-physical-backend/src/operation_boundary.rs,preserve,tracked-family-source-and-metadata-reconciliation,inventory-open
crates/worth-store-physical-backend/src/operational_control/atomic_record_append.rs,durability-barrier;durability-vocabulary,durability-barrier=2;durability-vocabulary=11,backend-barrier-evidence-consumer,crate:worth-store-physical-backend,preserve,crates/worth-store-physical-backend/src/operational_control/atomic_record_append.rs,preserve,tracked-family-source-and-metadata-reconciliation,inventory-open
crates/worth-store-physical-backend/src/operational_control/control_media_identity.rs,durability-barrier;durability-vocabulary,durability-barrier=1;durability-vocabulary=1,backend-barrier-evidence-consumer,crate:worth-store-physical-backend,preserve,crates/worth-store-physical-backend/src/operational_control/control_media_identity.rs,preserve,tracked-family-source-and-metadata-reconciliation,inventory-open
crates/worth-store-physical-backend/src/operational_control/control_tail_state.rs,durability-vocabulary,durability-vocabulary=4,domain-durability-meaning,crate:worth-store-physical-backend,preserve,crates/worth-store-physical-backend/src/operational_control/control_tail_state.rs,preserve,tracked-family-source-and-metadata-reconciliation,inventory-open
crates/worth-store-physical-backend/src/operational_control/durable_prefix_recovery.rs,durability-vocabulary,durability-vocabulary=13,domain-durability-meaning,crate:worth-store-physical-backend,preserve,crates/worth-store-physical-backend/src/operational_control/durable_prefix_recovery.rs,preserve,tracked-family-source-and-metadata-reconciliation,inventory-open
crates/worth-store-physical-backend/src/operational_control/media_mutation_tests.rs,durability-barrier,durability-barrier=1,backend-barrier-evidence-consumer,crate:worth-store-physical-backend,preserve,crates/worth-store-physical-backend/src/operational_control/media_mutation_tests.rs,preserve,tracked-family-source-and-metadata-reconciliation,inventory-open
crates/worth-store-physical-backend/src/operational_control/mod.rs,durability-vocabulary,durability-vocabulary=7,domain-durability-meaning,crate:worth-store-physical-backend,preserve,crates/worth-store-physical-backend/src/operational_control/mod.rs,preserve,tracked-family-source-and-metadata-reconciliation,inventory-open
crates/worth-store-physical-backend/src/operational_control/recovery_object.rs,durability-barrier;durability-vocabulary,durability-barrier=1;durability-vocabulary=2,backend-barrier-evidence-consumer,crate:worth-store-physical-backend,preserve,crates/worth-store-physical-backend/src/operational_control/recovery_object.rs,preserve,tracked-family-source-and-metadata-reconciliation,inventory-open
crates/worth-store-physical-backend/src/operational_control/recovery_object_tests.rs,durability-vocabulary,durability-vocabulary=2,domain-durability-meaning,crate:worth-store-physical-backend,preserve,crates/worth-store-physical-backend/src/operational_control/recovery_object_tests.rs,preserve,tracked-family-source-and-metadata-reconciliation,inventory-open
crates/worth-store-physical-backend/src/operational_control/tests.rs,durability-barrier;durability-vocabulary,durability-barrier=2;durability-vocabulary=1,backend-barrier-evidence-consumer,crate:worth-store-physical-backend,preserve,crates/worth-store-physical-backend/src/operational_control/tests.rs,preserve,tracked-family-source-and-metadata-reconciliation,inventory-open
crates/worth-store-physical-backend/src/operational_control/transition_receipt_index.rs,durability-vocabulary,durability-vocabulary=3,domain-durability-meaning,crate:worth-store-physical-backend,preserve,crates/worth-store-physical-backend/src/operational_control/transition_receipt_index.rs,preserve,tracked-family-source-and-metadata-reconciliation,inventory-open
crates/worth-store-physical-backend/src/ordinary_authority_compile_fail.rs,durability-barrier,durability-barrier=1,backend-barrier-evidence-consumer,crate:worth-store-physical-backend,preserve,crates/worth-store-physical-backend/src/ordinary_authority_compile_fail.rs,preserve,tracked-family-source-and-metadata-reconciliation,inventory-open
crates/worth-store-physical-backend/src/recovery_staging/execution.rs,durability-barrier;durability-vocabulary,durability-barrier=3;durability-vocabulary=4,backend-barrier-evidence-consumer,crate:worth-store-physical-backend,preserve,crates/worth-store-physical-backend/src/recovery_staging/execution.rs,preserve,tracked-family-source-and-metadata-reconciliation,inventory-open
crates/worth-store-physical-backend/src/storage_boundary_control/fault.rs,durability-barrier;durability-vocabulary,durability-barrier=1;durability-vocabulary=1,backend-barrier-evidence-consumer,crate:worth-store-physical-backend,preserve,crates/worth-store-physical-backend/src/storage_boundary_control/fault.rs,preserve,tracked-family-source-and-metadata-reconciliation,inventory-open
crates/worth-store-physical-backend/src/storage_boundary_control/reach.rs,durability-barrier;durability-vocabulary,durability-barrier=1;durability-vocabulary=1,backend-barrier-evidence-consumer,crate:worth-store-physical-backend,preserve,crates/worth-store-physical-backend/src/storage_boundary_control/reach.rs,preserve,tracked-family-source-and-metadata-reconciliation,inventory-open
crates/worth-store-physical-certification/src/certification_child_process.rs,durability-barrier,durability-barrier=1,backend-barrier-evidence-consumer,crate:worth-store-physical-backend,preserve,crates/worth-store-physical-certification/src/certification_child_process.rs,preserve,tracked-family-source-and-metadata-reconciliation,inventory-open
crates/worth-store-physical-certification/src/counters/store_residency_fixture.rs,checkpoint-publication;durability-vocabulary;wal-topology,checkpoint-publication=4;durability-vocabulary=11;wal-topology=6,certification-durability-fixture-admission,crate:worth-store-physical-certification,preserve,crates/worth-store-physical-certification/src/counters/store_residency_fixture.rs,preserve,tracked-family-source-and-metadata-reconciliation,inventory-open
crates/worth-store-physical-certification/src/coverage/mutation.rs,checkpoint-publication,checkpoint-publication=2,checkpoint-publication-and-retention,crate:worth-store-physical-certification,preserve,crates/worth-store-physical-certification/src/coverage/mutation.rs,preserve,tracked-family-source-and-metadata-reconciliation,inventory-open
crates/worth-store-physical-certification/src/drivers/contract.rs,durability-vocabulary,durability-vocabulary=8,domain-durability-meaning,crate:worth-store-physical-certification,preserve,crates/worth-store-physical-certification/src/drivers/contract.rs,preserve,tracked-family-source-and-metadata-reconciliation,inventory-open
crates/worth-store-physical-certification/src/drivers/contract_set.rs,durability-barrier;durability-vocabulary;root-publication-topology;wal-topology,durability-barrier=8;durability-vocabulary=5;root-publication-topology=3;wal-topology=1,backend-barrier-evidence-consumer,crate:worth-store-physical-backend,preserve,crates/worth-store-physical-certification/src/drivers/contract_set.rs,preserve,tracked-family-source-and-metadata-reconciliation,inventory-open
crates/worth-store-physical-certification/src/drivers/yieldpoint.rs,root-publication-topology;wal-topology,root-publication-topology=2;wal-topology=1,root-publication-consumer,C7-courtroom/root-publication,narrow,crates/worth-store-physical-certification/src/drivers/yieldpoint.rs,phase-10,tracked-family-source-and-metadata-reconciliation,inventory-open
crates/worth-store-physical-certification/src/drivers/yieldpoint_requirements.rs,root-publication-topology,root-publication-topology=1,root-publication-consumer,C7-courtroom/root-publication,narrow,crates/worth-store-physical-certification/src/drivers/yieldpoint_requirements.rs,phase-10,tracked-family-source-and-metadata-reconciliation,inventory-open
crates/worth-store-physical-certification/src/faults/attempts.rs,wal-topology,wal-topology=1,domain-wal-topology-consumer,crate:worth-store-physical-certification,preserve,crates/worth-store-physical-certification/src/faults/attempts.rs,preserve,tracked-family-source-and-metadata-reconciliation,inventory-open
crates/worth-store-physical-certification/src/faults/injection.rs,durability-barrier;durability-vocabulary,durability-barrier=1;durability-vocabulary=1,backend-barrier-evidence-consumer,crate:worth-store-physical-backend,preserve,crates/worth-store-physical-certification/src/faults/injection.rs,preserve,tracked-family-source-and-metadata-reconciliation,inventory-open
crates/worth-store-physical-certification/src/faults/locus.rs,wal-topology,wal-topology=2,domain-wal-topology-consumer,crate:worth-store-physical-certification,preserve,crates/worth-store-physical-certification/src/faults/locus.rs,preserve,tracked-family-source-and-metadata-reconciliation,inventory-open
crates/worth-store-physical-certification/src/faults/scenario_fault.rs,root-publication-topology,root-publication-topology=1,root-publication-consumer,C7-courtroom/root-publication,narrow,crates/worth-store-physical-certification/src/faults/scenario_fault.rs,phase-10,tracked-family-source-and-metadata-reconciliation,inventory-open
crates/worth-store-physical-certification/src/fixtures/manifest.rs,wal-topology,wal-topology=1,domain-wal-topology-consumer,crate:worth-store-physical-certification,preserve,crates/worth-store-physical-certification/src/fixtures/manifest.rs,preserve,tracked-family-source-and-metadata-reconciliation,inventory-open
crates/worth-store-physical-certification/src/fixtures/materialization.rs,root-publication-topology,root-publication-topology=3,root-publication-consumer,C7-courtroom/root-publication,narrow,crates/worth-store-physical-certification/src/fixtures/materialization.rs,phase-10,tracked-family-source-and-metadata-reconciliation,inventory-open
crates/worth-store-physical-certification/src/fixtures/materialized_scale.rs,durability-barrier,durability-barrier=1,backend-barrier-evidence-consumer,crate:worth-store-physical-backend,preserve,crates/worth-store-physical-certification/src/fixtures/materialized_scale.rs,preserve,tracked-family-source-and-metadata-reconciliation,inventory-open
crates/worth-store-physical-certification/src/fixtures/mutation_boundary.rs,wal-topology,wal-topology=1,domain-wal-topology-consumer,crate:worth-store-physical-certification,preserve,crates/worth-store-physical-certification/src/fixtures/mutation_boundary.rs,preserve,tracked-family-source-and-metadata-reconciliation,inventory-open
crates/worth-store-physical-certification/src/harness/blob/foundational_profile.rs,durability-vocabulary,durability-vocabulary=1,domain-durability-meaning,crate:worth-store-physical-certification,preserve,crates/worth-store-physical-certification/src/harness/blob/foundational_profile.rs,preserve,tracked-family-source-and-metadata-reconciliation,inventory-open
crates/worth-store-physical-certification/src/harness/blob/lowering.rs,root-publication-topology,root-publication-topology=3,root-publication-consumer,C7-courtroom/root-publication,narrow,crates/worth-store-physical-certification/src/harness/blob/lowering.rs,phase-10,tracked-family-source-and-metadata-reconciliation,inventory-open
crates/worth-store-physical-certification/src/harness/blob/replay.rs,root-publication-topology;wal-topology,root-publication-topology=2;wal-topology=2,root-publication-consumer,C7-courtroom/root-publication,narrow,crates/worth-store-physical-certification/src/harness/blob/replay.rs,phase-10,tracked-family-source-and-metadata-reconciliation,inventory-open
crates/worth-store-physical-certification/src/harness/blob/resume_recovery.rs,root-publication-topology,root-publication-topology=4,root-publication-consumer,C7-courtroom/root-publication,narrow,crates/worth-store-physical-certification/src/harness/blob/resume_recovery.rs,phase-10,tracked-family-source-and-metadata-reconciliation,inventory-open
crates/worth-store-physical-certification/src/harness/blob/scenario_seed.rs,root-publication-topology,root-publication-topology=2,root-publication-consumer,C7-courtroom/root-publication,narrow,crates/worth-store-physical-certification/src/harness/blob/scenario_seed.rs,phase-10,tracked-family-source-and-metadata-reconciliation,inventory-open
crates/worth-store-physical-certification/src/lib.rs,checkpoint-publication;durability-vocabulary,checkpoint-publication=7;durability-vocabulary=1,checkpoint-publication-and-retention,crate:worth-store-physical-certification,preserve,crates/worth-store-physical-certification/src/lib.rs,preserve,tracked-family-source-and-metadata-reconciliation,inventory-open
crates/worth-store-physical-certification/src/observation/checkpoint_publication_lane.rs,checkpoint-publication,checkpoint-publication=26,checkpoint-publication-and-retention,crate:worth-store-physical-certification,preserve,crates/worth-store-physical-certification/src/observation/checkpoint_publication_lane.rs,preserve,tracked-family-source-and-metadata-reconciliation,inventory-open
crates/worth-store-physical-certification/src/observation/checkpoint_publication_shortcut_denial.rs,checkpoint-publication,checkpoint-publication=8,checkpoint-publication-and-retention,crate:worth-store-physical-certification,preserve,crates/worth-store-physical-certification/src/observation/checkpoint_publication_shortcut_denial.rs,preserve,tracked-family-source-and-metadata-reconciliation,inventory-open
crates/worth-store-physical-certification/src/observation/checkpoint_recovery_lane.rs,checkpoint-publication,checkpoint-publication=11,checkpoint-publication-and-retention,crate:worth-store-physical-certification,preserve,crates/worth-store-physical-certification/src/observation/checkpoint_recovery_lane.rs,preserve,tracked-family-source-and-metadata-reconciliation,inventory-open
crates/worth-store-physical-certification/src/observation/denial.rs,checkpoint-publication,checkpoint-publication=9,checkpoint-publication-and-retention,crate:worth-store-physical-certification,preserve,crates/worth-store-physical-certification/src/observation/denial.rs,preserve,tracked-family-source-and-metadata-reconciliation,inventory-open
crates/worth-store-physical-certification/src/observation/mod.rs,checkpoint-publication,checkpoint-publication=7,checkpoint-publication-and-retention,crate:worth-store-physical-certification,preserve,crates/worth-store-physical-certification/src/observation/mod.rs,preserve,tracked-family-source-and-metadata-reconciliation,inventory-open
crates/worth-store-physical-certification/src/observation/observer.rs,checkpoint-publication,checkpoint-publication=9,checkpoint-publication-and-retention,crate:worth-store-physical-certification,preserve,crates/worth-store-physical-certification/src/observation/observer.rs,preserve,tracked-family-source-and-metadata-reconciliation,inventory-open
crates/worth-store-physical-certification/src/operational_recovery_control_driver.rs,durability-vocabulary,durability-vocabulary=4,domain-durability-meaning,crate:worth-store-physical-certification,preserve,crates/worth-store-physical-certification/src/operational_recovery_control_driver.rs,preserve,tracked-family-source-and-metadata-reconciliation,inventory-open
crates/worth-store-physical-certification/src/operational_recovery_crash_evidence.rs,durability-vocabulary,durability-vocabulary=6,domain-durability-meaning,crate:worth-store-physical-certification,preserve,crates/worth-store-physical-certification/src/operational_recovery_crash_evidence.rs,preserve,tracked-family-source-and-metadata-reconciliation,inventory-open
crates/worth-store-physical-certification/src/operational_recovery_driver.rs,durability-vocabulary,durability-vocabulary=6,domain-durability-meaning,crate:worth-store-physical-certification,preserve,crates/worth-store-physical-certification/src/operational_recovery_driver.rs,preserve,tracked-family-source-and-metadata-reconciliation,inventory-open
crates/worth-store-physical-certification/src/operational_recovery_driver_tests.rs,durability-vocabulary,durability-vocabulary=2,domain-durability-meaning,crate:worth-store-physical-certification,preserve,crates/worth-store-physical-certification/src/operational_recovery_driver_tests.rs,preserve,tracked-family-source-and-metadata-reconciliation,inventory-open
crates/worth-store-physical-certification/src/operational_recovery_process_crash.rs,durability-vocabulary,durability-vocabulary=1,domain-durability-meaning,crate:worth-store-physical-certification,preserve,crates/worth-store-physical-certification/src/operational_recovery_process_crash.rs,preserve,tracked-family-source-and-metadata-reconciliation,inventory-open
crates/worth-store-physical-certification/src/operational_recovery_replica_driver_tests.rs,durability-vocabulary,durability-vocabulary=21,domain-durability-meaning,crate:worth-store-physical-certification,preserve,crates/worth-store-physical-certification/src/operational_recovery_replica_driver_tests.rs,preserve,tracked-family-source-and-metadata-reconciliation,inventory-open
crates/worth-store-physical-certification/src/operational_recovery_replica_promotion_driver_tests.rs,durability-vocabulary,durability-vocabulary=10,domain-durability-meaning,crate:worth-store-physical-certification,preserve,crates/worth-store-physical-certification/src/operational_recovery_replica_promotion_driver_tests.rs,preserve,tracked-family-source-and-metadata-reconciliation,inventory-open
crates/worth-store-physical-certification/src/operational_recovery_trace.rs,durability-vocabulary,durability-vocabulary=3,domain-durability-meaning,crate:worth-store-physical-certification,preserve,crates/worth-store-physical-certification/src/operational_recovery_trace.rs,preserve,tracked-family-source-and-metadata-reconciliation,inventory-open
crates/worth-store-physical-certification/src/operational_recovery_yieldpoint.rs,durability-vocabulary,durability-vocabulary=44,domain-durability-meaning,crate:worth-store-physical-certification,preserve,crates/worth-store-physical-certification/src/operational_recovery_yieldpoint.rs,preserve,tracked-family-source-and-metadata-reconciliation,inventory-open
crates/worth-store-physical-certification/src/oracles/physical_isolation/interleaving.rs,checkpoint-publication,checkpoint-publication=1,checkpoint-publication-and-retention,crate:worth-store-physical-certification,preserve,crates/worth-store-physical-certification/src/oracles/physical_isolation/interleaving.rs,preserve,tracked-family-source-and-metadata-reconciliation,inventory-open
crates/worth-store-physical-certification/src/physical_isolation_handoff/mutation.rs,checkpoint-publication,checkpoint-publication=1,checkpoint-publication-and-retention,crate:worth-store-physical-certification,preserve,crates/worth-store-physical-certification/src/physical_isolation_handoff/mutation.rs,preserve,tracked-family-source-and-metadata-reconciliation,inventory-open
crates/worth-store-physical-certification/src/physical_isolation_handoff/observations/executed_isolation_source.rs,checkpoint-publication,checkpoint-publication=2,checkpoint-publication-and-retention,crate:worth-store-physical-certification,preserve,crates/worth-store-physical-certification/src/physical_isolation_handoff/observations/executed_isolation_source.rs,preserve,tracked-family-source-and-metadata-reconciliation,inventory-open
crates/worth-store-physical-certification/src/physical_isolation_handoff/readiness/capability.rs,root-publication-topology,root-publication-topology=1,root-publication-consumer,C7-courtroom/root-publication,narrow,crates/worth-store-physical-certification/src/physical_isolation_handoff/readiness/capability.rs,phase-10,tracked-family-source-and-metadata-reconciliation,inventory-open
crates/worth-store-physical-certification/src/physical_isolation_handoff/readiness/readiness_sets.rs,root-publication-topology,root-publication-topology=1,root-publication-consumer,C7-courtroom/root-publication,narrow,crates/worth-store-physical-certification/src/physical_isolation_handoff/readiness/readiness_sets.rs,phase-10,tracked-family-source-and-metadata-reconciliation,inventory-open
crates/worth-store-physical-certification/src/planning/identity.rs,checkpoint-publication,checkpoint-publication=1,checkpoint-publication-and-retention,crate:worth-store-physical-certification,preserve,crates/worth-store-physical-certification/src/planning/identity.rs,preserve,tracked-family-source-and-metadata-reconciliation,inventory-open
crates/worth-store-physical-certification/src/planning/requirements/blob_harness.rs,root-publication-topology,root-publication-topology=1,root-publication-consumer,C7-courtroom/root-publication,narrow,crates/worth-store-physical-certification/src/planning/requirements/blob_harness.rs,phase-10,tracked-family-source-and-metadata-reconciliation,inventory-open
crates/worth-store-physical-certification/src/planning/requirements/mod.rs,checkpoint-publication,checkpoint-publication=2,checkpoint-publication-and-retention,crate:worth-store-physical-certification,preserve,crates/worth-store-physical-certification/src/planning/requirements/mod.rs,preserve,tracked-family-source-and-metadata-reconciliation,inventory-open
crates/worth-store-physical-certification/src/pressure_harness/scenario.rs,durability-barrier,durability-barrier=1,backend-barrier-evidence-consumer,crate:worth-store-physical-backend,preserve,crates/worth-store-physical-certification/src/pressure_harness/scenario.rs,preserve,tracked-family-source-and-metadata-reconciliation,inventory-open
crates/worth-store-physical-certification/src/pressure_harness/tests/io_pressure_harness_tests.rs,durability-barrier,durability-barrier=2,backend-barrier-evidence-consumer,crate:worth-store-physical-backend,preserve,crates/worth-store-physical-certification/src/pressure_harness/tests/io_pressure_harness_tests.rs,preserve,tracked-family-source-and-metadata-reconciliation,inventory-open
crates/worth-store-physical-certification/src/qualification/scheduling/backends/matrix.rs,durability-barrier;durability-vocabulary,durability-barrier=4;durability-vocabulary=10,backend-barrier-evidence-consumer,crate:worth-store-physical-backend,preserve,crates/worth-store-physical-certification/src/qualification/scheduling/backends/matrix.rs,preserve,tracked-family-source-and-metadata-reconciliation,inventory-open
crates/worth-store-physical-certification/src/qualification/scheduling/backends/proof.rs,durability-barrier;durability-vocabulary,durability-barrier=5;durability-vocabulary=9,backend-barrier-evidence-consumer,crate:worth-store-physical-backend,preserve,crates/worth-store-physical-certification/src/qualification/scheduling/backends/proof.rs,preserve,tracked-family-source-and-metadata-reconciliation,inventory-open
crates/worth-store-physical-certification/src/qualification/scheduling/backends/tests/backend_qualification_cross_backend_tests.rs,durability-barrier;durability-vocabulary,durability-barrier=8;durability-vocabulary=4,backend-barrier-evidence-consumer,crate:worth-store-physical-backend,preserve,crates/worth-store-physical-certification/src/qualification/scheduling/backends/tests/backend_qualification_cross_backend_tests.rs,preserve,tracked-family-source-and-metadata-reconciliation,inventory-open
crates/worth-store-physical-certification/src/qualification/scheduling/backends/tests/backend_qualification_matrix_surface_tests.rs,durability-barrier;durability-vocabulary,durability-barrier=11;durability-vocabulary=5,backend-barrier-evidence-consumer,crate:worth-store-physical-backend,preserve,crates/worth-store-physical-certification/src/qualification/scheduling/backends/tests/backend_qualification_matrix_surface_tests.rs,preserve,tracked-family-source-and-metadata-reconciliation,inventory-open
crates/worth-store-physical-certification/src/qualification/scheduling/backends/tests/backend_qualification_negative_tests.rs,durability-barrier;durability-vocabulary,durability-barrier=30;durability-vocabulary=10,backend-barrier-evidence-consumer,crate:worth-store-physical-backend,preserve,crates/worth-store-physical-certification/src/qualification/scheduling/backends/tests/backend_qualification_negative_tests.rs,preserve,tracked-family-source-and-metadata-reconciliation,inventory-open
crates/worth-store-physical-certification/src/qualification/scheduling/backends/tests/backend_qualification_residual_debt_tests.rs,durability-barrier,durability-barrier=4,backend-barrier-evidence-consumer,crate:worth-store-physical-backend,preserve,crates/worth-store-physical-certification/src/qualification/scheduling/backends/tests/backend_qualification_residual_debt_tests.rs,preserve,tracked-family-source-and-metadata-reconciliation,inventory-open
crates/worth-store-physical-certification/src/qualification/scheduling/backends/tests/backend_qualification_tests.rs,durability-barrier;durability-vocabulary,durability-barrier=31;durability-vocabulary=8,backend-barrier-evidence-consumer,crate:worth-store-physical-backend,preserve,crates/worth-store-physical-certification/src/qualification/scheduling/backends/tests/backend_qualification_tests.rs,preserve,tracked-family-source-and-metadata-reconciliation,inventory-open
crates/worth-store-physical-certification/src/scenario/canonical_tokens.rs,checkpoint-publication;root-publication-topology,checkpoint-publication=3;root-publication-topology=2,checkpoint-publication-and-retention,crate:worth-store-physical-certification,preserve,crates/worth-store-physical-certification/src/scenario/canonical_tokens.rs,preserve,tracked-family-source-and-metadata-reconciliation,inventory-open
crates/worth-store-physical-certification/src/scenario/expectation.rs,checkpoint-publication,checkpoint-publication=2,checkpoint-publication-and-retention,crate:worth-store-physical-certification,preserve,crates/worth-store-physical-certification/src/scenario/expectation.rs,preserve,tracked-family-source-and-metadata-reconciliation,inventory-open
crates/worth-store-physical-certification/src/scenario/recovery/crash_seam/identity.rs,acknowledgment-topology;checkpoint-publication;durability-barrier;durability-vocabulary;wal-topology,acknowledgment-topology=3;checkpoint-publication=2;durability-barrier=2;durability-vocabulary=3;wal-topology=2,checkpoint-publication-and-retention,crate:worth-store-physical-certification,preserve,crates/worth-store-physical-certification/src/scenario/recovery/crash_seam/identity.rs,preserve,tracked-family-source-and-metadata-reconciliation,inventory-open
crates/worth-store-physical-certification/src/scenario/vocabulary.rs,checkpoint-publication;root-publication-topology,checkpoint-publication=2;root-publication-topology=3,checkpoint-publication-and-retention,crate:worth-store-physical-certification,preserve,crates/worth-store-physical-certification/src/scenario/vocabulary.rs,preserve,tracked-family-source-and-metadata-reconciliation,inventory-open
crates/worth-store-physical-certification/src/scenarios/physical_isolation/lane.rs,checkpoint-publication,checkpoint-publication=2,checkpoint-publication-and-retention,crate:worth-store-physical-certification,preserve,crates/worth-store-physical-certification/src/scenarios/physical_isolation/lane.rs,preserve,tracked-family-source-and-metadata-reconciliation,inventory-open
crates/worth-store-physical-certification/src/scenarios/physical_isolation/observer.rs,checkpoint-publication,checkpoint-publication=1,checkpoint-publication-and-retention,crate:worth-store-physical-certification,preserve,crates/worth-store-physical-certification/src/scenarios/physical_isolation/observer.rs,preserve,tracked-family-source-and-metadata-reconciliation,inventory-open
crates/worth-store-physical-certification/src/security_scope_harness/schedule.rs,checkpoint-publication,checkpoint-publication=4,checkpoint-publication-and-retention,crate:worth-store-physical-certification,preserve,crates/worth-store-physical-certification/src/security_scope_harness/schedule.rs,preserve,tracked-family-source-and-metadata-reconciliation,inventory-open
crates/worth-store-physical-certification/src/simulation_admission/entry.rs,page-lsn,page-lsn=4,page-recovery-ordering,crate:worth-store-physical-certification,preserve,crates/worth-store-physical-certification/src/simulation_admission/entry.rs,preserve,tracked-family-source-and-metadata-reconciliation,inventory-open
crates/worth-store-physical-certification/tests/ui/qualification/backend_public_boundary/row_proof_constructor_is_private.rs,durability-barrier,durability-barrier=1,backend-barrier-evidence-consumer,crate:worth-store-physical-backend,preserve,crates/worth-store-physical-certification/tests/ui/qualification/backend_public_boundary/row_proof_constructor_is_private.rs,preserve,tracked-family-source-and-metadata-reconciliation,inventory-open
crates/worth-store-physical-format/src/access/manifest/membership.rs,root-publication-topology,root-publication-topology=4,root-publication-consumer,crate:worth-store-physical-format,preserve,crates/worth-store-physical-format/src/access/manifest/membership.rs,preserve,tracked-family-source-and-metadata-reconciliation,inventory-open
crates/worth-store-physical-format/src/access/manifest/root_discovery.rs,root-publication-topology,root-publication-topology=3,root-publication-consumer,crate:worth-store-physical-format,preserve,crates/worth-store-physical-format/src/access/manifest/root_discovery.rs,preserve,tracked-family-source-and-metadata-reconciliation,inventory-open
crates/worth-store-physical-format/src/backup_bundle/artifact_closure.rs,durability-vocabulary;root-publication-topology;wal-topology,durability-vocabulary=2;root-publication-topology=3;wal-topology=2,root-publication-consumer,crate:worth-store-physical-format,preserve,crates/worth-store-physical-format/src/backup_bundle/artifact_closure.rs,preserve,tracked-family-source-and-metadata-reconciliation,inventory-open
crates/worth-store-physical-format/src/backup_bundle/bundle_manifest.rs,durability-vocabulary,durability-vocabulary=11,domain-durability-meaning,crate:worth-store-physical-format,preserve,crates/worth-store-physical-format/src/backup_bundle/bundle_manifest.rs,preserve,tracked-family-source-and-metadata-reconciliation,inventory-open
crates/worth-store-physical-format/src/backup_bundle/bundle_manifest/artifact_manifest_row.rs,durability-vocabulary;wal-topology,durability-vocabulary=1;wal-topology=8,domain-wal-topology-consumer,crate:worth-store-physical-format,preserve,crates/worth-store-physical-format/src/backup_bundle/bundle_manifest/artifact_manifest_row.rs,preserve,tracked-family-source-and-metadata-reconciliation,inventory-open
crates/worth-store-physical-format/src/backup_bundle/bundle_manifest/declaration.rs,durability-vocabulary,durability-vocabulary=3,domain-durability-meaning,crate:worth-store-physical-format,preserve,crates/worth-store-physical-format/src/backup_bundle/bundle_manifest/declaration.rs,preserve,tracked-family-source-and-metadata-reconciliation,inventory-open
crates/worth-store-physical-format/src/backup_bundle/bundle_manifest/record_extent_owner_tests.rs,durability-vocabulary,durability-vocabulary=1,domain-durability-meaning,crate:worth-store-physical-format,preserve,crates/worth-store-physical-format/src/backup_bundle/bundle_manifest/record_extent_owner_tests.rs,preserve,tracked-family-source-and-metadata-reconciliation,inventory-open
crates/worth-store-physical-format/src/backup_bundle/bundle_manifest/tests.rs,durability-vocabulary;root-publication-topology;wal-topology,durability-vocabulary=2;root-publication-topology=1;wal-topology=3,root-publication-consumer,crate:worth-store-physical-format,preserve,crates/worth-store-physical-format/src/backup_bundle/bundle_manifest/tests.rs,preserve,tracked-family-source-and-metadata-reconciliation,inventory-open
crates/worth-store-physical-format/src/backup_bundle/manifest_binary_codec.rs,durability-vocabulary;root-publication-topology;wal-topology,durability-vocabulary=6;root-publication-topology=3;wal-topology=2,root-publication-consumer,crate:worth-store-physical-format,preserve,crates/worth-store-physical-format/src/backup_bundle/manifest_binary_codec.rs,preserve,tracked-family-source-and-metadata-reconciliation,inventory-open
crates/worth-store-physical-format/src/backup_bundle/manifest_binary_tags.rs,wal-topology,wal-topology=4,domain-wal-topology-consumer,crate:worth-store-physical-format,preserve,crates/worth-store-physical-format/src/backup_bundle/manifest_binary_tags.rs,preserve,tracked-family-source-and-metadata-reconciliation,inventory-open
crates/worth-store-physical-format/src/binary_format/bounded_decoder_property.rs,durability-vocabulary,durability-vocabulary=8,domain-durability-meaning,crate:worth-store-physical-format,preserve,crates/worth-store-physical-format/src/binary_format/bounded_decoder_property.rs,preserve,tracked-family-source-and-metadata-reconciliation,inventory-open
crates/worth-store-physical-format/src/binary_format/operation_counters.rs,root-publication-topology,root-publication-topology=4,root-publication-consumer,crate:worth-store-physical-format,preserve,crates/worth-store-physical-format/src/binary_format/operation_counters.rs,preserve,tracked-family-source-and-metadata-reconciliation,inventory-open
crates/worth-store-physical-format/src/binary_format/record_decode_fixtures.rs,durability-vocabulary,durability-vocabulary=2,domain-durability-meaning,crate:worth-store-physical-format,preserve,crates/worth-store-physical-format/src/binary_format/record_decode_fixtures.rs,preserve,tracked-family-source-and-metadata-reconciliation,inventory-open
crates/worth-store-physical-format/src/binary_format/record_golden_bytes.rs,durability-vocabulary,durability-vocabulary=8,domain-durability-meaning,crate:worth-store-physical-format,preserve,crates/worth-store-physical-format/src/binary_format/record_golden_bytes.rs,preserve,tracked-family-source-and-metadata-reconciliation,inventory-open
crates/worth-store-physical-format/src/binary_format/record_membership_golden_bytes.rs,durability-vocabulary,durability-vocabulary=6,domain-durability-meaning,crate:worth-store-physical-format,preserve,crates/worth-store-physical-format/src/binary_format/record_membership_golden_bytes.rs,preserve,tracked-family-source-and-metadata-reconciliation,inventory-open
crates/worth-store-physical-format/src/binary_format/record_page_lsn.rs,durability-vocabulary;page-lsn,durability-vocabulary=15;page-lsn=7,durable-frame-page-lsn-encoding,worth-store-physical-format/binary-format,preserve,crates/worth-store-physical-format/src/binary_format/record_page_lsn.rs,preserve,tracked-family-source-and-metadata-reconciliation,inventory-open
crates/worth-store-physical-format/src/bootstrap/catalog.rs,root-publication-topology,root-publication-topology=3,root-publication-consumer,crate:worth-store-physical-format,preserve,crates/worth-store-physical-format/src/bootstrap/catalog.rs,preserve,tracked-family-source-and-metadata-reconciliation,inventory-open
crates/worth-store-physical-format/src/bootstrap/record_catalog.rs,durability-vocabulary,durability-vocabulary=10,domain-durability-meaning,crate:worth-store-physical-format,preserve,crates/worth-store-physical-format/src/bootstrap/record_catalog.rs,preserve,tracked-family-source-and-metadata-reconciliation,inventory-open
crates/worth-store-physical-format/src/bootstrap/tests.rs,durability-vocabulary;root-publication-topology,durability-vocabulary=10;root-publication-topology=1,root-publication-consumer,crate:worth-store-physical-format,preserve,crates/worth-store-physical-format/src/bootstrap/tests.rs,preserve,tracked-family-source-and-metadata-reconciliation,inventory-open
crates/worth-store-physical-format/src/canonical_basis/mod.rs,root-publication-topology,root-publication-topology=1,root-publication-consumer,crate:worth-store-physical-format,preserve,crates/worth-store-physical-format/src/canonical_basis/mod.rs,preserve,tracked-family-source-and-metadata-reconciliation,inventory-open
crates/worth-store-physical-format/src/checkpoint/footer.rs,checkpoint-publication,checkpoint-publication=3,checkpoint-stream-footer-codec,worth-store-physical-format/checkpoint,preserve,crates/worth-store-physical-format/src/checkpoint/footer.rs,preserve,tracked-family-source-and-metadata-reconciliation,inventory-open
crates/worth-store-physical-format/src/checkpoint/identity.rs,checkpoint-publication,checkpoint-publication=5,path-independent-checkpoint-identity,worth-store-physical-format/checkpoint,preserve,crates/worth-store-physical-format/src/checkpoint/identity.rs,preserve,tracked-family-source-and-metadata-reconciliation,inventory-open
crates/worth-store-physical-format/src/checkpoint/mod.rs,checkpoint-publication,checkpoint-publication=3,checkpoint-format-facade,worth-store-physical-format/checkpoint,preserve,crates/worth-store-physical-format/src/checkpoint/mod.rs,preserve,tracked-family-source-and-metadata-reconciliation,inventory-open
crates/worth-store-physical-format/src/checkpoint/source.rs,checkpoint-publication,checkpoint-publication=18,checkpoint-source-meaning-and-codec,worth-store-physical-format/checkpoint,preserve,crates/worth-store-physical-format/src/checkpoint/source.rs,preserve,tracked-family-source-and-metadata-reconciliation,inventory-open
crates/worth-store-physical-format/src/checkpoint/stream.rs,checkpoint-publication,checkpoint-publication=7,bounded-checkpoint-stream-codec,worth-store-physical-format/checkpoint,preserve,crates/worth-store-physical-format/src/checkpoint/stream.rs,preserve,tracked-family-source-and-metadata-reconciliation,inventory-open
crates/worth-store-physical-format/src/checkpoint/tests/hostile.rs,checkpoint-publication,checkpoint-publication=1,checkpoint-hostile-format-proof,worth-store-physical-format/checkpoint,preserve,crates/worth-store-physical-format/src/checkpoint/tests/hostile.rs,preserve,tracked-family-source-and-metadata-reconciliation,inventory-open
crates/worth-store-physical-format/src/checkpoint/tests/mod.rs,checkpoint-publication,checkpoint-publication=8,checkpoint-format-test-fixture,worth-store-physical-format/checkpoint/tests,preserve,crates/worth-store-physical-format/src/checkpoint/tests/mod.rs,preserve,tracked-family-source-and-metadata-reconciliation,inventory-open
crates/worth-store-physical-format/src/compile_fail/construction_boundaries.rs,root-publication-topology,root-publication-topology=1,root-publication-consumer,crate:worth-store-physical-format,preserve,crates/worth-store-physical-format/src/compile_fail/construction_boundaries.rs,preserve,tracked-family-source-and-metadata-reconciliation,inventory-open
crates/worth-store-physical-format/src/extent_record/durable_extent.rs,durability-vocabulary,durability-vocabulary=12,domain-durability-meaning,crate:worth-store-physical-format,preserve,crates/worth-store-physical-format/src/extent_record/durable_extent.rs,preserve,tracked-family-source-and-metadata-reconciliation,inventory-open
crates/worth-store-physical-format/src/extent_record/mod.rs,durability-vocabulary,durability-vocabulary=2,domain-durability-meaning,crate:worth-store-physical-format,preserve,crates/worth-store-physical-format/src/extent_record/mod.rs,preserve,tracked-family-source-and-metadata-reconciliation,inventory-open
crates/worth-store-physical-format/src/extent_record/tests.rs,durability-vocabulary,durability-vocabulary=1,domain-durability-meaning,crate:worth-store-physical-format,preserve,crates/worth-store-physical-format/src/extent_record/tests.rs,preserve,tracked-family-source-and-metadata-reconciliation,inventory-open
crates/worth-store-physical-format/src/generation/authority.rs,root-publication-topology,root-publication-topology=4,root-publication-consumer,crate:worth-store-physical-format,preserve,crates/worth-store-physical-format/src/generation/authority.rs,preserve,tracked-family-source-and-metadata-reconciliation,inventory-open
crates/worth-store-physical-format/src/generation/cells.rs,root-publication-topology,root-publication-topology=8,root-publication-consumer,crate:worth-store-physical-format,preserve,crates/worth-store-physical-format/src/generation/cells.rs,preserve,tracked-family-source-and-metadata-reconciliation,inventory-open
crates/worth-store-physical-format/src/generation/owner.rs,root-publication-topology,root-publication-topology=4,root-publication-consumer,crate:worth-store-physical-format,preserve,crates/worth-store-physical-format/src/generation/owner.rs,preserve,tracked-family-source-and-metadata-reconciliation,inventory-open
crates/worth-store-physical-format/src/in_memory_physical_format_model/contract/counters.rs,root-publication-topology,root-publication-topology=8,root-publication-consumer,crate:worth-store-physical-format,preserve,crates/worth-store-physical-format/src/in_memory_physical_format_model/contract/counters.rs,preserve,tracked-family-source-and-metadata-reconciliation,inventory-open
crates/worth-store-physical-format/src/in_memory_physical_format_model/contract/denials.rs,root-publication-topology,root-publication-topology=1,root-publication-consumer,crate:worth-store-physical-format,preserve,crates/worth-store-physical-format/src/in_memory_physical_format_model/contract/denials.rs,preserve,tracked-family-source-and-metadata-reconciliation,inventory-open
crates/worth-store-physical-format/src/in_memory_physical_format_model/mod.rs,root-publication-topology,root-publication-topology=3,root-publication-consumer,crate:worth-store-physical-format,preserve,crates/worth-store-physical-format/src/in_memory_physical_format_model/mod.rs,preserve,tracked-family-source-and-metadata-reconciliation,inventory-open
crates/worth-store-physical-format/src/in_memory_physical_format_model/observation/evidence.rs,root-publication-topology,root-publication-topology=1,root-publication-consumer,crate:worth-store-physical-format,preserve,crates/worth-store-physical-format/src/in_memory_physical_format_model/observation/evidence.rs,preserve,tracked-family-source-and-metadata-reconciliation,inventory-open
crates/worth-store-physical-format/src/in_memory_physical_format_model/observation/execution.rs,root-publication-topology,root-publication-topology=16,root-publication-consumer,crate:worth-store-physical-format,preserve,crates/worth-store-physical-format/src/in_memory_physical_format_model/observation/execution.rs,preserve,tracked-family-source-and-metadata-reconciliation,inventory-open
crates/worth-store-physical-format/src/in_memory_physical_format_model/observation/mod.rs,root-publication-topology,root-publication-topology=3,root-publication-consumer,crate:worth-store-physical-format,preserve,crates/worth-store-physical-format/src/in_memory_physical_format_model/observation/mod.rs,preserve,tracked-family-source-and-metadata-reconciliation,inventory-open
crates/worth-store-physical-format/src/in_memory_physical_format_model/observation/receipt.rs,root-publication-topology,root-publication-topology=3,root-publication-consumer,crate:worth-store-physical-format,preserve,crates/worth-store-physical-format/src/in_memory_physical_format_model/observation/receipt.rs,preserve,tracked-family-source-and-metadata-reconciliation,inventory-open
crates/worth-store-physical-format/src/in_memory_physical_format_model/operation/mod.rs,root-publication-topology,root-publication-topology=2,root-publication-consumer,crate:worth-store-physical-format,preserve,crates/worth-store-physical-format/src/in_memory_physical_format_model/operation/mod.rs,preserve,tracked-family-source-and-metadata-reconciliation,inventory-open
crates/worth-store-physical-format/src/in_memory_physical_format_model/operation/restore.rs,root-publication-topology,root-publication-topology=1,root-publication-consumer,crate:worth-store-physical-format,preserve,crates/worth-store-physical-format/src/in_memory_physical_format_model/operation/restore.rs,preserve,tracked-family-source-and-metadata-reconciliation,inventory-open
crates/worth-store-physical-format/src/in_memory_physical_format_model/operation/root_publication.rs,root-publication-topology,root-publication-topology=31,root-publication-consumer,crate:worth-store-physical-format,preserve,crates/worth-store-physical-format/src/in_memory_physical_format_model/operation/root_publication.rs,preserve,tracked-family-source-and-metadata-reconciliation,inventory-open
crates/worth-store-physical-format/src/in_memory_physical_format_model/reports.rs,root-publication-topology,root-publication-topology=2,root-publication-consumer,crate:worth-store-physical-format,preserve,crates/worth-store-physical-format/src/in_memory_physical_format_model/reports.rs,preserve,tracked-family-source-and-metadata-reconciliation,inventory-open
crates/worth-store-physical-format/src/in_memory_physical_format_model/storage/encoding.rs,root-publication-topology,root-publication-topology=5,root-publication-consumer,crate:worth-store-physical-format,preserve,crates/worth-store-physical-format/src/in_memory_physical_format_model/storage/encoding.rs,preserve,tracked-family-source-and-metadata-reconciliation,inventory-open
crates/worth-store-physical-format/src/in_memory_physical_format_model/storage/model_storage.rs,root-publication-topology,root-publication-topology=18,root-publication-consumer,crate:worth-store-physical-format,preserve,crates/worth-store-physical-format/src/in_memory_physical_format_model/storage/model_storage.rs,preserve,tracked-family-source-and-metadata-reconciliation,inventory-open
crates/worth-store-physical-format/src/in_memory_physical_format_model/storage/reference_index.rs,root-publication-topology,root-publication-topology=8,root-publication-consumer,crate:worth-store-physical-format,preserve,crates/worth-store-physical-format/src/in_memory_physical_format_model/storage/reference_index.rs,preserve,tracked-family-source-and-metadata-reconciliation,inventory-open
crates/worth-store-physical-format/src/in_memory_physical_format_model/tests.rs,root-publication-topology,root-publication-topology=7,root-publication-consumer,crate:worth-store-physical-format,preserve,crates/worth-store-physical-format/src/in_memory_physical_format_model/tests.rs,preserve,tracked-family-source-and-metadata-reconciliation,inventory-open
crates/worth-store-physical-format/src/lib.rs,checkpoint-publication;durability-vocabulary;page-lsn;root-publication-topology,checkpoint-publication=3;durability-vocabulary=11;page-lsn=1;root-publication-topology=6,physical-format-contractual-facade,crate:worth-store-physical-format,preserve,crates/worth-store-physical-format/src/lib.rs,preserve,tracked-family-source-and-metadata-reconciliation,inventory-open
crates/worth-store-physical-format/src/manifest/authority.rs,root-publication-topology,root-publication-topology=2,root-publication-consumer,crate:worth-store-physical-format,preserve,crates/worth-store-physical-format/src/manifest/authority.rs,preserve,tracked-family-source-and-metadata-reconciliation,inventory-open
crates/worth-store-physical-format/src/manifest/durable_extent.rs,durability-vocabulary,durability-vocabulary=13,domain-durability-meaning,crate:worth-store-physical-format,preserve,crates/worth-store-physical-format/src/manifest/durable_extent.rs,preserve,tracked-family-source-and-metadata-reconciliation,inventory-open
crates/worth-store-physical-format/src/manifest/durable_free_space_header.rs,durability-vocabulary,durability-vocabulary=9,domain-durability-meaning,crate:worth-store-physical-format,preserve,crates/worth-store-physical-format/src/manifest/durable_free_space_header.rs,preserve,tracked-family-source-and-metadata-reconciliation,inventory-open
crates/worth-store-physical-format/src/manifest/durable_membership.rs,durability-vocabulary,durability-vocabulary=15,domain-durability-meaning,crate:worth-store-physical-format,preserve,crates/worth-store-physical-format/src/manifest/durable_membership.rs,preserve,tracked-family-source-and-metadata-reconciliation,inventory-open
crates/worth-store-physical-format/src/manifest/durable_root.rs,durability-vocabulary;root-publication-topology,durability-vocabulary=19;root-publication-topology=5,root-publication-consumer,crate:worth-store-physical-format,preserve,crates/worth-store-physical-format/src/manifest/durable_root.rs,preserve,tracked-family-source-and-metadata-reconciliation,inventory-open
crates/worth-store-physical-format/src/manifest/durable_root_entry.rs,durability-vocabulary,durability-vocabulary=6,domain-durability-meaning,crate:worth-store-physical-format,preserve,crates/worth-store-physical-format/src/manifest/durable_root_entry.rs,preserve,tracked-family-source-and-metadata-reconciliation,inventory-open
crates/worth-store-physical-format/src/manifest/durable_root_placement.rs,durability-vocabulary,durability-vocabulary=6,domain-durability-meaning,crate:worth-store-physical-format,preserve,crates/worth-store-physical-format/src/manifest/durable_root_placement.rs,preserve,tracked-family-source-and-metadata-reconciliation,inventory-open
crates/worth-store-physical-format/src/manifest/durable_root_routing.rs,durability-vocabulary,durability-vocabulary=12,domain-durability-meaning,crate:worth-store-physical-format,preserve,crates/worth-store-physical-format/src/manifest/durable_root_routing.rs,preserve,tracked-family-source-and-metadata-reconciliation,inventory-open
crates/worth-store-physical-format/src/manifest/durable_segment_routing.rs,durability-vocabulary,durability-vocabulary=11,domain-durability-meaning,crate:worth-store-physical-format,preserve,crates/worth-store-physical-format/src/manifest/durable_segment_routing.rs,preserve,tracked-family-source-and-metadata-reconciliation,inventory-open
crates/worth-store-physical-format/src/manifest/free_space_routing.rs,durability-vocabulary,durability-vocabulary=2,domain-durability-meaning,crate:worth-store-physical-format,preserve,crates/worth-store-physical-format/src/manifest/free_space_routing.rs,preserve,tracked-family-source-and-metadata-reconciliation,inventory-open
crates/worth-store-physical-format/src/manifest/mod.rs,durability-vocabulary,durability-vocabulary=22,domain-durability-meaning,crate:worth-store-physical-format,preserve,crates/worth-store-physical-format/src/manifest/mod.rs,preserve,tracked-family-source-and-metadata-reconciliation,inventory-open
crates/worth-store-physical-format/src/manifest/physical_free_space_membership_block.rs,durability-vocabulary,durability-vocabulary=7,domain-durability-meaning,crate:worth-store-physical-format,preserve,crates/worth-store-physical-format/src/manifest/physical_free_space_membership_block.rs,preserve,tracked-family-source-and-metadata-reconciliation,inventory-open
crates/worth-store-physical-format/src/manifest/rebuild_source.rs,root-publication-topology,root-publication-topology=3,root-publication-consumer,crate:worth-store-physical-format,preserve,crates/worth-store-physical-format/src/manifest/rebuild_source.rs,preserve,tracked-family-source-and-metadata-reconciliation,inventory-open
crates/worth-store-physical-format/src/manifest/tests.rs,root-publication-topology,root-publication-topology=25,root-publication-consumer,crate:worth-store-physical-format,preserve,crates/worth-store-physical-format/src/manifest/tests.rs,preserve,tracked-family-source-and-metadata-reconciliation,inventory-open
crates/worth-store-physical-format/src/manifest/universe.rs,root-publication-topology,root-publication-topology=15,root-publication-consumer,crate:worth-store-physical-format,preserve,crates/worth-store-physical-format/src/manifest/universe.rs,preserve,tracked-family-source-and-metadata-reconciliation,inventory-open
crates/worth-store-physical-format/src/offline_verifier/codec.rs,root-publication-topology,root-publication-topology=4,root-publication-consumer,crate:worth-store-physical-format,preserve,crates/worth-store-physical-format/src/offline_verifier/codec.rs,preserve,tracked-family-source-and-metadata-reconciliation,inventory-open
crates/worth-store-physical-format/src/offline_verifier/codec_decode.rs,root-publication-topology,root-publication-topology=4,root-publication-consumer,crate:worth-store-physical-format,preserve,crates/worth-store-physical-format/src/offline_verifier/codec_decode.rs,preserve,tracked-family-source-and-metadata-reconciliation,inventory-open
crates/worth-store-physical-format/src/offline_verifier/codec_encode.rs,root-publication-topology,root-publication-topology=2,root-publication-consumer,crate:worth-store-physical-format,preserve,crates/worth-store-physical-format/src/offline_verifier/codec_encode.rs,preserve,tracked-family-source-and-metadata-reconciliation,inventory-open
crates/worth-store-physical-format/src/offline_verifier/manifest_pipeline.rs,root-publication-topology,root-publication-topology=2,root-publication-consumer,crate:worth-store-physical-format,preserve,crates/worth-store-physical-format/src/offline_verifier/manifest_pipeline.rs,preserve,tracked-family-source-and-metadata-reconciliation,inventory-open
crates/worth-store-physical-format/src/offline_verifier/tests/support.rs,root-publication-topology,root-publication-topology=2,root-publication-consumer,crate:worth-store-physical-format,preserve,crates/worth-store-physical-format/src/offline_verifier/tests/support.rs,preserve,tracked-family-source-and-metadata-reconciliation,inventory-open
crates/worth-store-physical-format/src/offline_verifier/verifier.rs,root-publication-topology,root-publication-topology=1,root-publication-consumer,crate:worth-store-physical-format,preserve,crates/worth-store-physical-format/src/offline_verifier/verifier.rs,preserve,tracked-family-source-and-metadata-reconciliation,inventory-open
crates/worth-store-physical-format/src/offline_walk/bounded_decode.rs,root-publication-topology,root-publication-topology=4,root-publication-consumer,crate:worth-store-physical-format,preserve,crates/worth-store-physical-format/src/offline_walk/bounded_decode.rs,preserve,tracked-family-source-and-metadata-reconciliation,inventory-open
crates/worth-store-physical-format/src/page_record/durable_page.rs,durability-vocabulary,durability-vocabulary=18,domain-durability-meaning,crate:worth-store-physical-format,preserve,crates/worth-store-physical-format/src/page_record/durable_page.rs,preserve,tracked-family-source-and-metadata-reconciliation,inventory-open
crates/worth-store-physical-format/src/page_record/mod.rs,durability-vocabulary,durability-vocabulary=2,domain-durability-meaning,crate:worth-store-physical-format,preserve,crates/worth-store-physical-format/src/page_record/mod.rs,preserve,tracked-family-source-and-metadata-reconciliation,inventory-open
crates/worth-store-physical-format/src/page_record/page_inventory.rs,durability-vocabulary,durability-vocabulary=4,domain-durability-meaning,crate:worth-store-physical-format,preserve,crates/worth-store-physical-format/src/page_record/page_inventory.rs,preserve,tracked-family-source-and-metadata-reconciliation,inventory-open
crates/worth-store-physical-format/src/placement/record_frame_coordinate.rs,durability-vocabulary,durability-vocabulary=1,domain-durability-meaning,crate:worth-store-physical-format,preserve,crates/worth-store-physical-format/src/placement/record_frame_coordinate.rs,preserve,tracked-family-source-and-metadata-reconciliation,inventory-open
crates/worth-store-physical-format/src/record_framing/durable_frame.rs,durability-vocabulary;page-lsn,durability-vocabulary=27;page-lsn=10,domain-durability-meaning,crate:worth-store-physical-format,preserve,crates/worth-store-physical-format/src/record_framing/durable_frame.rs,preserve,tracked-family-source-and-metadata-reconciliation,inventory-open
crates/worth-store-physical-format/src/record_framing/mod.rs,durability-vocabulary;page-lsn,durability-vocabulary=11;page-lsn=1,domain-durability-meaning,crate:worth-store-physical-format,preserve,crates/worth-store-physical-format/src/record_framing/mod.rs,preserve,tracked-family-source-and-metadata-reconciliation,inventory-open
crates/worth-store-physical-format/src/reference/authority.rs,root-publication-topology,root-publication-topology=12,root-publication-consumer,crate:worth-store-physical-format,preserve,crates/worth-store-physical-format/src/reference/authority.rs,preserve,tracked-family-source-and-metadata-reconciliation,inventory-open
crates/worth-store-physical-format/src/reference/counters.rs,root-publication-topology,root-publication-topology=6,root-publication-consumer,crate:worth-store-physical-format,preserve,crates/worth-store-physical-format/src/reference/counters.rs,preserve,tracked-family-source-and-metadata-reconciliation,inventory-open
crates/worth-store-physical-format/src/reference/denials.rs,root-publication-topology,root-publication-topology=1,root-publication-consumer,crate:worth-store-physical-format,preserve,crates/worth-store-physical-format/src/reference/denials.rs,preserve,tracked-family-source-and-metadata-reconciliation,inventory-open
crates/worth-store-physical-format/src/reference/references.rs,root-publication-topology,root-publication-topology=7,root-publication-consumer,crate:worth-store-physical-format,preserve,crates/worth-store-physical-format/src/reference/references.rs,preserve,tracked-family-source-and-metadata-reconciliation,inventory-open
crates/worth-store-physical-format/src/reference/scope.rs,root-publication-topology;wal-topology,root-publication-topology=7;wal-topology=3,root-publication-consumer,crate:worth-store-physical-format,preserve,crates/worth-store-physical-format/src/reference/scope.rs,preserve,tracked-family-source-and-metadata-reconciliation,inventory-open
crates/worth-store-physical-format/src/reference/tests.rs,root-publication-topology,root-publication-topology=12,root-publication-consumer,crate:worth-store-physical-format,preserve,crates/worth-store-physical-format/src/reference/tests.rs,preserve,tracked-family-source-and-metadata-reconciliation,inventory-open
crates/worth-store-physical-format/src/reference/witnesses.rs,root-publication-topology,root-publication-topology=2,root-publication-consumer,crate:worth-store-physical-format,preserve,crates/worth-store-physical-format/src/reference/witnesses.rs,preserve,tracked-family-source-and-metadata-reconciliation,inventory-open
crates/worth-store-physical-format/src/security_metadata/tests/manifest_encoding.rs,root-publication-topology,root-publication-topology=4,root-publication-consumer,crate:worth-store-physical-format,preserve,crates/worth-store-physical-format/src/security_metadata/tests/manifest_encoding.rs,preserve,tracked-family-source-and-metadata-reconciliation,inventory-open
crates/worth-store-physical-format/src/security_metadata/tests/support.rs,root-publication-topology,root-publication-topology=2,root-publication-consumer,crate:worth-store-physical-format,preserve,crates/worth-store-physical-format/src/security_metadata/tests/support.rs,preserve,tracked-family-source-and-metadata-reconciliation,inventory-open
crates/worth-store-physical-format/src/store_namespace/store_identity.rs,durability-vocabulary,durability-vocabulary=1,domain-durability-meaning,crate:worth-store-physical-format,preserve,crates/worth-store-physical-format/src/store_namespace/store_identity.rs,preserve,tracked-family-source-and-metadata-reconciliation,inventory-open
crates/worth-store-physical-integrity/src/admission/physical_scope/physical_scope_admission.rs,wal-topology,wal-topology=1,domain-wal-topology-consumer,crate:worth-store-physical-integrity,preserve,crates/worth-store-physical-integrity/src/admission/physical_scope/physical_scope_admission.rs,preserve,tracked-family-source-and-metadata-reconciliation,inventory-open
crates/worth-store-physical-integrity/src/admission/physical_scope/physical_scope_family_inputs.rs,wal-topology,wal-topology=1,domain-wal-topology-consumer,crate:worth-store-physical-integrity,preserve,crates/worth-store-physical-integrity/src/admission/physical_scope/physical_scope_family_inputs.rs,preserve,tracked-family-source-and-metadata-reconciliation,inventory-open
crates/worth-store-physical-integrity/src/authority/integrity_authority_basis_entries.rs,wal-topology,wal-topology=1,domain-wal-topology-consumer,crate:worth-store-physical-integrity,preserve,crates/worth-store-physical-integrity/src/authority/integrity_authority_basis_entries.rs,preserve,tracked-family-source-and-metadata-reconciliation,inventory-open
crates/worth-store-physical-integrity/src/authority/integrity_authority_basis_tokens.rs,root-publication-topology;wal-topology,root-publication-topology=2;wal-topology=9,root-publication-consumer,crate:worth-store-physical-integrity,preserve,crates/worth-store-physical-integrity/src/authority/integrity_authority_basis_tokens.rs,preserve,tracked-family-source-and-metadata-reconciliation,inventory-open
crates/worth-store-physical-integrity/src/authority/integrity_authority_claim_basis.rs,wal-topology,wal-topology=3,domain-wal-topology-consumer,crate:worth-store-physical-integrity,preserve,crates/worth-store-physical-integrity/src/authority/integrity_authority_claim_basis.rs,preserve,tracked-family-source-and-metadata-reconciliation,inventory-open
crates/worth-store-physical-integrity/src/authority/integrity_authority_counter_entries.rs,wal-topology,wal-topology=2,domain-wal-topology-consumer,crate:worth-store-physical-integrity,preserve,crates/worth-store-physical-integrity/src/authority/integrity_authority_counter_entries.rs,preserve,tracked-family-source-and-metadata-reconciliation,inventory-open
crates/worth-store-physical-integrity/src/evidence/integrity_evidence_bundle.rs,wal-topology,wal-topology=6,domain-wal-topology-consumer,crate:worth-store-physical-integrity,preserve,crates/worth-store-physical-integrity/src/evidence/integrity_evidence_bundle.rs,preserve,tracked-family-source-and-metadata-reconciliation,inventory-open
crates/worth-store-physical-integrity/src/evidence/integrity_evidence_source.rs,wal-topology,wal-topology=8,domain-wal-topology-consumer,crate:worth-store-physical-integrity,preserve,crates/worth-store-physical-integrity/src/evidence/integrity_evidence_source.rs,preserve,tracked-family-source-and-metadata-reconciliation,inventory-open
crates/worth-store-physical-integrity/src/lib.rs,wal-topology,wal-topology=8,domain-wal-topology-consumer,crate:worth-store-physical-integrity,preserve,crates/worth-store-physical-integrity/src/lib.rs,preserve,tracked-family-source-and-metadata-reconciliation,inventory-open
crates/worth-store-physical-integrity/src/manifests/manifest_integrity.rs,root-publication-topology,root-publication-topology=3,root-publication-consumer,crate:worth-store-physical-integrity,preserve,crates/worth-store-physical-integrity/src/manifests/manifest_integrity.rs,preserve,tracked-family-source-and-metadata-reconciliation,inventory-open
crates/worth-store-physical-integrity/src/manifests/manifest_integrity_request.rs,root-publication-topology,root-publication-topology=4,root-publication-consumer,crate:worth-store-physical-integrity,preserve,crates/worth-store-physical-integrity/src/manifests/manifest_integrity_request.rs,preserve,tracked-family-source-and-metadata-reconciliation,inventory-open
crates/worth-store-physical-integrity/src/manifests/manifest_root_posture.rs,root-publication-topology,root-publication-topology=8,root-publication-consumer,crate:worth-store-physical-integrity,preserve,crates/worth-store-physical-integrity/src/manifests/manifest_root_posture.rs,preserve,tracked-family-source-and-metadata-reconciliation,inventory-open
crates/worth-store-physical-integrity/src/quarantine/quarantine_finding.rs,wal-topology,wal-topology=2,domain-wal-topology-consumer,crate:worth-store-physical-integrity,preserve,crates/worth-store-physical-integrity/src/quarantine/quarantine_finding.rs,preserve,tracked-family-source-and-metadata-reconciliation,inventory-open
crates/worth-store-physical-integrity/src/wal_frames/wal_frame_integrity.rs,wal-topology,wal-topology=67,domain-wal-topology-consumer,crate:worth-store-physical-integrity,preserve,crates/worth-store-physical-integrity/src/wal_frames/wal_frame_integrity.rs,preserve,tracked-family-source-and-metadata-reconciliation,inventory-open
crates/worth-store-physical-integrity/src/wal_frames/wal_frame_integrity_counters.rs,wal-topology,wal-topology=2,domain-wal-topology-consumer,crate:worth-store-physical-integrity,preserve,crates/worth-store-physical-integrity/src/wal_frames/wal_frame_integrity_counters.rs,preserve,tracked-family-source-and-metadata-reconciliation,inventory-open
crates/worth-store-physical-integrity/src/wal_frames/wal_frame_integrity_denials.rs,wal-topology,wal-topology=15,domain-wal-topology-consumer,crate:worth-store-physical-integrity,preserve,crates/worth-store-physical-integrity/src/wal_frames/wal_frame_integrity_denials.rs,preserve,tracked-family-source-and-metadata-reconciliation,inventory-open
crates/worth-store-physical-integrity/src/wal_frames/wal_frame_integrity_reports.rs,wal-topology,wal-topology=24,domain-wal-topology-consumer,crate:worth-store-physical-integrity,preserve,crates/worth-store-physical-integrity/src/wal_frames/wal_frame_integrity_reports.rs,preserve,tracked-family-source-and-metadata-reconciliation,inventory-open
crates/worth-store-physical-integrity/src/wal_frames/wal_frame_integrity_request.rs,wal-topology,wal-topology=13,domain-wal-topology-consumer,crate:worth-store-physical-integrity,preserve,crates/worth-store-physical-integrity/src/wal_frames/wal_frame_integrity_request.rs,preserve,tracked-family-source-and-metadata-reconciliation,inventory-open
crates/worth-store-physical-isolation/src/backup_cut/artifact_reference.rs,durability-vocabulary;root-publication-topology;wal-topology,durability-vocabulary=6;root-publication-topology=1;wal-topology=10,root-publication-consumer,physical_runtime/durability/publication-and-C10-isolation,narrow,crates/worth-store-physical-isolation/src/backup_cut/artifact_reference.rs,phase-7,tracked-family-source-and-metadata-reconciliation,inventory-open
crates/worth-store-physical-isolation/src/backup_cut/cut_admission.rs,durability-vocabulary;wal-topology,durability-vocabulary=11;wal-topology=1,domain-wal-topology-consumer,crate:worth-store-physical-isolation,preserve,crates/worth-store-physical-isolation/src/backup_cut/cut_admission.rs,preserve,tracked-family-source-and-metadata-reconciliation,inventory-open
crates/worth-store-physical-isolation/src/backup_cut/cut_manifest.rs,root-publication-topology;wal-topology,root-publication-topology=2;wal-topology=1,root-publication-consumer,physical_runtime/durability/publication-and-C10-isolation,narrow,crates/worth-store-physical-isolation/src/backup_cut/cut_manifest.rs,phase-7,tracked-family-source-and-metadata-reconciliation,inventory-open
crates/worth-store-physical-isolation/src/backup_cut/cut_recovery.rs,durability-vocabulary,durability-vocabulary=2,domain-durability-meaning,crate:worth-store-physical-isolation,preserve,crates/worth-store-physical-isolation/src/backup_cut/cut_recovery.rs,preserve,tracked-family-source-and-metadata-reconciliation,inventory-open
crates/worth-store-physical-isolation/src/backup_cut/cut_recovery_readmission.rs,durability-vocabulary;wal-topology,durability-vocabulary=5;wal-topology=4,domain-wal-topology-consumer,crate:worth-store-physical-isolation,preserve,crates/worth-store-physical-isolation/src/backup_cut/cut_recovery_readmission.rs,preserve,tracked-family-source-and-metadata-reconciliation,inventory-open
crates/worth-store-physical-isolation/src/backup_cut/lease_persistence/mod.rs,durability-vocabulary,durability-vocabulary=4,domain-durability-meaning,crate:worth-store-physical-isolation,preserve,crates/worth-store-physical-isolation/src/backup_cut/lease_persistence/mod.rs,preserve,tracked-family-source-and-metadata-reconciliation,inventory-open
crates/worth-store-physical-isolation/src/backup_cut/lease_persistence/protected_owner.rs,root-publication-topology,root-publication-topology=3,root-publication-consumer,physical_runtime/durability/publication-and-C10-isolation,narrow,crates/worth-store-physical-isolation/src/backup_cut/lease_persistence/protected_owner.rs,phase-7,tracked-family-source-and-metadata-reconciliation,inventory-open
crates/worth-store-physical-isolation/src/backup_cut/lease_registry.rs,durability-vocabulary,durability-vocabulary=19,domain-durability-meaning,crate:worth-store-physical-isolation,preserve,crates/worth-store-physical-isolation/src/backup_cut/lease_registry.rs,preserve,tracked-family-source-and-metadata-reconciliation,inventory-open
crates/worth-store-physical-isolation/src/backup_cut/lease_registry_transaction.rs,durability-vocabulary,durability-vocabulary=4,domain-durability-meaning,crate:worth-store-physical-isolation,preserve,crates/worth-store-physical-isolation/src/backup_cut/lease_registry_transaction.rs,preserve,tracked-family-source-and-metadata-reconciliation,inventory-open
crates/worth-store-physical-isolation/src/backup_cut/storage_posture.rs,durability-barrier;durability-vocabulary,durability-barrier=13;durability-vocabulary=14,backend-barrier-evidence-consumer,crate:worth-store-physical-backend,preserve,crates/worth-store-physical-isolation/src/backup_cut/storage_posture.rs,preserve,tracked-family-source-and-metadata-reconciliation,inventory-open
crates/worth-store-physical-isolation/src/blob_orphan_reclaim/types/identity.rs,durability-vocabulary,durability-vocabulary=3,domain-durability-meaning,crate:worth-store-physical-isolation,preserve,crates/worth-store-physical-isolation/src/blob_orphan_reclaim/types/identity.rs,preserve,tracked-family-source-and-metadata-reconciliation,inventory-open
crates/worth-store-physical-isolation/src/blob_orphan_reclaim/types/partial_orphan.rs,durability-vocabulary,durability-vocabulary=8,domain-durability-meaning,crate:worth-store-physical-isolation,preserve,crates/worth-store-physical-isolation/src/blob_orphan_reclaim/types/partial_orphan.rs,preserve,tracked-family-source-and-metadata-reconciliation,inventory-open
crates/worth-store-physical-isolation/src/checkpoint_interlock/denial.rs,checkpoint-publication;page-lsn,checkpoint-publication=5;page-lsn=3,page-recovery-ordering,crate:worth-store-physical-isolation,preserve,crates/worth-store-physical-isolation/src/checkpoint_interlock/denial.rs,preserve,tracked-family-source-and-metadata-reconciliation,inventory-open
crates/worth-store-physical-isolation/src/checkpoint_interlock/foundational_evidence.rs,checkpoint-publication,checkpoint-publication=3,checkpoint-publication-and-retention,crate:worth-store-physical-isolation,preserve,crates/worth-store-physical-isolation/src/checkpoint_interlock/foundational_evidence.rs,preserve,tracked-family-source-and-metadata-reconciliation,inventory-open
crates/worth-store-physical-isolation/src/checkpoint_interlock/mod.rs,checkpoint-publication,checkpoint-publication=2,checkpoint-publication-and-retention,crate:worth-store-physical-isolation,preserve,crates/worth-store-physical-isolation/src/checkpoint_interlock/mod.rs,preserve,tracked-family-source-and-metadata-reconciliation,inventory-open
crates/worth-store-physical-isolation/src/checkpoint_interlock/readmission.rs,checkpoint-publication;page-lsn,checkpoint-publication=14;page-lsn=4,page-recovery-ordering,crate:worth-store-physical-isolation,preserve,crates/worth-store-physical-isolation/src/checkpoint_interlock/readmission.rs,preserve,tracked-family-source-and-metadata-reconciliation,inventory-open
crates/worth-store-physical-isolation/src/checkpoint_interlock/stability_proof.rs,checkpoint-publication,checkpoint-publication=3,checkpoint-publication-and-retention,crate:worth-store-physical-isolation,preserve,crates/worth-store-physical-isolation/src/checkpoint_interlock/stability_proof.rs,preserve,tracked-family-source-and-metadata-reconciliation,inventory-open
crates/worth-store-physical-isolation/src/checkpoint_interlock/test_authority.rs,checkpoint-publication;page-lsn;root-publication-topology,checkpoint-publication=12;page-lsn=5;root-publication-topology=3,page-recovery-ordering,crate:worth-store-physical-isolation,preserve,crates/worth-store-physical-isolation/src/checkpoint_interlock/test_authority.rs,preserve,tracked-family-source-and-metadata-reconciliation,inventory-open
crates/worth-store-physical-isolation/src/checkpoint_interlock/transition.rs,checkpoint-publication;page-lsn,checkpoint-publication=7;page-lsn=2,page-recovery-ordering,crate:worth-store-physical-isolation,preserve,crates/worth-store-physical-isolation/src/checkpoint_interlock/transition.rs,preserve,tracked-family-source-and-metadata-reconciliation,inventory-open
crates/worth-store-physical-isolation/src/checkpoint_interlock/verdict.rs,checkpoint-publication,checkpoint-publication=5,checkpoint-publication-and-retention,crate:worth-store-physical-isolation,preserve,crates/worth-store-physical-isolation/src/checkpoint_interlock/verdict.rs,preserve,tracked-family-source-and-metadata-reconciliation,inventory-open
crates/worth-store-physical-isolation/src/generation/denial.rs,root-publication-topology,root-publication-topology=3,root-publication-consumer,physical_runtime/durability/publication-and-C10-isolation,narrow,crates/worth-store-physical-isolation/src/generation/denial.rs,phase-7,tracked-family-source-and-metadata-reconciliation,inventory-open
crates/worth-store-physical-isolation/src/generation/reference.rs,durability-vocabulary;root-publication-topology,durability-vocabulary=2;root-publication-topology=4,root-publication-consumer,physical_runtime/durability/publication-and-C10-isolation,narrow,crates/worth-store-physical-isolation/src/generation/reference.rs,phase-7,tracked-family-source-and-metadata-reconciliation,inventory-open
crates/worth-store-physical-isolation/src/lib.rs,checkpoint-publication;root-publication-topology,checkpoint-publication=5;root-publication-topology=2,parallel-root-publication,physical_runtime/durability/publication,replace,crates/worth-store-physical-isolation/src/lib.rs,phase-7,tracked-family-source-and-metadata-reconciliation,inventory-open
crates/worth-store-physical-isolation/src/physical_read_plan/footprint_ranges.rs,root-publication-topology,root-publication-topology=4,root-publication-consumer,physical_runtime/durability/publication-and-C10-isolation,narrow,crates/worth-store-physical-isolation/src/physical_read_plan/footprint_ranges.rs,phase-7,tracked-family-source-and-metadata-reconciliation,inventory-open
crates/worth-store-physical-isolation/src/physical_read_plan/root_observation.rs,root-publication-topology,root-publication-topology=1,root-publication-consumer,physical_runtime/durability/publication-and-C10-isolation,narrow,crates/worth-store-physical-isolation/src/physical_read_plan/root_observation.rs,phase-7,tracked-family-source-and-metadata-reconciliation,inventory-open
crates/worth-store-physical-isolation/src/physical_read_plan/traversal.rs,root-publication-topology,root-publication-topology=1,root-publication-consumer,physical_runtime/durability/publication-and-C10-isolation,narrow,crates/worth-store-physical-isolation/src/physical_read_plan/traversal.rs,phase-7,tracked-family-source-and-metadata-reconciliation,inventory-open
crates/worth-store-physical-isolation/src/publication/attempt.rs,root-publication-topology,root-publication-topology=6,root-publication-consumer,physical_runtime/durability/publication-and-C10-isolation,delete,crates/worth-store-physical-isolation/src/publication/attempt.rs,phase-7,tracked-family-source-and-metadata-reconciliation,deleted-phase-7
crates/worth-store-physical-isolation/src/publication/denial.rs,root-publication-topology,root-publication-topology=4,root-publication-consumer,physical_runtime/durability/publication-and-C10-isolation,narrow,crates/worth-store-physical-isolation/src/publication/denial.rs,phase-7,tracked-family-source-and-metadata-reconciliation,inventory-open
crates/worth-store-physical-isolation/src/publication/epochs.rs,root-publication-topology,root-publication-topology=8,root-publication-consumer,physical_runtime/durability/publication-and-C10-isolation,narrow,crates/worth-store-physical-isolation/src/publication/epochs.rs,phase-7,tracked-family-source-and-metadata-reconciliation,inventory-open
crates/worth-store-physical-isolation/src/publication/intent.rs,root-publication-topology,root-publication-topology=3,root-publication-consumer,physical_runtime/durability/publication-and-C10-isolation,narrow,crates/worth-store-physical-isolation/src/publication/intent.rs,phase-7,tracked-family-source-and-metadata-reconciliation,inventory-open
crates/worth-store-physical-isolation/src/publication/mod.rs,root-publication-topology,root-publication-topology=2,parallel-root-publication,physical_runtime/durability/publication,replace,crates/worth-store-physical-isolation/src/publication/mod.rs,phase-7,tracked-family-source-and-metadata-reconciliation,inventory-open
crates/worth-store-physical-isolation/src/publication/plan.rs,root-publication-topology,root-publication-topology=4,root-publication-consumer,physical_runtime/durability/publication-and-C10-isolation,narrow,crates/worth-store-physical-isolation/src/publication/plan.rs,phase-7,tracked-family-source-and-metadata-reconciliation,inventory-open
crates/worth-store-physical-isolation/src/publication/readiness.rs,root-publication-topology,root-publication-topology=11,root-publication-consumer,physical_runtime/durability/publication-and-C10-isolation,narrow,crates/worth-store-physical-isolation/src/publication/readiness.rs,phase-7,tracked-family-source-and-metadata-reconciliation,inventory-open
crates/worth-store-physical-isolation/src/publication/receipt.rs,root-publication-topology,root-publication-topology=5,root-publication-consumer,physical_runtime/durability/publication-and-C10-isolation,narrow,crates/worth-store-physical-isolation/src/publication/receipt.rs,phase-7,tracked-family-source-and-metadata-reconciliation,inventory-open
crates/worth-store-physical-isolation/src/publication/root_candidate.rs,root-publication-topology,root-publication-topology=6,root-publication-consumer,physical_runtime/durability/publication-and-C10-isolation,narrow,crates/worth-store-physical-isolation/src/publication/root_candidate.rs,phase-7,tracked-family-source-and-metadata-reconciliation,inventory-open
crates/worth-store-physical-isolation/src/publication/runtime.rs,durability-vocabulary;parallel-root-publication;root-publication-topology,durability-vocabulary=3;parallel-root-publication=5;root-publication-topology=16,parallel-root-publication,physical_runtime/durability/publication,delete,crates/worth-store-physical-isolation/src/publication/runtime.rs,phase-7,tracked-family-source-and-metadata-reconciliation,deleted-phase-7
crates/worth-store-physical-isolation/src/publication/store.rs,durability-barrier;parallel-root-publication;root-publication-topology,durability-barrier=4;parallel-root-publication=3;root-publication-topology=5,parallel-root-publication,physical_runtime/durability/publication,delete,crates/worth-store-physical-isolation/src/publication/store.rs,phase-7,tracked-family-source-and-metadata-reconciliation,deleted-phase-7
crates/worth-store-physical-isolation/src/publication/successor.rs,root-publication-topology,root-publication-topology=10,root-publication-consumer,physical_runtime/durability/publication-and-C10-isolation,narrow,crates/worth-store-physical-isolation/src/publication/successor.rs,phase-7,tracked-family-source-and-metadata-reconciliation,inventory-open
crates/worth-store-physical-isolation/src/publication/swap.rs,durability-vocabulary;root-publication-topology,durability-vocabulary=1;root-publication-topology=2,root-publication-consumer,physical_runtime/durability/publication-and-C10-isolation,delete,crates/worth-store-physical-isolation/src/publication/swap.rs,phase-7,tracked-family-source-and-metadata-reconciliation,deleted-phase-7
crates/worth-store-physical-isolation/src/publication/tests.rs,durability-vocabulary;parallel-root-publication;root-publication-topology,durability-vocabulary=7;parallel-root-publication=26;root-publication-topology=30,parallel-root-publication,physical_runtime/durability/publication,delete,crates/worth-store-physical-isolation/src/publication/tests.rs,phase-7,tracked-family-source-and-metadata-reconciliation,deleted-phase-7
crates/worth-store-physical-isolation/src/readiness/admission.rs,page-lsn,page-lsn=2,page-recovery-ordering,crate:worth-store-physical-isolation,preserve,crates/worth-store-physical-isolation/src/readiness/admission.rs,preserve,tracked-family-source-and-metadata-reconciliation,inventory-open
crates/worth-store-physical-isolation/src/readiness/identity.rs,checkpoint-publication;page-lsn,checkpoint-publication=3;page-lsn=5,page-recovery-ordering,crate:worth-store-physical-isolation,preserve,crates/worth-store-physical-isolation/src/readiness/identity.rs,preserve,tracked-family-source-and-metadata-reconciliation,inventory-open
crates/worth-store-physical-isolation/src/recovery_publication/durable_locator.rs,durability-barrier;durability-vocabulary,durability-barrier=2;durability-vocabulary=6,backend-barrier-evidence-consumer,crate:worth-store-physical-backend,delete,crates/worth-store-physical-isolation/src/recovery_publication/durable_locator.rs,phase-7,tracked-family-source-and-metadata-reconciliation,deleted-phase-7
crates/worth-store-physical-isolation/src/recovery_publication/mod.rs,durability-vocabulary;parallel-root-publication;root-publication-topology,durability-vocabulary=6;parallel-root-publication=5;root-publication-topology=11,parallel-root-publication,physical_runtime/durability/publication,delete,crates/worth-store-physical-isolation/src/recovery_publication/mod.rs,phase-7,tracked-family-source-and-metadata-reconciliation,deleted-phase-7
crates/worth-store-physical-isolation/src/recovery_publication/publication_start.rs,durability-vocabulary,durability-vocabulary=5,domain-durability-meaning,crate:worth-store-physical-isolation,delete,crates/worth-store-physical-isolation/src/recovery_publication/publication_start.rs,phase-7,tracked-family-source-and-metadata-reconciliation,deleted-phase-7
crates/worth-store-physical-isolation/src/recovery_source_lease/directory_durability.rs,durability-barrier,durability-barrier=2,backend-barrier-evidence-consumer,crate:worth-store-physical-backend,preserve,crates/worth-store-physical-isolation/src/recovery_source_lease/directory_durability.rs,preserve,tracked-family-source-and-metadata-reconciliation,inventory-open
crates/worth-store-physical-isolation/src/recovery_source_lease/lease_release.rs,durability-vocabulary,durability-vocabulary=5,domain-durability-meaning,crate:worth-store-physical-isolation,preserve,crates/worth-store-physical-isolation/src/recovery_source_lease/lease_release.rs,preserve,tracked-family-source-and-metadata-reconciliation,inventory-open
crates/worth-store-physical-isolation/src/recovery_source_lease/mod.rs,durability-vocabulary,durability-vocabulary=7,domain-durability-meaning,crate:worth-store-physical-isolation,preserve,crates/worth-store-physical-isolation/src/recovery_source_lease/mod.rs,preserve,tracked-family-source-and-metadata-reconciliation,inventory-open
crates/worth-store-physical-isolation/src/recovery_source_lease/record.rs,durability-barrier;durability-vocabulary,durability-barrier=1;durability-vocabulary=1,backend-barrier-evidence-consumer,crate:worth-store-physical-backend,preserve,crates/worth-store-physical-isolation/src/recovery_source_lease/record.rs,preserve,tracked-family-source-and-metadata-reconciliation,inventory-open
crates/worth-store-physical-isolation/src/root_protocol/mod.rs,checkpoint-publication,checkpoint-publication=3,checkpoint-publication-and-retention,crate:worth-store-physical-isolation,preserve,crates/worth-store-physical-isolation/src/root_protocol/mod.rs,preserve,tracked-family-source-and-metadata-reconciliation,inventory-open
crates/worth-store-physical-isolation/src/root_protocol/readmission.rs,checkpoint-publication,checkpoint-publication=3,checkpoint-publication-and-retention,crate:worth-store-physical-isolation,preserve,crates/worth-store-physical-isolation/src/root_protocol/readmission.rs,preserve,tracked-family-source-and-metadata-reconciliation,inventory-open
crates/worth-store-physical-isolation/src/root_protocol/root_kinds.rs,checkpoint-publication,checkpoint-publication=11,checkpoint-publication-and-retention,crate:worth-store-physical-isolation,preserve,crates/worth-store-physical-isolation/src/root_protocol/root_kinds.rs,preserve,tracked-family-source-and-metadata-reconciliation,inventory-open
crates/worth-store-reclaim-policy/src/reclaim_policy/tests.rs,durability-barrier,durability-barrier=2,backend-barrier-evidence-consumer,crate:worth-store-physical-backend,preserve,crates/worth-store-reclaim-policy/src/reclaim_policy/tests.rs,preserve,tracked-family-source-and-metadata-reconciliation,inventory-open
crates/worth-store-recovery-physics/src/backup_restore/mod.rs,durability-vocabulary;wal-topology,durability-vocabulary=12;wal-topology=3,domain-wal-topology-consumer,crate:worth-store-recovery-physics,preserve,crates/worth-store-recovery-physics/src/backup_restore/mod.rs,preserve,tracked-family-source-and-metadata-reconciliation,inventory-open
crates/worth-store-recovery-physics/src/blob_replay/admission.rs,durability-vocabulary,durability-vocabulary=14,checkpoint-publication-and-retention,crate:worth-store-recovery-physics,preserve,crates/worth-store-recovery-physics/src/blob_replay/admission.rs,preserve,tracked-family-source-and-metadata-reconciliation,inventory-open
crates/worth-store-recovery-physics/src/btree_replay/denial.rs,durability-vocabulary,durability-vocabulary=2,domain-durability-meaning,crate:worth-store-recovery-physics,preserve,crates/worth-store-recovery-physics/src/btree_replay/denial.rs,preserve,tracked-family-source-and-metadata-reconciliation,inventory-open
crates/worth-store-recovery-physics/src/btree_replay/root_agreement.rs,durability-vocabulary;wal-topology,durability-vocabulary=2;wal-topology=7,domain-wal-topology-consumer,crate:worth-store-recovery-physics,preserve,crates/worth-store-recovery-physics/src/btree_replay/root_agreement.rs,preserve,tracked-family-source-and-metadata-reconciliation,inventory-open
crates/worth-store-recovery-physics/src/btree_replay/source.rs,durability-vocabulary,durability-vocabulary=8,domain-durability-meaning,crate:worth-store-recovery-physics,preserve,crates/worth-store-recovery-physics/src/btree_replay/source.rs,preserve,tracked-family-source-and-metadata-reconciliation,inventory-open
crates/worth-store-recovery-physics/src/candidate_evaluation/candidate_set.rs,durability-vocabulary;wal-topology,durability-vocabulary=3;wal-topology=4,domain-wal-topology-consumer,crate:worth-store-recovery-physics,preserve,crates/worth-store-recovery-physics/src/candidate_evaluation/candidate_set.rs,preserve,tracked-family-source-and-metadata-reconciliation,inventory-open
crates/worth-store-recovery-physics/src/checkpoint_cutover/backup_artifact.rs,durability-vocabulary;root-publication-topology,durability-vocabulary=20;root-publication-topology=1,root-publication-consumer,crate:worth-store-recovery-physics,preserve,crates/worth-store-recovery-physics/src/checkpoint_cutover/backup_artifact.rs,preserve,tracked-family-source-and-metadata-reconciliation,inventory-open
crates/worth-store-recovery-physics/src/checkpoint_cutover/checkpoint_durability.rs,durability-vocabulary;page-lsn;wal-topology,durability-vocabulary=54;page-lsn=2;wal-topology=4,wal-boundary-acknowledgment,physical_runtime/durability/settlement,narrow,crates/worth-store-recovery-physics/src/checkpoint_cutover/checkpoint_durability.rs,phase-8,tracked-family-source-and-metadata-reconciliation,inventory-open
crates/worth-store-recovery-physics/src/checkpoint_cutover/checkpoint_locator.rs,durability-vocabulary,durability-vocabulary=14,wal-boundary-acknowledgment,physical_runtime/durability/settlement,narrow,crates/worth-store-recovery-physics/src/checkpoint_cutover/checkpoint_locator.rs,phase-8,tracked-family-source-and-metadata-reconciliation,inventory-open
crates/worth-store-recovery-physics/src/checkpoint_cutover/checkpoint_lsn.rs,page-lsn;wal-topology,page-lsn=10;wal-topology=5,page-recovery-ordering,crate:worth-store-recovery-physics,preserve,crates/worth-store-recovery-physics/src/checkpoint_cutover/checkpoint_lsn.rs,preserve,tracked-family-source-and-metadata-reconciliation,inventory-open
crates/worth-store-recovery-physics/src/checkpoint_cutover/checkpoint_manifest.rs,page-lsn,page-lsn=4,page-recovery-ordering,crate:worth-store-recovery-physics,preserve,crates/worth-store-recovery-physics/src/checkpoint_cutover/checkpoint_manifest.rs,preserve,tracked-family-source-and-metadata-reconciliation,inventory-open
crates/worth-store-recovery-physics/src/checkpoint_cutover/checkpoint_publication.rs,checkpoint-publication;durability-vocabulary,checkpoint-publication=5;durability-vocabulary=18,checkpoint-publication-and-retention,crate:worth-store-recovery-physics,preserve,crates/worth-store-recovery-physics/src/checkpoint_cutover/checkpoint_publication.rs,preserve,tracked-family-source-and-metadata-reconciliation,inventory-open
crates/worth-store-recovery-physics/src/checkpoint_cutover/cutover_recovery/mod.rs,checkpoint-publication,checkpoint-publication=6,checkpoint-publication-and-retention,crate:worth-store-recovery-physics,preserve,crates/worth-store-recovery-physics/src/checkpoint_cutover/cutover_recovery/mod.rs,preserve,tracked-family-source-and-metadata-reconciliation,inventory-open
crates/worth-store-recovery-physics/src/checkpoint_cutover/cutover_recovery/recovered_checkpoint_evidence.rs,checkpoint-publication;durability-vocabulary;page-lsn,checkpoint-publication=4;durability-vocabulary=13;page-lsn=1,page-recovery-ordering,crate:worth-store-recovery-physics,preserve,crates/worth-store-recovery-physics/src/checkpoint_cutover/cutover_recovery/recovered_checkpoint_evidence.rs,preserve,tracked-family-source-and-metadata-reconciliation,inventory-open
crates/worth-store-recovery-physics/src/checkpoint_cutover/cutover_recovery/recovered_cutover_state.rs,checkpoint-publication;durability-vocabulary,checkpoint-publication=10;durability-vocabulary=17,checkpoint-publication-and-retention,crate:worth-store-recovery-physics,preserve,crates/worth-store-recovery-physics/src/checkpoint_cutover/cutover_recovery/recovered_cutover_state.rs,preserve,tracked-family-source-and-metadata-reconciliation,inventory-open
crates/worth-store-recovery-physics/src/checkpoint_cutover/cutover_recovery/recovery_selection.rs,checkpoint-publication,checkpoint-publication=9,checkpoint-publication-and-retention,crate:worth-store-recovery-physics,preserve,crates/worth-store-recovery-physics/src/checkpoint_cutover/cutover_recovery/recovery_selection.rs,preserve,tracked-family-source-and-metadata-reconciliation,inventory-open
crates/worth-store-recovery-physics/src/checkpoint_cutover/denial.rs,checkpoint-publication;durability-vocabulary;page-lsn,checkpoint-publication=4;durability-vocabulary=9;page-lsn=8,page-recovery-ordering,crate:worth-store-recovery-physics,preserve,crates/worth-store-recovery-physics/src/checkpoint_cutover/denial.rs,preserve,tracked-family-source-and-metadata-reconciliation,inventory-open
crates/worth-store-recovery-physics/src/checkpoint_cutover/mod.rs,checkpoint-publication;durability-vocabulary;page-lsn,checkpoint-publication=6;durability-vocabulary=7;page-lsn=1,page-recovery-ordering,crate:worth-store-recovery-physics,preserve,crates/worth-store-recovery-physics/src/checkpoint_cutover/mod.rs,preserve,tracked-family-source-and-metadata-reconciliation,inventory-open
crates/worth-store-recovery-physics/src/checkpoint_cutover/tests.rs,durability-vocabulary;page-lsn;root-publication-topology,durability-vocabulary=2;page-lsn=6;root-publication-topology=3,page-recovery-ordering,crate:worth-store-recovery-physics,preserve,crates/worth-store-recovery-physics/src/checkpoint_cutover/tests.rs,preserve,tracked-family-source-and-metadata-reconciliation,inventory-open
crates/worth-store-recovery-physics/src/checkpoint_cutover/wal_retention.rs,checkpoint-publication;wal-topology,checkpoint-publication=32;wal-topology=19,synthetic-wal-retention-action-authority,physical_runtime/durability/checkpoint,delete,crates/worth-store-recovery-physics/src/checkpoint_cutover/wal_retention.rs,phase-6,tracked-family-source-and-metadata-reconciliation,deleted-phase-6
crates/worth-store-recovery-physics/src/durable_publication/checkpoint_publication.rs,barrier-receipt;checkpoint-publication;durability-vocabulary,barrier-receipt=4;checkpoint-publication=2;durability-vocabulary=59,recovery-checkpoint-publication,worth-store-recovery-physics/checkpoint-cutover,delete,crates/worth-store-recovery-physics/src/durable_publication/checkpoint_publication.rs,phase-9,tracked-family-source-and-metadata-reconciliation,deleted-phase-9
crates/worth-store-recovery-physics/src/durable_publication/mod.rs,checkpoint-publication;durability-vocabulary,checkpoint-publication=1;durability-vocabulary=11,recovery-durable-publication-facade,worth-store-recovery-physics/checkpoint-cutover,delete,crates/worth-store-recovery-physics/src/durable_publication/mod.rs,phase-9,tracked-family-source-and-metadata-reconciliation,deleted-phase-9
crates/worth-store-recovery-physics/src/durable_publication/replay.rs,durability-vocabulary;wal-topology,durability-vocabulary=13;wal-topology=3,durability-replay-identity,worth-store-recovery-physics/replay-basis,delete,crates/worth-store-recovery-physics/src/durable_publication/replay.rs,phase-9,tracked-family-source-and-metadata-reconciliation,deleted-phase-9
crates/worth-store-recovery-physics/src/durable_publication/source_precedence.rs,checkpoint-publication;durability-vocabulary;wal-topology,checkpoint-publication=2;durability-vocabulary=33;wal-topology=3,recovery-source-precedence,worth-store-recovery-physics/source-precedence,delete,crates/worth-store-recovery-physics/src/durable_publication/source_precedence.rs,phase-9,tracked-family-source-and-metadata-reconciliation,deleted-phase-9
crates/worth-store-recovery-physics/src/durable_publication/test_support.rs,durability-barrier;durability-vocabulary;store-durability-runtime;wal-topology,durability-barrier=4;durability-vocabulary=35;store-durability-runtime=2;wal-topology=2,recovery-publication-test-fixture,worth-store-test-support/recovery-harness,delete,crates/worth-store-recovery-physics/src/durable_publication/test_support.rs,phase-9,tracked-family-source-and-metadata-reconciliation,deleted-phase-9
crates/worth-store-recovery-physics/src/durable_publication/tests.rs,checkpoint-publication;durability-barrier;durability-vocabulary;wal-topology,checkpoint-publication=3;durability-barrier=46;durability-vocabulary=108;wal-topology=5,recovery-publication-proof,worth-store-test-support/recovery-harness,delete,crates/worth-store-recovery-physics/src/durable_publication/tests.rs,phase-9,tracked-family-source-and-metadata-reconciliation,deleted-phase-9
crates/worth-store-recovery-physics/src/durable_publication/wal_publication.rs,barrier-receipt;durability-vocabulary;wal-topology,barrier-receipt=2;durability-vocabulary=23;wal-topology=5,wal-publication-observation,worth-store-recovery-physics/wal-recovery-basis,delete,crates/worth-store-recovery-physics/src/durable_publication/wal_publication.rs,phase-9,tracked-family-source-and-metadata-reconciliation,deleted-phase-9
crates/worth-store-recovery-physics/src/entry/basis.rs,wal-topology,wal-topology=3,domain-wal-topology-consumer,crate:worth-store-recovery-physics,preserve,crates/worth-store-recovery-physics/src/entry/basis.rs,preserve,tracked-family-source-and-metadata-reconciliation,inventory-open
crates/worth-store-recovery-physics/src/entry/replay_gate.rs,wal-topology,wal-topology=3,domain-wal-topology-consumer,crate:worth-store-recovery-physics,preserve,crates/worth-store-recovery-physics/src/entry/replay_gate.rs,preserve,tracked-family-source-and-metadata-reconciliation,inventory-open
crates/worth-store-recovery-physics/src/integrity_handoff/damage_map/classify.rs,wal-topology,wal-topology=6,domain-wal-topology-consumer,crate:worth-store-recovery-physics,preserve,crates/worth-store-recovery-physics/src/integrity_handoff/damage_map/classify.rs,preserve,tracked-family-source-and-metadata-reconciliation,inventory-open
crates/worth-store-recovery-physics/src/integrity_handoff/damage_map/map.rs,wal-topology,wal-topology=1,domain-wal-topology-consumer,crate:worth-store-recovery-physics,preserve,crates/worth-store-recovery-physics/src/integrity_handoff/damage_map/map.rs,preserve,tracked-family-source-and-metadata-reconciliation,inventory-open
crates/worth-store-recovery-physics/src/integrity_handoff/declaration.rs,wal-topology,wal-topology=8,domain-wal-topology-consumer,crate:worth-store-recovery-physics,preserve,crates/worth-store-recovery-physics/src/integrity_handoff/declaration.rs,preserve,tracked-family-source-and-metadata-reconciliation,inventory-open
crates/worth-store-recovery-physics/src/integrity_handoff/denial.rs,wal-topology,wal-topology=1,domain-wal-topology-consumer,crate:worth-store-recovery-physics,preserve,crates/worth-store-recovery-physics/src/integrity_handoff/denial.rs,preserve,tracked-family-source-and-metadata-reconciliation,inventory-open
crates/worth-store-recovery-physics/src/integrity_handoff/payload.rs,wal-topology,wal-topology=8,domain-wal-topology-consumer,crate:worth-store-recovery-physics,preserve,crates/worth-store-recovery-physics/src/integrity_handoff/payload.rs,preserve,tracked-family-source-and-metadata-reconciliation,inventory-open
crates/worth-store-recovery-physics/src/integrity_input.rs,wal-topology,wal-topology=8,domain-wal-topology-consumer,crate:worth-store-recovery-physics,preserve,crates/worth-store-recovery-physics/src/integrity_input.rs,preserve,tracked-family-source-and-metadata-reconciliation,inventory-open
crates/worth-store-recovery-physics/src/integrity_vetted_records.rs,wal-topology,wal-topology=21,domain-wal-topology-consumer,crate:worth-store-recovery-physics,preserve,crates/worth-store-recovery-physics/src/integrity_vetted_records.rs,preserve,tracked-family-source-and-metadata-reconciliation,inventory-open
crates/worth-store-recovery-physics/src/layout_projection/bounded_wal_tail.rs,wal-topology,wal-topology=15,domain-wal-topology-consumer,crate:worth-store-recovery-physics,preserve,crates/worth-store-recovery-physics/src/layout_projection/bounded_wal_tail.rs,preserve,tracked-family-source-and-metadata-reconciliation,inventory-open
crates/worth-store-recovery-physics/src/layout_projection/checkpoint_cutover.rs,checkpoint-publication,checkpoint-publication=4,checkpoint-publication-and-retention,crate:worth-store-recovery-physics,preserve,crates/worth-store-recovery-physics/src/layout_projection/checkpoint_cutover.rs,preserve,tracked-family-source-and-metadata-reconciliation,inventory-open
crates/worth-store-recovery-physics/src/layout_projection/crash_boundary.rs,acknowledgment-topology;checkpoint-publication;durability-vocabulary,acknowledgment-topology=1;checkpoint-publication=2;durability-vocabulary=8,checkpoint-publication-and-retention,crate:worth-store-recovery-physics,preserve,crates/worth-store-recovery-physics/src/layout_projection/crash_boundary.rs,preserve,tracked-family-source-and-metadata-reconciliation,inventory-open
crates/worth-store-recovery-physics/src/layout_projection/denial.rs,wal-topology,wal-topology=1,domain-wal-topology-consumer,crate:worth-store-recovery-physics,preserve,crates/worth-store-recovery-physics/src/layout_projection/denial.rs,preserve,tracked-family-source-and-metadata-reconciliation,inventory-open
crates/worth-store-recovery-physics/src/layout_projection/mod.rs,checkpoint-publication;wal-topology,checkpoint-publication=1;wal-topology=1,checkpoint-publication-and-retention,crate:worth-store-recovery-physics,preserve,crates/worth-store-recovery-physics/src/layout_projection/mod.rs,preserve,tracked-family-source-and-metadata-reconciliation,inventory-open
crates/worth-store-recovery-physics/src/layout_projection/readmission.rs,durability-vocabulary,durability-vocabulary=3,domain-durability-meaning,crate:worth-store-recovery-physics,preserve,crates/worth-store-recovery-physics/src/layout_projection/readmission.rs,preserve,tracked-family-source-and-metadata-reconciliation,inventory-open
crates/worth-store-recovery-physics/src/layout_projection/recovery_source.rs,wal-topology,wal-topology=4,domain-wal-topology-consumer,crate:worth-store-recovery-physics,preserve,crates/worth-store-recovery-physics/src/layout_projection/recovery_source.rs,preserve,tracked-family-source-and-metadata-reconciliation,inventory-open
crates/worth-store-recovery-physics/src/layout_projection/replay_index.rs,checkpoint-publication;wal-topology,checkpoint-publication=2;wal-topology=4,checkpoint-publication-and-retention,crate:worth-store-recovery-physics,preserve,crates/worth-store-recovery-physics/src/layout_projection/replay_index.rs,preserve,tracked-family-source-and-metadata-reconciliation,inventory-open
crates/worth-store-recovery-physics/src/layout_readmission.rs,durability-vocabulary,durability-vocabulary=6,domain-durability-meaning,crate:worth-store-recovery-physics,preserve,crates/worth-store-recovery-physics/src/layout_readmission.rs,preserve,tracked-family-source-and-metadata-reconciliation,inventory-open
crates/worth-store-recovery-physics/src/lib.rs,checkpoint-publication;durability-vocabulary;page-lsn;wal-topology,checkpoint-publication=9;durability-vocabulary=18;page-lsn=3;wal-topology=25,recovery-physics-facade-with-source-precedence,crate:worth-store-recovery-physics,narrow,crates/worth-store-recovery-physics/src/lib.rs,phase-3,tracked-family-source-and-metadata-reconciliation,inventory-open
crates/worth-store-recovery-physics/src/page_redo/application.rs,page-lsn,page-lsn=7,page-recovery-ordering,crate:worth-store-recovery-physics,preserve,crates/worth-store-recovery-physics/src/page_redo/application.rs,preserve,tracked-family-source-and-metadata-reconciliation,inventory-open
crates/worth-store-recovery-physics/src/page_redo/denial.rs,page-lsn,page-lsn=11,page-recovery-ordering,crate:worth-store-recovery-physics,preserve,crates/worth-store-recovery-physics/src/page_redo/denial.rs,preserve,tracked-family-source-and-metadata-reconciliation,inventory-open
crates/worth-store-recovery-physics/src/page_redo/eligibility.rs,durability-vocabulary;page-lsn,durability-vocabulary=4;page-lsn=7,page-recovery-ordering,crate:worth-store-recovery-physics,preserve,crates/worth-store-recovery-physics/src/page_redo/eligibility.rs,preserve,tracked-family-source-and-metadata-reconciliation,inventory-open
crates/worth-store-recovery-physics/src/page_redo/mod.rs,page-lsn,page-lsn=1,page-recovery-ordering,crate:worth-store-recovery-physics,preserve,crates/worth-store-recovery-physics/src/page_redo/mod.rs,preserve,tracked-family-source-and-metadata-reconciliation,inventory-open
crates/worth-store-recovery-physics/src/page_redo/page_lsn.rs,page-lsn;wal-topology,page-lsn=2;wal-topology=2,page-recovery-ordering,crate:worth-store-recovery-physics,preserve,crates/worth-store-recovery-physics/src/page_redo/page_lsn.rs,preserve,tracked-family-source-and-metadata-reconciliation,inventory-open
crates/worth-store-recovery-physics/src/partial_publication/before_wal_replay_read.rs,wal-topology,wal-topology=9,domain-wal-topology-consumer,crate:worth-store-recovery-physics,preserve,crates/worth-store-recovery-physics/src/partial_publication/before_wal_replay_read.rs,preserve,tracked-family-source-and-metadata-reconciliation,inventory-open
crates/worth-store-recovery-physics/src/partial_publication/classification/crash_edge.rs,checkpoint-publication;durability-vocabulary;wal-topology,checkpoint-publication=2;durability-vocabulary=7;wal-topology=5,checkpoint-publication-and-retention,crate:worth-store-recovery-physics,preserve,crates/worth-store-recovery-physics/src/partial_publication/classification/crash_edge.rs,preserve,tracked-family-source-and-metadata-reconciliation,inventory-open
crates/worth-store-recovery-physics/src/partial_publication/classification/orchestration.rs,acknowledgment-topology,acknowledgment-topology=4,acknowledgment-consumer,crate:worth-store-recovery-physics,preserve,crates/worth-store-recovery-physics/src/partial_publication/classification/orchestration.rs,preserve,tracked-family-source-and-metadata-reconciliation,inventory-open
crates/worth-store-recovery-physics/src/partial_publication/crash_edge.rs,checkpoint-publication;durability-barrier;durability-vocabulary;wal-topology,checkpoint-publication=3;durability-barrier=5;durability-vocabulary=27;wal-topology=23,checkpoint-publication-and-retention,crate:worth-store-recovery-physics,preserve,crates/worth-store-recovery-physics/src/partial_publication/crash_edge.rs,preserve,tracked-family-source-and-metadata-reconciliation,inventory-open
crates/worth-store-recovery-physics/src/partial_publication/denial.rs,acknowledgment-topology,acknowledgment-topology=1,acknowledgment-consumer,crate:worth-store-recovery-physics,preserve,crates/worth-store-recovery-physics/src/partial_publication/denial.rs,preserve,tracked-family-source-and-metadata-reconciliation,inventory-open
crates/worth-store-recovery-physics/src/partial_publication/evidence.rs,acknowledgment-topology,acknowledgment-topology=2,acknowledgment-consumer,crate:worth-store-recovery-physics,preserve,crates/worth-store-recovery-physics/src/partial_publication/evidence.rs,preserve,tracked-family-source-and-metadata-reconciliation,inventory-open
crates/worth-store-recovery-physics/src/partial_publication/mod.rs,durability-vocabulary;wal-topology,durability-vocabulary=1;wal-topology=1,domain-wal-topology-consumer,crate:worth-store-recovery-physics,preserve,crates/worth-store-recovery-physics/src/partial_publication/mod.rs,preserve,tracked-family-source-and-metadata-reconciliation,inventory-open
crates/worth-store-recovery-physics/src/partial_publication/observation_set.rs,acknowledgment-topology,acknowledgment-topology=4,acknowledgment-consumer,crate:worth-store-recovery-physics,preserve,crates/worth-store-recovery-physics/src/partial_publication/observation_set.rs,preserve,tracked-family-source-and-metadata-reconciliation,inventory-open
crates/worth-store-recovery-physics/src/partial_publication/outcome.rs,acknowledgment-topology;checkpoint-publication;durability-vocabulary;wal-topology,acknowledgment-topology=1;checkpoint-publication=1;durability-vocabulary=9;wal-topology=3,checkpoint-publication-and-retention,crate:worth-store-recovery-physics,preserve,crates/worth-store-recovery-physics/src/partial_publication/outcome.rs,preserve,tracked-family-source-and-metadata-reconciliation,inventory-open
crates/worth-store-recovery-physics/src/partial_publication/persisted_bytes.rs,durability-vocabulary;wal-topology,durability-vocabulary=5;wal-topology=3,domain-wal-topology-consumer,crate:worth-store-recovery-physics,preserve,crates/worth-store-recovery-physics/src/partial_publication/persisted_bytes.rs,preserve,tracked-family-source-and-metadata-reconciliation,inventory-open
crates/worth-store-recovery-physics/src/partial_publication/replay_read_admission.rs,wal-topology,wal-topology=5,domain-wal-topology-consumer,crate:worth-store-recovery-physics,preserve,crates/worth-store-recovery-physics/src/partial_publication/replay_read_admission.rs,preserve,tracked-family-source-and-metadata-reconciliation,inventory-open
crates/worth-store-recovery-physics/src/point_in_time_recovery/exact_frontier.rs,durability-vocabulary,durability-vocabulary=18,domain-durability-meaning,crate:worth-store-recovery-physics,preserve,crates/worth-store-recovery-physics/src/point_in_time_recovery/exact_frontier.rs,preserve,tracked-family-source-and-metadata-reconciliation,inventory-open
crates/worth-store-recovery-physics/src/point_in_time_recovery/replay.rs,durability-vocabulary;wal-topology,durability-vocabulary=2;wal-topology=3,domain-wal-topology-consumer,crate:worth-store-recovery-physics,preserve,crates/worth-store-recovery-physics/src/point_in_time_recovery/replay.rs,preserve,tracked-family-source-and-metadata-reconciliation,inventory-open
crates/worth-store-recovery-physics/src/recovery_blocking_integrity.rs,wal-topology,wal-topology=11,domain-wal-topology-consumer,crate:worth-store-recovery-physics,preserve,crates/worth-store-recovery-physics/src/recovery_blocking_integrity.rs,preserve,tracked-family-source-and-metadata-reconciliation,inventory-open
crates/worth-store-recovery-physics/src/recovery_budget/bounded_plan.rs,wal-topology,wal-topology=4,domain-wal-topology-consumer,crate:worth-store-recovery-physics,preserve,crates/worth-store-recovery-physics/src/recovery_budget/bounded_plan.rs,preserve,tracked-family-source-and-metadata-reconciliation,inventory-open
crates/worth-store-recovery-physics/src/recovery_budget/budget.rs,wal-topology,wal-topology=8,domain-wal-topology-consumer,crate:worth-store-recovery-physics,preserve,crates/worth-store-recovery-physics/src/recovery_budget/budget.rs,preserve,tracked-family-source-and-metadata-reconciliation,inventory-open
crates/worth-store-recovery-physics/src/recovery_budget/checkpoint_interval.rs,wal-topology,wal-topology=3,domain-wal-topology-consumer,crate:worth-store-recovery-physics,preserve,crates/worth-store-recovery-physics/src/recovery_budget/checkpoint_interval.rs,preserve,tracked-family-source-and-metadata-reconciliation,inventory-open
crates/worth-store-recovery-physics/src/recovery_budget/denial.rs,wal-topology,wal-topology=7,domain-wal-topology-consumer,crate:worth-store-recovery-physics,preserve,crates/worth-store-recovery-physics/src/recovery_budget/denial.rs,preserve,tracked-family-source-and-metadata-reconciliation,inventory-open
crates/worth-store-recovery-physics/src/recovery_budget/mod.rs,wal-topology,wal-topology=1,domain-wal-topology-consumer,crate:worth-store-recovery-physics,preserve,crates/worth-store-recovery-physics/src/recovery_budget/mod.rs,preserve,tracked-family-source-and-metadata-reconciliation,inventory-open
crates/worth-store-recovery-physics/src/recovery_budget/source_discovery.rs,wal-topology,wal-topology=1,domain-wal-topology-consumer,crate:worth-store-recovery-physics,preserve,crates/worth-store-recovery-physics/src/recovery_budget/source_discovery.rs,preserve,tracked-family-source-and-metadata-reconciliation,inventory-open
crates/worth-store-recovery-physics/src/recovery_budget/wal_tail_budget.rs,wal-topology,wal-topology=4,domain-wal-topology-consumer,crate:worth-store-recovery-physics,preserve,crates/worth-store-recovery-physics/src/recovery_budget/wal_tail_budget.rs,preserve,tracked-family-source-and-metadata-reconciliation,inventory-open
crates/worth-store-recovery-physics/src/recovery_completion.rs,page-lsn,page-lsn=3,page-recovery-ordering,crate:worth-store-recovery-physics,preserve,crates/worth-store-recovery-physics/src/recovery_completion.rs,preserve,tracked-family-source-and-metadata-reconciliation,inventory-open
crates/worth-store-recovery-physics/src/redo_replay/admitted_redo_frame.rs,page-lsn,page-lsn=5,page-recovery-ordering,crate:worth-store-recovery-physics,preserve,crates/worth-store-recovery-physics/src/redo_replay/admitted_redo_frame.rs,preserve,tracked-family-source-and-metadata-reconciliation,inventory-open
crates/worth-store-recovery-physics/src/redo_replay/mod.rs,wal-topology,wal-topology=1,domain-wal-topology-consumer,crate:worth-store-recovery-physics,preserve,crates/worth-store-recovery-physics/src/redo_replay/mod.rs,preserve,tracked-family-source-and-metadata-reconciliation,inventory-open
crates/worth-store-recovery-physics/src/redo_replay/recovered_state.rs,page-lsn,page-lsn=4,page-recovery-ordering,crate:worth-store-recovery-physics,preserve,crates/worth-store-recovery-physics/src/redo_replay/recovered_state.rs,preserve,tracked-family-source-and-metadata-reconciliation,inventory-open
crates/worth-store-recovery-physics/src/redo_replay/recovered_state_projection.rs,page-lsn,page-lsn=2,page-recovery-ordering,crate:worth-store-recovery-physics,preserve,crates/worth-store-recovery-physics/src/redo_replay/recovered_state_projection.rs,preserve,tracked-family-source-and-metadata-reconciliation,inventory-open
crates/worth-store-recovery-physics/src/redo_replay/redo_plan.rs,page-lsn;wal-topology,page-lsn=2;wal-topology=6,page-recovery-ordering,crate:worth-store-recovery-physics,preserve,crates/worth-store-recovery-physics/src/redo_replay/redo_plan.rs,preserve,tracked-family-source-and-metadata-reconciliation,inventory-open
crates/worth-store-recovery-physics/src/redo_replay/redo_record_grammar.rs,page-lsn,page-lsn=6,page-recovery-ordering,crate:worth-store-recovery-physics,preserve,crates/worth-store-recovery-physics/src/redo_replay/redo_record_grammar.rs,preserve,tracked-family-source-and-metadata-reconciliation,inventory-open
crates/worth-store-recovery-physics/src/redo_replay/redo_record_materialization.rs,page-lsn,page-lsn=3,page-recovery-ordering,crate:worth-store-recovery-physics,preserve,crates/worth-store-recovery-physics/src/redo_replay/redo_record_materialization.rs,preserve,tracked-family-source-and-metadata-reconciliation,inventory-open
crates/worth-store-recovery-physics/src/redo_replay/skipped_frame_report.rs,page-lsn,page-lsn=2,page-recovery-ordering,crate:worth-store-recovery-physics,preserve,crates/worth-store-recovery-physics/src/redo_replay/skipped_frame_report.rs,preserve,tracked-family-source-and-metadata-reconciliation,inventory-open
crates/worth-store-recovery-physics/src/redo_replay/valid_wal_prefix.rs,wal-topology,wal-topology=23,domain-wal-topology-consumer,crate:worth-store-recovery-physics,preserve,crates/worth-store-recovery-physics/src/redo_replay/valid_wal_prefix.rs,preserve,tracked-family-source-and-metadata-reconciliation,inventory-open
crates/worth-store-recovery-physics/src/redo_replay/wal_prefix_denials.rs,wal-topology,wal-topology=22,domain-wal-topology-consumer,crate:worth-store-recovery-physics,preserve,crates/worth-store-recovery-physics/src/redo_replay/wal_prefix_denials.rs,preserve,tracked-family-source-and-metadata-reconciliation,inventory-open
crates/worth-store-recovery-physics/src/redo_replay/wal_prefix_observation.rs,wal-topology,wal-topology=27,domain-wal-topology-consumer,crate:worth-store-recovery-physics,preserve,crates/worth-store-recovery-physics/src/redo_replay/wal_prefix_observation.rs,preserve,tracked-family-source-and-metadata-reconciliation,inventory-open
crates/worth-store-recovery-physics/src/replay_basis.rs,durability-vocabulary;wal-topology,durability-vocabulary=17;wal-topology=3,descriptive-durability-replay-identity,worth-store-recovery-physics/replay-basis,preserve,crates/worth-store-recovery-physics/src/replay_basis.rs,preserve,tracked-family-source-and-metadata-reconciliation,inventory-open
crates/worth-store-recovery-physics/src/replay_receipt.rs,wal-topology,wal-topology=2,domain-wal-topology-consumer,crate:worth-store-recovery-physics,preserve,crates/worth-store-recovery-physics/src/replay_receipt.rs,preserve,tracked-family-source-and-metadata-reconciliation,inventory-open
crates/worth-store-recovery-physics/src/replica_bootstrap_source/source_resolution.rs,durability-vocabulary,durability-vocabulary=6,domain-durability-meaning,crate:worth-store-recovery-physics,preserve,crates/worth-store-recovery-physics/src/replica_bootstrap_source/source_resolution.rs,preserve,tracked-family-source-and-metadata-reconciliation,inventory-open
crates/worth-store-recovery-physics/src/rollback_recovery/mod.rs,durability-vocabulary;wal-topology,durability-vocabulary=2;wal-topology=3,domain-wal-topology-consumer,crate:worth-store-recovery-physics,preserve,crates/worth-store-recovery-physics/src/rollback_recovery/mod.rs,preserve,tracked-family-source-and-metadata-reconciliation,inventory-open
crates/worth-store-recovery-physics/src/security_scope_propagation/mod.rs,wal-topology,wal-topology=2,domain-wal-topology-consumer,crate:worth-store-recovery-physics,preserve,crates/worth-store-recovery-physics/src/security_scope_propagation/mod.rs,preserve,tracked-family-source-and-metadata-reconciliation,inventory-open
crates/worth-store-recovery-physics/src/security_scope_propagation/recovery_input.rs,wal-topology,wal-topology=16,domain-wal-topology-consumer,crate:worth-store-recovery-physics,preserve,crates/worth-store-recovery-physics/src/security_scope_propagation/recovery_input.rs,preserve,tracked-family-source-and-metadata-reconciliation,inventory-open
crates/worth-store-recovery-physics/src/security_scope_propagation/recovery_propagation.rs,wal-topology,wal-topology=5,domain-wal-topology-consumer,crate:worth-store-recovery-physics,preserve,crates/worth-store-recovery-physics/src/security_scope_propagation/recovery_propagation.rs,preserve,tracked-family-source-and-metadata-reconciliation,inventory-open
crates/worth-store-recovery-physics/src/source_precedence/checkpoint_base_admission.rs,checkpoint-publication;wal-topology,checkpoint-publication=2;wal-topology=3,checkpoint-publication-and-retention,crate:worth-store-recovery-physics,preserve,crates/worth-store-recovery-physics/src/source_precedence/checkpoint_base_admission.rs,preserve,tracked-family-source-and-metadata-reconciliation,inventory-open
crates/worth-store-recovery-physics/src/source_precedence/compaction_visibility/artifact_residue.rs,durability-vocabulary,durability-vocabulary=3,domain-durability-meaning,crate:worth-store-recovery-physics,preserve,crates/worth-store-recovery-physics/src/source_precedence/compaction_visibility/artifact_residue.rs,preserve,tracked-family-source-and-metadata-reconciliation,inventory-open
crates/worth-store-recovery-physics/src/source_precedence/compaction_visibility/cutover_basis.rs,wal-topology,wal-topology=5,domain-wal-topology-consumer,crate:worth-store-recovery-physics,preserve,crates/worth-store-recovery-physics/src/source_precedence/compaction_visibility/cutover_basis.rs,preserve,tracked-family-source-and-metadata-reconciliation,inventory-open
crates/worth-store-recovery-physics/src/source_precedence/compaction_visibility/cutover_durability.rs,durability-vocabulary,durability-vocabulary=11,wal-boundary-acknowledgment,physical_runtime/durability/settlement,narrow,crates/worth-store-recovery-physics/src/source_precedence/compaction_visibility/cutover_durability.rs,phase-8,tracked-family-source-and-metadata-reconciliation,inventory-open
crates/worth-store-recovery-physics/src/source_precedence/compaction_visibility/cutover_record.rs,checkpoint-publication,checkpoint-publication=2,checkpoint-publication-and-retention,crate:worth-store-recovery-physics,preserve,crates/worth-store-recovery-physics/src/source_precedence/compaction_visibility/cutover_record.rs,preserve,tracked-family-source-and-metadata-reconciliation,inventory-open
crates/worth-store-recovery-physics/src/source_precedence/compaction_visibility/mod.rs,durability-vocabulary,durability-vocabulary=3,domain-durability-meaning,crate:worth-store-recovery-physics,preserve,crates/worth-store-recovery-physics/src/source_precedence/compaction_visibility/mod.rs,preserve,tracked-family-source-and-metadata-reconciliation,inventory-open
crates/worth-store-recovery-physics/src/source_precedence/compaction_visibility/visible_product_evidence.rs,durability-vocabulary,durability-vocabulary=7,domain-durability-meaning,crate:worth-store-recovery-physics,preserve,crates/worth-store-recovery-physics/src/source_precedence/compaction_visibility/visible_product_evidence.rs,preserve,tracked-family-source-and-metadata-reconciliation,inventory-open
crates/worth-store-recovery-physics/src/source_precedence/contiguous_wal_tail.rs,checkpoint-publication;wal-topology,checkpoint-publication=3;wal-topology=6,recovery-wal-tail-boundary-proof,crate:worth-store-recovery-physics/source-precedence,preserve,crates/worth-store-recovery-physics/src/source_precedence/contiguous_wal_tail.rs,preserve,tracked-family-source-and-metadata-reconciliation,inventory-open
crates/worth-store-recovery-physics/src/source_precedence/decision_trace.rs,wal-topology,wal-topology=6,domain-wal-topology-consumer,crate:worth-store-recovery-physics,preserve,crates/worth-store-recovery-physics/src/source_precedence/decision_trace.rs,preserve,tracked-family-source-and-metadata-reconciliation,inventory-open
crates/worth-store-recovery-physics/src/source_precedence/mod.rs,checkpoint-publication;durability-vocabulary;page-lsn;wal-topology,checkpoint-publication=2;durability-vocabulary=1;page-lsn=1;wal-topology=6,recovery-source-precedence-facade,worth-store-recovery-physics/source-precedence,preserve,crates/worth-store-recovery-physics/src/source_precedence/mod.rs,preserve,tracked-family-source-and-metadata-reconciliation,inventory-open
crates/worth-store-recovery-physics/src/source_precedence/page_lsn_skip_apply.rs,page-lsn,page-lsn=9,page-recovery-ordering,crate:worth-store-recovery-physics,preserve,crates/worth-store-recovery-physics/src/source_precedence/page_lsn_skip_apply.rs,preserve,tracked-family-source-and-metadata-reconciliation,inventory-open
crates/worth-store-recovery-physics/src/source_precedence/physical_source.rs,wal-topology,wal-topology=1,domain-wal-topology-consumer,crate:worth-store-recovery-physics,preserve,crates/worth-store-recovery-physics/src/source_precedence/physical_source.rs,preserve,tracked-family-source-and-metadata-reconciliation,inventory-open
crates/worth-store-recovery-physics/src/source_precedence/source_admission.rs,wal-topology,wal-topology=8,domain-wal-topology-consumer,crate:worth-store-recovery-physics,preserve,crates/worth-store-recovery-physics/src/source_precedence/source_admission.rs,preserve,tracked-family-source-and-metadata-reconciliation,inventory-open
crates/worth-store-recovery-physics/src/source_precedence/source_admission_accumulator.rs,wal-topology,wal-topology=4,domain-wal-topology-consumer,crate:worth-store-recovery-physics,preserve,crates/worth-store-recovery-physics/src/source_precedence/source_admission_accumulator.rs,preserve,tracked-family-source-and-metadata-reconciliation,inventory-open
crates/worth-store-recovery-physics/src/source_precedence/source_application_role.rs,wal-topology,wal-topology=1,domain-wal-topology-consumer,crate:worth-store-recovery-physics,preserve,crates/worth-store-recovery-physics/src/source_precedence/source_application_role.rs,preserve,tracked-family-source-and-metadata-reconciliation,inventory-open
crates/worth-store-recovery-physics/src/source_precedence/source_candidate.rs,page-lsn;wal-topology,page-lsn=3;wal-topology=6,page-recovery-ordering,crate:worth-store-recovery-physics,preserve,crates/worth-store-recovery-physics/src/source_precedence/source_candidate.rs,preserve,tracked-family-source-and-metadata-reconciliation,inventory-open
crates/worth-store-recovery-physics/src/source_precedence/source_selection.rs,wal-topology,wal-topology=5,domain-wal-topology-consumer,crate:worth-store-recovery-physics,preserve,crates/worth-store-recovery-physics/src/source_precedence/source_selection.rs,preserve,tracked-family-source-and-metadata-reconciliation,inventory-open
crates/worth-store-recovery-physics/src/source_precedence/wal_tail_quarantine_handoff.rs,wal-topology,wal-topology=14,domain-wal-topology-consumer,crate:worth-store-recovery-physics,preserve,crates/worth-store-recovery-physics/src/source_precedence/wal_tail_quarantine_handoff.rs,preserve,tracked-family-source-and-metadata-reconciliation,inventory-open
crates/worth-store-recovery-physics/src/source_precedence/wal_tail_redo_source.rs,checkpoint-publication;wal-topology,checkpoint-publication=2;wal-topology=28,checkpoint-publication-and-retention,crate:worth-store-recovery-physics,preserve,crates/worth-store-recovery-physics/src/source_precedence/wal_tail_redo_source.rs,preserve,tracked-family-source-and-metadata-reconciliation,inventory-open
crates/worth-store-recovery-physics/src/staged_wal_application.rs,durability-vocabulary;wal-topology,durability-vocabulary=7;wal-topology=6,domain-wal-topology-consumer,crate:worth-store-recovery-physics,preserve,crates/worth-store-recovery-physics/src/staged_wal_application.rs,preserve,tracked-family-source-and-metadata-reconciliation,inventory-open
crates/worth-store-recovery-physics/src/staged_wal_replay_source.rs,wal-topology,wal-topology=26,domain-wal-topology-consumer,crate:worth-store-recovery-physics,preserve,crates/worth-store-recovery-physics/src/staged_wal_replay_source.rs,preserve,tracked-family-source-and-metadata-reconciliation,inventory-open
crates/worth-store-recovery-physics/src/wal_durability/ack_precondition.rs,acknowledgment-precondition;acknowledgment-topology;durability-vocabulary;wal-topology,acknowledgment-precondition=2;acknowledgment-topology=14;durability-vocabulary=15;wal-topology=7,wal-acknowledgment-precondition,worth-store-recovery-physics/wal-recovery-basis,delete,crates/worth-store-recovery-physics/src/wal_durability/ack_precondition.rs,phase-9,tracked-family-source-and-metadata-reconciliation,deleted-phase-9
crates/worth-store-recovery-physics/src/wal_durability/ack_receipt.rs,acknowledgment-precondition;acknowledgment-topology;durability-barrier;durability-vocabulary;wal-acknowledgment;wal-topology,acknowledgment-precondition=2;acknowledgment-topology=2;durability-barrier=5;durability-vocabulary=19;wal-acknowledgment=2;wal-topology=12,wal-only-acknowledgment-receipt,worth-store-recovery-physics/wal-recovery-basis,delete,crates/worth-store-recovery-physics/src/wal_durability/ack_receipt.rs,phase-9,tracked-family-source-and-metadata-reconciliation,deleted-phase-9
crates/worth-store-recovery-physics/src/wal_durability/append_plan.rs,acknowledgment-topology;barrier-receipt;durability-barrier;durability-vocabulary;wal-topology,acknowledgment-topology=9;barrier-receipt=2;durability-barrier=8;durability-vocabulary=28;wal-topology=38,wal-append-plan,worth-store-recovery-physics/wal-recovery-basis,delete,crates/worth-store-recovery-physics/src/wal_durability/append_plan.rs,phase-9,tracked-family-source-and-metadata-reconciliation,deleted-phase-9
crates/worth-store-recovery-physics/src/wal_durability/append_receipt.rs,acknowledgment-topology;durability-barrier;durability-vocabulary;wal-topology,acknowledgment-topology=4;durability-barrier=8;durability-vocabulary=17;wal-topology=22,wal-append-receipt,worth-store-recovery-physics/wal-recovery-basis,delete,crates/worth-store-recovery-physics/src/wal_durability/append_receipt.rs,phase-9,tracked-family-source-and-metadata-reconciliation,deleted-phase-9
crates/worth-store-recovery-physics/src/wal_durability/certification_probe.rs,acknowledgment-precondition;acknowledgment-topology;barrier-receipt;durability-barrier;durability-vocabulary;store-durability-runtime;wal-acknowledgment;wal-topology,acknowledgment-precondition=2;acknowledgment-topology=13;barrier-receipt=7;durability-barrier=13;durability-vocabulary=88;store-durability-runtime=2;wal-acknowledgment=4;wal-topology=17,certification-only-wal-mechanism-probe,worth-store-test-support/recovery-harness,delete,crates/worth-store-recovery-physics/src/wal_durability/certification_probe.rs,phase-9,tracked-family-source-and-metadata-reconciliation,deleted-phase-9
crates/worth-store-recovery-physics/src/wal_durability/crash_posture.rs,durability-barrier;durability-vocabulary;wal-topology,durability-barrier=5;durability-vocabulary=22;wal-topology=14,wal-crash-recovery-posture,worth-store-recovery-physics/wal-recovery-basis,delete,crates/worth-store-recovery-physics/src/wal_durability/crash_posture.rs,phase-9,tracked-family-source-and-metadata-reconciliation,deleted-phase-9
crates/worth-store-recovery-physics/src/wal_durability/crash_record.rs,acknowledgment-precondition;acknowledgment-topology;durability-vocabulary,acknowledgment-precondition=2;acknowledgment-topology=2;durability-vocabulary=22,wal-crash-record,worth-store-recovery-physics/wal-recovery-basis,delete,crates/worth-store-recovery-physics/src/wal_durability/crash_record.rs,phase-9,tracked-family-source-and-metadata-reconciliation,deleted-phase-9
crates/worth-store-recovery-physics/src/wal_durability/denial.rs,acknowledgment-topology;durability-barrier;durability-vocabulary;wal-topology,acknowledgment-topology=15;durability-barrier=20;durability-vocabulary=28;wal-topology=15,wal-durability-observation-denial,worth-store-recovery-physics/wal-recovery-basis,delete,crates/worth-store-recovery-physics/src/wal_durability/denial.rs,phase-9,tracked-family-source-and-metadata-reconciliation,deleted-phase-9
crates/worth-store-recovery-physics/src/wal_durability/durability_observation.rs,acknowledgment-topology;barrier-receipt;durability-barrier;durability-vocabulary;wal-topology,acknowledgment-topology=4;barrier-receipt=3;durability-barrier=8;durability-vocabulary=23;wal-topology=8,wal-durability-observation,worth-store-recovery-physics/wal-recovery-basis,delete,crates/worth-store-recovery-physics/src/wal_durability/durability_observation.rs,phase-9,tracked-family-source-and-metadata-reconciliation,deleted-phase-9
crates/worth-store-recovery-physics/src/wal_durability/executed_append.rs,acknowledgment-precondition;acknowledgment-topology;barrier-receipt;durability-barrier;durability-vocabulary;ordinary-record-mutation-entry;store-durability-runtime;wal-acknowledgment;wal-direct-execution;wal-topology,acknowledgment-precondition=2;acknowledgment-topology=14;barrier-receipt=7;durability-barrier=13;durability-vocabulary=88;ordinary-record-mutation-entry=1;store-durability-runtime=2;wal-acknowledgment=4;wal-direct-execution=5;wal-topology=17,direct-wal-durability-execution,physical_runtime/durability/wal,delete,crates/worth-store-recovery-physics/src/wal_durability/executed_append.rs,phase-3,tracked-family-source-and-metadata-reconciliation,deleted-phase-3
crates/worth-store-recovery-physics/src/wal_durability/mod.rs,acknowledgment-precondition;acknowledgment-topology;durability-vocabulary;wal-acknowledgment;wal-topology,acknowledgment-precondition=1;acknowledgment-topology=3;durability-vocabulary=16;wal-acknowledgment=1;wal-topology=6,wal-durability-module-facade,worth-store-recovery-physics/wal-recovery-basis,delete,crates/worth-store-recovery-physics/src/wal_durability/mod.rs,phase-9,tracked-family-source-and-metadata-reconciliation,deleted-phase-9
crates/worth-store-recovery-physics/src/wal_durability/tests.rs,acknowledgment-topology;durability-barrier;durability-vocabulary;wal-topology,acknowledgment-topology=4;durability-barrier=2;durability-vocabulary=27;wal-topology=32,wal-durability-observation-proof,worth-store-test-support/recovery-harness,delete,crates/worth-store-recovery-physics/src/wal_durability/tests.rs,phase-9,tracked-family-source-and-metadata-reconciliation,deleted-phase-9
crates/worth-store-recovery-physics/src/wal_recovery_basis/append_receipt.rs,durability-barrier;durability-vocabulary;wal-topology,durability-barrier=8;durability-vocabulary=21;wal-topology=27,wal-append-observation-basis,worth-store-recovery-physics/wal-recovery-basis,preserve,crates/worth-store-recovery-physics/src/wal_recovery_basis/append_receipt.rs,preserve,tracked-family-source-and-metadata-reconciliation,inventory-open
crates/worth-store-recovery-physics/src/wal_recovery_basis/crash_basis.rs,durability-barrier;durability-vocabulary;wal-topology,durability-barrier=3;durability-vocabulary=43;wal-topology=8,wal-crash-recovery-basis,worth-store-recovery-physics/wal-recovery-basis,preserve,crates/worth-store-recovery-physics/src/wal_recovery_basis/crash_basis.rs,preserve,tracked-family-source-and-metadata-reconciliation,inventory-open
crates/worth-store-recovery-physics/src/wal_recovery_basis/durability_observation.rs,durability-barrier;durability-vocabulary;wal-topology,durability-barrier=9;durability-vocabulary=63;wal-topology=19,validated-wal-durability-observation,worth-store-recovery-physics/wal-recovery-basis,preserve,crates/worth-store-recovery-physics/src/wal_recovery_basis/durability_observation.rs,preserve,tracked-family-source-and-metadata-reconciliation,inventory-open
crates/worth-store-recovery-physics/src/wal_recovery_basis/mod.rs,durability-vocabulary;wal-topology,durability-vocabulary=10;wal-topology=4,recovery-wal-basis-module-facade,worth-store-recovery-physics/wal-recovery-basis,preserve,crates/worth-store-recovery-physics/src/wal_recovery_basis/mod.rs,preserve,tracked-family-source-and-metadata-reconciliation,inventory-open
crates/worth-store-recovery-physics/src/wal_topology/mod.rs,wal-topology,wal-topology=5,domain-wal-topology-consumer,crate:worth-store-recovery-physics,preserve,crates/worth-store-recovery-physics/src/wal_topology/mod.rs,preserve,tracked-family-source-and-metadata-reconciliation,inventory-open
crates/worth-store-recovery-physics/tests/scenarios/layout/btree/crash_boundary_layout.rs,wal-topology,wal-topology=1,domain-wal-topology-consumer,crate:worth-store-recovery-physics,preserve,crates/worth-store-recovery-physics/tests/scenarios/layout/btree/crash_boundary_layout.rs,preserve,tracked-family-source-and-metadata-reconciliation,inventory-open
crates/worth-store-recovery-physics/tests/scenarios/layout/btree/replay_layout.rs,wal-topology,wal-topology=5,domain-wal-topology-consumer,crate:worth-store-recovery-physics,preserve,crates/worth-store-recovery-physics/tests/scenarios/layout/btree/replay_layout.rs,preserve,tracked-family-source-and-metadata-reconciliation,inventory-open
crates/worth-store-recovery-physics/tests/scenarios/layout/strategy_admission/checkpoint_cutover_layout.rs,checkpoint-publication;durability-vocabulary;page-lsn;root-publication-topology;wal-topology,checkpoint-publication=6;durability-vocabulary=24;page-lsn=4;root-publication-topology=3;wal-topology=12,wal-acknowledgment-precondition,physical_runtime/durability/wal,narrow,crates/worth-store-recovery-physics/tests/scenarios/layout/strategy_admission/checkpoint_cutover_layout.rs,phase-3,tracked-family-source-and-metadata-reconciliation,inventory-open
crates/worth-store-recovery-physics/tests/support/layout/btree/fixture.rs,checkpoint-publication;durability-vocabulary;page-lsn;root-publication-topology;wal-topology,checkpoint-publication=8;durability-vocabulary=28;page-lsn=4;root-publication-topology=3;wal-topology=21,wal-acknowledgment-precondition,physical_runtime/durability/wal,narrow,crates/worth-store-recovery-physics/tests/support/layout/btree/fixture.rs,phase-3,tracked-family-source-and-metadata-reconciliation,inventory-open
crates/worth-store-recovery-physics/tests/support/layout/btree/fixture_primitives.rs,wal-topology,wal-topology=3,domain-wal-topology-consumer,crate:worth-store-recovery-physics,preserve,crates/worth-store-recovery-physics/tests/support/layout/btree/fixture_primitives.rs,preserve,tracked-family-source-and-metadata-reconciliation,inventory-open
crates/worth-store-replication/src/admission.rs,durability-vocabulary,durability-vocabulary=5,domain-durability-meaning,crate:worth-store-replication,preserve,crates/worth-store-replication/src/admission.rs,preserve,tracked-family-source-and-metadata-reconciliation,inventory-open
crates/worth-store-replication/src/bootstrap/bootstrap_plan.rs,durability-vocabulary,durability-vocabulary=13,domain-durability-meaning,crate:worth-store-replication,preserve,crates/worth-store-replication/src/bootstrap/bootstrap_plan.rs,preserve,tracked-family-source-and-metadata-reconciliation,inventory-open
crates/worth-store-replication/src/bootstrap/mod.rs,durability-vocabulary,durability-vocabulary=1,domain-durability-meaning,crate:worth-store-replication,preserve,crates/worth-store-replication/src/bootstrap/mod.rs,preserve,tracked-family-source-and-metadata-reconciliation,inventory-open
crates/worth-store-replication/src/bootstrap/target_identity.rs,durability-vocabulary,durability-vocabulary=1,domain-durability-meaning,crate:worth-store-replication,preserve,crates/worth-store-replication/src/bootstrap/target_identity.rs,preserve,tracked-family-source-and-metadata-reconciliation,inventory-open
crates/worth-store-replication/src/disaster_recovery/manifest_encoding.rs,durability-vocabulary,durability-vocabulary=1,domain-durability-meaning,crate:worth-store-replication,preserve,crates/worth-store-replication/src/disaster_recovery/manifest_encoding.rs,preserve,tracked-family-source-and-metadata-reconciliation,inventory-open
crates/worth-store-replication/src/disaster_recovery/manifest_format.rs,durability-barrier,durability-barrier=3,backend-barrier-evidence-consumer,crate:worth-store-physical-backend,preserve,crates/worth-store-replication/src/disaster_recovery/manifest_format.rs,preserve,tracked-family-source-and-metadata-reconciliation,inventory-open
crates/worth-store-replication/src/disaster_recovery/manifest_vocabulary.rs,wal-topology,wal-topology=2,domain-wal-topology-consumer,crate:worth-store-replication,preserve,crates/worth-store-replication/src/disaster_recovery/manifest_vocabulary.rs,preserve,tracked-family-source-and-metadata-reconciliation,inventory-open
crates/worth-store-replication/src/disaster_recovery/materialized_bundle.rs,durability-vocabulary,durability-vocabulary=2,domain-durability-meaning,crate:worth-store-replication,preserve,crates/worth-store-replication/src/disaster_recovery/materialized_bundle.rs,preserve,tracked-family-source-and-metadata-reconciliation,inventory-open
crates/worth-store-replication/src/divergence/frontier.rs,durability-vocabulary,durability-vocabulary=7,domain-durability-meaning,crate:worth-store-replication,preserve,crates/worth-store-replication/src/divergence/frontier.rs,preserve,tracked-family-source-and-metadata-reconciliation,inventory-open
crates/worth-store-replication/src/divergence/history_classification.rs,durability-vocabulary,durability-vocabulary=6,domain-durability-meaning,crate:worth-store-replication,preserve,crates/worth-store-replication/src/divergence/history_classification.rs,preserve,tracked-family-source-and-metadata-reconciliation,inventory-open
crates/worth-store-replication/src/lib.rs,durability-vocabulary,durability-vocabulary=1,domain-durability-meaning,crate:worth-store-replication,preserve,crates/worth-store-replication/src/lib.rs,preserve,tracked-family-source-and-metadata-reconciliation,inventory-open
crates/worth-store-replication/src/progress.rs,durability-vocabulary,durability-vocabulary=8,domain-durability-meaning,crate:worth-store-replication,preserve,crates/worth-store-replication/src/progress.rs,preserve,tracked-family-source-and-metadata-reconciliation,inventory-open
crates/worth-store-replication/src/progress_store.rs,durability-barrier;durability-vocabulary,durability-barrier=3;durability-vocabulary=3,backend-barrier-evidence-consumer,crate:worth-store-physical-backend,preserve,crates/worth-store-replication/src/progress_store.rs,preserve,tracked-family-source-and-metadata-reconciliation,inventory-open
crates/worth-store-replication/src/progress_store/snapshot_codec.rs,durability-barrier;durability-vocabulary;wal-topology,durability-barrier=2;durability-vocabulary=15;wal-topology=2,backend-barrier-evidence-consumer,crate:worth-store-physical-backend,preserve,crates/worth-store-replication/src/progress_store/snapshot_codec.rs,preserve,tracked-family-source-and-metadata-reconciliation,inventory-open
crates/worth-store-replication/src/promotion/promotion_plan.rs,durability-vocabulary,durability-vocabulary=12,domain-durability-meaning,crate:worth-store-replication,preserve,crates/worth-store-replication/src/promotion/promotion_plan.rs,preserve,tracked-family-source-and-metadata-reconciliation,inventory-open
crates/worth-store-replication/src/publication.rs,durability-vocabulary,durability-vocabulary=1,domain-durability-meaning,crate:worth-store-replication,preserve,crates/worth-store-replication/src/publication.rs,preserve,tracked-family-source-and-metadata-reconciliation,inventory-open
crates/worth-store-replication/src/rejoin/rejoin_execution.rs,durability-vocabulary,durability-vocabulary=2,domain-durability-meaning,crate:worth-store-replication,preserve,crates/worth-store-replication/src/rejoin/rejoin_execution.rs,preserve,tracked-family-source-and-metadata-reconciliation,inventory-open
crates/worth-store-replication/src/runtime.rs,durability-vocabulary,durability-vocabulary=1,domain-durability-meaning,crate:worth-store-replication,preserve,crates/worth-store-replication/src/runtime.rs,preserve,tracked-family-source-and-metadata-reconciliation,inventory-open
crates/worth-store-replication/src/tests.rs,durability-barrier;durability-vocabulary;wal-topology,durability-barrier=1;durability-vocabulary=8;wal-topology=1,domain-wal-topology-consumer,crate:worth-store-replication,preserve,crates/worth-store-replication/src/tests.rs,preserve,tracked-family-source-and-metadata-reconciliation,inventory-open
crates/worth-store-replication/src/tests/storage_recovery.rs,durability-vocabulary,durability-vocabulary=4,domain-durability-meaning,crate:worth-store-replication,preserve,crates/worth-store-replication/src/tests/storage_recovery.rs,preserve,tracked-family-source-and-metadata-reconciliation,inventory-open
crates/worth-store-schema-lineage/Cargo.toml,durability-vocabulary,durability-vocabulary=1,domain-durability-meaning,crate:worth-store-schema-lineage,preserve,crates/worth-store-schema-lineage/Cargo.toml,preserve,tracked-family-source-and-metadata-reconciliation,inventory-open
crates/worth-store-schema-lineage/src/lib.rs,durability-vocabulary,durability-vocabulary=1,domain-durability-meaning,crate:worth-store-schema-lineage,preserve,crates/worth-store-schema-lineage/src/lib.rs,preserve,tracked-family-source-and-metadata-reconciliation,inventory-open
crates/worth-store-security/src/authenticity/authenticity_vocabulary.rs,wal-topology,wal-topology=1,domain-wal-topology-consumer,crate:worth-store-security,preserve,crates/worth-store-security/src/authenticity/authenticity_vocabulary.rs,preserve,tracked-family-source-and-metadata-reconciliation,inventory-open
crates/worth-store-security/src/scope/security_scope_identity.rs,wal-topology,wal-topology=1,domain-wal-topology-consumer,crate:worth-store-security,preserve,crates/worth-store-security/src/scope/security_scope_identity.rs,preserve,tracked-family-source-and-metadata-reconciliation,inventory-open
crates/worth-store-security/src/scope/security_scope_receipt.rs,wal-topology,wal-topology=1,domain-wal-topology-consumer,crate:worth-store-security,preserve,crates/worth-store-security/src/scope/security_scope_receipt.rs,preserve,tracked-family-source-and-metadata-reconciliation,inventory-open
crates/worth-store-security/src/scope/security_scope_test_authority.rs,wal-topology,wal-topology=2,domain-wal-topology-consumer,crate:worth-store-security,preserve,crates/worth-store-security/src/scope/security_scope_test_authority.rs,preserve,tracked-family-source-and-metadata-reconciliation,inventory-open
crates/worth-store-security/src/security_metadata_canonical.rs,wal-topology,wal-topology=1,domain-wal-topology-consumer,crate:worth-store-security,preserve,crates/worth-store-security/src/security_metadata_canonical.rs,preserve,tracked-family-source-and-metadata-reconciliation,inventory-open
crates/worth-store-security/src/vocabulary_tests.rs,wal-topology,wal-topology=2,domain-wal-topology-consumer,crate:worth-store-security,preserve,crates/worth-store-security/src/vocabulary_tests.rs,preserve,tracked-family-source-and-metadata-reconciliation,inventory-open
crates/worth-store-snapshots/src/layout_projection/snapshot.rs,durability-vocabulary,durability-vocabulary=5,domain-durability-meaning,crate:worth-store-snapshots,preserve,crates/worth-store-snapshots/src/layout_projection/snapshot.rs,preserve,tracked-family-source-and-metadata-reconciliation,inventory-open
crates/worth-store-snapshots/tests/scenarios/layout/lsm/snapshot_layout.rs,durability-vocabulary,durability-vocabulary=1,domain-durability-meaning,crate:worth-store-snapshots,preserve,crates/worth-store-snapshots/tests/scenarios/layout/lsm/snapshot_layout.rs,preserve,tracked-family-source-and-metadata-reconciliation,inventory-open
crates/worth-store-subscription-support/Cargo.toml,durability-vocabulary,durability-vocabulary=1,domain-durability-meaning,crate:worth-store-subscription-support,preserve,crates/worth-store-subscription-support/Cargo.toml,preserve,tracked-family-source-and-metadata-reconciliation,inventory-open
crates/worth-store-test-support/src/harness/layout/bootstrap.rs,root-publication-topology,root-publication-topology=2,root-publication-consumer,C7-courtroom/root-publication,narrow,crates/worth-store-test-support/src/harness/layout/bootstrap.rs,phase-10,tracked-family-source-and-metadata-reconciliation,inventory-open
crates/worth-store-test-support/src/harness/layout_evolution/execution.rs,root-publication-topology,root-publication-topology=2,root-publication-consumer,C7-courtroom/root-publication,delete,crates/worth-store-test-support/src/harness/layout_evolution/execution.rs,phase-7,tracked-family-source-and-metadata-reconciliation,deleted-phase-7
crates/worth-store-test-support/src/harness/layout_evolution/interruption_compatibility.rs,root-publication-topology,root-publication-topology=2,root-publication-consumer,C7-courtroom/root-publication,delete,crates/worth-store-test-support/src/harness/layout_evolution/interruption_compatibility.rs,phase-7,tracked-family-source-and-metadata-reconciliation,deleted-phase-7
crates/worth-store-test-support/src/harness/layout_evolution/world.rs,durability-vocabulary,durability-vocabulary=3,root-publication-consumer,C7-courtroom/root-publication,narrow,crates/worth-store-test-support/src/harness/layout_evolution/world.rs,phase-10,tracked-family-source-and-metadata-reconciliation,inventory-open
crates/worth-store-test-support/src/harness/lsm_execution_fixture/artifact_binding_tests.rs,durability-vocabulary;durable-publication-declaration;wal-topology,durability-vocabulary=19;durable-publication-declaration=1;wal-topology=14,wal-publication-declaration,worth-store-wal/append-declaration,move,crates/worth-store-test-support/src/harness/lsm_execution_fixture/artifact_binding_tests.rs,phase-3,tracked-family-source-and-metadata-reconciliation,inventory-open
crates/worth-store-test-support/src/harness/lsm_execution_fixture/durability.rs,durability-vocabulary;durable-publication-declaration;wal-topology,durability-vocabulary=5;durable-publication-declaration=2;wal-topology=27,direct-wal-durability-execution,physical_runtime/durability/wal,replace,crates/worth-store-test-support/src/harness/lsm_execution_fixture/durability.rs,phase-3,tracked-family-source-and-metadata-reconciliation,inventory-open
crates/worth-store-test-support/src/harness/lsm_execution_fixture/hostile_replay.rs,durability-vocabulary;wal-topology,durability-vocabulary=15;wal-topology=22,hostile-lsm-replay-fixture,worth-store-test-support/recovery-harness,delete,crates/worth-store-test-support/src/harness/lsm_execution_fixture/hostile_replay.rs,phase-9,tracked-family-source-and-metadata-reconciliation,deleted-phase-9
crates/worth-store-test-support/src/harness/lsm_execution_fixture/mod.rs,durability-vocabulary,durability-vocabulary=1,domain-durability-meaning,crate:worth-store-test-support,preserve,crates/worth-store-test-support/src/harness/lsm_execution_fixture/mod.rs,preserve,tracked-family-source-and-metadata-reconciliation,inventory-open
crates/worth-store-test-support/src/harness/lsm_execution_fixture/owner_cases/execution.rs,checkpoint-publication;durability-vocabulary;wal-topology,checkpoint-publication=1;durability-vocabulary=1;wal-topology=4,lsm-owner-execution-fixture,worth-store-test-support/lsm-execution-fixture,delete,crates/worth-store-test-support/src/harness/lsm_execution_fixture/owner_cases/execution.rs,phase-9,tracked-family-source-and-metadata-reconciliation,deleted-phase-9
crates/worth-store-test-support/src/harness/lsm_execution_fixture/owner_cases/execution_world.rs,checkpoint-publication;durability-vocabulary;wal-topology,checkpoint-publication=4;durability-vocabulary=13;wal-topology=15,lsm-owner-execution-world,worth-store-test-support/lsm-execution-fixture,delete,crates/worth-store-test-support/src/harness/lsm_execution_fixture/owner_cases/execution_world.rs,phase-9,tracked-family-source-and-metadata-reconciliation,deleted-phase-9
crates/worth-store-test-support/src/harness/lsm_execution_fixture/owner_cases/membership.rs,durability-vocabulary;wal-topology,durability-vocabulary=6;wal-topology=10,domain-wal-topology-consumer,crate:worth-store-test-support,preserve,crates/worth-store-test-support/src/harness/lsm_execution_fixture/owner_cases/membership.rs,preserve,tracked-family-source-and-metadata-reconciliation,inventory-open
crates/worth-store-test-support/src/harness/lsm_execution_fixture/owner_cases/open.rs,durability-vocabulary;wal-topology,durability-vocabulary=5;wal-topology=7,domain-wal-topology-consumer,crate:worth-store-test-support,preserve,crates/worth-store-test-support/src/harness/lsm_execution_fixture/owner_cases/open.rs,preserve,tracked-family-source-and-metadata-reconciliation,inventory-open
crates/worth-store-test-support/src/harness/lsm_execution_fixture/owner_cases/world.rs,durability-vocabulary;wal-topology,durability-vocabulary=35;wal-topology=21,domain-wal-topology-consumer,crate:worth-store-test-support,preserve,crates/worth-store-test-support/src/harness/lsm_execution_fixture/owner_cases/world.rs,preserve,tracked-family-source-and-metadata-reconciliation,inventory-open
crates/worth-store-test-support/src/harness/lsm_execution_fixture/reader_cutover/mod.rs,durability-vocabulary;wal-topology,durability-vocabulary=12;wal-topology=8,lsm-reader-cutover-facade,worth-store-test-support/lsm-execution-fixture,delete,crates/worth-store-test-support/src/harness/lsm_execution_fixture/reader_cutover/mod.rs,phase-9,tracked-family-source-and-metadata-reconciliation,deleted-phase-9
crates/worth-store-test-support/src/harness/lsm_execution_fixture/reader_cutover/publication.rs,checkpoint-publication;durability-vocabulary,checkpoint-publication=1;durability-vocabulary=9,lsm-reader-publication-fixture,worth-store-test-support/lsm-execution-fixture,delete,crates/worth-store-test-support/src/harness/lsm_execution_fixture/reader_cutover/publication.rs,phase-9,tracked-family-source-and-metadata-reconciliation,deleted-phase-9
crates/worth-store-test-support/src/harness/lsm_execution_fixture/reader_cutover/replay.rs,checkpoint-publication;durability-vocabulary;wal-topology,checkpoint-publication=3;durability-vocabulary=4;wal-topology=6,lsm-reader-replay-fixture,worth-store-test-support/recovery-harness,delete,crates/worth-store-test-support/src/harness/lsm_execution_fixture/reader_cutover/replay.rs,phase-9,tracked-family-source-and-metadata-reconciliation,deleted-phase-9
crates/worth-store-test-support/src/harness/lsm_execution_fixture/repeated_compaction.rs,durability-barrier;durability-vocabulary;wal-topology,durability-barrier=1;durability-vocabulary=12;wal-topology=16,repeated-lsm-compaction-fixture,worth-store-test-support/lsm-execution-fixture,delete,crates/worth-store-test-support/src/harness/lsm_execution_fixture/repeated_compaction.rs,phase-9,tracked-family-source-and-metadata-reconciliation,deleted-phase-9
crates/worth-store-test-support/src/harness/lsm_execution_fixture/source_binding.rs,durability-vocabulary,durability-vocabulary=2,lsm-source-binding-fixture,worth-store-test-support/lsm-execution-fixture,delete,crates/worth-store-test-support/src/harness/lsm_execution_fixture/source_binding.rs,phase-9,tracked-family-source-and-metadata-reconciliation,deleted-phase-9
crates/worth-store-test-support/src/harness/lsm_execution_fixture/support.rs,durability-vocabulary;durable-publication-declaration;wal-topology,durability-vocabulary=4;durable-publication-declaration=1;wal-topology=7,wal-publication-declaration,worth-store-wal/append-declaration,move,crates/worth-store-test-support/src/harness/lsm_execution_fixture/support.rs,phase-3,tracked-family-source-and-metadata-reconciliation,inventory-open
crates/worth-store-test-support/src/harness/physical_isolation/publication.rs,root-publication-topology,root-publication-topology=12,root-publication-consumer,C7-courtroom/root-publication,narrow,crates/worth-store-test-support/src/harness/physical_isolation/publication.rs,phase-10,tracked-family-source-and-metadata-reconciliation,inventory-open
crates/worth-store-test-support/src/harness/physical_isolation/publication_runtime_fixture.rs,parallel-root-publication;root-publication-topology,parallel-root-publication=4;root-publication-topology=11,parallel-root-publication,physical_runtime/durability/publication,delete,crates/worth-store-test-support/src/harness/physical_isolation/publication_runtime_fixture.rs,phase-7,tracked-family-source-and-metadata-reconciliation,deleted-phase-7
crates/worth-store-test-support/src/harness/physical_residency/canonical_durability.rs,acknowledgment-topology;durability-vocabulary;ordinary-record-mutation-entry;root-publication-topology,acknowledgment-topology=8;durability-vocabulary=23;ordinary-record-mutation-entry=3;root-publication-topology=3,canonical-store-durability-test-evidence,worth-store-test-support/physical-residency-harness,preserve,crates/worth-store-test-support/src/harness/physical_residency/canonical_durability.rs,preserve,tracked-family-source-and-metadata-reconciliation,inventory-open
crates/worth-store-test-support/src/harness/physical_residency/mod.rs,acknowledgment-topology;durability-vocabulary,acknowledgment-topology=3;durability-vocabulary=5,physical-residency-test-harness-facade,worth-store-test-support/physical-residency-harness,preserve,crates/worth-store-test-support/src/harness/physical_residency/mod.rs,preserve,tracked-family-source-and-metadata-reconciliation,inventory-open
crates/worth-store-test-support/src/harness/physical_residency/record_chunk_world.rs,acknowledgment-topology;durability-vocabulary;ordinary-record-mutation-entry,acknowledgment-topology=3;durability-vocabulary=2;ordinary-record-mutation-entry=1,ordinary-record-publication,physical_runtime/durability/mutation,replace,crates/worth-store-test-support/src/harness/physical_residency/record_chunk_world.rs,phase-8,tracked-family-source-and-metadata-reconciliation,inventory-open
crates/worth-store-test-support/src/harness/physical_residency/store_world.rs,checkpoint-publication;durability-vocabulary;wal-topology,checkpoint-publication=4;durability-vocabulary=15;wal-topology=6,shared-physical-world-durability-admission,crate:worth-store-test-support,preserve,crates/worth-store-test-support/src/harness/physical_residency/store_world.rs,preserve,tracked-family-source-and-metadata-reconciliation,inventory-open
crates/worth-store-test-support/src/harness/physical_simulation/driver_fixtures.rs,durability-barrier;durability-vocabulary,durability-barrier=2;durability-vocabulary=2,backend-barrier-evidence-consumer,crate:worth-store-physical-backend,preserve,crates/worth-store-test-support/src/harness/physical_simulation/driver_fixtures.rs,preserve,tracked-family-source-and-metadata-reconciliation,inventory-open
crates/worth-store-test-support/src/harness/pressure/profiles.rs,durability-barrier,durability-barrier=2,backend-barrier-evidence-consumer,crate:worth-store-physical-backend,preserve,crates/worth-store-test-support/src/harness/pressure/profiles.rs,preserve,tracked-family-source-and-metadata-reconciliation,inventory-open
crates/worth-store-test-support/src/harness/recovery/checkpoint_basis.rs,page-lsn;root-publication-topology;wal-topology,page-lsn=6;root-publication-topology=3;wal-topology=3,page-recovery-ordering,crate:worth-store-test-support,preserve,crates/worth-store-test-support/src/harness/recovery/checkpoint_basis.rs,preserve,tracked-family-source-and-metadata-reconciliation,inventory-open
crates/worth-store-test-support/src/harness/recovery/checkpoint_durability.rs,durability-vocabulary;wal-topology,durability-vocabulary=28;wal-topology=10,wal-acknowledgment-precondition,physical_runtime/durability/wal,narrow,crates/worth-store-test-support/src/harness/recovery/checkpoint_durability.rs,phase-3,tracked-family-source-and-metadata-reconciliation,inventory-open
crates/worth-store-test-support/src/harness/recovery/checkpoint_publication/evidence.rs,checkpoint-publication;durability-vocabulary,checkpoint-publication=12;durability-vocabulary=9,checkpoint-publication-and-retention,crate:worth-store-test-support,preserve,crates/worth-store-test-support/src/harness/recovery/checkpoint_publication/evidence.rs,preserve,tracked-family-source-and-metadata-reconciliation,inventory-open
crates/worth-store-test-support/src/harness/recovery/checkpoint_publication/mod.rs,checkpoint-publication,checkpoint-publication=18,checkpoint-publication-and-retention,crate:worth-store-test-support,preserve,crates/worth-store-test-support/src/harness/recovery/checkpoint_publication/mod.rs,preserve,tracked-family-source-and-metadata-reconciliation,inventory-open
crates/worth-store-test-support/src/harness/recovery/closeout.rs,wal-topology,wal-topology=6,domain-wal-topology-consumer,crate:worth-store-test-support,preserve,crates/worth-store-test-support/src/harness/recovery/closeout.rs,preserve,tracked-family-source-and-metadata-reconciliation,inventory-open
crates/worth-store-test-support/src/harness/recovery/fixtures/recovery_handoff.rs,wal-topology,wal-topology=5,domain-wal-topology-consumer,crate:worth-store-test-support,preserve,crates/worth-store-test-support/src/harness/recovery/fixtures/recovery_handoff.rs,preserve,tracked-family-source-and-metadata-reconciliation,inventory-open
crates/worth-store-test-support/src/harness/recovery/fixtures/recovery_integrity.rs,root-publication-topology;wal-topology,root-publication-topology=3;wal-topology=10,root-publication-consumer,C7-courtroom/root-publication,narrow,crates/worth-store-test-support/src/harness/recovery/fixtures/recovery_integrity.rs,phase-10,tracked-family-source-and-metadata-reconciliation,inventory-open
crates/worth-store-test-support/src/harness/recovery/fixtures/recovery_physical.rs,root-publication-topology,root-publication-topology=5,root-publication-consumer,C7-courtroom/root-publication,narrow,crates/worth-store-test-support/src/harness/recovery/fixtures/recovery_physical.rs,phase-10,tracked-family-source-and-metadata-reconciliation,inventory-open
crates/worth-store-test-support/src/harness/recovery/mod.rs,durability-vocabulary,durability-vocabulary=2,domain-durability-meaning,crate:worth-store-test-support,preserve,crates/worth-store-test-support/src/harness/recovery/mod.rs,preserve,tracked-family-source-and-metadata-reconciliation,inventory-open
crates/worth-store-test-support/src/harness/recovery/redo_replay.rs,checkpoint-publication;durability-barrier;durability-vocabulary;page-lsn;wal-topology,checkpoint-publication=1;durability-barrier=2;durability-vocabulary=1;page-lsn=5;wal-topology=8,page-recovery-ordering,crate:worth-store-test-support,preserve,crates/worth-store-test-support/src/harness/recovery/redo_replay.rs,preserve,tracked-family-source-and-metadata-reconciliation,inventory-open
crates/worth-store-test-support/src/harness/recovery/source_precedence.rs,checkpoint-publication;durability-vocabulary;page-lsn;root-publication-topology;wal-topology,checkpoint-publication=8;durability-vocabulary=55;page-lsn=8;root-publication-topology=3;wal-topology=19,wal-acknowledgment-precondition,physical_runtime/durability/wal,narrow,crates/worth-store-test-support/src/harness/recovery/source_precedence.rs,phase-3,tracked-family-source-and-metadata-reconciliation,inventory-open
crates/worth-store-test-support/src/harness/recovery/wal_durability.rs,durability-barrier;durability-vocabulary;wal-topology,durability-barrier=12;durability-vocabulary=4;wal-topology=14,backend-barrier-evidence-consumer,crate:worth-store-physical-backend,preserve,crates/worth-store-test-support/src/harness/recovery/wal_durability.rs,preserve,tracked-family-source-and-metadata-reconciliation,inventory-open
crates/worth-store-test-support/src/harness/recovery/wal_tail/construction.rs,root-publication-topology;wal-topology,root-publication-topology=2;wal-topology=17,root-publication-consumer,C7-courtroom/root-publication,narrow,crates/worth-store-test-support/src/harness/recovery/wal_tail/construction.rs,phase-10,tracked-family-source-and-metadata-reconciliation,inventory-open
crates/worth-store-test-support/src/harness/recovery/wal_tail/hostile_denials.rs,wal-topology,wal-topology=16,domain-wal-topology-consumer,crate:worth-store-test-support,preserve,crates/worth-store-test-support/src/harness/recovery/wal_tail/hostile_denials.rs,preserve,tracked-family-source-and-metadata-reconciliation,inventory-open
crates/worth-store-test-support/src/harness/recovery/wal_tail/source_precedence_admission.rs,wal-topology,wal-topology=9,domain-wal-topology-consumer,crate:worth-store-test-support,preserve,crates/worth-store-test-support/src/harness/recovery/wal_tail/source_precedence_admission.rs,preserve,tracked-family-source-and-metadata-reconciliation,inventory-open
crates/worth-store-test-support/src/harness/recovery/wal_tail/wal_tail_evidence.rs,wal-topology,wal-topology=9,domain-wal-topology-consumer,crate:worth-store-test-support,preserve,crates/worth-store-test-support/src/harness/recovery/wal_tail/wal_tail_evidence.rs,preserve,tracked-family-source-and-metadata-reconciliation,inventory-open
crates/worth-store-test-support/src/harness/security_scope/inputs/scenarios.rs,checkpoint-publication,checkpoint-publication=2,checkpoint-publication-and-retention,crate:worth-store-test-support,preserve,crates/worth-store-test-support/src/harness/security_scope/inputs/scenarios.rs,preserve,tracked-family-source-and-metadata-reconciliation,inventory-open
crates/worth-store-tiering/Cargo.toml,durability-vocabulary,durability-vocabulary=1,domain-durability-meaning,crate:worth-store-tiering,preserve,crates/worth-store-tiering/Cargo.toml,preserve,tracked-family-source-and-metadata-reconciliation,inventory-open
crates/worth-store-tiering/src/cold_tier_posture/certification_test_support.rs,durability-barrier,durability-barrier=1,backend-barrier-evidence-consumer,crate:worth-store-physical-backend,preserve,crates/worth-store-tiering/src/cold_tier_posture/certification_test_support.rs,preserve,tracked-family-source-and-metadata-reconciliation,inventory-open
crates/worth-store-tiering/src/layout_projection/cold_recall.rs,durability-vocabulary,durability-vocabulary=8,domain-durability-meaning,crate:worth-store-tiering,preserve,crates/worth-store-tiering/src/layout_projection/cold_recall.rs,preserve,tracked-family-source-and-metadata-reconciliation,inventory-open
crates/worth-store-tiering/src/layout_projection/placement.rs,durability-vocabulary,durability-vocabulary=8,domain-durability-meaning,crate:worth-store-tiering,preserve,crates/worth-store-tiering/src/layout_projection/placement.rs,preserve,tracked-family-source-and-metadata-reconciliation,inventory-open
crates/worth-store-tiering/src/layout_projection/recall_amplification.rs,durability-vocabulary,durability-vocabulary=8,domain-durability-meaning,crate:worth-store-tiering,preserve,crates/worth-store-tiering/src/layout_projection/recall_amplification.rs,preserve,tracked-family-source-and-metadata-reconciliation,inventory-open
crates/worth-store-tiering/src/layout_projection/tests.rs,durability-barrier,durability-barrier=1,backend-barrier-evidence-consumer,crate:worth-store-physical-backend,preserve,crates/worth-store-tiering/src/layout_projection/tests.rs,preserve,tracked-family-source-and-metadata-reconciliation,inventory-open
crates/worth-store-wal/Cargo.toml,durability-vocabulary,durability-vocabulary=1,domain-durability-meaning,crate:worth-store-wal,preserve,crates/worth-store-wal/Cargo.toml,preserve,tracked-family-source-and-metadata-reconciliation,inventory-open
crates/worth-store-wal/src/append/durability_admission.rs,barrier-receipt;durability-vocabulary;wal-topology,barrier-receipt=3;durability-vocabulary=26;wal-topology=17,wal-append-durability-declaration,worth-store-wal/append,delete,crates/worth-store-wal/src/append/durability_admission.rs,phase-9,tracked-family-source-and-metadata-reconciliation,deleted-phase-9
crates/worth-store-wal/src/append/frame_plan.rs,wal-topology,wal-topology=45,path-free-wal-frame-append-planning,crate:worth-store-wal,preserve,crates/worth-store-wal/src/append/frame_plan.rs,preserve,tracked-family-source-and-metadata-reconciliation,inventory-open
crates/worth-store-wal/src/append/mod.rs,wal-topology,wal-topology=3,path-free-wal-append-planning-facade,crate:worth-store-wal,preserve,crates/worth-store-wal/src/append/mod.rs,preserve,tracked-family-source-and-metadata-reconciliation,inventory-open
crates/worth-store-wal/src/artifact_store/append_planner.rs,durability-vocabulary;wal-topology,durability-vocabulary=1;wal-topology=11,ordinary-record-mutation-entry,physical_runtime/durability/mutation,narrow,crates/worth-store-wal/src/artifact_store/append_planner.rs,phase-8,tracked-family-source-and-metadata-reconciliation,inventory-open
crates/worth-store-wal/src/artifact_store/append_planner_tests.rs,durability-barrier;durability-vocabulary;wal-topology,durability-barrier=2;durability-vocabulary=4;wal-topology=11,backend-barrier-evidence-consumer,crate:worth-store-physical-backend,preserve,crates/worth-store-wal/src/artifact_store/append_planner_tests.rs,preserve,tracked-family-source-and-metadata-reconciliation,inventory-open
crates/worth-store-wal/src/artifact_store/artifact_observation.rs,checkpoint-publication;wal-topology,checkpoint-publication=4;wal-topology=8,read-only-wal-artifact-observation,worth-store-wal/artifact-store,preserve,crates/worth-store-wal/src/artifact_store/artifact_observation.rs,preserve,tracked-family-source-and-metadata-reconciliation,inventory-open
crates/worth-store-wal/src/artifact_store/frame_codec.rs,wal-topology,wal-topology=8,ordinary-record-mutation-entry,physical_runtime/durability/mutation,narrow,crates/worth-store-wal/src/artifact_store/frame_codec.rs,phase-8,tracked-family-source-and-metadata-reconciliation,inventory-open
crates/worth-store-wal/src/artifact_store/mod.rs,durability-vocabulary;wal-topology,durability-vocabulary=1;wal-topology=17,ordinary-record-mutation-entry,physical_runtime/durability/mutation,narrow,crates/worth-store-wal/src/artifact_store/mod.rs,phase-8,tracked-family-source-and-metadata-reconciliation,inventory-open
crates/worth-store-wal/src/artifact_store/offline_segment_verification.rs,wal-topology,wal-topology=37,domain-wal-topology-consumer,crate:worth-store-wal,preserve,crates/worth-store-wal/src/artifact_store/offline_segment_verification.rs,preserve,tracked-family-source-and-metadata-reconciliation,inventory-open
crates/worth-store-wal/src/artifact_store/offline_segment_verification_tests.rs,wal-topology,wal-topology=9,domain-wal-topology-consumer,crate:worth-store-wal,preserve,crates/worth-store-wal/src/artifact_store/offline_segment_verification_tests.rs,preserve,tracked-family-source-and-metadata-reconciliation,inventory-open
crates/worth-store-wal/src/artifact_store/prefix_scan.rs,wal-topology,wal-topology=3,domain-wal-topology-consumer,crate:worth-store-wal,preserve,crates/worth-store-wal/src/artifact_store/prefix_scan.rs,preserve,tracked-family-source-and-metadata-reconciliation,inventory-open
crates/worth-store-wal/src/artifact_store/scan.rs,durability-vocabulary;wal-topology,durability-vocabulary=2;wal-topology=2,domain-wal-topology-consumer,crate:worth-store-wal,preserve,crates/worth-store-wal/src/artifact_store/scan.rs,preserve,tracked-family-source-and-metadata-reconciliation,inventory-open
crates/worth-store-wal/src/artifact_store/segment_inventory/artifact_name.rs,wal-topology,wal-topology=12,canonical-wal-segment-artifact-identity,worth-store-wal/artifact-store/segment-inventory,preserve,crates/worth-store-wal/src/artifact_store/segment_inventory/artifact_name.rs,preserve,tracked-family-source-and-metadata-reconciliation,inventory-open
crates/worth-store-wal/src/artifact_store/segment_inventory/mod.rs,wal-topology,wal-topology=7,wal-segment-inventory-facade,worth-store-wal/artifact-store/segment-inventory,preserve,crates/worth-store-wal/src/artifact_store/segment_inventory/mod.rs,preserve,tracked-family-source-and-metadata-reconciliation,inventory-open
crates/worth-store-wal/src/artifact_store/segment_inventory/segment_inspection.rs,wal-topology,wal-topology=51,bounded-complete-and-interrupted-wal-segment-classification,worth-store-wal/artifact-store/segment-inventory,preserve,crates/worth-store-wal/src/artifact_store/segment_inventory/segment_inspection.rs,preserve,tracked-family-source-and-metadata-reconciliation,inventory-open
crates/worth-store-wal/src/artifact_store/segment_inventory/tests.rs,wal-topology,wal-topology=16,wal-segment-identity-and-inspection-proof,worth-store-wal/artifact-store/segment-inventory,preserve,crates/worth-store-wal/src/artifact_store/segment_inventory/tests.rs,preserve,tracked-family-source-and-metadata-reconciliation,inventory-open
crates/worth-store-wal/src/blob_records/mod.rs,durability-vocabulary;wal-topology,durability-vocabulary=1;wal-topology=5,domain-wal-topology-consumer,crate:worth-store-wal,preserve,crates/worth-store-wal/src/blob_records/mod.rs,preserve,tracked-family-source-and-metadata-reconciliation,inventory-open
crates/worth-store-wal/src/blob_records/phase_link.rs,durability-vocabulary;wal-topology,durability-vocabulary=7;wal-topology=14,domain-wal-topology-consumer,crate:worth-store-wal,preserve,crates/worth-store-wal/src/blob_records/phase_link.rs,preserve,tracked-family-source-and-metadata-reconciliation,inventory-open
crates/worth-store-wal/src/blob_records/rebuild_source.rs,wal-topology,wal-topology=8,domain-wal-topology-consumer,crate:worth-store-wal,preserve,crates/worth-store-wal/src/blob_records/rebuild_source.rs,preserve,tracked-family-source-and-metadata-reconciliation,inventory-open
crates/worth-store-wal/src/blob_records/record_kind.rs,durable-publication-declaration;wal-topology,durable-publication-declaration=4;wal-topology=18,wal-publication-declaration,worth-store-wal/append-declaration,move,crates/worth-store-wal/src/blob_records/record_kind.rs,phase-3,tracked-family-source-and-metadata-reconciliation,inventory-open
crates/worth-store-wal/src/checkpoint/publication_admission.rs,barrier-receipt;checkpoint-publication;durability-vocabulary,barrier-receipt=4;checkpoint-publication=11;durability-vocabulary=33,wal-checkpoint-publication-declaration,worth-store-wal/durable-publication,delete,crates/worth-store-wal/src/checkpoint/publication_admission.rs,phase-9,tracked-family-source-and-metadata-reconciliation,deleted-phase-9
crates/worth-store-wal/src/durability/queue_work.rs,wal-commit,wal-commit=1,domain-wal-commit-meaning,crate:worth-store-wal,preserve,crates/worth-store-wal/src/durability/queue_work.rs,preserve,tracked-family-source-and-metadata-reconciliation,inventory-open
crates/worth-store-wal/src/durable_publication/checkpoint_scope.rs,durability-vocabulary,durability-vocabulary=2,misleading-durable-publication-checkpoint-scope,worth-store-wal/publication-declaration,delete,crates/worth-store-wal/src/durable_publication/checkpoint_scope.rs,phase-9,tracked-family-source-and-metadata-reconciliation,deleted-phase-9
crates/worth-store-wal/src/durable_publication/declaration.rs,durability-vocabulary;durable-publication-declaration;wal-topology,durability-vocabulary=16;durable-publication-declaration=2;wal-topology=5,misleading-durable-publication-declaration,worth-store-wal/publication-declaration,delete,crates/worth-store-wal/src/durable_publication/declaration.rs,phase-9,tracked-family-source-and-metadata-reconciliation,deleted-phase-9
crates/worth-store-wal/src/durable_publication/mod.rs,durability-vocabulary;durable-publication-declaration;wal-topology,durability-vocabulary=4;durable-publication-declaration=1;wal-topology=1,misleading-durable-publication-facade,worth-store-wal/publication-declaration,delete,crates/worth-store-wal/src/durable_publication/mod.rs,phase-9,tracked-family-source-and-metadata-reconciliation,deleted-phase-9
crates/worth-store-wal/src/durable_publication/tests.rs,durability-vocabulary;durable-publication-declaration;wal-topology,durability-vocabulary=11;durable-publication-declaration=3;wal-topology=3,misleading-durable-publication-tests,worth-store-wal/publication-declaration,delete,crates/worth-store-wal/src/durable_publication/tests.rs,phase-9,tracked-family-source-and-metadata-reconciliation,deleted-phase-9
crates/worth-store-wal/src/durable_publication/wal_scope.rs,durability-vocabulary;wal-topology,durability-vocabulary=2;wal-topology=2,misleading-durable-publication-wal-scope,worth-store-wal/publication-declaration,delete,crates/worth-store-wal/src/durable_publication/wal_scope.rs,phase-9,tracked-family-source-and-metadata-reconciliation,deleted-phase-9
crates/worth-store-wal/src/publication_declaration/checkpoint_scope.rs,checkpoint-publication,checkpoint-publication=2,checkpoint-publication-scope,worth-store-wal/publication-declaration,preserve,crates/worth-store-wal/src/publication_declaration/checkpoint_scope.rs,preserve,tracked-family-source-and-metadata-reconciliation,inventory-open
crates/worth-store-wal/src/publication_declaration/declaration.rs,checkpoint-publication;durable-publication-declaration;wal-topology,checkpoint-publication=5;durable-publication-declaration=2;wal-topology=5,descriptive-publication-declaration,worth-store-wal/publication-declaration,preserve,crates/worth-store-wal/src/publication_declaration/declaration.rs,preserve,tracked-family-source-and-metadata-reconciliation,inventory-open
crates/worth-store-wal/src/publication_declaration/mod.rs,checkpoint-publication;durable-publication-declaration;wal-topology,checkpoint-publication=1;durable-publication-declaration=1;wal-topology=1,publication-declaration-facade,worth-store-wal/publication-declaration,preserve,crates/worth-store-wal/src/publication_declaration/mod.rs,preserve,tracked-family-source-and-metadata-reconciliation,inventory-open
crates/worth-store-wal/src/publication_declaration/tests.rs,checkpoint-publication;durability-vocabulary;durable-publication-declaration;wal-topology,checkpoint-publication=2;durability-vocabulary=1;durable-publication-declaration=3;wal-topology=9,publication-declaration-unit-proof,worth-store-wal/publication-declaration,preserve,crates/worth-store-wal/src/publication_declaration/tests.rs,preserve,tracked-family-source-and-metadata-reconciliation,inventory-open
crates/worth-store-wal/src/publication_declaration/wal_scope.rs,wal-topology,wal-topology=11,wal-frame-publication-scope,worth-store-wal/publication-declaration,preserve,crates/worth-store-wal/src/publication_declaration/wal_scope.rs,preserve,tracked-family-source-and-metadata-reconciliation,inventory-open
crates/worth-store-wal/src/layout_access/mod.rs,checkpoint-publication;wal-topology,checkpoint-publication=2;wal-topology=4,wal-layout-access,worth-store-wal/artifact-store/artifact-observation,delete,crates/worth-store-wal/src/layout_access/mod.rs,phase-9,tracked-family-source-and-metadata-reconciliation,deleted-phase-9
crates/worth-store-wal/src/lib.rs,checkpoint-publication;durability-vocabulary;durable-publication-declaration;wal-topology,checkpoint-publication=1;durability-vocabulary=4;durable-publication-declaration=1;wal-topology=29,wal-meaning-and-frame-facade,crate:worth-store-wal,narrow,crates/worth-store-wal/src/lib.rs,phase-3,tracked-family-source-and-metadata-reconciliation,inventory-open
crates/worth-store-wal/src/recovery_read/mod.rs,wal-topology,wal-topology=2,domain-wal-topology-consumer,crate:worth-store-wal,preserve,crates/worth-store-wal/src/recovery_read/mod.rs,preserve,tracked-family-source-and-metadata-reconciliation,inventory-open
crates/worth-store-wal/src/recovery_read/tail.rs,durability-vocabulary;wal-topology,durability-vocabulary=9;wal-topology=21,domain-wal-topology-consumer,crate:worth-store-wal,preserve,crates/worth-store-wal/src/recovery_read/tail.rs,preserve,tracked-family-source-and-metadata-reconciliation,inventory-open
crates/worth-store-wal/src/security_metadata.rs,wal-topology,wal-topology=4,domain-wal-topology-consumer,crate:worth-store-wal,preserve,crates/worth-store-wal/src/security_metadata.rs,preserve,tracked-family-source-and-metadata-reconciliation,inventory-open
crates/worth-store-wal/src/security_metadata_tests.rs,wal-topology,wal-topology=2,domain-wal-topology-consumer,crate:worth-store-wal,preserve,crates/worth-store-wal/src/security_metadata_tests.rs,preserve,tracked-family-source-and-metadata-reconciliation,inventory-open
crates/worth-store-wal/src/wal_topology/denial.rs,wal-topology,wal-topology=21,domain-wal-topology-consumer,crate:worth-store-wal,preserve,crates/worth-store-wal/src/wal_topology/denial.rs,preserve,tracked-family-source-and-metadata-reconciliation,inventory-open
crates/worth-store-wal/src/wal_topology/lsn_range.rs,wal-topology,wal-topology=4,domain-wal-topology-consumer,crate:worth-store-wal,preserve,crates/worth-store-wal/src/wal_topology/lsn_range.rs,preserve,tracked-family-source-and-metadata-reconciliation,inventory-open
crates/worth-store-wal/src/wal_topology/mod.rs,wal-topology,wal-topology=5,domain-wal-topology-consumer,crate:worth-store-wal,preserve,crates/worth-store-wal/src/wal_topology/mod.rs,preserve,tracked-family-source-and-metadata-reconciliation,inventory-open
crates/worth-store-wal/src/wal_topology/ordering_proof.rs,wal-topology,wal-topology=6,domain-wal-topology-consumer,crate:worth-store-wal,preserve,crates/worth-store-wal/src/wal_topology/ordering_proof.rs,preserve,tracked-family-source-and-metadata-reconciliation,inventory-open
crates/worth-store-wal/src/wal_topology/replay_cursor.rs,wal-topology,wal-topology=16,domain-wal-topology-consumer,crate:worth-store-wal,preserve,crates/worth-store-wal/src/wal_topology/replay_cursor.rs,preserve,tracked-family-source-and-metadata-reconciliation,inventory-open
crates/worth-store-wal/src/wal_topology/replay_cursor_admission.rs,wal-topology,wal-topology=17,domain-wal-topology-consumer,crate:worth-store-wal,preserve,crates/worth-store-wal/src/wal_topology/replay_cursor_admission.rs,preserve,tracked-family-source-and-metadata-reconciliation,inventory-open
crates/worth-store-wal/src/wal_topology/scan.rs,wal-topology,wal-topology=26,domain-wal-topology-consumer,crate:worth-store-wal,preserve,crates/worth-store-wal/src/wal_topology/scan.rs,preserve,tracked-family-source-and-metadata-reconciliation,inventory-open
crates/worth-store-wal/src/wal_topology/segment_identity.rs,wal-topology,wal-topology=4,domain-wal-topology-consumer,crate:worth-store-wal,preserve,crates/worth-store-wal/src/wal_topology/segment_identity.rs,preserve,tracked-family-source-and-metadata-reconciliation,inventory-open
crates/worth-store-wal/tests/scenarios/layout/strategy_admission/layout_families.rs,barrier-receipt;durability-barrier;durability-vocabulary;durable-publication-declaration;store-durability-runtime;wal-topology,barrier-receipt=2;durability-barrier=17;durability-vocabulary=63;durable-publication-declaration=3;store-durability-runtime=3;wal-topology=28,obsolete-direct-wal-layout-execution-proof,worth-store-test-support/recovery-harness,delete,crates/worth-store-wal/tests/scenarios/layout/strategy_admission/layout_families.rs,phase-9,tracked-family-source-and-metadata-reconciliation,deleted-phase-9
tools/store-test-runner/src/courtroom_campaign/bounded_residency_siege/evidence_projection/work_reconciliation.rs,durability-vocabulary;root-publication-topology,durability-vocabulary=2;root-publication-topology=2,physical-work-reconciliation-evidence-projection,tool:store-test-runner,preserve,tools/store-test-runner/src/courtroom_campaign/bounded_residency_siege/evidence_projection/work_reconciliation.rs,preserve,tracked-family-source-and-metadata-reconciliation,inventory-open
tools/store-test-runner/src/courtroom_campaign/bounded_residency_siege/evidence_projection/work_reconciliation/record.rs,durability-barrier;durability-vocabulary;root-publication-topology;wal-topology,durability-barrier=3;durability-vocabulary=8;root-publication-topology=2;wal-topology=2,physical-work-reconciliation-evidence-record,tool:store-test-runner,preserve,tools/store-test-runner/src/courtroom_campaign/bounded_residency_siege/evidence_projection/work_reconciliation/record.rs,preserve,tracked-family-source-and-metadata-reconciliation,inventory-open
tools/store-test-runner/src/courtroom_campaign/bounded_residency_siege/evidence_projection/work_reconciliation/signal_binding.rs,durability-vocabulary;root-publication-topology,durability-vocabulary=2;root-publication-topology=2,installed-signal-binding-json-projection,tool:store-test-runner,preserve,tools/store-test-runner/src/courtroom_campaign/bounded_residency_siege/evidence_projection/work_reconciliation/signal_binding.rs,preserve,tracked-family-source-and-metadata-reconciliation,inventory-open
tools/store-test-runner/src/courtroom_campaign/bounded_residency_siege/oracle.rs,durability-vocabulary,durability-vocabulary=2,domain-durability-meaning,tool:store-test-runner,preserve,tools/store-test-runner/src/courtroom_campaign/bounded_residency_siege/oracle.rs,preserve,tracked-family-source-and-metadata-reconciliation,inventory-open
tools/store-test-runner/src/courtroom_campaign/bounded_residency_siege/oracle/artifact_policy.rs,durability-vocabulary;wal-topology,durability-vocabulary=26;wal-topology=2,terminal-artifact-policy-oracle,tool:store-test-runner,preserve,tools/store-test-runner/src/courtroom_campaign/bounded_residency_siege/oracle/artifact_policy.rs,preserve,tracked-family-source-and-metadata-reconciliation,inventory-open
tools/store-test-runner/src/courtroom_campaign/bounded_residency_siege/oracle/artifact_policy/tests.rs,durability-vocabulary;wal-topology,durability-vocabulary=21;wal-topology=1,terminal-artifact-policy-oracle-tests,tool:store-test-runner,preserve,tools/store-test-runner/src/courtroom_campaign/bounded_residency_siege/oracle/artifact_policy/tests.rs,preserve,tracked-family-source-and-metadata-reconciliation,inventory-open
tools/store-test-runner/src/courtroom_campaign/bounded_residency_siege/oracle/cancellation/tests/accepted_evidence.rs,durability-vocabulary;root-publication-topology,durability-vocabulary=1;root-publication-topology=1,bounded-residency-cancellation-evidence-fixture,tool:store-test-runner,preserve,tools/store-test-runner/src/courtroom_campaign/bounded_residency_siege/oracle/cancellation/tests/accepted_evidence.rs,preserve,tracked-family-source-and-metadata-reconciliation,inventory-open
tools/store-test-runner/src/courtroom_campaign/bounded_residency_siege/oracle/work_reconciliation/digest.rs,durability-barrier;durability-vocabulary;root-publication-topology;wal-topology,durability-barrier=3;durability-vocabulary=5;root-publication-topology=3;wal-topology=2,installed-signal-binding-evidence-digest,tool:store-test-runner,preserve,tools/store-test-runner/src/courtroom_campaign/bounded_residency_siege/oracle/work_reconciliation/digest.rs,preserve,tracked-family-source-and-metadata-reconciliation,inventory-open
tools/store-test-runner/src/courtroom_campaign/bounded_residency_siege/oracle/work_reconciliation/fixture.rs,durability-barrier;durability-vocabulary;root-publication-topology;wal-topology,durability-barrier=4;durability-vocabulary=20;root-publication-topology=6;wal-topology=4,physical-work-reconciliation-oracle-fixture,tool:store-test-runner,preserve,tools/store-test-runner/src/courtroom_campaign/bounded_residency_siege/oracle/work_reconciliation/fixture.rs,preserve,tracked-family-source-and-metadata-reconciliation,inventory-open
tools/store-test-runner/src/courtroom_campaign/bounded_residency_siege/oracle/work_reconciliation/signal_basis.rs,durability-barrier;durability-vocabulary;root-publication-topology;wal-topology,durability-barrier=1;durability-vocabulary=26;root-publication-topology=6;wal-topology=1,installed-signal-native-basis-policy,tool:store-test-runner,preserve,tools/store-test-runner/src/courtroom_campaign/bounded_residency_siege/oracle/work_reconciliation/signal_basis.rs,preserve,tracked-family-source-and-metadata-reconciliation,inventory-open
tools/store-test-runner/src/courtroom_campaign/bounded_residency_siege/protocol/decoding/work_reconciliation.rs,durability-barrier;durability-vocabulary;root-publication-topology;wal-topology,durability-barrier=3;durability-vocabulary=10;root-publication-topology=3;wal-topology=2,physical-work-reconciliation-wire-decoder,tool:store-test-runner,preserve,tools/store-test-runner/src/courtroom_campaign/bounded_residency_siege/protocol/decoding/work_reconciliation.rs,preserve,tracked-family-source-and-metadata-reconciliation,inventory-open
tools/store-test-runner/src/courtroom_campaign/bounded_residency_siege/protocol/tests.rs,durability-vocabulary;root-publication-topology,durability-vocabulary=4;root-publication-topology=2,physical-work-reconciliation-wire-proofs,tool:store-test-runner,preserve,tools/store-test-runner/src/courtroom_campaign/bounded_residency_siege/protocol/tests.rs,preserve,tracked-family-source-and-metadata-reconciliation,inventory-open
tools/store-test-runner/src/courtroom_campaign/bounded_residency_siege/protocol/work_reconciliation.rs,durability-barrier;durability-vocabulary;root-publication-topology;wal-topology,durability-barrier=7;durability-vocabulary=10;root-publication-topology=8;wal-topology=5,physical-work-reconciliation-wire-contract,tool:store-test-runner,preserve,tools/store-test-runner/src/courtroom_campaign/bounded_residency_siege/protocol/work_reconciliation.rs,preserve,tracked-family-source-and-metadata-reconciliation,inventory-open
tools/store-test-runner/src/courtroom_campaign/hostile_physical_truth/artifact_oracle.rs,durability-vocabulary;root-publication-topology,durability-vocabulary=1;root-publication-topology=1,root-publication-consumer,tool:store-test-runner,preserve,tools/store-test-runner/src/courtroom_campaign/hostile_physical_truth/artifact_oracle.rs,preserve,tracked-family-source-and-metadata-reconciliation,inventory-open
tools/store-test-runner/src/courtroom_campaign/hostile_physical_truth/oracle.rs,root-publication-topology,root-publication-topology=3,root-publication-consumer,tool:store-test-runner,preserve,tools/store-test-runner/src/courtroom_campaign/hostile_physical_truth/oracle.rs,preserve,tracked-family-source-and-metadata-reconciliation,inventory-open
tools/store-test-runner/src/courtroom_campaign/hostile_physical_truth/writer_protocol.rs,root-publication-topology,root-publication-topology=3,root-publication-consumer,tool:store-test-runner,preserve,tools/store-test-runner/src/courtroom_campaign/hostile_physical_truth/writer_protocol.rs,preserve,tracked-family-source-and-metadata-reconciliation,inventory-open
tools/store-test-runner/src/courtroom_campaign/offline_observation.rs,durability-vocabulary,durability-vocabulary=7,domain-durability-meaning,tool:store-test-runner,preserve,tools/store-test-runner/src/courtroom_campaign/offline_observation.rs,preserve,tracked-family-source-and-metadata-reconciliation,inventory-open
tools/store-test-runner/src/courtroom_campaign/report_publication.rs,durability-barrier,durability-barrier=1,backend-barrier-evidence-consumer,crate:worth-store-physical-backend,preserve,tools/store-test-runner/src/courtroom_campaign/report_publication.rs,preserve,tracked-family-source-and-metadata-reconciliation,inventory-open
tools/store-test-runner/src/lib.rs,durability-vocabulary,durability-vocabulary=1,domain-durability-meaning,tool:store-test-runner,preserve,tools/store-test-runner/src/lib.rs,preserve,tracked-family-source-and-metadata-reconciliation,inventory-open
tools/store-test-runner/src/mutation_campaign/catalog.rs,durability-vocabulary;root-publication-topology,durability-vocabulary=13;root-publication-topology=2,domain-durability-meaning,tool:store-test-runner,preserve,tools/store-test-runner/src/mutation_campaign/catalog.rs,preserve,tracked-family-source-and-metadata-reconciliation,inventory-open
tools/store-test-runner/src/mutation_campaign/catalog/phase_16.rs,durability-vocabulary,durability-vocabulary=11,root-publication-consumer,tool:store-test-runner,preserve,tools/store-test-runner/src/mutation_campaign/catalog/phase_16.rs,preserve,tracked-family-source-and-metadata-reconciliation,inventory-open
tools/store-test-runner/src/mutation_campaign/report.rs,durability-barrier,durability-barrier=1,backend-barrier-evidence-consumer,crate:worth-store-physical-backend,preserve,tools/store-test-runner/src/mutation_campaign/report.rs,preserve,tracked-family-source-and-metadata-reconciliation,inventory-open
tools/store-test-runner/src/physical_residency_boundary_gate/dependency_boundary.rs,durability-vocabulary,durability-vocabulary=1,domain-durability-meaning,tool:store-test-runner,preserve,tools/store-test-runner/src/physical_residency_boundary_gate/dependency_boundary.rs,preserve,tracked-family-source-and-metadata-reconciliation,inventory-open
tools/store-test-runner/src/physical_residency_boundary_gate/removal_inventory/classifier_tests.rs,durability-vocabulary;durable-publication-declaration,durability-vocabulary=1;durable-publication-declaration=1,domain-durability-meaning,tool:store-test-runner,preserve,tools/store-test-runner/src/physical_residency_boundary_gate/removal_inventory/classifier_tests.rs,preserve,tracked-family-source-and-metadata-reconciliation,inventory-open
tools/store-test-runner/src/physical_residency_boundary_gate/removal_inventory/consumer_family.rs,durable-publication-declaration,durable-publication-declaration=1,physical-residency-family-classification,store-test-runner/physical-residency-removal-inventory,preserve,tools/store-test-runner/src/physical_residency_boundary_gate/removal_inventory/consumer_family.rs,preserve,tracked-family-source-and-metadata-reconciliation,inventory-open
tools/store-test-runner/src/physical_work_evidence/labels.rs,durability-barrier;durability-vocabulary,durability-barrier=1;durability-vocabulary=4,backend-barrier-evidence-consumer,crate:worth-store-physical-backend,preserve,tools/store-test-runner/src/physical_work_evidence/labels.rs,preserve,tracked-family-source-and-metadata-reconciliation,inventory-open
tools/store-test-runner/src/physical_writer_gate.rs,durability-barrier;durability-vocabulary;root-publication-topology;store-durability-runtime,durability-barrier=2;durability-vocabulary=6;root-publication-topology=1;store-durability-runtime=1,direct-wal-durability-execution,physical_runtime/durability/wal,replace,tools/store-test-runner/src/physical_writer_gate.rs,phase-3,tracked-family-source-and-metadata-reconciliation,inventory-open
tools/store-test-runner/src/product.rs,durability-vocabulary,durability-vocabulary=3,domain-durability-meaning,tool:store-test-runner,preserve,tools/store-test-runner/src/product.rs,preserve,tracked-family-source-and-metadata-reconciliation,inventory-open
crates/worth-store-physical-certification/src/schedule/crash_seam.rs,acknowledgment-topology;durability-vocabulary;root-publication-topology;wal-topology,acknowledgment-topology=5;durability-vocabulary=11;root-publication-topology=4;wal-topology=6,explicit-courtroom-seam-identity,worth-store-physical-certification/schedule,preserve,crates/worth-store-physical-certification/src/schedule/crash_seam.rs,preserve,tracked-family-source-and-metadata-reconciliation,inventory-open
crates/worth-store-physical-certification/src/schedule/mod.rs,durability-vocabulary,durability-vocabulary=1,schedule-perturbation-facade,worth-store-physical-certification/schedule,preserve,crates/worth-store-physical-certification/src/schedule/mod.rs,preserve,tracked-family-source-and-metadata-reconciliation,inventory-open
crates/worth-store-physical-certification/src/schedule/seed.rs,durability-vocabulary,durability-vocabulary=4,replayable-schedule-seed-derivation,worth-store-physical-certification/schedule,preserve,crates/worth-store-physical-certification/src/schedule/seed.rs,preserve,tracked-family-source-and-metadata-reconciliation,inventory-open
crates/worth-store/build.rs,durability-vocabulary,durability-vocabulary=1,build-bound-source-closure-identity,worth-store/build,preserve,crates/worth-store/build.rs,preserve,tracked-family-source-and-metadata-reconciliation,inventory-open
crates/worth-store/src/bin/physical_store_work_courtroom/bounded_residency/protocol/performance.rs,durability-vocabulary,durability-vocabulary=3,child-performance-evidence-protocol,worth-store/physical-store-work-courtroom,preserve,crates/worth-store/src/bin/physical_store_work_courtroom/bounded_residency/protocol/performance.rs,preserve,tracked-family-source-and-metadata-reconciliation,inventory-open
crates/worth-store/src/bin/physical_store_work_courtroom/c7_crash.rs,acknowledgment-topology;checkpoint-publication;durability-vocabulary;ordinary-record-mutation-entry;root-publication-topology;wal-topology,acknowledgment-topology=2;checkpoint-publication=8;durability-vocabulary=11;ordinary-record-mutation-entry=1;root-publication-topology=2;wal-topology=2,c7-abrupt-termination-child-role,worth-store/physical-store-work-courtroom,preserve,crates/worth-store/src/bin/physical_store_work_courtroom/c7_crash.rs,preserve,tracked-family-source-and-metadata-reconciliation,inventory-open
crates/worth-store/src/physical_runtime/durability/closeout/checkpoint_basis.rs,checkpoint-publication;durability-vocabulary,checkpoint-publication=3;durability-vocabulary=3,c8-checkpoint-recovery-basis,physical_runtime/durability/closeout,preserve,crates/worth-store/src/physical_runtime/durability/closeout/checkpoint_basis.rs,preserve,tracked-family-source-and-metadata-reconciliation,inventory-open
crates/worth-store/src/physical_runtime/durability/closeout/handoff.rs,durability-vocabulary;wal-topology,durability-vocabulary=22;wal-topology=4,sealed-c8-recovery-handoff,physical_runtime/durability/closeout,preserve,crates/worth-store/src/physical_runtime/durability/closeout/handoff.rs,preserve,tracked-family-source-and-metadata-reconciliation,inventory-open
crates/worth-store/src/physical_runtime/durability/closeout/mod.rs,durability-vocabulary;wal-topology,durability-vocabulary=7;wal-topology=2,durability-closeout-facade,physical_runtime/durability/closeout,preserve,crates/worth-store/src/physical_runtime/durability/closeout/mod.rs,preserve,tracked-family-source-and-metadata-reconciliation,inventory-open
crates/worth-store/src/physical_runtime/durability/closeout/operation_fates.rs,durability-vocabulary,durability-vocabulary=3,c8-operation-fate-set,physical_runtime/durability/closeout,preserve,crates/worth-store/src/physical_runtime/durability/closeout/operation_fates.rs,preserve,tracked-family-source-and-metadata-reconciliation,inventory-open
crates/worth-store/src/physical_runtime/durability/closeout/operation_fates/fact.rs,durability-vocabulary,durability-vocabulary=11,c8-exact-operation-fate-fact,physical_runtime/durability/closeout/operation_fates,preserve,crates/worth-store/src/physical_runtime/durability/closeout/operation_fates/fact.rs,preserve,tracked-family-source-and-metadata-reconciliation,inventory-open
crates/worth-store/src/physical_runtime/durability/closeout/root_basis.rs,durability-vocabulary;root-publication-topology,durability-vocabulary=10;root-publication-topology=2,c8-current-and-retained-root-basis,physical_runtime/durability/closeout,preserve,crates/worth-store/src/physical_runtime/durability/closeout/root_basis.rs,preserve,tracked-family-source-and-metadata-reconciliation,inventory-open
crates/worth-store/src/physical_runtime/durability/closeout/source_profile.rs,durability-vocabulary,durability-vocabulary=29,final-source-and-profile-identity,physical_runtime/durability/closeout,preserve,crates/worth-store/src/physical_runtime/durability/closeout/source_profile.rs,preserve,tracked-family-source-and-metadata-reconciliation,inventory-open
crates/worth-store/src/physical_runtime/durability/closeout/wal_tail.rs,durability-vocabulary;wal-topology,durability-vocabulary=13;wal-topology=17,c8-contiguous-retained-wal-tail,physical_runtime/durability/closeout,preserve,crates/worth-store/src/physical_runtime/durability/closeout/wal_tail.rs,preserve,tracked-family-source-and-metadata-reconciliation,inventory-open
crates/worth-store/src/physical_runtime/durability/evidence_projection/mod.rs,durability-vocabulary,durability-vocabulary=6,durability-evidence-projection-facade,physical_runtime/durability/evidence_projection,preserve,crates/worth-store/src/physical_runtime/durability/evidence_projection/mod.rs,preserve,tracked-family-source-and-metadata-reconciliation,inventory-open
crates/worth-store/src/physical_runtime/durability/evidence_projection/performance/contract.rs,acknowledgment-topology;durability-vocabulary;root-publication-topology,acknowledgment-topology=3;durability-vocabulary=20;root-publication-topology=4,governed-performance-contract,physical_runtime/durability/evidence_projection/performance,preserve,crates/worth-store/src/physical_runtime/durability/evidence_projection/performance/contract.rs,preserve,tracked-family-source-and-metadata-reconciliation,inventory-open
crates/worth-store/src/physical_runtime/durability/evidence_projection/performance/mod.rs,durability-vocabulary,durability-vocabulary=6,performance-evidence-facade,physical_runtime/durability/evidence_projection/performance,preserve,crates/worth-store/src/physical_runtime/durability/evidence_projection/performance/mod.rs,preserve,tracked-family-source-and-metadata-reconciliation,inventory-open
crates/worth-store/src/physical_runtime/durability/evidence_projection/performance/mutation_evidence.rs,acknowledgment-topology,acknowledgment-topology=6,completed-mutation-performance-evidence,physical_runtime/durability/evidence_projection/performance,preserve,crates/worth-store/src/physical_runtime/durability/evidence_projection/performance/mutation_evidence.rs,preserve,tracked-family-source-and-metadata-reconciliation,inventory-open
crates/worth-store/src/physical_runtime/durability/evidence_projection/performance/receipt.rs,durability-vocabulary,durability-vocabulary=22,foundational-performance-receipt-projection,physical_runtime/durability/evidence_projection/performance,preserve,crates/worth-store/src/physical_runtime/durability/evidence_projection/performance/receipt.rs,preserve,tracked-family-source-and-metadata-reconciliation,inventory-open
crates/worth-store/src/physical_runtime/durability/evidence_projection/performance/summary.rs,durability-vocabulary,durability-vocabulary=15,closeout-performance-summary,physical_runtime/durability/evidence_projection/performance,preserve,crates/worth-store/src/physical_runtime/durability/evidence_projection/performance/summary.rs,preserve,tracked-family-source-and-metadata-reconciliation,inventory-open
crates/worth-store/src/physical_runtime/durability/lifecycle/drain.rs,acknowledgment-topology,acknowledgment-topology=2,managed-durability-drain,physical_runtime/durability/lifecycle,preserve,crates/worth-store/src/physical_runtime/durability/lifecycle/drain.rs,preserve,tracked-family-source-and-metadata-reconciliation,inventory-open
crates/worth-store/src/physical_runtime/durability/mutation/idempotency/registry/closeout.rs,durability-vocabulary,durability-vocabulary=5,idempotency-closeout-fate-extraction,physical_runtime/durability/mutation/idempotency/registry,preserve,crates/worth-store/src/physical_runtime/durability/mutation/idempotency/registry/closeout.rs,preserve,tracked-family-source-and-metadata-reconciliation,inventory-open
crates/worth-store/src/physical_runtime/instance/lifecycle/closeout_performance.rs,acknowledgment-topology;checkpoint-publication;durability-vocabulary,acknowledgment-topology=2;checkpoint-publication=2;durability-vocabulary=17,runtime-closeout-performance-projection,physical_runtime/instance/lifecycle,preserve,crates/worth-store/src/physical_runtime/instance/lifecycle/closeout_performance.rs,preserve,tracked-family-source-and-metadata-reconciliation,inventory-open
crates/worth-store/src/physical_runtime/instance/termination/outcome.rs,durability-vocabulary,durability-vocabulary=5,termination-closeout-outcome,physical_runtime/instance/termination,preserve,crates/worth-store/src/physical_runtime/instance/termination/outcome.rs,preserve,tracked-family-source-and-metadata-reconciliation,inventory-open
crates/worth-store/src/physical_runtime/record_serving/publication/director/lifecycle.rs,durability-vocabulary,durability-vocabulary=1,managed-mutation-lifecycle-observation,physical_runtime/record_serving/publication/director,preserve,crates/worth-store/src/physical_runtime/record_serving/publication/director/lifecycle.rs,preserve,tracked-family-source-and-metadata-reconciliation,inventory-open
crates/worth-store/tests/physical_record_journeys/durability_admission/closeout_handoff.rs,durability-vocabulary;ordinary-record-mutation-entry,durability-vocabulary=25;ordinary-record-mutation-entry=2,c8-closeout-handoff-journey,worth-store/physical-record-journeys,preserve,crates/worth-store/tests/physical_record_journeys/durability_admission/closeout_handoff.rs,preserve,tracked-family-source-and-metadata-reconciliation,inventory-open
crates/worth-store/tests/physical_record_journeys/durability_admission/closeout_source_identity.rs,durability-vocabulary,durability-vocabulary=4,c7-closeout-source-identity-proof,worth-store/physical-record-journeys/durability-admission,preserve,crates/worth-store/tests/physical_record_journeys/durability_admission/closeout_source_identity.rs,preserve,tracked-family-source-and-metadata-reconciliation,inventory-open
crates/worth-store/tests/physical_runtime_authority/c8_recovery_handoff_constructor_is_sealed.rs,durability-vocabulary,durability-vocabulary=2,c8-handoff-constructor-compiler-denial,worth-store/physical-runtime-authority-ui,preserve,crates/worth-store/tests/physical_runtime_authority/c8_recovery_handoff_constructor_is_sealed.rs,preserve,tracked-family-source-and-metadata-reconciliation,inventory-open
crates/worth-store/tests/physical_runtime_authority/c8_recovery_handoff_is_linear.rs,durability-vocabulary,durability-vocabulary=2,c8-handoff-linearity-compiler-denial,worth-store/physical-runtime-authority-ui,preserve,crates/worth-store/tests/physical_runtime_authority/c8_recovery_handoff_is_linear.rs,preserve,tracked-family-source-and-metadata-reconciliation,inventory-open
crates/worth-store/tests/physical_runtime_authority/c8_recovery_handoff_rejects_report_conversion.rs,durability-vocabulary,durability-vocabulary=4,c8-handoff-report-conversion-compiler-denial,worth-store/physical-runtime-authority-ui,preserve,crates/worth-store/tests/physical_runtime_authority/c8_recovery_handoff_rejects_report_conversion.rs,preserve,tracked-family-source-and-metadata-reconciliation,inventory-open
crates/worth-store/tests/physical_runtime_authority/c8_recovery_operation_fact_cannot_mint_handoff.rs,durability-vocabulary,durability-vocabulary=2,c8-operation-fact-construction-compiler-denial,worth-store/physical-runtime-authority-ui,preserve,crates/worth-store/tests/physical_runtime_authority/c8_recovery_operation_fact_cannot_mint_handoff.rs,preserve,tracked-family-source-and-metadata-reconciliation,inventory-open
tools/store-test-runner/src/courtroom_campaign/bounded_residency_siege.rs,durability-vocabulary,durability-vocabulary=6,bounded-residency-courtroom-facade,store-test-runner/bounded-residency-siege,preserve,tools/store-test-runner/src/courtroom_campaign/bounded_residency_siege.rs,preserve,tracked-family-source-and-metadata-reconciliation,inventory-open
tools/store-test-runner/src/courtroom_campaign/bounded_residency_siege/c7_crash_campaign.rs,durability-vocabulary,durability-vocabulary=14,c7-seam-campaign-orchestration,store-test-runner/bounded-residency-siege,preserve,tools/store-test-runner/src/courtroom_campaign/bounded_residency_siege/c7_crash_campaign.rs,preserve,tracked-family-source-and-metadata-reconciliation,inventory-open
tools/store-test-runner/src/courtroom_campaign/bounded_residency_siege/c7_crash_campaign/checkpoint.rs,acknowledgment-topology;durability-vocabulary;root-publication-topology;wal-topology,acknowledgment-topology=1;durability-vocabulary=14;root-publication-topology=1;wal-topology=2,c7-checkpoint-signature-oracle,store-test-runner/bounded-residency-siege/c7-crash-campaign,preserve,tools/store-test-runner/src/courtroom_campaign/bounded_residency_siege/c7_crash_campaign/checkpoint.rs,preserve,tracked-family-source-and-metadata-reconciliation,inventory-open
tools/store-test-runner/src/courtroom_campaign/bounded_residency_siege/c7_crash_campaign/process_accounting.rs,durability-vocabulary;wal-topology,durability-vocabulary=9;wal-topology=5,c7-case-process-provenance-accounting,store-test-runner/bounded-residency-siege/c7-crash-campaign,preserve,tools/store-test-runner/src/courtroom_campaign/bounded_residency_siege/c7_crash_campaign/process_accounting.rs,preserve,tracked-family-source-and-metadata-reconciliation,inventory-open
tools/store-test-runner/src/courtroom_campaign/bounded_residency_siege/c7_crash_campaign/tests.rs,durability-vocabulary;wal-topology,durability-vocabulary=13;wal-topology=2,c7-seam-campaign-tests,store-test-runner/bounded-residency-siege/c7-crash-campaign,preserve,tools/store-test-runner/src/courtroom_campaign/bounded_residency_siege/c7_crash_campaign/tests.rs,preserve,tracked-family-source-and-metadata-reconciliation,inventory-open
tools/store-test-runner/src/courtroom_campaign/bounded_residency_siege/evidence_projection/performance.rs,durability-vocabulary,durability-vocabulary=2,c7-performance-evidence-projection,store-test-runner/bounded-residency-siege/evidence-projection,preserve,tools/store-test-runner/src/courtroom_campaign/bounded_residency_siege/evidence_projection/performance.rs,preserve,tracked-family-source-and-metadata-reconciliation,inventory-open
tools/store-test-runner/src/courtroom_campaign/bounded_residency_siege/oracle/c7_campaign.rs,acknowledgment-topology;durability-vocabulary,acknowledgment-topology=2;durability-vocabulary=25,c7-seam-campaign-oracle,store-test-runner/bounded-residency-siege/oracle,preserve,tools/store-test-runner/src/courtroom_campaign/bounded_residency_siege/oracle/c7_campaign.rs,preserve,tracked-family-source-and-metadata-reconciliation,inventory-open
tools/store-test-runner/src/courtroom_campaign/bounded_residency_siege/oracle/performance.rs,acknowledgment-topology;durability-vocabulary,acknowledgment-topology=3;durability-vocabulary=10,c7-performance-qualification-oracle,store-test-runner/bounded-residency-siege/oracle,preserve,tools/store-test-runner/src/courtroom_campaign/bounded_residency_siege/oracle/performance.rs,preserve,tracked-family-source-and-metadata-reconciliation,inventory-open
tools/store-test-runner/src/courtroom_campaign/bounded_residency_siege/oracle/work_reconciliation.rs,durability-barrier;durability-vocabulary;root-publication-topology;wal-topology,durability-barrier=4;durability-vocabulary=4;root-publication-topology=4;wal-topology=4,physical-work-reconciliation-oracle,store-test-runner/bounded-residency-siege/oracle,preserve,tools/store-test-runner/src/courtroom_campaign/bounded_residency_siege/oracle/work_reconciliation.rs,preserve,tracked-family-source-and-metadata-reconciliation,inventory-open
tools/store-test-runner/src/courtroom_campaign/bounded_residency_siege/oracle/work_reconciliation/tests.rs,durability-vocabulary,durability-vocabulary=6,physical-work-reconciliation-oracle-tests,store-test-runner/bounded-residency-siege/oracle,preserve,tools/store-test-runner/src/courtroom_campaign/bounded_residency_siege/oracle/work_reconciliation/tests.rs,preserve,tracked-family-source-and-metadata-reconciliation,inventory-open
tools/store-test-runner/src/courtroom_campaign/bounded_residency_siege/protocol/performance.rs,acknowledgment-topology;durability-barrier;durability-vocabulary,acknowledgment-topology=1;durability-barrier=6;durability-vocabulary=20,c7-performance-evidence-protocol,store-test-runner/bounded-residency-siege/protocol,preserve,tools/store-test-runner/src/courtroom_campaign/bounded_residency_siege/protocol/performance.rs,preserve,tracked-family-source-and-metadata-reconciliation,inventory-open
tools/store-test-runner/src/courtroom_campaign/bounded_residency_siege/schedule.rs,durability-vocabulary,durability-vocabulary=7,c7-schedule-perturbation-adapter,store-test-runner/bounded-residency-siege/schedule,preserve,tools/store-test-runner/src/courtroom_campaign/bounded_residency_siege/schedule.rs,preserve,tracked-family-source-and-metadata-reconciliation,inventory-open
tools/store-test-runner/src/courtroom_campaign/bounded_residency_siege/schedule/decision.rs,durability-vocabulary,durability-vocabulary=15,c7-lawful-schedule-decision-vocabulary,store-test-runner/bounded-residency-siege/schedule,preserve,tools/store-test-runner/src/courtroom_campaign/bounded_residency_siege/schedule/decision.rs,preserve,tracked-family-source-and-metadata-reconciliation,inventory-open
tools/store-test-runner/src/courtroom_campaign/bounded_residency_siege/timing/identity.rs,durability-vocabulary,durability-vocabulary=4,c7-case-timing-identity,store-test-runner/bounded-residency-siege/timing,preserve,tools/store-test-runner/src/courtroom_campaign/bounded_residency_siege/timing/identity.rs,preserve,tracked-family-source-and-metadata-reconciliation,inventory-open
tools/store-test-runner/src/courtroom_campaign/bounded_residency_siege/timing/mod.rs,durability-vocabulary,durability-vocabulary=5,c7-case-timing-ledger,store-test-runner/bounded-residency-siege/timing,preserve,tools/store-test-runner/src/courtroom_campaign/bounded_residency_siege/timing/mod.rs,preserve,tracked-family-source-and-metadata-reconciliation,inventory-open
tools/store-test-runner/src/courtroom_campaign/bounded_residency_siege/timing/tests.rs,durability-vocabulary,durability-vocabulary=2,c7-case-timing-proof,store-test-runner/bounded-residency-siege/timing,preserve,tools/store-test-runner/src/courtroom_campaign/bounded_residency_siege/timing/tests.rs,preserve,tracked-family-source-and-metadata-reconciliation,inventory-open
tools/store-test-runner/src/mutation_campaign/catalog/physical_reconstruction_c7.rs,durability-vocabulary;wal-topology,durability-vocabulary=21;wal-topology=2,c7-controlled-defect-catalog,store-test-runner/mutation-campaign,preserve,tools/store-test-runner/src/mutation_campaign/catalog/physical_reconstruction_c7.rs,preserve,tracked-family-source-and-metadata-reconciliation,inventory-open
tools/store-test-runner/src/mutation_campaign/catalog/physical_reconstruction_c7/wal_reopen_cleanup.rs,durability-vocabulary,durability-vocabulary=4,c7-wal-reopen-cleanup-controlled-cases,store-test-runner/mutation-campaign/c7,preserve,tools/store-test-runner/src/mutation_campaign/catalog/physical_reconstruction_c7/wal_reopen_cleanup.rs,preserve,tracked-family-source-and-metadata-reconciliation,inventory-open
tools/store-test-runner/src/mutation_campaign/catalog/physical_reconstruction_c7/ledger_accounting.rs,durability-vocabulary,durability-vocabulary=2,c7-ledger-accounting-controlled-case,store-test-runner/mutation-campaign/c7,preserve,tools/store-test-runner/src/mutation_campaign/catalog/physical_reconstruction_c7/ledger_accounting.rs,preserve,tracked-family-source-and-metadata-reconciliation,inventory-open
tools/store-test-runner/src/mutation_campaign/catalog/physical_reconstruction_c7/authority_accounting.rs,durability-vocabulary,durability-vocabulary=2,c7-authority-accounting-controlled-case,store-test-runner/mutation-campaign/c7,preserve,tools/store-test-runner/src/mutation_campaign/catalog/physical_reconstruction_c7/authority_accounting.rs,preserve,tracked-family-source-and-metadata-reconciliation,inventory-open
tools/store-test-runner/src/mutation_campaign/catalog/physical_reconstruction_c7/evidence_integrity.rs,durability-vocabulary;wal-topology,durability-vocabulary=8;wal-topology=2,c7-evidence-integrity-controlled-cases,store-test-runner/mutation-campaign/c7,preserve,tools/store-test-runner/src/mutation_campaign/catalog/physical_reconstruction_c7/evidence_integrity.rs,preserve,tracked-family-source-and-metadata-reconciliation,inventory-open
tools/store-test-runner/src/mutation_campaign/catalog/physical_reconstruction_c7/wal_lifecycle_evidence.rs,durability-vocabulary,durability-vocabulary=9,c7-wal-lifecycle-evidence-controlled-cases,store-test-runner/mutation-campaign/c7,preserve,tools/store-test-runner/src/mutation_campaign/catalog/physical_reconstruction_c7/wal_lifecycle_evidence.rs,preserve,tracked-family-source-and-metadata-reconciliation,inventory-open
tools/store-test-runner/src/mutation_campaign/catalog/physical_reconstruction_c7/wal_successor_cleanup.rs,durability-vocabulary,durability-vocabulary=2,c7-wal-successor-cleanup-controlled-case,store-test-runner/mutation-campaign/c7,preserve,tools/store-test-runner/src/mutation_campaign/catalog/physical_reconstruction_c7/wal_successor_cleanup.rs,preserve,tracked-family-source-and-metadata-reconciliation,inventory-open
crates/worth-store-physical-format/src/checkpoint/compaction_cutover_record.rs,checkpoint-publication,checkpoint-publication=4,checkpoint-compaction-cutover-record-format,worth-store-physical-format/checkpoint,preserve,crates/worth-store-physical-format/src/checkpoint/compaction_cutover_record.rs,preserve,tracked-family-source-and-metadata-reconciliation,inventory-open
crates/worth-store-physical-format/src/checkpoint/inspection.rs,checkpoint-publication,checkpoint-publication=3,bounded-checkpoint-stream-inspection,worth-store-physical-format/checkpoint,preserve,crates/worth-store-physical-format/src/checkpoint/inspection.rs,preserve,tracked-family-source-and-metadata-reconciliation,inventory-open
crates/worth-store-physical-format/src/manifest/durable_root_routing/bounded_decode_tests.rs,durability-vocabulary,durability-vocabulary=9,bounded-routing-decoder-proof,worth-store-physical-format/manifest/durable-root-routing,preserve,crates/worth-store-physical-format/src/manifest/durable_root_routing/bounded_decode_tests.rs,preserve,tracked-family-source-and-metadata-reconciliation,inventory-open
crates/worth-store-physical-format/src/root_selector.rs,durability-vocabulary,durability-vocabulary=18,durable-root-selector-format,worth-store-physical-format/root-selector,preserve,crates/worth-store-physical-format/src/root_selector.rs,preserve,tracked-family-source-and-metadata-reconciliation,inventory-open
crates/worth-store-recovery-physics/src/source_precedence/admission.rs,durability-vocabulary,durability-vocabulary=5,physical-root-slot-admission,worth-store-recovery-physics/source-precedence,preserve,crates/worth-store-recovery-physics/src/source_precedence/admission.rs,preserve,tracked-family-source-and-metadata-reconciliation,inventory-open
crates/worth-store-recovery-physics/src/source_precedence/candidate.rs,durability-vocabulary,durability-vocabulary=10,physical-root-candidate-identity,worth-store-recovery-physics/source-precedence,preserve,crates/worth-store-recovery-physics/src/source_precedence/candidate.rs,preserve,tracked-family-source-and-metadata-reconciliation,inventory-open
crates/worth-store-recovery-physics/src/source_precedence/checkpoint_base.rs,checkpoint-publication,checkpoint-publication=8,checkpoint-recovery-base-selection,worth-store-recovery-physics/source-precedence,preserve,crates/worth-store-recovery-physics/src/source_precedence/checkpoint_base.rs,preserve,tracked-family-source-and-metadata-reconciliation,inventory-open
crates/worth-store-recovery-physics/src/source_precedence/compaction_product.rs,checkpoint-publication,checkpoint-publication=2,checkpoint-compaction-product-admission,worth-store-recovery-physics/source-precedence,preserve,crates/worth-store-recovery-physics/src/source_precedence/compaction_product.rs,preserve,tracked-family-source-and-metadata-reconciliation,inventory-open
crates/worth-store-recovery-physics/src/source_precedence/current_previous_root.rs,durability-vocabulary,durability-vocabulary=6,current-previous-root-precedence,worth-store-recovery-physics/source-precedence,preserve,crates/worth-store-recovery-physics/src/source_precedence/current_previous_root.rs,preserve,tracked-family-source-and-metadata-reconciliation,inventory-open
crates/worth-store-recovery-physics/src/source_precedence/page_facts.rs,durability-vocabulary,durability-vocabulary=14,manifest-page-fact-admission,worth-store-recovery-physics/source-precedence,preserve,crates/worth-store-recovery-physics/src/source_precedence/page_facts.rs,preserve,tracked-family-source-and-metadata-reconciliation,inventory-open
crates/worth-store-recovery-physics/src/source_precedence/residue.rs,wal-topology,wal-topology=2,wal-residue-classification,worth-store-recovery-physics/source-precedence,preserve,crates/worth-store-recovery-physics/src/source_precedence/residue.rs,preserve,tracked-family-source-and-metadata-reconciliation,inventory-open
crates/worth-store-recovery-physics/src/source_precedence/selection.rs,checkpoint-publication;wal-topology,checkpoint-publication=4;wal-topology=4,physical-recovery-source-selection,worth-store-recovery-physics/source-precedence,preserve,crates/worth-store-recovery-physics/src/source_precedence/selection.rs,preserve,tracked-family-source-and-metadata-reconciliation,inventory-open
crates/worth-store-recovery-physics/src/source_precedence/wal_artifacts.rs,wal-topology,wal-topology=20,wal-artifact-precedence,worth-store-recovery-physics/source-precedence,preserve,crates/worth-store-recovery-physics/src/source_precedence/wal_artifacts.rs,preserve,tracked-family-source-and-metadata-reconciliation,inventory-open
crates/worth-store-recovery-physics/src/source_precedence/wal_artifacts/aggregation.rs,wal-topology,wal-topology=8,wal-artifact-prefix-aggregation,worth-store-recovery-physics/source-precedence/wal-artifacts,preserve,crates/worth-store-recovery-physics/src/source_precedence/wal_artifacts/aggregation.rs,preserve,tracked-family-source-and-metadata-reconciliation,inventory-open
crates/worth-store-recovery-physics/src/source_precedence/wal_tail.rs,wal-topology,wal-topology=60,wal-tail-observation-and-admission,worth-store-recovery-physics/source-precedence,preserve,crates/worth-store-recovery-physics/src/source_precedence/wal_tail.rs,preserve,tracked-family-source-and-metadata-reconciliation,inventory-open
crates/worth-store-recovery-physics/src/wal_prefix/continuity.rs,wal-topology,wal-topology=2,wal-prefix-continuity,worth-store-recovery-physics/wal-prefix,preserve,crates/worth-store-recovery-physics/src/wal_prefix/continuity.rs,preserve,tracked-family-source-and-metadata-reconciliation,inventory-open
crates/worth-store-recovery-physics/src/wal_prefix/torn_tail.rs,wal-topology,wal-topology=3,torn-wal-tail-classification,worth-store-recovery-physics/wal-prefix,preserve,crates/worth-store-recovery-physics/src/wal_prefix/torn_tail.rs,preserve,tracked-family-source-and-metadata-reconciliation,inventory-open
crates/worth-store-recovery-runtime/src/entry/outcome.rs,wal-topology,wal-topology=2,physical-recovery-terminal-outcome,worth-store-recovery-runtime/entry,preserve,crates/worth-store-recovery-runtime/src/entry/outcome.rs,preserve,tracked-family-source-and-metadata-reconciliation,inventory-open
crates/worth-store-recovery-runtime/src/entry/source_denial.rs,checkpoint-publication;wal-topology,checkpoint-publication=2;wal-topology=3,typed-recovery-source-denials,worth-store-recovery-runtime/entry,preserve,crates/worth-store-recovery-runtime/src/entry/source_denial.rs,preserve,tracked-family-source-and-metadata-reconciliation,inventory-open
crates/worth-store-recovery-runtime/src/orchestration/discovery.rs,wal-topology,wal-topology=3,bounded-physical-source-discovery,worth-store-recovery-runtime/orchestration,preserve,crates/worth-store-recovery-runtime/src/orchestration/discovery.rs,preserve,tracked-family-source-and-metadata-reconciliation,inventory-open
crates/worth-store-recovery-runtime/src/orchestration/discovery/observation.rs,durability-vocabulary;wal-topology,durability-vocabulary=2;wal-topology=2,physical-source-observation,worth-store-recovery-runtime/orchestration/discovery,preserve,crates/worth-store-recovery-runtime/src/orchestration/discovery/observation.rs,preserve,tracked-family-source-and-metadata-reconciliation,inventory-open
crates/worth-store-recovery-runtime/src/orchestration/discovery/observation/counters.rs,wal-topology,wal-topology=2,recovery-discovery-counter-projection,worth-store-recovery-runtime/orchestration/discovery/observation,preserve,crates/worth-store-recovery-runtime/src/orchestration/discovery/observation/counters.rs,preserve,tracked-family-source-and-metadata-reconciliation,inventory-open
crates/worth-store-recovery-runtime/src/orchestration/manifest_facts.rs,durability-vocabulary,durability-vocabulary=2,bounded-manifest-fact-observation,worth-store-recovery-runtime/orchestration,preserve,crates/worth-store-recovery-runtime/src/orchestration/manifest_facts.rs,preserve,tracked-family-source-and-metadata-reconciliation,inventory-open
crates/worth-store-recovery-runtime/src/progression/discovered/selection.rs,checkpoint-publication;wal-topology,checkpoint-publication=4;wal-topology=4,discovered-source-selection-progression,worth-store-recovery-runtime/progression/discovered,preserve,crates/worth-store-recovery-runtime/src/progression/discovered/selection.rs,preserve,tracked-family-source-and-metadata-reconciliation,inventory-open
crates/worth-store-recovery-runtime/src/progression/selected.rs,checkpoint-publication,checkpoint-publication=2,selected-recovery-progression,worth-store-recovery-runtime/progression,preserve,crates/worth-store-recovery-runtime/src/progression/selected.rs,preserve,tracked-family-source-and-metadata-reconciliation,inventory-open
crates/worth-store-recovery-runtime/tests/closure_ledger.rs,durability-vocabulary,durability-vocabulary=4,phase-two-recovery-ledger-proof,worth-store-recovery-runtime/tests,preserve,crates/worth-store-recovery-runtime/tests/closure_ledger.rs,preserve,tracked-family-source-and-metadata-reconciliation,inventory-open
crates/worth-store-recovery-runtime/tests/phase_three_denials.rs,checkpoint-publication;durability-vocabulary;wal-topology,checkpoint-publication=4;durability-vocabulary=5;wal-topology=3,typed-phase-three-denial-proof,worth-store-recovery-runtime/tests,preserve,crates/worth-store-recovery-runtime/tests/phase_three_denials.rs,preserve,tracked-family-source-and-metadata-reconciliation,inventory-open
crates/worth-store-recovery-runtime/tests/phase_three_manifest_denials.rs,durability-vocabulary,durability-vocabulary=3,manifest-denial-proof,worth-store-recovery-runtime/tests,preserve,crates/worth-store-recovery-runtime/tests/phase_three_manifest_denials.rs,preserve,tracked-family-source-and-metadata-reconciliation,inventory-open
crates/worth-store-recovery-runtime/tests/phase_three_root_anchor.rs,durability-vocabulary,durability-vocabulary=2,root-anchor-fallback-proof,worth-store-recovery-runtime/tests,preserve,crates/worth-store-recovery-runtime/tests/phase_three_root_anchor.rs,preserve,tracked-family-source-and-metadata-reconciliation,inventory-open
crates/worth-store-recovery-runtime/tests/phase_three_support/mod.rs,checkpoint-publication;durability-vocabulary,checkpoint-publication=5;durability-vocabulary=20,phase-three-real-media-fixture,worth-store-recovery-runtime/tests/phase-three-support,preserve,crates/worth-store-recovery-runtime/tests/phase_three_support/mod.rs,preserve,tracked-family-source-and-metadata-reconciliation,inventory-open
crates/worth-store-recovery-runtime/tests/ui/request_rejects_c7_handoff.rs,durability-vocabulary,durability-vocabulary=2,c7-handoff-rejection-compile-proof,worth-store-recovery-runtime/tests/ui,preserve,crates/worth-store-recovery-runtime/tests/ui/request_rejects_c7_handoff.rs,preserve,tracked-family-source-and-metadata-reconciliation,inventory-open
crates/worth-store/src/physical_runtime/recovery_coordination/owner.rs,root-publication-topology,root-publication-topology=1,recovery-coordination-runtime-owner,worth-store/physical-runtime/recovery-coordination,preserve,crates/worth-store/src/physical_runtime/recovery_coordination/owner.rs,preserve,tracked-family-source-and-metadata-reconciliation,inventory-open
crates/worth-store/src/physical_runtime/recovery_coordination/semantics.rs,root-publication-topology,root-publication-topology=1,recovery-coordination-signal-semantics,worth-store/physical-runtime/recovery-coordination,preserve,crates/worth-store/src/physical_runtime/recovery_coordination/semantics.rs,preserve,tracked-family-source-and-metadata-reconciliation,inventory-open
tools/store-test-runner/src/fresh_process_recovery_boundary_gate/authority_trace.rs,durability-vocabulary,durability-vocabulary=5,c8-authority-trace-proof,store-test-runner/fresh-process-recovery-boundary-gate,preserve,tools/store-test-runner/src/fresh_process_recovery_boundary_gate/authority_trace.rs,preserve,tracked-family-source-and-metadata-reconciliation,inventory-open
tools/store-test-runner/src/fresh_process_recovery_boundary_gate/closure_ledger/source_identity.rs,durability-vocabulary,durability-vocabulary=2,c8-source-identity-proof,store-test-runner/fresh-process-recovery-boundary-gate/closure-ledger,preserve,tools/store-test-runner/src/fresh_process_recovery_boundary_gate/closure_ledger/source_identity.rs,preserve,tracked-family-source-and-metadata-reconciliation,inventory-open
tools/store-test-runner/src/fresh_process_recovery_boundary_gate/cutover_inventory.rs,durability-vocabulary,durability-vocabulary=2,c8-cutover-inventory-proof,store-test-runner/fresh-process-recovery-boundary-gate,preserve,tools/store-test-runner/src/fresh_process_recovery_boundary_gate/cutover_inventory.rs,preserve,tracked-family-source-and-metadata-reconciliation,inventory-open
tools/store-test-runner/src/fresh_process_recovery_boundary_gate/cutover_inventory/import_reconciliation.rs,durability-vocabulary,durability-vocabulary=1,c8-import-reconciliation-proof,store-test-runner/fresh-process-recovery-boundary-gate/cutover-inventory,preserve,tools/store-test-runner/src/fresh_process_recovery_boundary_gate/cutover_inventory/import_reconciliation.rs,preserve,tracked-family-source-and-metadata-reconciliation,inventory-open
tools/store-test-runner/src/fresh_process_recovery_boundary_gate/destination_topology/required_destinations.rs,durability-vocabulary,durability-vocabulary=3,c8-destination-topology-proof,store-test-runner/fresh-process-recovery-boundary-gate/destination-topology,preserve,tools/store-test-runner/src/fresh_process_recovery_boundary_gate/destination_topology/required_destinations.rs,preserve,tracked-family-source-and-metadata-reconciliation,inventory-open
tools/store-test-runner/src/fresh_process_recovery_boundary_gate/destination_topology/semantic_contract.rs,durability-vocabulary,durability-vocabulary=2,c8-topology-semantic-proof,store-test-runner/fresh-process-recovery-boundary-gate/destination-topology,preserve,tools/store-test-runner/src/fresh_process_recovery_boundary_gate/destination_topology/semantic_contract.rs,preserve,tracked-family-source-and-metadata-reconciliation,inventory-open
tools/store-test-runner/src/fresh_process_recovery_boundary_gate/destination_topology/semantic_contract/responsibility.rs,durability-vocabulary,durability-vocabulary=4,c8-topology-semantic-responsibility-proof,store-test-runner/fresh-process-recovery-boundary-gate/destination-topology,preserve,tools/store-test-runner/src/fresh_process_recovery_boundary_gate/destination_topology/semantic_contract/responsibility.rs,preserve,tracked-family-source-and-metadata-reconciliation,inventory-open
tools/store-test-runner/src/fresh_process_recovery_boundary_gate/documents.rs,durability-vocabulary,durability-vocabulary=3,c8-document-continuity-proof,store-test-runner/fresh-process-recovery-boundary-gate,preserve,tools/store-test-runner/src/fresh_process_recovery_boundary_gate/documents.rs,preserve,tracked-family-source-and-metadata-reconciliation,inventory-open
tools/store-test-runner/src/fresh_process_recovery_boundary_gate/facade_inventory.rs,durability-vocabulary,durability-vocabulary=2,c8-facade-inventory-proof,store-test-runner/fresh-process-recovery-boundary-gate,preserve,tools/store-test-runner/src/fresh_process_recovery_boundary_gate/facade_inventory.rs,preserve,tracked-family-source-and-metadata-reconciliation,inventory-open
tools/store-test-runner/src/fresh_process_recovery_boundary_gate/facade_inventory/bounded_decode_surface_contract.rs,durability-vocabulary,durability-vocabulary=3,c8-bounded-decoder-surface-proof,store-test-runner/fresh-process-recovery-boundary-gate/facade-inventory,preserve,tools/store-test-runner/src/fresh_process_recovery_boundary_gate/facade_inventory/bounded_decode_surface_contract.rs,preserve,tracked-family-source-and-metadata-reconciliation,inventory-open
tools/store-test-runner/src/fresh_process_recovery_boundary_gate/facade_inventory/cross_file_surface_contract.rs,wal-topology,wal-topology=1,c8-cross-file-wal-surface-proof,store-test-runner/fresh-process-recovery-boundary-gate/facade-inventory,preserve,tools/store-test-runner/src/fresh_process_recovery_boundary_gate/facade_inventory/cross_file_surface_contract.rs,preserve,tracked-family-source-and-metadata-reconciliation,inventory-open
tools/store-test-runner/src/fresh_process_recovery_boundary_gate/facade_inventory/delivered_api/tests/private_import_tests.rs,wal-topology,wal-topology=3,c8-private-import-provenance-proof,store-test-runner/fresh-process-recovery-boundary-gate/facade-inventory,preserve,tools/store-test-runner/src/fresh_process_recovery_boundary_gate/facade_inventory/delivered_api/tests/private_import_tests.rs,preserve,tracked-family-source-and-metadata-reconciliation,inventory-open
tools/store-test-runner/src/fresh_process_recovery_boundary_gate/facade_inventory/supporting_delivery_surface_contract.rs,durability-vocabulary,durability-vocabulary=11,c8-supporting-delivery-surface-proof,store-test-runner/fresh-process-recovery-boundary-gate/facade-inventory,preserve,tools/store-test-runner/src/fresh_process_recovery_boundary_gate/facade_inventory/supporting_delivery_surface_contract.rs,preserve,tracked-family-source-and-metadata-reconciliation,inventory-open
tools/store-test-runner/src/fresh_process_recovery_boundary_gate/persisted_input_contract.rs,durability-vocabulary,durability-vocabulary=2,c8-persisted-input-contract-proof,store-test-runner/fresh-process-recovery-boundary-gate,preserve,tools/store-test-runner/src/fresh_process_recovery_boundary_gate/persisted_input_contract.rs,preserve,tracked-family-source-and-metadata-reconciliation,inventory-open
tools/store-test-runner/src/fresh_process_recovery_boundary_gate/persisted_input_contract/causal_contract.rs,checkpoint-publication;durability-vocabulary,checkpoint-publication=2;durability-vocabulary=28,c8-persisted-input-causal-contract,store-test-runner/fresh-process-recovery-boundary-gate,preserve,tools/store-test-runner/src/fresh_process_recovery_boundary_gate/persisted_input_contract/causal_contract.rs,preserve,tracked-family-source-and-metadata-reconciliation,inventory-open
crates/worth-store-recovery-physics/src/operation_reconciliation/evidence_join.rs,durability-vocabulary,durability-vocabulary=6,phase-four-operation-evidence-join,worth-store-recovery-physics/operation-reconciliation,preserve,crates/worth-store-recovery-physics/src/operation_reconciliation/evidence_join.rs,preserve,tracked-family-source-and-metadata-reconciliation,inventory-open
crates/worth-store-recovery-physics/src/operation_reconciliation/fate.rs,durability-vocabulary,durability-vocabulary=2,phase-four-operation-fate-reconciliation,worth-store-recovery-physics/operation-reconciliation,preserve,crates/worth-store-recovery-physics/src/operation_reconciliation/fate.rs,preserve,tracked-family-source-and-metadata-reconciliation,inventory-open
crates/worth-store-recovery-physics/src/operation_reconciliation/materialized_join.rs,durability-vocabulary,durability-vocabulary=1,phase-four-materialized-operation-join,worth-store-recovery-physics/operation-reconciliation,preserve,crates/worth-store-recovery-physics/src/operation_reconciliation/materialized_join.rs,preserve,tracked-family-source-and-metadata-reconciliation,inventory-open
crates/worth-store-recovery-physics/src/redo_replay/plan.rs,durability-vocabulary;wal-topology,durability-vocabulary=4;wal-topology=3,phase-four-immutable-redo-plan,worth-store-recovery-physics/redo-replay,preserve,crates/worth-store-recovery-physics/src/redo_replay/plan.rs,preserve,tracked-family-source-and-metadata-reconciliation,inventory-open
crates/worth-store-recovery-physics/src/redo_replay/record.rs,wal-topology,wal-topology=5,phase-four-canonical-redo-record,worth-store-recovery-physics/redo-replay,preserve,crates/worth-store-recovery-physics/src/redo_replay/record.rs,preserve,tracked-family-source-and-metadata-reconciliation,inventory-open
crates/worth-store-recovery-runtime/src/handoff/operation_fates.rs,durability-vocabulary,durability-vocabulary=4,phase-four-operation-fate-handoff,worth-store-recovery-runtime/handoff,preserve,crates/worth-store-recovery-runtime/src/handoff/operation_fates.rs,preserve,tracked-family-source-and-metadata-reconciliation,inventory-open
crates/worth-store-recovery-runtime/src/orchestration/planning/counters.rs,durability-vocabulary,durability-vocabulary=2,phase-four-progressive-planning-counters,worth-store-recovery-runtime/orchestration/planning,preserve,crates/worth-store-recovery-runtime/src/orchestration/planning/counters.rs,preserve,tracked-family-source-and-metadata-reconciliation,inventory-open
tools/store-test-runner/src/fresh_process_recovery_boundary_gate/destination_topology/semantic_contract/phase_four.rs,durability-vocabulary,durability-vocabulary=1,c8-phase-four-topology-semantic-proof,store-test-runner/fresh-process-recovery-boundary-gate/destination-topology,preserve,tools/store-test-runner/src/fresh_process_recovery_boundary_gate/destination_topology/semantic_contract/phase_four.rs,preserve,tracked-family-source-and-metadata-reconciliation,inventory-open
crates/worth-store-recovery-runtime/src/orchestration/planning/operation_join.rs,durability-vocabulary,durability-vocabulary=4,phase-four-operation-join-orchestration,worth-store-recovery-runtime/orchestration/planning,preserve,crates/worth-store-recovery-runtime/src/orchestration/planning/operation_join.rs,preserve,tracked-family-source-and-metadata-reconciliation,inventory-open
crates/worth-store-recovery-runtime/src/orchestration/planning/page_observation.rs,durability-vocabulary,durability-vocabulary=5,phase-four-page-observation,worth-store-recovery-runtime/orchestration/planning,preserve,crates/worth-store-recovery-runtime/src/orchestration/planning/page_observation.rs,preserve,tracked-family-source-and-metadata-reconciliation,inventory-open
crates/worth-store-recovery-runtime/tests/phase_four_ledger.rs,acknowledgment-topology;durability-vocabulary,acknowledgment-topology=1;durability-vocabulary=10,phase-four-ledger-proof,worth-store-recovery-runtime/tests,preserve,crates/worth-store-recovery-runtime/tests/phase_four_ledger.rs,preserve,tracked-family-source-and-metadata-reconciliation,inventory-open
crates/worth-store-wal/src/artifact_store/segment_inventory/segment_inspection/owned_frame.rs,wal-topology,wal-topology=5,owned-verified-wal-frame,worth-store-wal/artifact-store/segment-inventory,preserve,crates/worth-store-wal/src/artifact_store/segment_inventory/segment_inspection/owned_frame.rs,preserve,tracked-family-source-and-metadata-reconciliation,inventory-open
crates/worth-store/src/physical_runtime/recovery_freshness/binding.rs,durability-vocabulary;wal-topology,durability-vocabulary=7;wal-topology=4,recovery-freshness-binding-owner,worth-store/physical-runtime/recovery-freshness,preserve,crates/worth-store/src/physical_runtime/recovery_freshness/binding.rs,preserve,tracked-family-source-and-metadata-reconciliation,inventory-open
crates/worth-store/src/physical_runtime/recovery_freshness/port.rs,wal-topology,wal-topology=2,recovery-freshness-port,worth-store/physical-runtime/recovery-freshness,preserve,crates/worth-store/src/physical_runtime/recovery_freshness/port.rs,preserve,tracked-family-source-and-metadata-reconciliation,inventory-open
tools/store-test-runner/src/fresh_process_recovery_boundary_gate/facade_inventory/disposition_contract.rs,wal-topology,wal-topology=2,c8-disposition-contract-proof,store-test-runner/fresh-process-recovery-boundary-gate/facade-inventory,preserve,tools/store-test-runner/src/fresh_process_recovery_boundary_gate/facade_inventory/disposition_contract.rs,preserve,tracked-family-source-and-metadata-reconciliation,inventory-open
tools/store-test-runner/src/fresh_process_recovery_boundary_gate/facade_inventory/runtime_phase_four_surface_contract.rs,checkpoint-publication;durability-vocabulary;wal-topology,checkpoint-publication=6;durability-vocabulary=2;wal-topology=8,c8-phase-four-surface-proof,store-test-runner/fresh-process-recovery-boundary-gate/facade-inventory,preserve,tools/store-test-runner/src/fresh_process_recovery_boundary_gate/facade_inventory/runtime_phase_four_surface_contract.rs,preserve,tracked-family-source-and-metadata-reconciliation,inventory-open
tools/store-test-runner/src/fresh_process_recovery_boundary_gate/persisted_input_contract/role_contract.rs,durability-vocabulary,durability-vocabulary=1,c8-persisted-role-contract,store-test-runner/fresh-process-recovery-boundary-gate/persisted-input-contract,preserve,tools/store-test-runner/src/fresh_process_recovery_boundary_gate/persisted_input_contract/role_contract.rs,preserve,tracked-family-source-and-metadata-reconciliation,inventory-open
crates/worth-store-physical-format/src/manifest/durable_segment_routing/bounded_decode_tests.rs,durability-vocabulary,durability-vocabulary=11,bounded-segment-membership-decoder-proof,worth-store-physical-format/manifest/durable-segment-routing,preserve,crates/worth-store-physical-format/src/manifest/durable_segment_routing/bounded_decode_tests.rs,preserve,tracked-family-source-and-metadata-reconciliation,inventory-open
crates/worth-store-physical-format/src/recovery_projection.rs,durability-vocabulary,durability-vocabulary=2,recovery-projection-schema,worth-store-physical-format/recovery-projection,preserve,crates/worth-store-physical-format/src/recovery_projection.rs,preserve,tracked-family-source-and-metadata-reconciliation,inventory-open
crates/worth-store-physical-format/src/recovery_projection/codec.rs,durability-vocabulary,durability-vocabulary=2,recovery-projection-codec,worth-store-physical-format/recovery-projection,preserve,crates/worth-store-physical-format/src/recovery_projection/codec.rs,preserve,tracked-family-source-and-metadata-reconciliation,inventory-open
crates/worth-store-physical-format/src/recovery_projection/root_state.rs,root-publication-topology,root-publication-topology=7,recovery-projection-root-state,worth-store-physical-format/recovery-projection,preserve,crates/worth-store-physical-format/src/recovery_projection/root_state.rs,preserve,tracked-family-source-and-metadata-reconciliation,inventory-open
crates/worth-store-recovery-physics/src/redo_replay/cursor_tests.rs,wal-topology,wal-topology=2,redo-cursor-proof,worth-store-recovery-physics/redo-replay,preserve,crates/worth-store-recovery-physics/src/redo_replay/cursor_tests.rs,preserve,tracked-family-source-and-metadata-reconciliation,inventory-open
crates/worth-store-recovery-physics/src/redo_replay/plan/accessors.rs,wal-topology,wal-topology=3,immutable-redo-plan-accessors,worth-store-recovery-physics/redo-replay,preserve,crates/worth-store-recovery-physics/src/redo_replay/plan/accessors.rs,preserve,tracked-family-source-and-metadata-reconciliation,inventory-open
crates/worth-store-recovery-physics/src/redo_replay/plan/group_admission.rs,root-publication-topology,root-publication-topology=1,pre-observation-redo-group-admission,worth-store-recovery-physics/redo-replay,preserve,crates/worth-store-recovery-physics/src/redo_replay/plan/group_admission.rs,preserve,tracked-family-source-and-metadata-reconciliation,inventory-open
crates/worth-store-recovery-physics/src/redo_replay/plan/projection_materialization.rs,durability-vocabulary,durability-vocabulary=2,projected-record-byte-validation,worth-store-recovery-physics/redo-replay,preserve,crates/worth-store-recovery-physics/src/redo_replay/plan/projection_materialization.rs,preserve,tracked-family-source-and-metadata-reconciliation,inventory-open
crates/worth-store-recovery-physics/src/redo_replay/plan/projection_validation.rs,durability-vocabulary,durability-vocabulary=3,projection-semantic-validation,worth-store-recovery-physics/redo-replay,preserve,crates/worth-store-recovery-physics/src/redo_replay/plan/projection_validation.rs,preserve,tracked-family-source-and-metadata-reconciliation,inventory-open
crates/worth-store-recovery-physics/src/redo_replay/plan_tests.rs,durability-vocabulary,durability-vocabulary=4,canonical-redo-planning-proof,worth-store-recovery-physics/redo-replay,preserve,crates/worth-store-recovery-physics/src/redo_replay/plan_tests.rs,preserve,tracked-family-source-and-metadata-reconciliation,inventory-open
crates/worth-store-recovery-physics/src/redo_replay/plan_tests/fixtures.rs,durability-vocabulary;page-lsn;wal-topology,durability-vocabulary=4;page-lsn=2;wal-topology=3,canonical-redo-planning-fixtures,worth-store-recovery-physics/redo-replay,preserve,crates/worth-store-recovery-physics/src/redo_replay/plan_tests/fixtures.rs,preserve,tracked-family-source-and-metadata-reconciliation,inventory-open
crates/worth-store-recovery-physics/src/redo_replay/plan_tests/group_atomic.rs,durability-vocabulary,durability-vocabulary=3,group-atomic-redo-proof,worth-store-recovery-physics/redo-replay,preserve,crates/worth-store-recovery-physics/src/redo_replay/plan_tests/group_atomic.rs,preserve,tracked-family-source-and-metadata-reconciliation,inventory-open
crates/worth-store-recovery-physics/src/redo_replay/plan_tests/projection_mutants.rs,durability-vocabulary;root-publication-topology,durability-vocabulary=2;root-publication-topology=1,projection-omission-proof,worth-store-recovery-physics/redo-replay,preserve,crates/worth-store-recovery-physics/src/redo_replay/plan_tests/projection_mutants.rs,preserve,tracked-family-source-and-metadata-reconciliation,inventory-open
crates/worth-store-recovery-physics/src/redo_replay/record_tests.rs,wal-topology,wal-topology=2,canonical-redo-decoder-proof,worth-store-recovery-physics/redo-replay,preserve,crates/worth-store-recovery-physics/src/redo_replay/record_tests.rs,preserve,tracked-family-source-and-metadata-reconciliation,inventory-open
crates/worth-store-recovery-runtime/src/orchestration/planning/page_observation/selected_basis.rs,durability-vocabulary,durability-vocabulary=2,selected-basis-page-observation,worth-store-recovery-runtime/orchestration/planning,preserve,crates/worth-store-recovery-runtime/src/orchestration/planning/page_observation/selected_basis.rs,preserve,tracked-family-source-and-metadata-reconciliation,inventory-open
crates/worth-store-recovery-runtime/src/orchestration/planning/page_observation/allocation_truth.rs,durability-vocabulary,durability-vocabulary=4,selected-allocation-truth-admission,worth-store-recovery-runtime/orchestration/planning,preserve,crates/worth-store-recovery-runtime/src/orchestration/planning/page_observation/allocation_truth.rs,preserve,tracked-family-source-and-metadata-reconciliation,inventory-open
crates/worth-store-recovery-runtime/src/orchestration/planning/page_observation/allocation_truth/inline_allocation.rs,durability-vocabulary,durability-vocabulary=2,selected-inline-allocation-capacity-admission,worth-store-recovery-runtime/orchestration/planning,preserve,crates/worth-store-recovery-runtime/src/orchestration/planning/page_observation/allocation_truth/inline_allocation.rs,preserve,tracked-family-source-and-metadata-reconciliation,inventory-open
crates/worth-store-recovery-runtime/src/orchestration/planning/page_observation/materialized.rs,durability-vocabulary,durability-vocabulary=10,materialized-page-observation,worth-store-recovery-runtime/orchestration/planning,preserve,crates/worth-store-recovery-runtime/src/orchestration/planning/page_observation/materialized.rs,preserve,tracked-family-source-and-metadata-reconciliation,inventory-open
crates/worth-store-recovery-runtime/src/orchestration/planning/selected_source_inventory.rs,durability-vocabulary,durability-vocabulary=14,bounded-selected-source-inventory,worth-store-recovery-runtime/orchestration/planning,preserve,crates/worth-store-recovery-runtime/src/orchestration/planning/selected_source_inventory.rs,preserve,tracked-family-source-and-metadata-reconciliation,inventory-open
crates/worth-store-recovery-runtime/src/progression/planned/basis.rs,checkpoint-publication;durability-vocabulary,checkpoint-publication=3;durability-vocabulary=12,planned-recovery-execution-basis,worth-store-recovery-runtime/progression/planned,preserve,crates/worth-store-recovery-runtime/src/progression/planned/basis.rs,preserve,tracked-family-source-and-metadata-reconciliation,inventory-open
crates/worth-store-recovery-runtime/src/progression/planned/basis/identity.rs,checkpoint-publication;durability-vocabulary;root-publication-topology,checkpoint-publication=2;durability-vocabulary=3;root-publication-topology=1,planned-recovery-plan-identity,worth-store-recovery-runtime/progression/planned,preserve,crates/worth-store-recovery-runtime/src/progression/planned/basis/identity.rs,preserve,tracked-family-source-and-metadata-reconciliation,inventory-open
crates/worth-store-recovery-runtime/tests/phase_four_planning.rs,acknowledgment-topology;checkpoint-publication;durability-vocabulary;page-lsn;root-publication-topology,acknowledgment-topology=6;checkpoint-publication=13;durability-vocabulary=5;page-lsn=1;root-publication-topology=1,phase-four-planning-integration-proof,worth-store-recovery-runtime/tests,preserve,crates/worth-store-recovery-runtime/tests/phase_four_planning.rs,preserve,tracked-family-source-and-metadata-reconciliation,inventory-open
crates/worth-store-recovery-runtime/tests/phase_four_planning/phase_four_denial_counters.rs,durability-vocabulary;page-lsn,durability-vocabulary=1;page-lsn=1,phase-four-progressive-counter-proof,worth-store-recovery-runtime/tests/phase_four_planning,preserve,crates/worth-store-recovery-runtime/tests/phase_four_planning/phase_four_denial_counters.rs,preserve,tracked-family-source-and-metadata-reconciliation,inventory-open
crates/worth-store-recovery-runtime/tests/phase_four_process.rs,acknowledgment-topology;checkpoint-publication;durability-vocabulary,acknowledgment-topology=4;checkpoint-publication=8;durability-vocabulary=4,phase-four-fresh-process-proof,worth-store-recovery-runtime/tests,preserve,crates/worth-store-recovery-runtime/tests/phase_four_process.rs,preserve,tracked-family-source-and-metadata-reconciliation,inventory-open
crates/worth-store-recovery-runtime/tests/phase_five_staging.rs,acknowledgment-topology;checkpoint-publication;durability-vocabulary,acknowledgment-topology=4;checkpoint-publication=8;durability-vocabulary=2,phase-five-staging-integration-proof,worth-store-recovery-runtime/tests,preserve,crates/worth-store-recovery-runtime/tests/phase_five_staging.rs,preserve,tracked-family-source-and-metadata-reconciliation,inventory-open
crates/worth-store-recovery-runtime/tests/phase_five_generation_axes.rs,acknowledgment-topology;checkpoint-publication;durability-vocabulary,acknowledgment-topology=2;checkpoint-publication=8;durability-vocabulary=2,phase-five-independent-generation-fresh-process-proof,worth-store-recovery-runtime/tests,preserve,crates/worth-store-recovery-runtime/tests/phase_five_generation_axes.rs,preserve,tracked-family-source-and-metadata-reconciliation,inventory-open
crates/worth-store/src/physical_runtime/recovery_freshness/binding/accessors.rs,wal-topology,wal-topology=1,recovery-freshness-binding-accessors,worth-store/physical-runtime/recovery-freshness,preserve,crates/worth-store/src/physical_runtime/recovery_freshness/binding/accessors.rs,preserve,tracked-family-source-and-metadata-reconciliation,inventory-open
tools/store-test-runner/src/fresh_process_recovery_boundary_gate/facade_inventory/runtime_phase_four_plan_surface_contract.rs,durability-vocabulary;wal-topology,durability-vocabulary=5;wal-topology=2,c8-phase-four-plan-surface-proof,store-test-runner/fresh-process-recovery-boundary-gate/facade-inventory,preserve,tools/store-test-runner/src/fresh_process_recovery_boundary_gate/facade_inventory/runtime_phase_four_plan_surface_contract.rs,preserve,tracked-family-source-and-metadata-reconciliation,inventory-open
tools/store-test-runner/src/fresh_process_recovery_boundary_gate/facade_inventory/runtime_phase_four_projection_surface_contract.rs,root-publication-topology,root-publication-topology=1,c8-phase-four-projection-surface-proof,store-test-runner/fresh-process-recovery-boundary-gate/facade-inventory,preserve,tools/store-test-runner/src/fresh_process_recovery_boundary_gate/facade_inventory/runtime_phase_four_projection_surface_contract.rs,preserve,tracked-family-source-and-metadata-reconciliation,inventory-open
tools/store-test-runner/src/fresh_process_recovery_boundary_gate/persisted_input_contract/tests.rs,durability-vocabulary,durability-vocabulary=2,c8-persisted-input-proof,store-test-runner/fresh-process-recovery-boundary-gate/persisted-input-contract,preserve,tools/store-test-runner/src/fresh_process_recovery_boundary_gate/persisted_input_contract/tests.rs,preserve,tracked-family-source-and-metadata-reconciliation,inventory-open
crates/worth-store-recovery-runtime/src/progression/planned/basis/staging_cost.rs,root-publication-topology,root-publication-topology=1,phase-four-staging-cost-admission,worth-store-recovery-runtime/progression/planned/basis,preserve,crates/worth-store-recovery-runtime/src/progression/planned/basis/staging_cost.rs,preserve,tracked-family-source-and-metadata-reconciliation,inventory-open
crates/worth-store-recovery-runtime/tests/phase_five_faults.rs,acknowledgment-topology;checkpoint-publication;durability-vocabulary,acknowledgment-topology=2;checkpoint-publication=8;durability-vocabulary=2,phase-five-fault-integration-proof,worth-store-recovery-runtime/tests,preserve,crates/worth-store-recovery-runtime/tests/phase_five_faults.rs,preserve,tracked-family-source-and-metadata-reconciliation,inventory-open
crates/worth-store/src/physical_runtime/recovery_coordination/staging/execution.rs,durability-vocabulary,durability-vocabulary=3,recovery-staging-scheduled-execution,worth-store/physical-runtime/recovery-coordination/staging,preserve,crates/worth-store/src/physical_runtime/recovery_coordination/staging/execution.rs,preserve,tracked-family-source-and-metadata-reconciliation,inventory-open
crates/worth-store/src/physical_runtime/recovery_coordination/staging/execution/admission.rs,durability-vocabulary,durability-vocabulary=5,recovery-staging-work-admission,worth-store/physical-runtime/recovery-coordination/staging/execution,preserve,crates/worth-store/src/physical_runtime/recovery_coordination/staging/execution/admission.rs,preserve,tracked-family-source-and-metadata-reconciliation,inventory-open
crates/worth-store-physical-format/src/manifest/physical_free_space_membership_block/bounded_decode_tests.rs,durability-vocabulary,durability-vocabulary=11,bounded-free-space-membership-decode-proof,worth-store-physical-format/manifest/free-space-membership,preserve,crates/worth-store-physical-format/src/manifest/physical_free_space_membership_block/bounded_decode_tests.rs,preserve,tracked-family-source-and-metadata-reconciliation,inventory-open
crates/worth-store-recovery-runtime/src/orchestration/planning/page_observation/allocation_truth/tests.rs,acknowledgment-topology;checkpoint-publication;durability-vocabulary;wal-topology,acknowledgment-topology=2;checkpoint-publication=8;durability-vocabulary=3;wal-topology=2,selected-allocation-truth-production-proof,worth-store-recovery-runtime/orchestration/planning/page-observation,preserve,crates/worth-store-recovery-runtime/src/orchestration/planning/page_observation/allocation_truth/tests.rs,preserve,tracked-family-source-and-metadata-reconciliation,inventory-open
tools/store-test-runner/src/fresh_process_recovery_boundary_gate/facade_inventory/destination_surface_contract/tests.rs,durability-vocabulary,durability-vocabulary=2,c8-destination-surface-proof,store-test-runner/fresh-process-recovery-boundary-gate/facade-inventory,preserve,tools/store-test-runner/src/fresh_process_recovery_boundary_gate/facade_inventory/destination_surface_contract/tests.rs,preserve,tracked-family-source-and-metadata-reconciliation,inventory-open
crates/worth-store-physical-backend/src/filesystem_media/recovery_qualification/effect_tests.rs,durability-barrier,durability-barrier=1,recovery-qualification-effect-proof,worth-store-physical-backend/filesystem-media/recovery-qualification,preserve,crates/worth-store-physical-backend/src/filesystem_media/recovery_qualification/effect_tests.rs,preserve,tracked-family-source-and-metadata-reconciliation,inventory-open
crates/worth-store-physical-backend/src/recovery_media/publication.rs,durability-vocabulary,durability-vocabulary=1,recovery-root-protocol-publication,worth-store-physical-backend/recovery-media,preserve,crates/worth-store-physical-backend/src/recovery_media/publication.rs,preserve,tracked-family-source-and-metadata-reconciliation,inventory-open
crates/worth-store-recovery-runtime/src/lib.rs,durability-vocabulary,durability-vocabulary=1,recovery-composition-facade,worth-store-recovery-runtime,preserve,crates/worth-store-recovery-runtime/src/lib.rs,preserve,tracked-family-source-and-metadata-reconciliation,inventory-open
crates/worth-store-recovery-runtime/src/entry/publication.rs,durability-vocabulary,durability-vocabulary=3,recovery-publication-terminal-settlement,worth-store-recovery-runtime/entry,preserve,crates/worth-store-recovery-runtime/src/entry/publication.rs,preserve,tracked-family-source-and-metadata-reconciliation,inventory-open
crates/worth-store-recovery-runtime/src/orchestration/publication.rs,durability-vocabulary,durability-vocabulary=8,recovery-publication-orchestration,worth-store-recovery-runtime/orchestration,preserve,crates/worth-store-recovery-runtime/src/orchestration/publication.rs,preserve,tracked-family-source-and-metadata-reconciliation,inventory-open
crates/worth-store-recovery-runtime/src/orchestration/reopen.rs,durability-vocabulary,durability-vocabulary=6,recovery-fresh-reopen-orchestration,worth-store-recovery-runtime/orchestration,preserve,crates/worth-store-recovery-runtime/src/orchestration/reopen.rs,preserve,tracked-family-source-and-metadata-reconciliation,inventory-open
crates/worth-store-recovery-runtime/src/progression/mod.rs,durability-vocabulary,durability-vocabulary=5,recovery-progression-facade,worth-store-recovery-runtime/progression,preserve,crates/worth-store-recovery-runtime/src/progression/mod.rs,preserve,tracked-family-source-and-metadata-reconciliation,inventory-open
crates/worth-store-recovery-runtime/src/progression/namespace_durable.rs,durability-vocabulary,durability-vocabulary=6,namespace-durable-recovery-progression,worth-store-recovery-runtime/progression,preserve,crates/worth-store-recovery-runtime/src/progression/namespace_durable.rs,preserve,tracked-family-source-and-metadata-reconciliation,inventory-open
crates/worth-store-recovery-runtime/src/progression/planned/basis/derivation/closeout.rs,durability-vocabulary,durability-vocabulary=1,recovery-publication-plan-closeout,worth-store-recovery-runtime/progression/planned/basis/derivation,preserve,crates/worth-store-recovery-runtime/src/progression/planned/basis/derivation/closeout.rs,preserve,tracked-family-source-and-metadata-reconciliation,inventory-open
crates/worth-store-recovery-runtime/src/progression/planned/basis/publication_accessors.rs,checkpoint-publication;durability-vocabulary,checkpoint-publication=2;durability-vocabulary=4,recovery-publication-plan-accessors,worth-store-recovery-runtime/progression/planned/basis,preserve,crates/worth-store-recovery-runtime/src/progression/planned/basis/publication_accessors.rs,preserve,tracked-family-source-and-metadata-reconciliation,inventory-open
crates/worth-store-recovery-runtime/src/progression/planned/basis/publication_candidate.rs,durability-vocabulary,durability-vocabulary=11,recovery-publication-candidate-construction,worth-store-recovery-runtime/progression/planned/basis,preserve,crates/worth-store-recovery-runtime/src/progression/planned/basis/publication_candidate.rs,preserve,tracked-family-source-and-metadata-reconciliation,inventory-open
crates/worth-store-recovery-runtime/src/progression/planned/basis/publication_candidate/tree.rs,durability-vocabulary,durability-vocabulary=7,recovery-publication-candidate-tree,worth-store-recovery-runtime/progression/planned/basis,preserve,crates/worth-store-recovery-runtime/src/progression/planned/basis/publication_candidate/tree.rs,preserve,tracked-family-source-and-metadata-reconciliation,inventory-open
crates/worth-store-recovery-runtime/src/progression/reopened.rs,durability-vocabulary,durability-vocabulary=4,reopened-recovery-progression,worth-store-recovery-runtime/progression,preserve,crates/worth-store-recovery-runtime/src/progression/reopened.rs,preserve,tracked-family-source-and-metadata-reconciliation,inventory-open
crates/worth-store-recovery-runtime/src/progression/staged.rs,durability-vocabulary,durability-vocabulary=1,staged-recovery-publication-transition,worth-store-recovery-runtime/progression,preserve,crates/worth-store-recovery-runtime/src/progression/staged.rs,preserve,tracked-family-source-and-metadata-reconciliation,inventory-open
crates/worth-store-recovery-runtime/tests/phase_four_planning/phase_six_publication.rs,acknowledgment-topology;checkpoint-publication;durability-vocabulary,acknowledgment-topology=2;checkpoint-publication=8;durability-vocabulary=6,phase-six-publication-reopen-proof,worth-store-recovery-runtime/tests,preserve,crates/worth-store-recovery-runtime/tests/phase_four_planning/phase_six_publication.rs,preserve,tracked-family-source-and-metadata-reconciliation,inventory-open
crates/worth-store-recovery-runtime/tests/phase_four_planning/phase_six_reopen_media.rs,durability-vocabulary,durability-vocabulary=2,phase-six-fresh-reopen-media-proof,worth-store-recovery-runtime/tests,preserve,crates/worth-store-recovery-runtime/tests/phase_four_planning/phase_six_reopen_media.rs,preserve,tracked-family-source-and-metadata-reconciliation,inventory-open
crates/worth-store-recovery-runtime/tests/production_entry.rs,acknowledgment-topology;checkpoint-publication,acknowledgment-topology=2;checkpoint-publication=8,recovery-production-entry-proof,worth-store-recovery-runtime/tests,preserve,crates/worth-store-recovery-runtime/tests/production_entry.rs,preserve,tracked-family-source-and-metadata-reconciliation,inventory-open
crates/worth-store-recovery-runtime/tests/ui/namespace_durable_recovery_cannot_be_forged.rs,durability-vocabulary,durability-vocabulary=3,namespace-durable-authority-forgery-proof,worth-store-recovery-runtime/tests/ui,preserve,crates/worth-store-recovery-runtime/tests/ui/namespace_durable_recovery_cannot_be_forged.rs,preserve,tracked-family-source-and-metadata-reconciliation,inventory-open
crates/worth-store/src/physical_runtime/recovery_construction/handoff.rs,durability-vocabulary,durability-vocabulary=3,recovered-physical-runtime-handoff,worth-store/physical-runtime/recovery-construction,preserve,crates/worth-store/src/physical_runtime/recovery_construction/handoff.rs,preserve,tracked-family-source-and-metadata-reconciliation,inventory-open
crates/worth-store/src/physical_runtime/recovery_coordination/publication/execution.rs,root-publication-topology,root-publication-topology=1,recovery-publication-execution,worth-store/physical-runtime/recovery-coordination/publication,preserve,crates/worth-store/src/physical_runtime/recovery_coordination/publication/execution.rs,preserve,tracked-family-source-and-metadata-reconciliation,inventory-open
crates/worth-store/src/physical_runtime/recovery_coordination/publication/execution/admission.rs,root-publication-topology,root-publication-topology=1,recovery-publication-work-admission,worth-store/physical-runtime/recovery-coordination/publication,preserve,crates/worth-store/src/physical_runtime/recovery_coordination/publication/execution/admission.rs,preserve,tracked-family-source-and-metadata-reconciliation,inventory-open
crates/worth-store/src/physical_runtime/recovery_coordination/reopen.rs,durability-vocabulary,durability-vocabulary=8,recovery-fresh-reopen-command,worth-store/physical-runtime/recovery-coordination,preserve,crates/worth-store/src/physical_runtime/recovery_coordination/reopen.rs,preserve,tracked-family-source-and-metadata-reconciliation,inventory-open
crates/worth-store/src/physical_runtime/recovery_coordination/reopen/execution.rs,durability-vocabulary,durability-vocabulary=4,recovery-fresh-reopen-execution,worth-store/physical-runtime/recovery-coordination/reopen,preserve,crates/worth-store/src/physical_runtime/recovery_coordination/reopen/execution.rs,preserve,tracked-family-source-and-metadata-reconciliation,inventory-open
tools/store-test-runner/src/fresh_process_recovery_boundary_gate/facade_inventory/runtime_phase_six_surface_contract.rs,durability-vocabulary,durability-vocabulary=34,c8-phase-six-facade-contract,store-test-runner/fresh-process-recovery-boundary-gate/facade-inventory,preserve,tools/store-test-runner/src/fresh_process_recovery_boundary_gate/facade_inventory/runtime_phase_six_surface_contract.rs,preserve,tracked-family-source-and-metadata-reconciliation,inventory-open
crates/worth-store/src/physical_runtime/work/progression/settlement/dispatched/recovery.rs,root-publication-topology,root-publication-topology=1,recovery-root-publication-settlement-matching,worth-store/physical-runtime/work/progression/settlement,preserve,crates/worth-store/src/physical_runtime/work/progression/settlement/dispatched/recovery.rs,preserve,tracked-family-source-and-metadata-reconciliation,inventory-open
crates/worth-store-recovery-physics/src/source_precedence/checkpoint_covered_wal.rs,wal-topology,wal-topology=9,checkpoint-covered-wal-retention-classification,worth-store-recovery-physics/source-precedence,preserve,crates/worth-store-recovery-physics/src/source_precedence/checkpoint_covered_wal.rs,preserve,tracked-family-source-and-metadata-reconciliation,inventory-open
crates/worth-store-recovery-runtime/src/cleanup/disposition.rs,checkpoint-publication;wal-topology,checkpoint-publication=2;wal-topology=6,post-reopen-cleanup-disposition,worth-store-recovery-runtime/cleanup,preserve,crates/worth-store-recovery-runtime/src/cleanup/disposition.rs,preserve,tracked-family-source-and-metadata-reconciliation,inventory-open
crates/worth-store-recovery-runtime/src/cleanup/eligibility.rs,wal-topology,wal-topology=4,move-only-cleanup-eligibility,worth-store-recovery-runtime/cleanup,preserve,crates/worth-store-recovery-runtime/src/cleanup/eligibility.rs,preserve,tracked-family-source-and-metadata-reconciliation,inventory-open
crates/worth-store-recovery-runtime/src/cleanup/plan.rs,checkpoint-publication;wal-topology,checkpoint-publication=3;wal-topology=2,immutable-cleanup-command-plan,worth-store-recovery-runtime/cleanup,preserve,crates/worth-store-recovery-runtime/src/cleanup/plan.rs,preserve,tracked-family-source-and-metadata-reconciliation,inventory-open
crates/worth-store-recovery-runtime/tests/phase_seven_cleanup/process.rs,acknowledgment-topology;checkpoint-publication;durability-vocabulary;wal-topology,acknowledgment-topology=4;checkpoint-publication=8;durability-vocabulary=2;wal-topology=4,fresh-process-cleanup-convergence-proof,worth-store-recovery-runtime/tests,preserve,crates/worth-store-recovery-runtime/tests/phase_seven_cleanup/process.rs,preserve,tracked-family-source-and-metadata-reconciliation,inventory-open
crates/worth-store-recovery-runtime/tests/phase_seven_cleanup/process/assertions.rs,wal-topology,wal-topology=3,fresh-process-cleanup-result-assertions,worth-store-recovery-runtime/tests,preserve,crates/worth-store-recovery-runtime/tests/phase_seven_cleanup/process/assertions.rs,preserve,tracked-family-source-and-metadata-reconciliation,inventory-open
crates/worth-store-recovery-runtime/tests/phase_seven_faults/world.rs,acknowledgment-topology;checkpoint-publication,acknowledgment-topology=3;checkpoint-publication=8,cleanup-fault-world-construction,worth-store-recovery-runtime/tests,preserve,crates/worth-store-recovery-runtime/tests/phase_seven_faults/world.rs,preserve,tracked-family-source-and-metadata-reconciliation,inventory-open
crates/worth-store/src/physical_runtime/recovery_coordination/cleanup/freshness.rs,durability-vocabulary,durability-vocabulary=4,cleanup-freshness-signal-settlement,worth-store/recovery-coordination/cleanup,preserve,crates/worth-store/src/physical_runtime/recovery_coordination/cleanup/freshness.rs,preserve,tracked-family-source-and-metadata-reconciliation,inventory-open
crates/worth-store-wal/src/artifact_store/segment_inventory/segment_inspection/owned_artifact.rs,wal-topology,wal-topology=11,owned-verified-wal-artifact,worth-store-wal/artifact-store/segment-inventory,preserve,crates/worth-store-wal/src/artifact_store/segment_inventory/segment_inspection/owned_artifact.rs,preserve,tracked-family-source-and-metadata-reconciliation,inventory-open
tools/store-test-runner/src/fresh_process_recovery_boundary_gate/facade_inventory/runtime_phase_seven_surface_contract/wal.rs,wal-topology,wal-topology=2,phase-seven-wal-facade-contract,store-test-runner/fresh-process-recovery-boundary-gate,preserve,tools/store-test-runner/src/fresh_process_recovery_boundary_gate/facade_inventory/runtime_phase_seven_surface_contract/wal.rs,preserve,tracked-family-source-and-metadata-reconciliation,inventory-open
crates/worth-store/src/physical_runtime/recovery_coordination/cleanup/removal.rs,checkpoint-publication;wal-topology,checkpoint-publication=2;wal-topology=4,scheduled-cleanup-removal-settlement,worth-store/recovery-coordination/cleanup,preserve,crates/worth-store/src/physical_runtime/recovery_coordination/cleanup/removal.rs,preserve,tracked-family-source-and-metadata-reconciliation,inventory-open
crates/worth-store/src/physical_runtime/recovery_coordination/effect/cleanup.rs,checkpoint-publication;wal-topology,checkpoint-publication=5;wal-topology=10,performed-cleanup-removal-effect,worth-store/recovery-coordination/effect,preserve,crates/worth-store/src/physical_runtime/recovery_coordination/effect/cleanup.rs,preserve,tracked-family-source-and-metadata-reconciliation,inventory-open
crates/worth-store-physical-backend/src/recovery_media/cleanup.rs,durability-vocabulary,durability-vocabulary=1,scheduled-wal-cleanup-media-effect,worth-store-physical-backend/recovery-media/cleanup,preserve,crates/worth-store-physical-backend/src/recovery_media/cleanup.rs,preserve,tracked-family-source-and-metadata-reconciliation,inventory-open
crates/worth-store-recovery-runtime/src/cleanup/command_basis.rs,wal-topology,wal-topology=1,cleanup-command-plan-admission,worth-store-recovery-runtime/cleanup,preserve,crates/worth-store-recovery-runtime/src/cleanup/command_basis.rs,preserve,tracked-family-source-and-metadata-reconciliation,inventory-open
crates/worth-store-recovery-runtime/tests/phase_seven_cleanup/process/artifact_snapshot.rs,wal-topology,wal-topology=2,fresh-process-cleanup-artifact-snapshot,worth-store-recovery-runtime/tests,preserve,crates/worth-store-recovery-runtime/tests/phase_seven_cleanup/process/artifact_snapshot.rs,preserve,tracked-family-source-and-metadata-reconciliation,inventory-open
crates/worth-store/src/physical_runtime/media_ownership/recovery_cleanup/effect.rs,wal-topology,wal-topology=13,cleanup-media-settlement-evidence,worth-store/media-ownership/recovery-cleanup,preserve,crates/worth-store/src/physical_runtime/media_ownership/recovery_cleanup/effect.rs,preserve,tracked-family-source-and-metadata-reconciliation,inventory-open
crates/worth-store/src/physical_runtime/recovery_coordination/cleanup/mod.rs,wal-topology,wal-topology=1,cleanup-coordination-owner,worth-store/recovery-coordination/cleanup,preserve,crates/worth-store/src/physical_runtime/recovery_coordination/cleanup/mod.rs,preserve,tracked-family-source-and-metadata-reconciliation,inventory-open
crates/worth-store/src/physical_runtime/recovery_coordination/cleanup/removal/binding.rs,durability-vocabulary,durability-vocabulary=4,cleanup-removal-binding,worth-store/recovery-coordination/cleanup/removal,preserve,crates/worth-store/src/physical_runtime/recovery_coordination/cleanup/removal/binding.rs,preserve,tracked-family-source-and-metadata-reconciliation,inventory-open
crates/worth-store/src/physical_runtime/recovery_coordination/cleanup/removal/execution.rs,wal-topology,wal-topology=3,cleanup-removal-execution,worth-store/recovery-coordination/cleanup/removal,preserve,crates/worth-store/src/physical_runtime/recovery_coordination/cleanup/removal/execution.rs,preserve,tracked-family-source-and-metadata-reconciliation,inventory-open
crates/worth-store/src/physical_runtime/recovery_freshness/cleanup.rs,checkpoint-publication;wal-topology,checkpoint-publication=3;wal-topology=8,cleanup-freshness-admission,worth-store/recovery-freshness/cleanup,preserve,crates/worth-store/src/physical_runtime/recovery_freshness/cleanup.rs,preserve,tracked-family-source-and-metadata-reconciliation,inventory-open
crates/worth-store/src/physical_runtime/recovery_freshness/cleanup/plan.rs,wal-topology,wal-topology=3,cleanup-plan-freshness-binding,worth-store/recovery-freshness/cleanup,preserve,crates/worth-store/src/physical_runtime/recovery_freshness/cleanup/plan.rs,preserve,tracked-family-source-and-metadata-reconciliation,inventory-open
crates/worth-store-recovery-runtime/src/cleanup/plan/identity.rs,checkpoint-publication;wal-topology,checkpoint-publication=2;wal-topology=12,immutable-cleanup-plan-identity,worth-store-recovery-runtime/cleanup/plan,preserve,crates/worth-store-recovery-runtime/src/cleanup/plan/identity.rs,preserve,tracked-family-source-and-metadata-reconciliation,inventory-open
crates/worth-store-recovery-runtime/tests/phase_eight_process.rs,acknowledgment-topology;checkpoint-publication,acknowledgment-topology=2;checkpoint-publication=8,phase-eight-fresh-process-observation-proof,worth-store-recovery-runtime/tests,preserve,crates/worth-store-recovery-runtime/tests/phase_eight_process.rs,preserve,tracked-family-source-and-metadata-reconciliation,inventory-open
crates/worth-store-recovery-runtime/tests/phase_seven_cleanup/process/artifact_snapshot/selected_records.rs,durability-vocabulary,durability-vocabulary=16,phase-seven-independent-selected-record-artifact-oracle,worth-store-recovery-runtime/tests/phase-seven-cleanup,preserve,crates/worth-store-recovery-runtime/tests/phase_seven_cleanup/process/artifact_snapshot/selected_records.rs,preserve,tracked-family-source-and-metadata-reconciliation,inventory-open
crates/worth-store-wal/src/cleanup_admission.rs,durability-vocabulary,durability-vocabulary=1,terminal-wal-cleanup-admission,worth-store-wal/cleanup-admission,preserve,crates/worth-store-wal/src/cleanup_admission.rs,preserve,tracked-family-source-and-metadata-reconciliation,inventory-open
crates/worth-store/src/physical_runtime/recovery_freshness/cleanup/plan/admission.rs,checkpoint-publication,checkpoint-publication=2,store-cleanup-plan-admission,worth-store/recovery-freshness/cleanup/plan,preserve,crates/worth-store/src/physical_runtime/recovery_freshness/cleanup/plan/admission.rs,preserve,tracked-family-source-and-metadata-reconciliation,inventory-open
crates/worth-store/src/physical_runtime/recovery_freshness/cleanup/plan/candidates.rs,wal-topology,wal-topology=6,store-cleanup-candidate-admission,worth-store/recovery-freshness/cleanup/plan,preserve,crates/worth-store/src/physical_runtime/recovery_freshness/cleanup/plan/candidates.rs,preserve,tracked-family-source-and-metadata-reconciliation,inventory-open
crates/worth-store/src/physical_runtime/recovery_freshness/cleanup/plan/identity.rs,wal-topology,wal-topology=2,store-cleanup-plan-identity,worth-store/recovery-freshness/cleanup/plan,preserve,crates/worth-store/src/physical_runtime/recovery_freshness/cleanup/plan/identity.rs,preserve,tracked-family-source-and-metadata-reconciliation,inventory-open
crates/worth-store/src/physical_runtime/recovery_freshness/cleanup/plan/materialization.rs,wal-topology,wal-topology=3,store-cleanup-plan-materialization,worth-store/recovery-freshness/cleanup/plan,preserve,crates/worth-store/src/physical_runtime/recovery_freshness/cleanup/plan/materialization.rs,preserve,tracked-family-source-and-metadata-reconciliation,inventory-open
