guarantee,source,relation,source_sha256
C8-P8-API-01,workspaces/worth-store/tools/store-test-runner/src/fresh_process_recovery_boundary_gate/destination_topology/semantic_contract.rs,path-exact-destination-contract-facade,37d98a7b525a6c4a660d0b55f3588ae0d81c077cb3090510295e5ea50768234b
C8-P8-API-01,workspaces/worth-store/tools/store-test-runner/src/fresh_process_recovery_boundary_gate/destination_topology/semantic_contract/layout_indexes.rs,path-exact-layout-indexes-destinations,21b27c5de0df1e487b1a531a03637770e2815080a29e9e767542a332cff969e8
C8-P8-API-01,workspaces/worth-store/tools/store-test-runner/src/fresh_process_recovery_boundary_gate/destination_topology/semantic_contract/offline_verifier.rs,path-exact-offline-verifier-destinations,fd402707dd5b12d6e5fa1b8dadd97141f21988c1c52b262616faa9f7ed01fc90
C8-P8-API-01,workspaces/worth-store/tools/store-test-runner/src/fresh_process_recovery_boundary_gate/destination_topology/semantic_contract/operations.rs,path-exact-operations-destinations,3374031440ae36a18bc6992aa6f16ad4296465d35c6b9fa2766f0da14b286535
C8-P8-API-01,workspaces/worth-store/tools/store-test-runner/src/fresh_process_recovery_boundary_gate/destination_topology/semantic_contract/physical_backend.rs,path-exact-physical-backend-destinations,db313d6b019d5b824719f20e0bc63fb097b54dcc151a7ac9c95b022792ea1704
C8-P8-API-01,workspaces/worth-store/tools/store-test-runner/src/fresh_process_recovery_boundary_gate/destination_topology/semantic_contract/physical_certification.rs,path-exact-physical-certification-destinations,abde0cb020bcf2585fac9081c103994567fe0f9e59e38faadfb38bef05787250
C8-P8-API-01,workspaces/worth-store/tools/store-test-runner/src/fresh_process_recovery_boundary_gate/destination_topology/semantic_contract/physical_format.rs,path-exact-physical-format-destinations,b54c97e4767872e70db803057130a6ecc674fc1aed877115f3d276ef842df324
C8-P8-API-01,workspaces/worth-store/tools/store-test-runner/src/fresh_process_recovery_boundary_gate/destination_topology/semantic_contract/physical_isolation.rs,path-exact-physical-isolation-destinations,02d227f024f3b6e84d169501b9e02fcc6d86297e03e759e5721e8c733b6d650e
C8-P8-API-01,workspaces/worth-store/tools/store-test-runner/src/fresh_process_recovery_boundary_gate/destination_topology/semantic_contract/process_bundle.rs,path-exact-process-bundle-destinations,c0d69570f8443a71499829207060c93d3ded2a91aea9420f92c7eb794ad7701b
C8-P8-API-01,workspaces/worth-store/tools/store-test-runner/src/fresh_process_recovery_boundary_gate/destination_topology/semantic_contract/recovery_physics_planning.rs,path-exact-recovery-physics-planning-destinations,44a550ff4a12bc1dadd44a394a287e62924a686c34ed8e3ba07fb8fad5217884
C8-P8-API-01,workspaces/worth-store/tools/store-test-runner/src/fresh_process_recovery_boundary_gate/destination_topology/semantic_contract/recovery_physics_redo.rs,path-exact-recovery-physics-redo-destinations,d1e1d9d20d3b553140271aacc0bc9acd3761a5cebdf7c9f29dbdccbbc18fa7c9
C8-P8-API-01,workspaces/worth-store/tools/store-test-runner/src/fresh_process_recovery_boundary_gate/destination_topology/semantic_contract/recovery_physics_source.rs,path-exact-recovery-physics-source-destinations,4bcd1e5bdbbfb6bf61944c66892242d1ed4fca7075a6dc94452e09117bd78c47
C8-P8-API-01,workspaces/worth-store/tools/store-test-runner/src/fresh_process_recovery_boundary_gate/destination_topology/semantic_contract/recovery_runtime_entry.rs,path-exact-recovery-runtime-entry-destinations,d541f37b1042e9350936da8cf82d4016833a2e7c76a95dace9df192255502bd2
C8-P8-API-01,workspaces/worth-store/tools/store-test-runner/src/fresh_process_recovery_boundary_gate/destination_topology/semantic_contract/recovery_runtime_orchestration.rs,path-exact-recovery-runtime-orchestration-destinations,a2012a52e7159db43966319c1dff61edec8ff99fd498d1d11f946e006c81e1be
C8-P8-API-01,workspaces/worth-store/tools/store-test-runner/src/fresh_process_recovery_boundary_gate/destination_topology/semantic_contract/recovery_runtime_outcomes.rs,path-exact-recovery-runtime-outcomes-destinations,2db9ddad98f37868d5ea1cfbe9879e757b07678883042c30ac443f600d811d5b
C8-P8-API-01,workspaces/worth-store/tools/store-test-runner/src/fresh_process_recovery_boundary_gate/destination_topology/semantic_contract/recovery_runtime_progression.rs,path-exact-recovery-runtime-progression-destinations,777bf5f28dbe2d87a0ca3cc974a19e7e1c53fd0bf4bb8c921bd0236f55fb14b6
C8-P8-API-01,workspaces/worth-store/tools/store-test-runner/src/fresh_process_recovery_boundary_gate/destination_topology/semantic_contract/security.rs,path-exact-security-destinations,5423bf7d3926910b87606356d49797918b72528ca25803546513dd792eabf24f
C8-P8-API-01,workspaces/worth-store/tools/store-test-runner/src/fresh_process_recovery_boundary_gate/destination_topology/semantic_contract/store_construction.rs,path-exact-store-construction-destinations,cf0708061becb67659fed565d2c5c8908de54873ef37d67ccfe11dac37722520
C8-P8-API-01,workspaces/worth-store/tools/store-test-runner/src/fresh_process_recovery_boundary_gate/destination_topology/semantic_contract/store_coordination.rs,path-exact-store-coordination-destinations,5b5a9f0791318db4051dcbb6ecf2605e0dbf407a71effd77c1ee6e404adfbdec
C8-P8-API-01,workspaces/worth-store/tools/store-test-runner/src/fresh_process_recovery_boundary_gate/destination_topology/semantic_contract/store_freshness.rs,path-exact-store-freshness-destinations,a3581420018445959b09d5b986333bc87ae2c0e90d3ec7ea44404b0668218753
C8-P8-API-01,workspaces/worth-store/tools/store-test-runner/src/fresh_process_recovery_boundary_gate/destination_topology/semantic_contract/wal.rs,path-exact-wal-destinations,34230bf31f98b06838f8a82be5bd95df6579815cbdfa058bb85d6d4b5eb8ff93
C8-P8-API-01,workspaces/worth-store/tools/store-test-runner/src/fresh_process_recovery_boundary_gate/destination_topology/semantic_tests.rs,unknown-and-cross-domain-destination-hostility,e5608630536b54978b330f0fca511647c8d9b73ade675a17d0cce5627ebc583e
C8-P8-RETIREMENT-01,workspaces/worth-store/tools/store-test-runner/src/mutation_campaign/evidence.rs,retained-evidence-wrapper-retirement,889b099d724222eae971fce7517049fb604521222509d5cb7d4027bcf904bc2d
C8-P8-API-01,_docs/worth-store/physical-reconstruction-c8-destination-topology.csv,exact-destination-topology,7f9d3732b51ce0cbf58a1f546bfc52842787869854e880d635bf2d32ed836210
C8-P8-API-01,_docs/worth-store/physical-reconstruction-c8-public-api.csv,exact-api-inventory,060233c8655ec6d439ebe7582f62537376f9ba75050cd47129245d060280daa6
C8-P8-API-01,workspaces/worth-store/crates/worth-store-offline-verifier/src/backup_verification/checkpoint_backup_verification.rs,checkpoint-backup-owner-verifier,d9debaa239e9b487ae54f55e056b0a7b0613d39f089f6607c72d27f374efffc9
C8-P8-API-01,workspaces/worth-store/crates/worth-store-offline-verifier/src/lib.rs,offline-verifier-root-facade,652e3be833571795351c3a52222e2ad3e02b860a9a012c8c8356c21a4ae0f3dc
C8-P8-API-01,workspaces/worth-store/crates/worth-store-offline-verifier/src/truth_composition/mod.rs,candidate-module-facade,d47be6cdd7ead22e7b9ec187f9773c5cfad75ae225d3226c9cfd0e1684592d18
C8-P8-API-01,workspaces/worth-store/crates/worth-store-physical-format/src/checkpoint/backup_artifact.rs,checkpoint-backup-wire-model-and-encoder,37ff79973ec35c5fb01e2e1b4c3b0680939bd6d61ed7d88efbc95dbf085f2e88
C8-P8-API-01,workspaces/worth-store/crates/worth-store-physical-format/src/checkpoint/backup_artifact_decode.rs,checkpoint-backup-wire-decoder,7a6e55ac5ff228d32df8f4b6155fa8222e959b244c36151e6e729ef4abbeeb7a
C8-P8-API-01,workspaces/worth-store/tools/store-test-runner/src/fresh_process_recovery_boundary_gate/facade_inventory.rs,phase-eight-facade-gate,ae453d9b80728cdc65c0d0a45c50819ef24ddff9513c565ea07e90262a3b8f78
C8-P8-API-01,workspaces/worth-store/tools/store-test-runner/src/fresh_process_recovery_boundary_gate/facade_inventory/destination_surface_contract/backend_recovery_evidence.rs,backend-recovery-evidence-surface-contract,728125e5ed10362a23fdad3d0b7978fba01913909358dde94f9a655e40d0a454
C8-P8-API-01,workspaces/worth-store/tools/store-test-runner/src/fresh_process_recovery_boundary_gate/facade_inventory/destination_surface_contract/tests.rs,exact-accessor-owner-proof,89fb0c86c79b329aa0e8582a129cfbbd677d62792bbebd9d52de12234388ffd4
C8-P8-API-01,workspaces/worth-store/tools/store-test-runner/src/fresh_process_recovery_boundary_gate/facade_inventory/offline_verifier_candidate_surface_contract.rs,candidate-facade-contract,c88f198daa31faf33903241d79cf1d15c5c8b29ddc929898e666c8d0dc1b200a
C8-P8-API-01,workspaces/worth-store/tools/store-test-runner/src/fresh_process_recovery_boundary_gate/facade_inventory/runtime_phase_seven_surface_contract.rs,phase-seven-delivery-contract,949102a841d3ac1353995f17c5573ee49dc9395a83f123691e1de6fbbf00b4e5
C8-P8-API-01,workspaces/worth-store/tools/store-test-runner/src/fresh_process_recovery_boundary_gate/facade_inventory/runtime_phase_seven_surface_contract/backend.rs,backend-mechanism-contract,ba8f1eb04a7bc86f0095e878beb3aed2ae2d09a9d759662120f1efec03921fc7
C8-P8-API-01,workspaces/worth-store/tools/store-test-runner/src/fresh_process_recovery_boundary_gate/facade_inventory/runtime_phase_seven_surface_contract/media_effect.rs,store-cleanup-media-effect-contract,e3e88301c585d1f302ea3f9dd57d3a333c9bf48cc92fe744a07624560d9a7686
C8-P8-CUTOVER-01,_docs/worth-store/physical-reconstruction-c8-cutover-inventory.csv,scoped-disposition-inventory,1554ec615f2167c07bc6577b4fa8546f397f2255ef94b2911e049e1f4de21cf2
C8-P8-CUTOVER-01,workspaces/worth-store/crates/worth-store-offline-verifier/src/backup_verification/checkpoint_backup_tests.rs,independent-checkpoint-wire-and-frontier-proofs,ab8fe9946d2dcd3dbf208e910b1c707fddfe3ccfecae05c8e07bcd50ec9accb3
C8-P8-CUTOVER-01,workspaces/worth-store/crates/worth-store-offline-verifier/src/backup_verification/owner_artifact_verification.rs,verified-artifact-candidate-consumer,b7101c77826d29d1cb4c426474edae3df12953f22e48040e9810c0fb2f91e095
C8-P8-CUTOVER-01,workspaces/worth-store/crates/worth-store-offline-verifier/src/truth_composition/candidate_evaluation/candidate_set.rs,offline-verifier-candidate-destination,5164b7861b9af5eefc9f53053280140c8aa77c6a5d6a3ac9dc4c4de0230e5b08
C8-P8-CUTOVER-01,workspaces/worth-store/crates/worth-store-offline-verifier/src/truth_composition/operational_truth_report.rs,candidate-report-consumer,ad69375c05202329fba112b8e88f5b4e7896cdc9c0066389f8330d8b2d874692
C8-P8-CUTOVER-01,workspaces/worth-store/crates/worth-store-offline-verifier/src/truth_composition/tests.rs,operational-candidate-denial-composition-proof,dc7b0caccb2b0b3fa2f8bb2605bb22710922ebb96b8748d699d0361e33cba4e6
C8-P8-CUTOVER-01,workspaces/worth-store/crates/worth-store-operations/src/phase_1_6_tests/checkpoint_encoder_verification.rs,independent-checkpoint-encoder-wire-oracle,24ef47c7be00fd8645ffafbfb21a5555bbe8ca2007f9f879bfaa160f87df9a83
C8-P8-CUTOVER-01,workspaces/worth-store/crates/worth-store-physical-backend/src/recovery_media/staging/exact_prefix.rs,exact-prefix-backend-staging,59c0f0b078386211f620a6089ae8a1db1198456a124792bba53eab8f3c76c164
C8-P8-CUTOVER-01,workspaces/worth-store/crates/worth-store-physical-format/src/checkpoint/tests/backup_artifact.rs,checkpoint-producer-frontier-constructor-proof,46e850ce418bfcdf95de5949c2ef2d8b91ed25e8752c5f678f7ac06a51c4d2f1
C8-P8-CUTOVER-01,workspaces/worth-store/crates/worth-store-recovery-runtime/tests/phase_eight_process/checkpoint_crash.rs,killed-writer-checkpoint-frontier-matrix,c6108217d01e6fa44b90a338177db1d03e5eb5510afb7c923d09227b4b79766a
C8-P8-CUTOVER-01,workspaces/worth-store/crates/worth-store-recovery-runtime/tests/phase_eight_process/checkpoint_crash/case.rs,killed-writer-checkpoint-case,d86e1849dce1f786026d35d2491fcb4121cb22bf0f8cc2ffe2dc57588c332d90
C8-P8-CUTOVER-01,workspaces/worth-store/crates/worth-store-recovery-runtime/tests/phase_eight_process/checkpoint_crash/case/crash_frontier.rs,killed-writer-checkpoint-composition,82f3ef67eed6909f46be8ff79182ec8cde5d9ad6cf628a4cada8ce7a05b95404
C8-P8-CUTOVER-01,workspaces/worth-store/crates/worth-store-recovery-runtime/tests/phase_eight_process/checkpoint_crash/case/fixture_setup.rs,killed-writer-checkpoint-composition,00891c88995d1a6e94b516853cac26cbd095678433f07c528a70f39d3a5cec36
C8-P8-CUTOVER-01,workspaces/worth-store/crates/worth-store-recovery-runtime/tests/phase_eight_process/checkpoint_crash/case/independent_recoveries.rs,killed-writer-checkpoint-composition,0a0f6761f18f43001c2865a464b1df437437f55a34bcb71daf26fb713fcd9038
C8-P8-CUTOVER-01,workspaces/worth-store/crates/worth-store-recovery-runtime/tests/phase_eight_process/checkpoint_crash/case/mutation.rs,persisted-wal-mutation-owner,ab82060b15d2e5b7daf28a0e5834c6b9df2dfb36c25d7dfaeecda324446a49ee
C8-P8-CUTOVER-01,workspaces/worth-store/crates/worth-store-recovery-runtime/tests/phase_eight_process/checkpoint_crash/case/mutation_proof.rs,killed-writer-checkpoint-composition,034b8f71711dca39083eb6d06e38c2a18ddf8fdb1a38ca133ea6311b783bc07b
C8-P8-CUTOVER-01,workspaces/worth-store/crates/worth-store-recovery-runtime/tests/phase_eight_process/checkpoint_crash/case/observer_comparison.rs,killed-writer-checkpoint-composition,1aecb96d33e5b481bd39a18d313c6ce3b9a985ff3956e1b94cf5d876e962e925
C8-P8-CUTOVER-01,workspaces/worth-store/crates/worth-store-recovery-runtime/tests/phase_eight_process/checkpoint_crash/case/teardown.rs,killed-writer-checkpoint-composition,82c8f2c7748ad4ce6a9cfdee4b5d291dd215955a0337b1af7cff2764e8ec0059
C8-P8-CUTOVER-01,workspaces/worth-store/crates/worth-store-recovery-runtime/tests/phase_eight_process/checkpoint_crash/evidence.rs,killed-writer-snapshot-evidence,ddcdb3e3d9b6a57d4af29c7ea21da562d43c962f668e39b220f694e7ae507b57
C8-P8-CUTOVER-01,workspaces/worth-store/crates/worth-store-recovery-runtime/tests/phase_eight_process/checkpoint_crash/evidence/barrier_receipt.rs,checkpoint-frontier-barrier-receipt,9abe6f2c5766dadd057bba0ff85de1098ce48bf280287fbee83a286ba4fe5c55
C8-P8-CUTOVER-01,workspaces/worth-store/crates/worth-store-recovery-runtime/tests/phase_eight_process/checkpoint_crash/evidence/checkpoint_records.rs,checkpoint-frontier-record-parser,7e0fdd4d494e3be69dcb29072fbb2a038c4edb19b08242cac7834beefddb7fad
C8-P8-CUTOVER-01,workspaces/worth-store/crates/worth-store-recovery-runtime/tests/phase_eight_process/checkpoint_crash/evidence/frontier.rs,checkpoint-frontier-meaning,c2f2b9f2b76742c7bd175df4cb9c8fc3b6ec80d461a15b7b284bbe059a8d1848
C8-P8-CUTOVER-01,workspaces/worth-store/crates/worth-store-recovery-runtime/tests/phase_eight_process/checkpoint_crash/evidence/snapshot.rs,checkpoint-frontier-snapshot,f9475cb9a766be96984a4c52ff3d5c982aa3bb179bd796ae767e60d2b01c1329
C8-P8-CUTOVER-01,workspaces/worth-store/crates/worth-store-recovery-runtime/tests/phase_eight_process/checkpoint_crash/process.rs,killed-writer-process-boundary,13028c3041723581b01d720d1fb265292d78c9354c643907c32604b5d953ed7a
C8-P8-CUTOVER-01,workspaces/worth-store/crates/worth-store-recovery-runtime/tests/phase_eight_process/checkpoint_crash/process/observer_process.rs,killed-writer-observer-boundary,281286df3326d09d2c3dcc9b20dee15124d33b2d88aae5684ba81dee6848f165
C8-P8-CUTOVER-01,workspaces/worth-store/crates/worth-store-recovery-runtime/tests/phase_eight_process/checkpoint_crash/process/observer_report.rs,killed-writer-observer-report,e6394e573a41cc907489cc6270cd9831395f530b8f594b3d0272f465767eedcd
C8-P8-CUTOVER-01,workspaces/worth-store/crates/worth-store-recovery-runtime/tests/phase_eight_process/checkpoint_crash/process/recovery_process.rs,killed-writer-recovery-boundary,ba048fbe7ed9ae2f8fa4c6fc719a820e334c79dd7fe4a47655f251ff02dd3328
C8-P8-CUTOVER-01,workspaces/worth-store/crates/worth-store-recovery-runtime/tests/phase_eight_process/checkpoint_crash/process/recovery_report.rs,killed-writer-recovery-report,4a9a54d8b71e2ef669e39cbb52444dd5ccba1b22a3796a9d8daba83242c3a013
C8-P8-CUTOVER-01,workspaces/worth-store/crates/worth-store-recovery-runtime/tests/phase_eight_process/checkpoint_crash/process/writer_process.rs,checkpoint-profile-routing,451cd9d7ff55f447e73f0c7bdc1dd3b739cc7fc9733749588afa3e61ee73fd6d
C8-P8-CUTOVER-01,workspaces/worth-store/crates/worth-store-recovery-runtime/tests/phase_five_prefix_completion.rs,phase-five-exact-prefix-recovery-proof,33801fc6609cafa1aca9679fe013334bdeeaf01f03ef11c76588622ca7ea2c4b
C8-P8-CUTOVER-01,workspaces/worth-store/crates/worth-store/Cargo.toml,ordinary-production-writer-registration,aa25c3b8451208b507d694487175ab5e024fb7eca859f200b592b23317259625
C8-P8-CUTOVER-01,workspaces/worth-store/crates/worth-store/src/bin/physical_store_c8_writer.rs,ordinary-production-writer-process,11f891aac592c68b3624ddf40afba16f18a2436f036690634d9f2948dbdc5adc
C8-P8-CUTOVER-01,workspaces/worth-store/crates/worth-store/src/bin/physical_store_c8_writer/admission.rs,ordinary-writer-media-admission,de7fea8a17eedcd7d4b1f6399288670ac4013c476f56e91f15d4e7efe9815117
C8-P8-CUTOVER-01,workspaces/worth-store/crates/worth-store/src/bin/physical_store_c8_writer/barrier_receipt.rs,writer-barrier-receipt,b3c0d8498d4cf466c0e6f7131e75903b382557e20cb543cccf83a483409b5ffa
C8-P8-CUTOVER-01,workspaces/worth-store/crates/worth-store/src/bin/physical_store_c8_writer/checkpoint.rs,ordinary-writer-composition,70300350f2e81e4e6b74a9c58ab04beda6132e9ace536aa613e3eb55fc21ea47
C8-P8-CUTOVER-01,workspaces/worth-store/crates/worth-store/src/bin/physical_store_c8_writer/configuration.rs,ordinary-writer-record-configuration,38b41f2c42e51b387d3f627b8f0be9d7db09f2a88010d13c1465300743d0438b
C8-P8-CUTOVER-01,workspaces/worth-store/crates/worth-store/src/bin/physical_store_c8_writer/dirty_mutation.rs,dirty-mutation-orchestration,ec365163fc721a40b5f5a704879b961e59bc2e8054a6582e28d63aecb802159b
C8-P8-CUTOVER-01,workspaces/worth-store/crates/worth-store/src/bin/physical_store_c8_writer/durability_profile.rs,sealed-writer-durability-profile,61106b2ab305674f81111e0b484210432d3a52d19a2a02a7dc2f599dc89ba71f
C8-P8-CUTOVER-01,workspaces/worth-store/crates/worth-store/src/bin/physical_store_c8_writer/durable_before_ack.rs,ordinary-writer-composition,150459d820868105932cb9c171f5f9b3014bf58520773d40ff58c89dcb039b91
C8-P8-CUTOVER-01,workspaces/worth-store/crates/worth-store/src/bin/physical_store_c8_writer/history.rs,ordinary-writer-composition,956f1e8398311ebc697860d3952c7c09b713e964b9c115928c4e3a396d664e44
C8-P8-CUTOVER-01,workspaces/worth-store/crates/worth-store/src/bin/physical_store_c8_writer/identity_receipt.rs,writer-identity-receipt,92f33ca6ba37531a1b6437cfd2a2b6c7322e693a5c42bcf260517638d1112276
C8-P8-CUTOVER-01,workspaces/worth-store/crates/worth-store/src/bin/physical_store_c8_writer/initialization.rs,ordinary-writer-composition,043d6c27eb7037fcc8f057d118a4350efed37a0af3aaac76ec7299c6cef0d67d
C8-P8-CUTOVER-01,workspaces/worth-store/crates/worth-store/src/bin/physical_store_c8_writer/lifecycle.rs,ordinary-writer-process-lifecycle,0efe2afe7ec070fa0a6e659db95f948ce3ed76388da4b860266fa8c1a9b44875
C8-P8-CUTOVER-01,workspaces/worth-store/crates/worth-store/src/bin/physical_store_c8_writer/markers.rs,ordinary-writer-composition,2746d09b9ed3f5bd1807ffd537b88d763b61db27aea9b0d88f5a5b9ddc039725
C8-P8-CUTOVER-01,workspaces/worth-store/crates/worth-store/src/bin/physical_store_c8_writer/mutation_material.rs,deterministic-mutation-payload,e958530c8b186f0ab385ebb5cdc37687a2870d1ddbb32732149fcb5f8d7af3cf
C8-P8-CUTOVER-01,workspaces/worth-store/crates/worth-store/src/bin/physical_store_c8_writer/mutation_submission.rs,shared-mutation-submission,63787f67fe183173552fbdbd5434d3104e6cf33d727f0eae1cf15df905521cf5
C8-P8-CUTOVER-01,workspaces/worth-store/crates/worth-store/src/bin/physical_store_c8_writer/no_effect.rs,ordinary-writer-composition,7f26038b64f9c90c9c481eca289fc033bf36b752e61d049b7e538e84cf6888b8
C8-P8-CUTOVER-01,workspaces/worth-store/crates/worth-store/src/bin/physical_store_c8_writer/operation_program.rs,parent-submitted-operation-wire,4f610bd5fc598996e40bb55c72f30675be963377c772a62fff8c6483a9366d28
C8-P8-CUTOVER-01,workspaces/worth-store/crates/worth-store/src/bin/physical_store_work_courtroom/bounded_residency/producer.rs,courtroom-producer-wal-group-fit,9af64eac0521a33bcd70829085b356788236184e26d02fc7ebd1ba81d7e05f89
C8-P8-CUTOVER-01,workspaces/worth-store/crates/worth-store/src/bin/physical_store_work_courtroom/bounded_residency/serving.rs,courtroom-dual-gate-installation,7e6248c1f06a2ce0a75489f0bb1d1e1bda39eb8010bbcb1d01901aef2ebc476b
C8-P8-CUTOVER-01,workspaces/worth-store/crates/worth-store/src/bin/physical_store_work_courtroom/bounded_residency/speculative_pressure/read_pressure/prefetch.rs,bounded-two-arrival-prefetch-proof,ad536197efc1b101d381ec28a8ff4175d706dc87fe4a93b8ad6ada5ee089401c
C8-P8-CUTOVER-01,workspaces/worth-store/crates/worth-store/src/bin/physical_store_work_courtroom/bounded_residency/writeback_pressure.rs,courtroom-pressure-gate-projection,9f56c9bee2223676d3d135da7a985eeddb3c968e860a48c54eb80637bd67d0ad
C8-P8-CUTOVER-01,workspaces/worth-store/crates/worth-store/src/bin/physical_store_work_courtroom/bounded_residency/writeback_pressure/append_pressure.rs,courtroom-dual-gate-sequence,b4199c493f52106b2a410b506668934e7f6bc5b67c7bc9c984b9ec78b064e6a4
C8-P8-CUTOVER-01,workspaces/worth-store/crates/worth-store/src/bin/physical_store_work_courtroom/bounded_residency/writeback_pressure/dispatch_coordination.rs,courtroom-pressure-dispatch-boundary,4fb28d6321878c2a1981a2af125987b09bb79c48e5e28fe4011d1fd5d367bc89
C8-P8-CUTOVER-01,workspaces/worth-store/crates/worth-store/src/physical_runtime/durability/checkpoint/capture.rs,checkpoint-capture-owner,a3516d3b30e16de15c3912daf5acc91e858beb9f53c3cac07c8da45e45b19fe6
C8-P8-CUTOVER-01,workspaces/worth-store/crates/worth-store/src/physical_runtime/durability/checkpoint/mod.rs,ordinary-checkpoint-surface,3aa05d117ce93d35ff84057ef28749beb54ebd5bec5a367d244fe67e2ca8821f
C8-P8-CUTOVER-01,workspaces/worth-store/crates/worth-store/src/physical_runtime/durability/checkpoint/publication.rs,checkpoint-publication-owner,ec9c9c4ec5d677de48c013e84134e43d01bed72a5c76201b88b9697cada0f292
C8-P8-CUTOVER-01,workspaces/worth-store/crates/worth-store/src/physical_runtime/durability/checkpoint/reopen.rs,checkpoint-reopen-owner,9f1858fb46034e1aae7846184e13d61a01833927822440cabd39a34454070a2a
C8-P8-CUTOVER-01,workspaces/worth-store/crates/worth-store/src/physical_runtime/durability/checkpoint/reopen/binding_compaction.rs,checkpoint-binding-reopen-owner,17c31af0b8ceb7d769a4bd3096daf04cc8405137cf5e394a359cd762fb1d2499
C8-P8-CUTOVER-01,workspaces/worth-store/crates/worth-store/src/physical_runtime/durability/checkpoint/runtime_owner.rs,ordinary-checkpoint-yieldpoint-owner,c04cfc826a4e8846edc8d90f6b2884ba45d9e78f017ebe265b85b9c39ae70697
C8-P8-CUTOVER-01,workspaces/worth-store/crates/worth-store/src/physical_runtime/durability/checkpoint/work_port.rs,ordinary-checkpoint-work-port,d291fa29a96c1a54f0742e0cc9e664ab0ef83d1677b100b38e690f96e9c3f604
C8-P8-CUTOVER-01,workspaces/worth-store/crates/worth-store/src/physical_runtime/durability/lifecycle/managed_work.rs,ordinary-mutation-work-owner,63ae58a7abac7e60eb6b90fafcc6da9920f920e687da5b8f9e41822cd9821086
C8-P8-CUTOVER-01,workspaces/worth-store/crates/worth-store/src/physical_runtime/durability/lifecycle/mod.rs,ordinary-mutation-surface,3803015bff87b2cfbafca2189cf659fa27579b66073766774e3d900795431faa
C8-P8-CUTOVER-01,workspaces/worth-store/crates/worth-store/src/physical_runtime/durability/lifecycle/yieldpoint.rs,ordinary-mutation-yieldpoints,a8d31039b4f82710b2b82d6153a0a57990b36be1cd6f631406023645b30ece62
C8-P8-CUTOVER-01,workspaces/worth-store/crates/worth-store/src/physical_runtime/durability/lifecycle/yieldpoint.rs,writeback-admission-checkpoint,a8d31039b4f82710b2b82d6153a0a57990b36be1cd6f631406023645b30ece62
C8-P8-CUTOVER-01,workspaces/worth-store/crates/worth-store/src/physical_runtime/durability/mod.rs,ordinary-production-durability-surface,2c7c4bb2c1889438c37136289ee8679dafa7580dcf214b6cd8c8cc54bc89d8da
C8-P8-CUTOVER-01,workspaces/worth-store/crates/worth-store/src/physical_runtime/instance/executor/checkpoint.rs,checkpoint-executor-owner,794f7ecebd3a0a7c312b087fac659a1f64f8b6ba61951c9a26037b98910d258a
C8-P8-CUTOVER-01,workspaces/worth-store/crates/worth-store/src/physical_runtime/instance/executor/yieldpoint.rs,executor-owned-yieldpoint-coordination,808a68c9d8f57556631b12c70ab331c7c61ec003d877050448641004e8dea17a
C8-P8-CUTOVER-01,workspaces/worth-store/crates/worth-store/src/physical_runtime/instance/work_runtime.rs,independent-physical-work-admission,4e6926ac8c4ce1bb535172f461b16a7914b2014a572f12ee8ca163a330012183
C8-P8-CUTOVER-01,workspaces/worth-store/crates/worth-store/src/physical_runtime/mod.rs,ordinary-production-yieldpoint-facade,ec63866805189c48f661611c266d1d8ebbf7bd922ce77ba8f1f30f61bb99b138
C8-P8-CUTOVER-01,workspaces/worth-store/crates/worth-store/src/physical_runtime/record_serving/lifecycle/serving_runtime.rs,ordinary-serving-runtime-boundary,2eaf17e6df8f3add12d7699a4fbb0456c01feef2ba0e8c42632de2750fac31b6
C8-P8-CUTOVER-01,workspaces/worth-store/crates/worth-store/src/physical_runtime/record_serving/publication/director/durable_data/effect_progression.rs,dirty-data-seam-before-settlement,1dd85d55cc5b9649557daf8d42dab1de3950f120eca174fe29e46621628367eb
C8-P8-CUTOVER-01,workspaces/worth-store/crates/worth-store/src/physical_runtime/record_serving/publication/director/durable_data/effect_progression.rs,dual-gate-writeback-orchestration,1dd85d55cc5b9649557daf8d42dab1de3950f120eca174fe29e46621628367eb
C8-P8-CUTOVER-01,workspaces/worth-store/crates/worth-store/src/physical_runtime/record_serving/publication/director/managed_mutation.rs,ordinary-mutation-hook-dispatch,b7bb8a42ed924c18bf273fcf18ca0bfc5bb91a267ba330a0d732bb038b637b8b
C8-P8-CUTOVER-01,workspaces/worth-store/crates/worth-store/src/physical_runtime/record_serving/publication/director/managed_mutation.rs,ordinary-settlement-checkpoint,b7bb8a42ed924c18bf273fcf18ca0bfc5bb91a267ba330a0d732bb038b637b8b
C8-P8-CUTOVER-01,workspaces/worth-store/crates/worth-store/src/physical_runtime/record_serving/publication/director/mod.rs,ordinary-publication-pause-boundary,7cc1dacac343e63aba8cd685c5b0c57220f92557c6bf7d7c4ea48f209d6fc2c0
C8-P8-CUTOVER-01,workspaces/worth-store/crates/worth-store/src/physical_runtime/record_serving/residency/candidate_frame_residency/write_progression.rs,dirty-frame-write-seam,c78fc6860c6ce60b6ec1744620d4cd99d8c2040d572fdb4d23629e61f9f1228b
C8-P8-CUTOVER-01,workspaces/worth-store/crates/worth-store/src/physical_runtime/record_serving/residency/candidate_frame_residency/write_progression.rs,production-frame-write-entry,c78fc6860c6ce60b6ec1744620d4cd99d8c2040d572fdb4d23629e61f9f1228b
C8-P8-CUTOVER-01,workspaces/worth-store/crates/worth-store/src/physical_runtime/record_serving/residency/candidate_frame_residency/writeback_progression.rs,dirty-frame-writeback-seam,2a1fa60fda09a51db3b8515a60611ab03c92b6b440beaabc6129eb56e3904502
C8-P8-CUTOVER-01,workspaces/worth-store/crates/worth-store/src/physical_runtime/record_serving/residency/candidate_frame_residency/writeback_progression.rs,post-admission-writeback-checkpoint,2a1fa60fda09a51db3b8515a60611ab03c92b6b440beaabc6129eb56e3904502
C8-P8-CUTOVER-01,workspaces/worth-store/crates/worth-store/src/physical_runtime/record_serving/residency/publication_artifacts.rs,dirty-candidate-publication-seam,26aa27d8efef8dccadfbbbeec6e1e18ae2da195009e1866e3aeec73006b6606a
C8-P8-CUTOVER-01,workspaces/worth-store/crates/worth-store/src/physical_runtime/record_serving/residency/publication_artifacts.rs,writeback-pause-projection,26aa27d8efef8dccadfbbbeec6e1e18ae2da195009e1866e3aeec73006b6606a
C8-P8-CUTOVER-01,workspaces/worth-store/crates/worth-store/src/physical_runtime/work/execution/settlement/classification/recovery.rs,append-settlement-classification,76b7a010207057daa12b9900a93f6b4b5c75b87e8601c1596ca8ef6ce1a9133a
C8-P8-CUTOVER-01,workspaces/worth-store/crates/worth-store/tests/physical_record_journeys/physical_work/phase_16_lifecycle_maelstrom/mutant_report.rs,physical-work-retained-report-consumer,8d42375fda591959238e6438c71980c40c9744f5dbdf57f0510407f7e83e14e5
C8-P8-CUTOVER-01,workspaces/worth-store/crates/worth-store/tests/physical_record_journeys/physical_work/phase_16_lifecycle_maelstrom/mutant_report/campaign_source.rs,physical-work-campaign-source-admission,200a7fd63d8554e9f0090ca6f680a6899ad0fee6743f2f1a7535a4c207f96824
C8-P8-CUTOVER-01,workspaces/worth-store/crates/worth-store/tests/physical_record_journeys/physical_work/phase_16_lifecycle_maelstrom/mutant_report/decoding.rs,physical-work-retained-report-decoding,0137c7c140c6681d6e015a1dc98011aecd3a9e3ef5712cfd82fbdc74fc15e3ed
C8-P8-CUTOVER-01,workspaces/worth-store/crates/worth-store/tests/physical_record_journeys/physical_work/phase_16_lifecycle_maelstrom/mutant_report/expectation.rs,physical-work-mutant-expectation-map,c12a0e911628b90480ebaacb8c9f6eb5d24f73b72e851a62d0c886d52b2e457b
C8-P8-CUTOVER-01,workspaces/worth-store/crates/worth-store/tests/physical_record_journeys/physical_work/phase_16_lifecycle_maelstrom/mutant_report/tests.rs,physical-work-retained-report-proof,ee7dfeba6cb555d821f299a61f77c3ddbd893636eef57c6a0433ce731ea333eb
C8-P8-CUTOVER-01,workspaces/worth-store/tools/store-test-runner/src/courtroom_campaign/bounded_residency_siege.rs,schedule-after-source-binding,4b73c6767e9c713fa7392eb8b32279be777f70ba8541120dbe944cc52b37a911
C8-P8-CUTOVER-01,workspaces/worth-store/tools/store-test-runner/src/courtroom_campaign/bounded_residency_siege/c7_crash_campaign.rs,courtroom-recovery-campaign-route,f290dcfa8e7fea3b7313cf0c05a39b6e5ce7dfbabf7b2aadb5fccb4c77180e6e
C8-P8-CUTOVER-01,workspaces/worth-store/tools/store-test-runner/src/courtroom_campaign/bounded_residency_siege/c7_crash_campaign/recovery.rs,courtroom-recovery-process-launch,3a15f7186b80c1ed33186cbb9640898784199793165215c03b7c227310a964ec
C8-P8-CUTOVER-01,workspaces/worth-store/tools/store-test-runner/src/courtroom_campaign/bounded_residency_siege/execution.rs,courtroom-process-time-boundary,86e8007411bcb1108ec8c22936828957112b8e22dd8a3aa02e960ee021fddb37
C8-P8-CUTOVER-01,workspaces/worth-store/tools/store-test-runner/src/fresh_process_recovery_boundary_gate/cutover_inventory.rs,retirement-absence-and-consumer-gate,c66f9be09bd77b0d2f65e1f7423d45752415e7c4b76659f6ae08d269f5f151e7
C8-P8-DEPENDENCY-01,crates/worth-signal/src/data/graph/topology/mutation/cleanup.rs,release-courtroom-warning-cleanup,3e0a84e4820fcf7ba79ba3b11298037e0c8a47853ff368381bb4dd07691487cc
C8-P8-DEPENDENCY-01,workspaces/worth-store/Cargo.lock,source-bound-cargo-graph-lock,56f8543307245ca75b99c264645e7b61de4e9daa82594f7f970316a6f28d5cc8
C8-P8-DEPENDENCY-01,workspaces/worth-store/Cargo.toml,process-bundle-workspace-membership,e47c9d1e0c0f7488bcd1343f294d79d48dde46f1c54fa44ea4edb9e88fa67fb2
C8-P8-DEPENDENCY-01,workspaces/worth-store/crates/worth-store-certification/tests/scenarios/physical_isolation/physical_semantic_isolation/physical_semantic_isolation.rs,certification-authority-fixture,19c9a0edf1dd41a5178acf3b517be9afbf79dadc6ba01ed5c9829c1e2e9744c5
C8-P8-DEPENDENCY-01,workspaces/worth-store/crates/worth-store-formal-models/src/protocol_bindings/capability_gap.rs,formal-binding-causal-root,6d42c9867a830a1b060682e68c6e88dac5477ab61b2a2eca0279d4f6a26c3f77
C8-P8-DEPENDENCY-01,workspaces/worth-store/crates/worth-store-formal-models/src/protocol_bindings/compaction_visibility/completeness.rs,formal-binding-causal-root,df167be964e2cb075de285e63c700c6c63957c64e2892d8dc245c8e1e39c3b36
C8-P8-DEPENDENCY-01,workspaces/worth-store/crates/worth-store-formal-models/src/protocol_bindings/compaction_visibility/correspondence/execution.rs,formal-binding-causal-root,b96a15f3334ac859c98b52232d1be6945e99ad42b7a57c68c3b307e2335aa377
C8-P8-DEPENDENCY-01,workspaces/worth-store/crates/worth-store-formal-models/src/protocol_bindings/compaction_visibility/correspondence/maintenance.rs,formal-binding-causal-root,6ef89b7116481dfab1f8fc71cbd92d71609c100ef03301fd6aa3e515273e1dc0
C8-P8-DEPENDENCY-01,workspaces/worth-store/crates/worth-store-formal-models/src/protocol_bindings/compaction_visibility/correspondence/membership.rs,formal-binding-causal-root,dd3d03baaad588e1a152b34d32808be58264429f0ad0b9835c1b5a3e1d198d3c
C8-P8-DEPENDENCY-01,workspaces/worth-store/crates/worth-store-formal-models/src/protocol_bindings/compaction_visibility/correspondence/mod.rs,formal-binding-causal-root,b4c4329e8e4991108e1d0e7ad9c5c79b3e873747a207bc909da9e8412a3863fa
C8-P8-DEPENDENCY-01,workspaces/worth-store/crates/worth-store-formal-models/src/protocol_bindings/compaction_visibility/correspondence/physical.rs,formal-binding-causal-root,906037e7ca7a3179ba043f511e143879ebcf601901c592e418f049b14fadf701
C8-P8-DEPENDENCY-01,workspaces/worth-store/crates/worth-store-formal-models/src/protocol_bindings/compaction_visibility/identity.rs,formal-binding-causal-root,7de6aaabdd389962c29e815f97ec51909ce0f45cd0b9e05a4a64c3ee634e6ca5
C8-P8-DEPENDENCY-01,workspaces/worth-store/crates/worth-store-formal-models/src/protocol_bindings/compaction_visibility/inventory.rs,formal-binding-causal-root,d1a83c59768bc25daa42fb730983764b28ef6a883e91fff627cdbca5a8012663
C8-P8-DEPENDENCY-01,workspaces/worth-store/crates/worth-store-formal-models/src/protocol_bindings/compaction_visibility/mod.rs,formal-binding-causal-root,272f703d3e067f129914a3396aea15616a167f62f575cbffc59c18a687a0d9f2
C8-P8-DEPENDENCY-01,workspaces/worth-store/crates/worth-store-formal-models/src/protocol_bindings/evidence_class.rs,formal-binding-causal-root,2f281d9e862da51661c2ad30e41606985a9abfa06fe4ca84c3c71bd07835b49b
C8-P8-DEPENDENCY-01,workspaces/worth-store/crates/worth-store-formal-models/src/protocol_bindings/manifest/binding.rs,formal-binding-owner-construction,8bfb40ae0dc8c20b475127e9cb20c06d4f66e244cbe5f8594aaa8557f0663a73
C8-P8-DEPENDENCY-01,workspaces/worth-store/crates/worth-store-formal-models/src/protocol_bindings/manifest/current.rs,formal-binding-causal-root,d50a8ce1eea5a8ce9be367aaf1fd4bd37cc5a7cd4a0b9aecb898d0009fb6b72f
C8-P8-DEPENDENCY-01,workspaces/worth-store/crates/worth-store-formal-models/src/protocol_bindings/manifest/durability_bindings.rs,physical-backend-owner-bindings,bc9c64b711723f32fd08569b2209f37c4f92f0b30be936c37355801e86bf52d8
C8-P8-DEPENDENCY-01,workspaces/worth-store/crates/worth-store-formal-models/src/protocol_bindings/manifest/mod.rs,formal-binding-manifest-entrypoint,488785a56b13224a5b7bd8158727e955ee7fc4ecdfba876329865ef52c5cddba
C8-P8-DEPENDENCY-01,workspaces/worth-store/crates/worth-store-formal-models/src/protocol_bindings/manifest/protocol_manifest.rs,formal-binding-causal-root,90fc5da63b94ccf5fa578c3760d3304c3a30c4850d403b6688f299217a854a83
C8-P8-DEPENDENCY-01,workspaces/worth-store/crates/worth-store-formal-models/src/protocol_bindings/manifest/recovery_bindings.rs,current-recovery-owner-bindings,76021207eae8278069715492018e8441cde13274e81b224ec91bce090b1d399a
C8-P8-DEPENDENCY-01,workspaces/worth-store/crates/worth-store-formal-models/src/protocol_bindings/manifest/replication_bindings.rs,formal-binding-causal-root,8d937aa2e1bef27196d2a2349550e34d8cc75a4f31f029046207874a8b0aa51f
C8-P8-DEPENDENCY-01,workspaces/worth-store/crates/worth-store-formal-models/src/protocol_bindings/manifest/source.rs,formal-binding-source-identity,9c2559ed5fc75deb752b5af0b999bd370d6ffe97731ade94aad4e77a78ee5057
C8-P8-DEPENDENCY-01,workspaces/worth-store/crates/worth-store-formal-models/src/protocol_bindings/manifest/storage_bindings.rs,formal-binding-causal-root,3513f80bb97c49f38a18b20bb3586f7bb1eb4151c1538d4d6032f858aad8c375
C8-P8-DEPENDENCY-01,workspaces/worth-store/crates/worth-store-formal-models/src/protocol_bindings/manifest/trust_bindings.rs,physical-trust-owner-bindings,7d59b6709a43b3d0339a50934c0376c9f4bda43b11301df1838b712f2920b5cd
C8-P8-DEPENDENCY-01,workspaces/worth-store/crates/worth-store-formal-models/src/protocol_bindings/manifest/vocabulary.rs,formal-binding-causal-root,6905eec3366f6caced32b14c4536117e80f5c890f294b5c63948ca7615518f39
C8-P8-DEPENDENCY-01,workspaces/worth-store/crates/worth-store-formal-models/src/protocol_bindings/mod.rs,formal-binding-causal-root,9dc58bce0ca3994f3ebb5a5345bea8ddef78cf8d25d13c0a8e3157368aaaa8f5
C8-P8-DEPENDENCY-01,workspaces/worth-store/crates/worth-store-formal-models/src/protocol_bindings/omission.rs,formal-binding-causal-root,31ccc0645b0fef99c2718d832ae7af307a5534607608a3f8d4d8847ac07d6bdd
C8-P8-DEPENDENCY-01,workspaces/worth-store/crates/worth-store-formal-models/tests/binding_completeness.rs,formal-owner-gap-proof,6493b183bf53874a8397ab7598d11eb814fec852f37579a949b0d9a039f06b7f
C8-P8-DEPENDENCY-01,workspaces/worth-store/crates/worth-store-offline-verifier/Cargo.toml,observer-dependency-closure,10b51ec9e35792bf04390cd186fb54cd552bb8efaa674fa0864c6e45f7ab5616
C8-P8-DEPENDENCY-01,workspaces/worth-store/crates/worth-store-physical-certification/Cargo.toml,certification-owns-recovery-completion-adapter,c88741e444a900cc5783b026040bc01b172c1384e2a15ea8ca37e725a711ac13
C8-P8-DEPENDENCY-01,workspaces/worth-store/crates/worth-store-physical-certification/src/lib.rs,certification-owned-entry-exports,3beb4ca8a0c4b1186623bfeb4dd4d9d3ca16d24b61888ab315739cf8a44e6210
C8-P8-DEPENDENCY-01,workspaces/worth-store/crates/worth-store-physical-certification/src/physical_isolation_handoff/readiness/entry_admission.rs,certification-owned-recovery-completion-entry-admission,c045cf95eb7262ba6c7aaa79158f9ca442307573bc99b0798d801d8d11911426
C8-P8-DEPENDENCY-01,workspaces/worth-store/crates/worth-store-physical-certification/src/physical_isolation_handoff/readiness/entry_shortcut_denials.rs,certification-owned-entry-denial-surface,8c1790494caefe2f3393fee7b6bd3f0582fa5d10fc66771f69a0b4b1bb76629f
C8-P8-DEPENDENCY-01,workspaces/worth-store/crates/worth-store-physical-certification/src/physical_isolation_handoff/readiness/mod.rs,certification-owned-entry-facade,6de95aa4d6c318663449ea1c7e4ad962246c7c962c7ae99342195c3f9db44382
C8-P8-DEPENDENCY-01,workspaces/worth-store/crates/worth-store-physical-isolation/Cargo.toml,recovery-runtime-free-certification-graph,a02aa37bd2f4137525795dd1eab9b287e752d0aca3c6d4042e2b3d122e6480e0
C8-P8-DEPENDENCY-01,workspaces/worth-store/crates/worth-store-physical-isolation/src/lib.rs,certification-only-entry-facade,524c89b20a2f405d8d476b858b71a1b376ea1ac654a91d65f4f157a925e24905
C8-P8-DEPENDENCY-01,workspaces/worth-store/crates/worth-store-physical-isolation/src/physical_semantic_boundary/mod.rs,certification-only-entry-authority,837c1eadf5c83ee0989b914a3d2cbe6d3dd95ac6602d1417a19bd12f029d6ced
C8-P8-DEPENDENCY-01,workspaces/worth-store/crates/worth-store-physical-isolation/src/physical_semantic_boundary/physical_read_stability_authority.rs,certification-only-entry-authority,3c391124a69224d7d0734851d02052118d0de58a876c7b51e1c6287356af1718
C8-P8-DEPENDENCY-01,workspaces/worth-store/crates/worth-store-physical-isolation/src/readiness/evidence.rs,certification-only-entry-evidence,ad75cc2bd38f579cd142360f20aa62ae20cc1b64336f5ea2bd825067552405ce
C8-P8-DEPENDENCY-01,workspaces/worth-store/crates/worth-store-physical-isolation/src/readiness/foundational_lowering.rs,certification-only-entry-evidence,92c801ca03403396235601ce4c969f1b7ceb2d60f2d163d38770016828079939
C8-P8-DEPENDENCY-01,workspaces/worth-store/crates/worth-store-physical-isolation/src/readiness/identity.rs,certification-only-entry-identity,c9c21cf6effafc90484cce91631c3f5f1a3661ba561739ce5f026fb963688e17
C8-P8-DEPENDENCY-01,workspaces/worth-store/crates/worth-store-physical-isolation/src/readiness/mod.rs,certification-only-entry-facade,66d8dd5c16f0f1af50933f42bb5b2ef29577651aaaa80c6345c8f1f7d035548f
C8-P8-DEPENDENCY-01,workspaces/worth-store/crates/worth-store-physical-isolation/src/readiness/proof_progression.rs,certification-only-entry-proof,c021d627b89fb62bbde45b09d99bc8191c00a5aa05481e647da6f4e5eeaf5474
C8-P8-DEPENDENCY-01,workspaces/worth-store/crates/worth-store-recovery-runtime/Cargo.toml,process-bundle-test-authority-edge,249189c1f88b517879ce859a2848b34da24a59f6689e77ed9dcff69559097338
C8-P8-DEPENDENCY-01,workspaces/worth-store/crates/worth-store-recovery-runtime/Cargo.toml,recovery-runtime-dependency-closure,249189c1f88b517879ce859a2848b34da24a59f6689e77ed9dcff69559097338
C8-P8-DEPENDENCY-01,workspaces/worth-store/crates/worth-store-recovery-runtime/src/progression/completion.rs,certification-only-descriptive-completion,53d905845d741abaa579c3cfece90bb369c3267f47e517c02653ff0e0bfcd4d2
C8-P8-DEPENDENCY-01,workspaces/worth-store/crates/worth-store-recovery-runtime/tests/phase_eight_ledger/compilation_contract.rs,warnings-denied-compilation-proof-owner,80db79a7f3f8c5aed29e37f7c584b4d8a92ab187cce13d3b672fa67023a23647
C8-P8-DEPENDENCY-01,workspaces/worth-store/crates/worth-store-recovery-runtime/tests/phase_eight_process/support_binaries.rs,source-bound-support-binary-composition,6de8a8f1665ed1e01ea854ecae2608a8ec60a137a6bc8d957576bd976cbfe9f5
C8-P8-DEPENDENCY-01,workspaces/worth-store/crates/worth-store-recovery-runtime/tests/phase_eight_process/support_binary_feature_sets.rs,production-support-binary-feature-matrix,ceed4e7afaf6c90ba5349a4be3b8425356766752ffd9cf8c2ec82e6a3e75bc4b
C8-P8-DEPENDENCY-01,workspaces/worth-store/crates/worth-store-recovery-runtime/tests/phase_eight_process/support_binary_feature_sets/expected_feature_lanes.rs,independent-feature-lane-expectations,739d621a7a1957ffe616d59bc4ce4f6cac52161d4f51e84b9afbf4c069a146fa
C8-P8-DEPENDENCY-01,workspaces/worth-store/crates/worth-store-test-support/Cargo.toml,certification-fixture-feature-wiring,21da22dc2e0238c56246b1cc0d1a31b1b541d200645b5a2d6877327aadf7f2c2
C8-P8-DEPENDENCY-01,workspaces/worth-store/crates/worth-store-test-support/src/harness/physical_isolation/epoch_scope.rs,certification-authority-fixture,794b51dcb14ee96d24dfa6e5cba9def136462328dea6b5e2bc52ff2bb4c09136
C8-P8-DEPENDENCY-01,workspaces/worth-store/crates/worth-store-test-support/src/harness/recovery/closeout.rs,certification-only-descriptive-fixture,b917f5ef0e0df0aad72d3ac1451204c5a9dd89f2a4ff3da877060585b8b67840
C8-P8-DEPENDENCY-01,workspaces/worth-store/tools/store-process-bundle/Cargo.toml,source-bound-bundle-tool,204a54770d625893b186701bb0e614dd36d5710cd0bcfe5e5079960e04d33dc3
C8-P8-DEPENDENCY-01,workspaces/worth-store/tools/store-process-bundle/src/fresh_recovery_processes/artifact_binding.rs,executable-digest-binding,b43163c5fdc496008916357073e2b4eed9603afa2456bc920fa79e7b99490a9e
C8-P8-DEPENDENCY-01,workspaces/worth-store/tools/store-process-bundle/src/fresh_recovery_processes/authority_contract.rs,ordinary-and-recovery-authority-projection,e441c7ee59955260a2a27cdac70818c0e647997337cb90e069d2063bba1b4d75
C8-P8-DEPENDENCY-01,workspaces/worth-store/tools/store-process-bundle/src/fresh_recovery_processes/cargo_invocation.rs,locked-single-target-cargo-build,4cd44a9d4128d0f358ece0a2d2834178414b1c3c3b659d2eb0f3bbf08f8490a6
C8-P8-DEPENDENCY-01,workspaces/worth-store/tools/store-process-bundle/src/fresh_recovery_processes/compiler_artifacts.rs,exact-cargo-artifact-selection,db7a644a09353b543b682155e1548bf2d81e4069be1554dc54dcc5e2740bb5fe
C8-P8-DEPENDENCY-01,workspaces/worth-store/tools/store-process-bundle/src/fresh_recovery_processes/finalized_bundle.rs,finalized-process-bundle-lifecycle,06e75b15a676fdbd49ba55b974f8b2135f7bc2810718509cec045a97d11a59bc
C8-P8-DEPENDENCY-01,workspaces/worth-store/tools/store-process-bundle/src/fresh_recovery_processes/finalized_bundle/directory.rs,finalized-process-bundle-directory-lifecycle,d54d55e934f44b3c9331cc09837b4177ac579664c8519396377eb3103db106e2
C8-P8-DEPENDENCY-01,workspaces/worth-store/tools/store-process-bundle/src/fresh_recovery_processes/finalized_bundle/promotion.rs,finalized-process-artifact-promotion,555f90d5e4040abb2bb9c2dc2706b74fa6917d922ed8525620035ec8bca37f81
C8-P8-DEPENDENCY-01,workspaces/worth-store/tools/store-process-bundle/src/fresh_recovery_processes/finalized_bundle/tests.rs,finalized-process-bundle-lifecycle-proof,758fa4095cadc0e3063927ab434af56c0f2ca90ae1c7c4debf97204d2a775a2b
C8-P8-DEPENDENCY-01,workspaces/worth-store/tools/store-process-bundle/src/fresh_recovery_processes/metadata_graph.rs,metadata-derived-feature-graph,a5f065b8b107417302f6ff765f5c5e96176d2ada35bb86960733cd27f92895f4
C8-P8-DEPENDENCY-01,workspaces/worth-store/tools/store-process-bundle/src/fresh_recovery_processes/mod.rs,source-bound-process-bundle-authority,d729b4bdf41cbe4f6707cb8495e97e1f233c45f30009129f7fe5352ae05e15ab
C8-P8-DEPENDENCY-01,workspaces/worth-store/tools/store-process-bundle/src/fresh_recovery_processes/source_snapshot.rs,metadata-derived-source-closure,ca776274d689c6ec16606984c9c34e90e2a5f7af812daf4f3707c0b69439ed0e
C8-P8-DEPENDENCY-01,workspaces/worth-store/tools/store-process-bundle/src/fresh_recovery_processes/target_directory.rs,exclusive-fresh-process-target-allocation,6dbf781c64e11b0513d3b0922c90b09ae5666b7997bca1f65b15ab9a19a649d9
C8-P8-DEPENDENCY-01,workspaces/worth-store/tools/store-process-bundle/src/fresh_recovery_processes/targets.rs,sealed-process-role-recipes,63a08a3d8ec86c009f4a228b15e52ee6f34269f492a46855404f41ff3b79eccb
C8-P8-DEPENDENCY-01,workspaces/worth-store/tools/store-process-bundle/src/lib.rs,source-bound-bundle-facade,7d6f625f9944bc8dc98c73ef9187931bf4aa56a9609f61f6a1767139437bcbde
C8-P8-DEPENDENCY-01,workspaces/worth-store/tools/store-test-runner/Cargo.toml,mutation-and-courtroom-process-bundle-edge,800d55d5c56cf0eb7b32d4a4eb5cc9e1dbe7971422d427ac34fbc291470e7310
C8-P8-DEPENDENCY-01,workspaces/worth-store/tools/store-test-runner/src/courtroom_campaign/executable_binding.rs,courtroom-bundle-projection,39a62270abd58db323a8ef81955c42f4531dcec32f0c261c5db7b035ddf7ab30
C8-P8-DEPENDENCY-01,workspaces/worth-store/tools/store-test-runner/src/phase_eight_process_suite.rs,phase-eight-finalized-bundle-suite-owner,9f5683a8b7269d25ec76cff66f24958b239ae016d9d56d1735c4aeb29ebe9423
C8-P8-DEPENDENCY-01,workspaces/worth-store/tools/store-test-runner/src/phase_eight_process_suite/child.rs,bounded-phase-eight-suite-child-lifecycle,33b2fc7ace16b2cbb224dfb530293646dc7bd8a740b22af27a481c8c41e6503b
C8-P8-DEPENDENCY-01,workspaces/worth-store/tools/store-test-runner/tests/scheduler_authority_ui.rs,role-typed-authority-ui-proof,c350f1f2dd93125b5aa3b62f7d9ad11cc31b41582102e2047a78ec14d0d248c8
C8-P8-DEPENDENCY-01,workspaces/worth-store/tools/store-test-runner/tests/scheduler_authority_ui/process_bundle_roles_cannot_be_swapped.rs,role-swap-compile-fail-proof,bb266db151b78a31ae27eabaa08e6ef19457c8a7bcfb675246fc747c41de2dbd
C8-P8-DEPENDENCY-01,workspaces/worth-store/tools/store-test-runner/tests/scheduler_authority_ui/process_bundle_roles_cannot_be_swapped.stderr,role-swap-diagnostic-oracle,272c0d65c99d7c502b24b6e619547a8d19042cf763ea0c450cc1983fac972fb7
C8-P8-DOCUMENTATION-01,_docs/worth-store/physical-reconstruction-c8-fresh-process-recovery-and-reopen.md,governing-topology-and-limits,79f657fe1742cad87392c85de72e4b4b4cd9e5ddc1675f8f023ae188a787b2b7
C8-P8-DOCUMENTATION-01,_docs/worth-store/physical-recovery-and-reopen.md,operator-guide,7902c8f89b660acbddc0b95e9bb786d2f8c2216ae9b434c033e64887fa0efac1
C8-P8-DOCUMENTATION-01,workspaces/worth-store/crates/worth-store-offline-verifier/README.md,owner-command-contract,564f3a8fe06631d657bf907575ca44c72835a77c35d16f8541394e3894374a49
C8-P8-DOCUMENTATION-01,workspaces/worth-store/crates/worth-store-recovery-runtime/README.md,runtime-owner-documentation,ac3409e46191e98538ec5f236fa42dda380e0c02bcedc4e9e31eb72bd8b31663
C8-P8-DOCUMENTATION-01,workspaces/worth-store/crates/worth-store-recovery-runtime/tests/phase_eight_ledger/documented_process.rs,documented-command-process-proof,0941051a7d4c38807dd80e344f0ba3cc260edf34ac2f897aba680728355da6af
C8-P8-DOCUMENTATION-01,workspaces/worth-store/crates/worth-store-recovery-runtime/tests/phase_eight_ledger/documented_process.rs,documented-process-proof-owner,0941051a7d4c38807dd80e344f0ba3cc260edf34ac2f897aba680728355da6af
C8-P8-DOCUMENTATION-01,workspaces/worth-store/tools/store-process-bundle/README.md,process-bundle-owner-documentation,37fa9d765a8ad4474cb91d39613bcc4570afe49de541fe2d744ac70e60e44769
C8-P8-LEDGER-01,_docs/worth-store/physical-reconstruction-c8-closure-ledger.md,inherited-phase-one-causal-closure,c562586fe0705e943676df8d35f2a797306c419148ec05cb804fd199f109d99c
C8-P8-LEDGER-01,_docs/worth-store/physical-reconstruction-c8-phase-8-closure-ledger.md,ledger,3f702e9736d1d856d37aa3efd328acbf25cc8a724741ee07a509e431e1bb14cb
C8-P8-LEDGER-01,workspaces/worth-store/crates/worth-store-recovery-runtime/src/progression/planned/basis/command.rs,source-disjoint-command-admission,b4db54620a656717e6c798b903402204164f135a9c4bd81949f0c178d15e3cac
C8-P8-LEDGER-01,workspaces/worth-store/crates/worth-store-recovery-runtime/tests/phase_eight_ledger.rs,ledger-proof-orchestrator,bed4cffd9654edf8d572d8419346799271083859fafdbc9aeb8b463c10e04eec
C8-P8-LEDGER-01,workspaces/worth-store/crates/worth-store-recovery-runtime/tests/phase_eight_ledger/audit_contract.rs,ledger-audit-contract,afef0e92a35f0950ea5cd78520696ff0ac5e88960f6ea315ede11d4071a9079d
C8-P8-LEDGER-01,workspaces/worth-store/crates/worth-store-recovery-runtime/tests/phase_eight_ledger/documentation_contract.rs,ledger-documentation-contract,0cfcdff639b3b9ef0a42b6dfec1ebaca0e43fa8d3bfe3c6c1c1a610c5c7a5401
C8-P8-LEDGER-01,workspaces/worth-store/crates/worth-store-recovery-runtime/tests/phase_eight_ledger/exact_source_map.rs,exact-source-map-mutant-proof,d9d0454603fd3b2c68d68ec5489a89ea3c59791f19e8ca62a20103742292a9f7
C8-P8-LEDGER-01,workspaces/worth-store/crates/worth-store-recovery-runtime/tests/phase_eight_ledger/exact_source_map/required_sources.rs,exact-source-map-required-sources,1d3fb2ad26214548a0324b54a1bf5bdc6a3a1da6c42d29ff0b681b364061f537
C8-P8-LEDGER-01,workspaces/worth-store/crates/worth-store-recovery-runtime/tests/phase_eight_ledger/finding_contract.rs,ledger-finding-contract,cde11549d783435380cbeb4630e36df31c6c617b5711f344302f022a798db30a
C8-P8-LEDGER-01,workspaces/worth-store/crates/worth-store-recovery-runtime/tests/phase_eight_ledger/ledger_contract.rs,ledger-exact-contract,eedbffe5bf6cd56225cfb1c7d7a1af9fc09a123cc09329a511ea4523c19cc27d
C8-P8-LEDGER-01,workspaces/worth-store/crates/worth-store-recovery-runtime/tests/phase_eight_ledger/source_closure.rs,canonical-self-binding-contract,89bed5f829e57e4e09e13c011fcd17ae0060a263f41bae21952f716e43bb6365
C8-P8-LEDGER-01,workspaces/worth-store/crates/worth-store-recovery-runtime/tests/phase_eight_process.rs,causal-process-evidence,a32c75d66249ef043d49d75a7ca26739bf2745f220fa3fd669926d2567699810
C8-P8-LEDGER-01,workspaces/worth-store/crates/worth-store-recovery-runtime/tests/phase_eight_process/child_lifecycle.rs,early-child-exit-evidence,fc56752d579c6cd965b632bb109c7f18adf01286cb9d198045c75ea104db4a16
C8-P8-LEDGER-01,workspaces/worth-store/crates/worth-store-recovery-runtime/tests/phase_eight_process/comparison.rs,causal-disagreement-evidence,09ecf3c1c8b894d4889b960f2b7364c89384dddaf2f82a3ad0f7b5a14d2d6918
C8-P8-LEDGER-01,workspaces/worth-store/crates/worth-store-recovery-runtime/tests/phase_eight_process/history.rs,parent-owned-physical-history,b16bb9e827a5cd0b19bbf88cf2062cf034252b8d22de1e30eb05664356b5ca5d
C8-P8-LEDGER-01,workspaces/worth-store/crates/worth-store-recovery-runtime/tests/phase_eight_process/history/artifacts.rs,parent-artifact-and-fixture-digests,2b9c75deacc9ac77c63282b12a605a0ba1d8bb86da129a61d00f89bb9858926e
C8-P8-LEDGER-01,workspaces/worth-store/crates/worth-store-recovery-runtime/tests/phase_eight_process/history/io.rs,bounded-process-io-support,8b56d5b922c18e734e3a922dd43c7e77ef0476a125221c64e546ac124fd87ec5
C8-P8-LEDGER-01,workspaces/worth-store/crates/worth-store-recovery-runtime/tests/phase_eight_process/history/process.rs,killed-writer-process-owner,b0be125a94993c74663aa2c259a973c49010209359a2bf37b5229111bb07d0a8
C8-P8-LEDGER-01,workspaces/worth-store/crates/worth-store-recovery-runtime/tests/phase_eight_process/history/writer_history.rs,parent-writer-history-receipt-binding,b5eea7c34297f926097d76288206acea2aeb5096b9ff535c6be3bdf996bc3727
C8-P8-LEDGER-01,workspaces/worth-store/crates/worth-store-recovery-runtime/tests/phase_eight_process/process_lane.rs,explicit-process-lane-lifecycle,88f2ec0ad24178cb5c26c6a90bb4f8b802496623cbda8b5e34ae33b98849aa78
C8-P8-LEDGER-01,workspaces/worth-store/crates/worth-store-recovery-runtime/tests/phase_eight_process/process_lane.rs,serialized-process-lane-owner,88f2ec0ad24178cb5c26c6a90bb4f8b802496623cbda8b5e34ae33b98849aa78
C8-P8-LEDGER-01,workspaces/worth-store/crates/worth-store-recovery-runtime/tests/phase_eight_process/process_lane/tests.rs,process-lane-owner-substitution-proof,5920c36a83d8bd7e39d1353563b14c298e8c962cdabd7f31dc51475e152e99e0
C8-P8-LEDGER-01,workspaces/worth-store/crates/worth-store-recovery-runtime/tests/phase_eight_process/production/agreement.rs,process-report-agreement-proof,0fb1833bfc9d98cb8bff8a0398de03e78619bbefcc69107c9f6b91c14abd163e
C8-P8-LEDGER-01,workspaces/worth-store/crates/worth-store-recovery-runtime/tests/phase_eight_process/production/failure.rs,process-failure-proof,ddfc1d329e0e21da37ebc9029c0de699347e697413e7bebd0030323b5839d7f4
C8-P8-LEDGER-01,workspaces/worth-store/crates/worth-store-recovery-runtime/tests/phase_eight_process/production/fate_markers.rs,identity-indexed-fate-parser,9ea865a29cf58c050e9e041dad80dda80fff663ee94d2003f10a053283c0cd68
C8-P8-LEDGER-01,workspaces/worth-store/crates/worth-store-recovery-runtime/tests/phase_eight_process/production/fates.rs,production-fate-process-proof,250a7a6da9063c5b36c670000312a2ac09ecf417054d579424bb5580ee1d5419
C8-P8-LEDGER-01,workspaces/worth-store/crates/worth-store-recovery-runtime/tests/phase_eight_process/production/harness.rs,causal-process-harness,23b5dbcbd0df417f9f07843f794dbee578935cdf9d150907dfe8f51c8e29b298
C8-P8-LEDGER-01,workspaces/worth-store/crates/worth-store-recovery-runtime/tests/phase_eight_process/production/harness/markers.rs,process-marker-decoder,820b9aed766343e41f216167cb64efa02dbc5730a421f2a6b330d81306615b03
C8-P8-LEDGER-01,workspaces/worth-store/crates/worth-store-recovery-runtime/tests/phase_eight_process/production/harness/process.rs,process-command-boundary,24fe51415f935ce616b06393ca3959ca66d5118de472d3fe7bd40e99be3ca439
C8-P8-LEDGER-01,workspaces/worth-store/crates/worth-store-recovery-runtime/tests/phase_eight_process/production/harness/recovery.rs,fresh-recovery-validation-owner,475f8c2daaafed61cc708de0097b0f83b98520bf351bbfe00924b31fa15fcf5c
C8-P8-LEDGER-01,workspaces/worth-store/crates/worth-store-recovery-runtime/tests/phase_eight_process/production/mutations.rs,process-report-mutation-proof,66f05eedd0d5d4f39e92683ac718e5b33c048d294cbfcef25ca452800496b1e4
C8-P8-LEDGER-01,workspaces/worth-store/crates/worth-store-recovery-runtime/tests/phase_eight_process/production/protocol.rs,process-protocol-proof,5c867b83a4100793888f7e4354b9b35de5b2319943305f813ac44c1e8012a3f0
C8-P8-LEDGER-01,workspaces/worth-store/crates/worth-store-recovery-runtime/tests/phase_eight_process/production/repeatability.rs,process-repeatability-proof,350b27cf64767015ed8c1d7998e9959ae7095babaf3b38484a1849c211b5ac2b
C8-P8-LEDGER-01,workspaces/worth-store/crates/worth-store-recovery-runtime/tests/phase_eight_process/production/size_independence.rs,process-size-independence-proof,8238ab16fafd8482e82f95b37b55a62cac0632d1b4864b9abde97f8d7d5c00df
C8-P8-LEDGER-01,workspaces/worth-store/crates/worth-store-recovery-runtime/tests/phase_eight_process/production/terminal_fixture.rs,production-terminal-fixture,18db94e1d1b732e42233f94118394ca46d041f940ef430bd6d773c0789c4a36b
C8-P8-LEDGER-01,workspaces/worth-store/crates/worth-store-recovery-runtime/tests/phase_eight_process/support_binary_freshness.rs,dependency-only-support-binary-rebuild-proof,85132077646f09bb798db8d09b040b4973bffa301b279ea73034653b6431b7f0
C8-P8-LEDGER-01,workspaces/worth-store/crates/worth-store-recovery-runtime/tests/phase_eight_process/support_binary_freshness/source_edit.rs,explicit-freshness-source-restoration,294cf9de484d3504ba8f9b9bb99aeaaf7f3b319fe14e2cf52cd24c12af695e8f
C8-P8-LEDGER-01,workspaces/worth-store/crates/worth-store-recovery-runtime/tests/phase_eight_process/support_binary_freshness/target_directory.rs,explicit-freshness-target-finalization,a2428f94111fde9785f89ca96bcb7fbeb79db9d499a87b14868e183fe85d2842
C8-P8-LEDGER-01,workspaces/worth-store/crates/worth-store/tests/physical_record_journeys/physical_work/concurrency.rs,independent-arrival-concurrency-proof,5c36cdcd8b9bd64a337a96825dac283658657be11c747042669a39912a7bd477
C8-P8-LEDGER-01,workspaces/worth-store/tools/store-test-runner/src/arguments.rs,mutation-scope-argument-vocabulary,34c8c235c2ccabd35b0f3d5156bac30fd83ff1e8b18290cab1d079b73b13ded1
C8-P8-LEDGER-01,workspaces/worth-store/tools/store-test-runner/src/arguments/parsing.rs,bounded-mutation-scope-admission,4623ecadd257f25182286c53103901d9083a6e75b99d9b963489ba74b8e35502
C8-P8-LEDGER-01,workspaces/worth-store/tools/store-test-runner/src/arguments/tests.rs,bounded-mutation-scope-argument-proof,6019c14e540766b62d116b5e560d006cfdd3f817f288bf62c4dd764787f13096
C8-P8-LEDGER-01,workspaces/worth-store/tools/store-test-runner/src/fresh_process_recovery_boundary_gate/authority_trace.rs,phase-eight-boundary-gate-causal-root,949258252b92b0ac8bbf008a00d9b4478ffc2659155dc455561e44b5e7a5fba7
C8-P8-LEDGER-01,workspaces/worth-store/tools/store-test-runner/src/fresh_process_recovery_boundary_gate/cargo_graph.rs,phase-eight-boundary-gate-causal-root,36efa1e92bf43735e2f7d56e856344c38d4292bcd82cff2fe6ec6b57a43353cc
C8-P8-LEDGER-01,workspaces/worth-store/tools/store-test-runner/src/fresh_process_recovery_boundary_gate/closure_ledger.rs,phase-eight-boundary-gate-causal-root,5fb4b0fd99cad923b9ecb67e99dc70644108c5431d94f6939875e5d77c740554
C8-P8-LEDGER-01,workspaces/worth-store/tools/store-test-runner/src/fresh_process_recovery_boundary_gate/closure_ledger/audit_source_manifest.rs,phase-eight-boundary-gate-causal-root,15d90507bd562abb9b21840f40155910c99d3e291cf4b2cefc815397df2f2c49
C8-P8-LEDGER-01,workspaces/worth-store/tools/store-test-runner/src/fresh_process_recovery_boundary_gate/closure_ledger/audit_source_manifest/tests.rs,phase-eight-boundary-gate-causal-root,7979993995631183b174d551433c69861fb78ea217fb96175c7791cf9043aaa9
C8-P8-LEDGER-01,workspaces/worth-store/tools/store-test-runner/src/fresh_process_recovery_boundary_gate/closure_ledger/history_contract.rs,phase-eight-boundary-gate-causal-root,02f80de32857260ca1ad41fef067cc5521f134ff0505f2f50bf5d5c0d0a86917
C8-P8-LEDGER-01,workspaces/worth-store/tools/store-test-runner/src/fresh_process_recovery_boundary_gate/closure_ledger/history_contract/audit_contracts.rs,phase-eight-boundary-gate-causal-root,c16cc609abf91f03b38cc0a13023ab84ce256f3137b0404331630891f8069520
C8-P8-LEDGER-01,workspaces/worth-store/tools/store-test-runner/src/fresh_process_recovery_boundary_gate/closure_ledger/history_contract/finding_inventory.rs,phase-eight-boundary-gate-causal-root,681f96086c38d6946c628c3752566fd1239362ad5ac46c690960ae0dc2c00180
C8-P8-LEDGER-01,workspaces/worth-store/tools/store-test-runner/src/fresh_process_recovery_boundary_gate/closure_ledger/source_identity.rs,phase-eight-boundary-gate-causal-root,e9ae9712664d279319c84642cc16a4c977dc5fbb182ec686956b79a19770b1d7
C8-P8-LEDGER-01,workspaces/worth-store/tools/store-test-runner/src/fresh_process_recovery_boundary_gate/closure_ledger/source_identity/api_sources.rs,phase-eight-boundary-gate-causal-root,2d535bc737a9775932671f6890ab22da595d461bdbefb5466fb78bff90b537d4
C8-P8-LEDGER-01,workspaces/worth-store/tools/store-test-runner/src/fresh_process_recovery_boundary_gate/cutover_inventory/import_reconciliation.rs,phase-eight-boundary-gate-causal-root,0c01ace81b895ffef13aa641fc283d4463c59e2d01262e36f7673b3b81eb6641
C8-P8-LEDGER-01,workspaces/worth-store/tools/store-test-runner/src/fresh_process_recovery_boundary_gate/destination_topology.rs,phase-eight-boundary-gate-causal-root,9b47bd580dbad0764c9cf81ecabd15ee029012c9da9e2617e281ae2dc9f72360
C8-P8-LEDGER-01,workspaces/worth-store/tools/store-test-runner/src/fresh_process_recovery_boundary_gate/destination_topology/required_destinations.rs,phase-eight-boundary-gate-causal-root,bd2c963e5bcc94c4b10015311fed6369065bfe2223064aadef24f0ae3d2c1e2a
C8-P8-LEDGER-01,workspaces/worth-store/tools/store-test-runner/src/fresh_process_recovery_boundary_gate/destination_topology/semantic_contract.rs,phase-eight-boundary-gate-causal-root,37d98a7b525a6c4a660d0b55f3588ae0d81c077cb3090510295e5ea50768234b
C8-P8-LEDGER-01,workspaces/worth-store/tools/store-test-runner/src/fresh_process_recovery_boundary_gate/destination_topology/semantic_tests.rs,phase-eight-boundary-gate-causal-root,e5608630536b54978b330f0fca511647c8d9b73ade675a17d0cce5627ebc583e
C8-P8-LEDGER-01,workspaces/worth-store/tools/store-test-runner/src/fresh_process_recovery_boundary_gate/documents.rs,phase-eight-boundary-gate-causal-root,3d482d7f3713d0307f72f496f1f52702e0f8d0355e0adaed4eddaf8b82726422
C8-P8-LEDGER-01,workspaces/worth-store/tools/store-test-runner/src/fresh_process_recovery_boundary_gate/facade_inventory.rs,phase-eight-facade-gate,ae453d9b80728cdc65c0d0a45c50819ef24ddff9513c565ea07e90262a3b8f78
C8-P8-LEDGER-01,workspaces/worth-store/tools/store-test-runner/src/fresh_process_recovery_boundary_gate/facade_inventory/api_inventory.rs,phase-eight-boundary-gate-causal-root,cfece93c15bf5821f4abfea64f6c8068ad01ad39a042b349c1fe7aa6b761f4f0
C8-P8-LEDGER-01,workspaces/worth-store/tools/store-test-runner/src/fresh_process_recovery_boundary_gate/facade_inventory/backend_wal_durability_surface_contract.rs,phase-eight-boundary-gate-causal-root,facf5d061aa6f04b019aa13e9cf680140988e73df988f5f5811390ae3df5b96b
C8-P8-LEDGER-01,workspaces/worth-store/tools/store-test-runner/src/fresh_process_recovery_boundary_gate/facade_inventory/blob_replay_surface_contract.rs,phase-eight-boundary-gate-causal-root,329744012e31e044a9aa240ed2368c3d24f1d67c877876512cde2ce6f544e669
C8-P8-LEDGER-01,workspaces/worth-store/tools/store-test-runner/src/fresh_process_recovery_boundary_gate/facade_inventory/bounded_decode_surface_contract.rs,phase-eight-boundary-gate-causal-root,069c1d264d421d6b7d6c8fe8bf90eec7d1b03374b6f1d482bc475ab47e3f483a
C8-P8-LEDGER-01,workspaces/worth-store/tools/store-test-runner/src/fresh_process_recovery_boundary_gate/facade_inventory/checkpoint_backup_surface_contract.rs,phase-eight-boundary-gate-causal-root,bf8abe385746242ddd0a844b24473fa25bf3226561a6020fdbd1b070ce1986be
C8-P8-LEDGER-01,workspaces/worth-store/tools/store-test-runner/src/fresh_process_recovery_boundary_gate/facade_inventory/cross_file_surface_contract.rs,phase-eight-boundary-gate-causal-root,45aa74f1835bfeee90aef6dd2fef70f7aa8f1cdfd06ac5cc714122f1d2b083e6
C8-P8-LEDGER-01,workspaces/worth-store/tools/store-test-runner/src/fresh_process_recovery_boundary_gate/facade_inventory/delivered_api.rs,phase-eight-boundary-gate-causal-root,080f7b8a00ffecf9a6e98a9b51ed133227763845407ff3a52194b5187e75df9b
C8-P8-LEDGER-01,workspaces/worth-store/tools/store-test-runner/src/fresh_process_recovery_boundary_gate/facade_inventory/delivered_api/cfg_reachability.rs,phase-eight-boundary-gate-causal-root,058043dd416d9a751a6d2164bdd67d36dd56a46e7bc0348888bd0da957c8ce51
C8-P8-LEDGER-01,workspaces/worth-store/tools/store-test-runner/src/fresh_process_recovery_boundary_gate/facade_inventory/delivered_api/exactness.rs,phase-eight-boundary-gate-causal-root,dedb725c5a0fd764147d5356e58b9ff17c57251d50fd564df7d58ca759804c8b
C8-P8-LEDGER-01,workspaces/worth-store/tools/store-test-runner/src/fresh_process_recovery_boundary_gate/facade_inventory/delivered_api/export_resolution.rs,phase-eight-boundary-gate-causal-root,6ca0f3c2eb491a69e8a5cc2205e36063aef082fb3598d98fac9a7e364a93fd1f
C8-P8-LEDGER-01,workspaces/worth-store/tools/store-test-runner/src/fresh_process_recovery_boundary_gate/facade_inventory/delivered_api/external_resolution.rs,phase-eight-boundary-gate-causal-root,59545e905caa39169ae866892f0b1b07010700d85ec34dc2cbedcae32c3d75e0
C8-P8-LEDGER-01,workspaces/worth-store/tools/store-test-runner/src/fresh_process_recovery_boundary_gate/facade_inventory/delivered_api/facade_exports.rs,phase-eight-boundary-gate-causal-root,c1d78804950846676d72bda5d3c95c6444aa149b42cdaaa0ed4414c0f20fa97e
C8-P8-LEDGER-01,workspaces/worth-store/tools/store-test-runner/src/fresh_process_recovery_boundary_gate/facade_inventory/delivered_api/module_paths.rs,phase-eight-boundary-gate-causal-root,8ca3637c24a445656ca83e2c6f980160ec748ed34cf1e1d34f29beaabb6d675a
C8-P8-LEDGER-01,workspaces/worth-store/tools/store-test-runner/src/fresh_process_recovery_boundary_gate/facade_inventory/delivered_api/namespace_exports.rs,phase-eight-boundary-gate-causal-root,62d45d135ca83e1b3a0eaa8d84006fe7b9161e319fbd652baf98a1d26588a04b
C8-P8-LEDGER-01,workspaces/worth-store/tools/store-test-runner/src/fresh_process_recovery_boundary_gate/facade_inventory/delivered_api/pre_c8_surface.rs,phase-eight-boundary-gate-causal-root,86cd0c02591c29c94883a20214a58e1d5d8ea4d69361ab7ec43a451aa46a7110
C8-P8-LEDGER-01,workspaces/worth-store/tools/store-test-runner/src/fresh_process_recovery_boundary_gate/facade_inventory/delivered_api/private_imports.rs,phase-eight-boundary-gate-causal-root,1c7f76d39319c99254fb4510596ceb22a06e64ea1caaf71c8a975d3931138b5b
C8-P8-LEDGER-01,workspaces/worth-store/tools/store-test-runner/src/fresh_process_recovery_boundary_gate/facade_inventory/delivered_api/source_layout.rs,phase-eight-boundary-gate-causal-root,089cf30a569dd716f56cd2ff26cf31181c15fc3cc337f2b753c4be72299500b3
C8-P8-LEDGER-01,workspaces/worth-store/tools/store-test-runner/src/fresh_process_recovery_boundary_gate/facade_inventory/delivered_api/tests.rs,phase-eight-boundary-gate-causal-root,75ead91cdd98992f62d0c4430aafb89331393e22a61f2b1706709a8a9ad6c579
C8-P8-LEDGER-01,workspaces/worth-store/tools/store-test-runner/src/fresh_process_recovery_boundary_gate/facade_inventory/delivered_api/tests/namespace_tests.rs,phase-eight-boundary-gate-causal-root,719fe59963589ce431a69eda87df21f893347fbce1ed078019250bde4f07dc77
C8-P8-LEDGER-01,workspaces/worth-store/tools/store-test-runner/src/fresh_process_recovery_boundary_gate/facade_inventory/delivered_api/tests/private_import_tests.rs,phase-eight-boundary-gate-causal-root,cd3ef625d3f06e87185126a40996c9dc2688a0e6cd97be5d6cdf93f138e2fd8e
C8-P8-LEDGER-01,workspaces/worth-store/tools/store-test-runner/src/fresh_process_recovery_boundary_gate/facade_inventory/destination_surface_contract.rs,phase-eight-boundary-gate-causal-root,48342f03fac829ff0f42167b0a0564fe90ca0d9796b5267b6e641476c61a3c2d
C8-P8-LEDGER-01,workspaces/worth-store/tools/store-test-runner/src/fresh_process_recovery_boundary_gate/facade_inventory/destination_surface_contract/backend_recovery.rs,phase-eight-boundary-gate-causal-root,197fd6cb496bc0c62f27bdb69f1916bde671ecc92de5fc579d4079eecc289642
C8-P8-LEDGER-01,workspaces/worth-store/tools/store-test-runner/src/fresh_process_recovery_boundary_gate/facade_inventory/destination_surface_contract/backend_recovery_evidence.rs,phase-eight-boundary-gate-causal-root,728125e5ed10362a23fdad3d0b7978fba01913909358dde94f9a655e40d0a454
C8-P8-LEDGER-01,workspaces/worth-store/tools/store-test-runner/src/fresh_process_recovery_boundary_gate/facade_inventory/destination_surface_contract/backend_recovery_publication.rs,phase-eight-boundary-gate-causal-root,d1d0139c1f55b329a1625b2e7036a17f487edb1f32c17f1307a892167875619d
C8-P8-LEDGER-01,workspaces/worth-store/tools/store-test-runner/src/fresh_process_recovery_boundary_gate/facade_inventory/destination_surface_contract/store_recovery_coordination.rs,phase-eight-boundary-gate-causal-root,2e95572edf7c5427651852a77d72455e604f03b514e464de14aeeb49cfd7c717
C8-P8-LEDGER-01,workspaces/worth-store/tools/store-test-runner/src/fresh_process_recovery_boundary_gate/facade_inventory/destination_surface_contract/store_recovery_publication.rs,phase-eight-boundary-gate-causal-root,e2dacaa179d6841fc88a9dbbed1d438ae67e6feb3a02920c35ef759e269d55f3
C8-P8-LEDGER-01,workspaces/worth-store/tools/store-test-runner/src/fresh_process_recovery_boundary_gate/facade_inventory/disposition_contract.rs,phase-eight-boundary-gate-causal-root,525223ab604b8082c6e88ec272e1fb4611df9bf9463f6a0e19eb0853ff8a5ba9
C8-P8-LEDGER-01,workspaces/worth-store/tools/store-test-runner/src/fresh_process_recovery_boundary_gate/facade_inventory/inventory_disposition.rs,phase-eight-boundary-gate-causal-root,08b9a56e996cde3c4cb54a7fa33c521b195027eaa663026f8c908625f4530c3a
C8-P8-LEDGER-01,workspaces/worth-store/tools/store-test-runner/src/fresh_process_recovery_boundary_gate/facade_inventory/moved_integrity_surface_contract.rs,phase-eight-boundary-gate-causal-root,57a30e83093d2207cacc780b80e64a020a005b975b523e17dda8b3ee1de367ba
C8-P8-LEDGER-01,workspaces/worth-store/tools/store-test-runner/src/fresh_process_recovery_boundary_gate/facade_inventory/operations_point_in_time_surface_contract.rs,phase-eight-boundary-gate-causal-root,5615967ca694d472e3b981c983f391a2dc13dc159bcbef8a3e390ed2e3cdf8db
C8-P8-LEDGER-01,workspaces/worth-store/tools/store-test-runner/src/fresh_process_recovery_boundary_gate/facade_inventory/operations_recovery_replay_surface_contract.rs,phase-eight-boundary-gate-causal-root,b7a2e3e35a4a57ba679626b69beefbb43bf203d16989d1ec62c316a2c08bf085
C8-P8-LEDGER-01,workspaces/worth-store/tools/store-test-runner/src/fresh_process_recovery_boundary_gate/facade_inventory/operations_recovery_surface_contract.rs,phase-eight-boundary-gate-causal-root,cbd41f75e07e0aeb6675a463e232330beb914cf3dc9aa67582ec85c75d99079b
C8-P8-LEDGER-01,workspaces/worth-store/tools/store-test-runner/src/fresh_process_recovery_boundary_gate/facade_inventory/operations_restore_surface_contract.rs,phase-eight-boundary-gate-causal-root,bfc37143d5ca8c38c9c317dc1a57454db58820f49f69f16c8badebf6fb520089
C8-P8-LEDGER-01,workspaces/worth-store/tools/store-test-runner/src/fresh_process_recovery_boundary_gate/facade_inventory/operations_rollback_surface_contract.rs,phase-eight-boundary-gate-causal-root,503a938b5be8c3d05e5b5c7f0e7a3ca07677deddc167d0c009eeb1ae560bf887
C8-P8-LEDGER-01,workspaces/worth-store/tools/store-test-runner/src/fresh_process_recovery_boundary_gate/facade_inventory/phase_eight_owner_surface_contract.rs,phase-eight-boundary-gate-causal-root,00b4c39e04bbac2e139c1d2e21cd968a14498abc04f24eac8080b559673547c5
C8-P8-LEDGER-01,workspaces/worth-store/tools/store-test-runner/src/fresh_process_recovery_boundary_gate/facade_inventory/physical_isolation_publication_surface_contract.rs,phase-eight-boundary-gate-causal-root,1be8bc8877ad3c7f58637846b713c3a376c1e00f1fb2b53d47516ae9dc650ee1
C8-P8-LEDGER-01,workspaces/worth-store/tools/store-test-runner/src/fresh_process_recovery_boundary_gate/facade_inventory/physical_isolation_recovery_source_surface_contract.rs,phase-eight-boundary-gate-causal-root,1a6e76a8b523d0daa7dcfa3ca924faf045770f22fabc1c66f9ff3fc825f0eff1
C8-P8-LEDGER-01,workspaces/worth-store/tools/store-test-runner/src/fresh_process_recovery_boundary_gate/facade_inventory/preserved_destination_surfaces.rs,phase-eight-boundary-gate-causal-root,baa7a12c426bffbb673ce509b1575402240e2dabcd9ffebb23329a6169f6cd8d
C8-P8-LEDGER-01,workspaces/worth-store/tools/store-test-runner/src/fresh_process_recovery_boundary_gate/facade_inventory/reachable_api.rs,phase-eight-boundary-gate-causal-root,4114cda6edeb5415bbdf3312579a642c957279faa74b89e8d022f715314017a7
C8-P8-LEDGER-01,workspaces/worth-store/tools/store-test-runner/src/fresh_process_recovery_boundary_gate/facade_inventory/recovery_physics_destination_surfaces.rs,phase-eight-boundary-gate-causal-root,ea4e62f46928c2b791690f3847b27f9ee02742052a073eac4c8ef1471f5f2c88
C8-P8-LEDGER-01,workspaces/worth-store/tools/store-test-runner/src/fresh_process_recovery_boundary_gate/facade_inventory/recovery_wal_surface_contract.rs,phase-eight-boundary-gate-causal-root,25e7496b2ba8174a5efe863c190d58ead713556841fef127d98eb18a8dc85423
C8-P8-LEDGER-01,workspaces/worth-store/tools/store-test-runner/src/fresh_process_recovery_boundary_gate/facade_inventory/runtime_phase_eight_surface_contract.rs,phase-eight-boundary-gate-causal-root,2ec61889039c8535f704f88eb950eaf4057aa4feaf3b9726452c30e35a9aac5b
C8-P8-LEDGER-01,workspaces/worth-store/tools/store-test-runner/src/fresh_process_recovery_boundary_gate/facade_inventory/runtime_phase_five_surface_contract.rs,phase-eight-boundary-gate-causal-root,19d86b931389908913b8340a82a540e923da72a6d707ead7f27a3ebd40779783
C8-P8-LEDGER-01,workspaces/worth-store/tools/store-test-runner/src/fresh_process_recovery_boundary_gate/facade_inventory/runtime_phase_four_plan_surface_contract.rs,phase-eight-boundary-gate-causal-root,8caf4538147bb6363df87042268db794ff58e964ad0966586754a7b0e357c496
C8-P8-LEDGER-01,workspaces/worth-store/tools/store-test-runner/src/fresh_process_recovery_boundary_gate/facade_inventory/runtime_phase_four_projection_surface_contract.rs,phase-eight-boundary-gate-causal-root,0ebb3dab15f7e8a08d5bc75f9f45716098070f1b2b9fb2db9537b7b3c44a3d1e
C8-P8-LEDGER-01,workspaces/worth-store/tools/store-test-runner/src/fresh_process_recovery_boundary_gate/facade_inventory/runtime_phase_four_surface_contract.rs,phase-eight-boundary-gate-causal-root,d336dfceb70e7b662874cb04193f5280becd77f707d2b4196cfba4aeae599b97
C8-P8-LEDGER-01,workspaces/worth-store/tools/store-test-runner/src/fresh_process_recovery_boundary_gate/facade_inventory/runtime_phase_seven_surface_contract/format.rs,phase-eight-boundary-gate-causal-root,9a0519443fbf91305587a30abfc3c85aeebeafecf1e9aeb8301cee57a4b7cba0
C8-P8-LEDGER-01,workspaces/worth-store/tools/store-test-runner/src/fresh_process_recovery_boundary_gate/facade_inventory/runtime_phase_seven_surface_contract/runtime.rs,phase-eight-boundary-gate-causal-root,84a9226cb93ba696f882d3277e9252ca7b2d73e8153ced0653bc9808d7632bbf
C8-P8-LEDGER-01,workspaces/worth-store/tools/store-test-runner/src/fresh_process_recovery_boundary_gate/facade_inventory/runtime_phase_seven_surface_contract/store.rs,phase-eight-boundary-gate-causal-root,0116602b295ec66a4c9846c993a3d23843ac84160cb14c0fee6fe12d4184e7c7
C8-P8-LEDGER-01,workspaces/worth-store/tools/store-test-runner/src/fresh_process_recovery_boundary_gate/facade_inventory/runtime_phase_seven_surface_contract/store_cleanup_lifecycle.rs,phase-eight-boundary-gate-causal-root,b554a778af4732ffd8ed659b1ce257d1e8763b690ccc493d7de553d1fbb4f06c
C8-P8-LEDGER-01,workspaces/worth-store/tools/store-test-runner/src/fresh_process_recovery_boundary_gate/facade_inventory/runtime_phase_seven_surface_contract/wal.rs,phase-eight-boundary-gate-causal-root,3493ce916ca45365990b6124a6024a96905e432635c79329c110f1972f1d7661
C8-P8-LEDGER-01,workspaces/worth-store/tools/store-test-runner/src/fresh_process_recovery_boundary_gate/facade_inventory/runtime_phase_six_surface_contract.rs,phase-eight-boundary-gate-causal-root,ea95af270a11deb086af806c51fb28bfa8d069acb8f8d07b282f559aab0d8ae2
C8-P8-LEDGER-01,workspaces/worth-store/tools/store-test-runner/src/fresh_process_recovery_boundary_gate/facade_inventory/runtime_phase_three_surface_contract.rs,phase-eight-boundary-gate-causal-root,64cfe8597314b2eeaa6c17d0235aecd683260e67360f4f6900e68372a48ce726
C8-P8-LEDGER-01,workspaces/worth-store/tools/store-test-runner/src/fresh_process_recovery_boundary_gate/facade_inventory/runtime_progression_completion_surface_contract.rs,phase-eight-boundary-gate-causal-root,d0a6d68377cdf635df94eb0723f538acad45845461c1425c80161f22c01fe060
C8-P8-LEDGER-01,workspaces/worth-store/tools/store-test-runner/src/fresh_process_recovery_boundary_gate/facade_inventory/supporting_delivery_surface_contract.rs,phase-eight-boundary-gate-causal-root,5c6429c84579bb9634b2f027b42aa7482971d76fb1d87099939c7095be7ea849
C8-P8-LEDGER-01,workspaces/worth-store/tools/store-test-runner/src/fresh_process_recovery_boundary_gate/mod.rs,phase-eight-boundary-gate-causal-root,679dfc9c64b18eb1736cabd8a608571003a6c58627cbd27f32ddd1f95d0e1d55
C8-P8-LEDGER-01,workspaces/worth-store/tools/store-test-runner/src/fresh_process_recovery_boundary_gate/persisted_input_contract.rs,phase-eight-boundary-gate-causal-root,b55cf68f4e7150780b3be0db45869f5ee2366bbcc064e879cb9724865a8f71cb
C8-P8-LEDGER-01,workspaces/worth-store/tools/store-test-runner/src/fresh_process_recovery_boundary_gate/persisted_input_contract/causal_contract.rs,phase-eight-boundary-gate-causal-root,5400ba22f43b0ac2a79e6f7c319ac2f7c4f71d4bf9c37d4192c61f7be2f56401
C8-P8-LEDGER-01,workspaces/worth-store/tools/store-test-runner/src/fresh_process_recovery_boundary_gate/persisted_input_contract/role_contract.rs,phase-eight-boundary-gate-causal-root,e9258733a32db0d3b988c1a9c51d144dff92f4964405161483408e80ec55e76c
C8-P8-LEDGER-01,workspaces/worth-store/tools/store-test-runner/src/fresh_process_recovery_boundary_gate/persisted_input_contract/syntax_evidence.rs,phase-eight-boundary-gate-causal-root,151f7f12134a3c4d665a2e18c81991edf037ce51f1fa14695507d8072fb3544e
C8-P8-LEDGER-01,workspaces/worth-store/tools/store-test-runner/src/fresh_process_recovery_boundary_gate/persisted_input_contract/syntax_evidence/expression_activity.rs,phase-eight-boundary-gate-causal-root,16939bcd173f8a4d397004a444b876985c4f8f4c67d4dcb7788581f8aa53f7c1
C8-P8-LEDGER-01,workspaces/worth-store/tools/store-test-runner/src/fresh_process_recovery_boundary_gate/persisted_input_contract/syntax_evidence/tests.rs,phase-eight-boundary-gate-causal-root,d82656e21772a5562eb4e41593525bb498e8ca431a24d9bb10514b35c8aafa0a
C8-P8-LEDGER-01,workspaces/worth-store/tools/store-test-runner/src/fresh_process_recovery_boundary_gate/persisted_input_contract/tests.rs,phase-eight-boundary-gate-causal-root,d3ae146402e9e062dff4c5836fb99e6cda44c07966a1279b7b9cf324b638f239
C8-P8-LEDGER-01,workspaces/worth-store/tools/store-test-runner/src/lib.rs,mutation-runner-dispatch,21baee487c4f0e5d03fbb852b5b4fcf070c1e15d9a2c47f223f0d1a3ac9b068c
C8-P8-LEDGER-01,workspaces/worth-store/tools/store-test-runner/src/local_source_fingerprint.rs,raw-local-source-fingerprint,37cb35046df64dfd02140042480ef9dcc82c10c13801322243a74e950875ebba
C8-P8-LEDGER-01,workspaces/worth-store/tools/store-test-runner/src/main.rs,mutation-runner-executable-entry,4109288759d6009ee4093f4b744eb87a5fd5d9544b9bedc160fdc24a649c2f02
C8-P8-LEDGER-01,workspaces/worth-store/tools/store-test-runner/src/mutation_campaign/c8_retained_record.rs,non-authoritative-c8-retained-record,8ac5623017b51eac4aeeeef0ccd89760b2bc97f3d74700a484a73f34ebb995b4
C8-P8-LEDGER-01,workspaces/worth-store/tools/store-test-runner/src/mutation_campaign/catalog.rs,canonical-mutation-target-topology,d65e7200d52f81dc3f0c90c2caee32c751ad98e301fabec5c38cd3b06a334cee
C8-P8-LEDGER-01,workspaces/worth-store/tools/store-test-runner/src/mutation_campaign/catalog/phase_16.rs,global-lock-mutant-binding,1547b91bc2a9b191db4e7998c564176e8e3aac69454b99ec9ae3568306e4a688
C8-P8-LEDGER-01,workspaces/worth-store/tools/store-test-runner/src/mutation_campaign/catalog/physical_reconstruction_c8.rs,phase-eight-mutation-catalog,ed2798ca8f32b99c355535db174865bcad4cee1504369bcee3c1297553f030d7
C8-P8-LEDGER-01,workspaces/worth-store/tools/store-test-runner/src/mutation_campaign/evidence.rs,live-mutation-transcript-contract,889b099d724222eae971fce7517049fb604521222509d5cb7d4027bcf904bc2d
C8-P8-LEDGER-01,workspaces/worth-store/tools/store-test-runner/src/mutation_campaign/evidence.rs,phase-eight-fresh-process-mutation-cost-class,889b099d724222eae971fce7517049fb604521222509d5cb7d4027bcf904bc2d
C8-P8-LEDGER-01,workspaces/worth-store/tools/store-test-runner/src/mutation_campaign/execution.rs,canonical-process-harness-execution,fbf3e7f03fec78b464351ef5003fe999a9a3b6fa7c2c2e4af79c9867d1306bb9
C8-P8-LEDGER-01,workspaces/worth-store/tools/store-test-runner/src/mutation_campaign/execution/artifact_evidence.rs,executed-mutation-artifact-evidence,4b1ac8704d6ae35745cfe4c2bbcebe8982bb7eab30b1e65628c9c45307658ed6
C8-P8-LEDGER-01,workspaces/worth-store/tools/store-test-runner/src/mutation_campaign/execution/tests.rs,mutation-topology-regression-proof,34d248b758af6673cc64ef45be574ff1f2b38ba95834042931240a040314f678
C8-P8-LEDGER-01,workspaces/worth-store/tools/store-test-runner/src/mutation_campaign/mod.rs,canonical-mutation-harness-route,9c71881c781eb29550fa1fd3acbf2199fc31b8cfad4aaaae55729a4a0663c59d
C8-P8-LEDGER-01,workspaces/worth-store/tools/store-test-runner/src/mutation_campaign/process_execution.rs,bounded-mutation-child-lifecycle,ae5817035a39c232de5c7f157f30293951377ae660cdbfb3a5feaf95e0ee2b79
C8-P8-LEDGER-01,workspaces/worth-store/tools/store-test-runner/src/mutation_campaign/report.rs,retained-mutation-report-authority,d9c21f8c0263b114af9dedbbe6bc97e5eb49517e24180039b6707fb5892ebdf3
C8-P8-LEDGER-01,workspaces/worth-store/tools/store-test-runner/src/mutation_campaign/report/reader.rs,direct-localization-report-reader,152ddd8cf48a68422b8714f500486845aab59460ce99ea717564f3915d2bd069
C8-P8-LEDGER-01,workspaces/worth-store/tools/store-test-runner/src/mutation_campaign/report/tests.rs,retained-mutation-report-lifecycle-proof,84979110765caa849c43103c9522bdc24c15b76c64acd664329c0f2750e3a4d3
C8-P8-LEDGER-01,workspaces/worth-store/tools/store-test-runner/src/mutation_campaign/source_binding_tests.rs,mutation-source-closure-proof,2bef495d71a3f8ffcf137dc8a3e0ce8ef168b537917a71f80ac989117ce097d2
C8-P8-LEDGER-01,workspaces/worth-store/tools/store-test-runner/src/mutation_campaign/source_inventory.rs,raw-mutation-source-inventory,d34c8c37f02c5e67298749b31eb50da681a5cf1b136d86b9f45cf390789e95c2
C8-P8-LEDGER-01,workspaces/worth-store/tools/store-test-runner/src/mutation_campaign/source_replacement.rs,private-snapshot-mutation-installation,97679179a1076be433338fc1de8a007c76d0b3d834cb244c2e3808cc12db785f
C8-P8-LEDGER-01,workspaces/worth-store/tools/store-test-runner/src/mutation_campaign/target_directory.rs,exclusive-mutation-campaign-target-allocation,96a500b8219ea100499f3eb4b685163e1fbfa9621f70400cb8e63535c88f3495
C8-P8-LEDGER-01,workspaces/worth-store/tools/store-test-runner/src/mutation_campaign/tests.rs,mutation-campaign-scope-regression-proof,87bf054d248b460dd4af86fd4172e8d47c88aff31f70979d65643400b185f579
C8-P8-LEDGER-01,workspaces/worth-store/tools/store-test-runner/src/mutation_campaign/workspace_snapshot.rs,private-mutation-workspace-snapshot,e2bc7a7e64d7c853afb22e7f6415f2559d9eabbb22357cfd001fc1acdcbde656
C8-P8-OBSERVER-01,workspaces/worth-store/crates/worth-store-offline-verifier/src/bin/physical_store_offline_observer.rs,observer-executable-root,dd480dbcbd7be664a92bc6c930003d0373ca7e3dd21b8844d3290e17d290e393
C8-P8-OBSERVER-01,workspaces/worth-store/crates/worth-store-offline-verifier/src/bin/physical_store_offline_observer/recovery_report.rs,shipped-observer-command,26e2c7c0d9d041b2af86e845f22d37c5a97446d32cca2c45b57e13792ed0e392
C8-P8-OBSERVER-01,workspaces/worth-store/crates/worth-store-offline-verifier/src/bin/physical_store_offline_observer/recovery_report/arguments.rs,observer-argument-boundary,619d0656c42af087c1230fbc582d9dec6f33009a0c544a7bdd44eaa13db5b160
C8-P8-OBSERVER-01,workspaces/worth-store/crates/worth-store-offline-verifier/src/bin/physical_store_offline_observer/recovery_report/limits.rs,observer-limit-boundary,49843839fe194e856ca6b94b41136517f5ec64516b500a94c4ee9284760727a6
C8-P8-OBSERVER-01,workspaces/worth-store/crates/worth-store-offline-verifier/src/bin/physical_store_offline_observer/recovery_report/observation.rs,observer-execution-boundary,60646ccd6a6d0a0bfe975dc1849706dba2ae32443eb8798d825ad38b32c9026d
C8-P8-OBSERVER-01,workspaces/worth-store/crates/worth-store-offline-verifier/src/bin/physical_store_offline_observer/recovery_report/persistence.rs,observer-report-persistence,b5c1bb191f3d288407cd935054e5b47bb456206065d153836a0551a2ba2f6005
C8-P8-OBSERVER-01,workspaces/worth-store/crates/worth-store-offline-verifier/src/bin/physical_store_offline_observer/recovery_report/rendering.rs,observer-terminal-rendering,d1494a415abd5b38bb76116f15c59fd6bdfbc42a281ffe20ead8b9c50c103566
C8-P8-OBSERVER-01,workspaces/worth-store/crates/worth-store-offline-verifier/src/c8_recovery_observation/artifact_observation.rs,bounded-artifact-read,e2e69339c9f56ba7851123e97c389d18ab5f275b7c9189153181b40c5acc0063
C8-P8-OBSERVER-01,workspaces/worth-store/crates/worth-store-offline-verifier/src/c8_recovery_observation/artifact_observation/bounded_artifact_read.rs,independent-observer-owner,12e69ff84b3737d0c80bb7fe4dc0f68cf5465ec002ceae0c0644166641340bab
C8-P8-OBSERVER-01,workspaces/worth-store/crates/worth-store-offline-verifier/src/c8_recovery_observation/artifact_observation/relative_artifact_path.rs,independent-observer-owner,dc5ce9e1acd8e5523aeea55f478db3e09691e524b2cc8f26bf565dbe7cc1ecdd
C8-P8-OBSERVER-01,workspaces/worth-store/crates/worth-store-offline-verifier/src/c8_recovery_observation/artifact_walk.rs,bounded-independent-walk,d1bd8725e119a3f8ad6bf0676c80982d3769901f4cd27da304763d570eacd71d
C8-P8-OBSERVER-01,workspaces/worth-store/crates/worth-store-offline-verifier/src/c8_recovery_observation/artifact_walk/directory_entry_scan.rs,independent-observer-owner,2e99785436e5f83521df03ae2741d9ce60bb52f8bc4dd6d17486ff520a74b273
C8-P8-OBSERVER-01,workspaces/worth-store/crates/worth-store-offline-verifier/src/c8_recovery_observation/artifact_walk/entry_admission.rs,independent-observer-owner,e0de85ebb21f768c4be2923f94456c970e72dc45acb753b9bff454f5d4244a28
C8-P8-OBSERVER-01,workspaces/worth-store/crates/worth-store-offline-verifier/src/c8_recovery_observation/artifact_walk/entry_classification.rs,independent-observer-owner,3711225fc89adfc005dffaeb312af82fbd359fe8f32ceeb82f349cab85a4a10d
C8-P8-OBSERVER-01,workspaces/worth-store/crates/worth-store-offline-verifier/src/c8_recovery_observation/artifact_walk/tests.rs,exact-traversal-limit-proof,14b837e00a332789de70a567b3ae6a8e81b78eea55839da8912fd192f08c10ad
C8-P8-OBSERVER-01,workspaces/worth-store/crates/worth-store-offline-verifier/src/c8_recovery_observation/artifact_walk/walk_state.rs,independent-observer-owner,ae1fb4288b5120975b9b89ff1b696480885b1f8ac4c00ccc177409ee59b1296a
C8-P8-OBSERVER-01,workspaces/worth-store/crates/worth-store-offline-verifier/src/c8_recovery_observation/checkpoint_observation.rs,checkpoint-frontier-observation,22dcf93cf42b29a32c1773bc289cc4f0ab524c873b25bd81b3cad44c5a2b3d04
C8-P8-OBSERVER-01,workspaces/worth-store/crates/worth-store-offline-verifier/src/c8_recovery_observation/conclusion.rs,observer-evidence-conclusion,33bdf397ba166d66b74102ac9d3942b4ca8f5bde0a5f5e6bc5586d4406d57b9d
C8-P8-OBSERVER-01,workspaces/worth-store/crates/worth-store-offline-verifier/src/c8_recovery_observation/conclusion/artifacts.rs,conclusion-artifact-digest-owner,d43d9363e299c8a3adfd121b5826b45ca107bb8b8778a158d31244dc76c720bd
C8-P8-OBSERVER-01,workspaces/worth-store/crates/worth-store-offline-verifier/src/c8_recovery_observation/conclusion/evidence.rs,conclusion-evidence-accumulator,da1dbac5419a74461015e9c3e00c8d886a4ef3c090e98f72f71086cdaa92ba11
C8-P8-OBSERVER-01,workspaces/worth-store/crates/worth-store-offline-verifier/src/c8_recovery_observation/conclusion/evidence/accumulator.rs,offline-observer-evidence-composition,eefea10fae9f5f55b085d6317b3c9038935cd70e7571d7b67e455db549d14eff
C8-P8-OBSERVER-01,workspaces/worth-store/crates/worth-store-offline-verifier/src/c8_recovery_observation/conclusion/evidence/checkpoint.rs,offline-observer-checkpoint-evidence,350cf381102c8428b674cd9992d72bdafaec21e629dfbcdae5d818625f42e7db
C8-P8-OBSERVER-01,workspaces/worth-store/crates/worth-store-offline-verifier/src/c8_recovery_observation/conclusion/evidence/generation.rs,offline-observer-generation-evidence,519476b6538cb67fefbcb6ed22dca800c1726a0bd10802b18db252c5dd906125
C8-P8-OBSERVER-01,workspaces/worth-store/crates/worth-store-offline-verifier/src/c8_recovery_observation/conclusion/evidence/manifest.rs,offline-observer-manifest-evidence,2d96ea431c29bb61967b32aed0db99a451a9e313e40d7234b83e521e624dc6ec
C8-P8-OBSERVER-01,workspaces/worth-store/crates/worth-store-offline-verifier/src/c8_recovery_observation/conclusion/evidence/pages.rs,offline-observer-page-evidence,2265bfe7bd7121479005c9f3e24921453524b173e5b0059b1106a5f1e2197aef
C8-P8-OBSERVER-01,workspaces/worth-store/crates/worth-store-offline-verifier/src/c8_recovery_observation/conclusion/evidence/residue.rs,offline-observer-residue-evidence,ccf62d727e770bb1b6132a99f7f6254edd4bf00027bf5dc3ab27c391206e37f7
C8-P8-OBSERVER-01,workspaces/worth-store/crates/worth-store-offline-verifier/src/c8_recovery_observation/conclusion/evidence/selector.rs,offline-observer-selector-evidence,06e365bb79adca2ddc16245f0bec699a8fa44b5b5eb2a3cf11cda1cb1e9db175
C8-P8-OBSERVER-01,workspaces/worth-store/crates/worth-store-offline-verifier/src/c8_recovery_observation/conclusion/evidence/wal.rs,offline-observer-wal-evidence,b62c3aa8d232c5ccd0901d4aded8afae52f245139b8425c9309f5c1fe00b7bbc
C8-P8-OBSERVER-01,workspaces/worth-store/crates/worth-store-offline-verifier/src/c8_recovery_observation/conclusion/model.rs,conclusion-model-owner,c78b0d2cd7a100ce45d6c3c86bdb31003a8d0da288ea9a434cfe889546ec2de3
C8-P8-OBSERVER-01,workspaces/worth-store/crates/worth-store-offline-verifier/src/c8_recovery_observation/conclusion/reducer.rs,conclusion-reduction-owner,35238e9a3aeae47ecf19706e0082637739851ab6c0b27b975bc34491894969dc
C8-P8-OBSERVER-01,workspaces/worth-store/crates/worth-store-offline-verifier/src/c8_recovery_observation/conclusion/selectors.rs,conclusion-selector-owner,97ab24f7292ac1224c0b9d959c87d8dd18fc66cd22bf9c0a6d0cb98d5dc6ad95
C8-P8-OBSERVER-01,workspaces/worth-store/crates/worth-store-offline-verifier/src/c8_recovery_observation/counters.rs,progressive-work-evidence,c63b7b8f65c466a77038098a309d4c5af91132737f7a16941bbd5a7bbdb3602f
C8-P8-OBSERVER-01,workspaces/worth-store/crates/worth-store-offline-verifier/src/c8_recovery_observation/durable_observation.rs,durable-selector-observation,cf6d56c71ee4a21501e930e4e103975fc4019dce19f5aa734057386a6f9986dd
C8-P8-OBSERVER-01,workspaces/worth-store/crates/worth-store-offline-verifier/src/c8_recovery_observation/failure.rs,typed-observation-failure,08ee8c7daf6eef8c027a9940859da603cf169338544502796c34e03880f5b0b2
C8-P8-OBSERVER-01,workspaces/worth-store/crates/worth-store-offline-verifier/src/c8_recovery_observation/limits.rs,four-axis-observation-budget,1ef3dd8c426505a147b81d88f476800328343f914b61bdaddbe860d0d31d987c
C8-P8-OBSERVER-01,workspaces/worth-store/crates/worth-store-offline-verifier/src/c8_recovery_observation/mod.rs,observer-observation-facade,d96dc0685428e02ccc2af831edd2de51b2bc1d8737f21f7dc52d6945e9caa9f5
C8-P8-OBSERVER-01,workspaces/worth-store/crates/worth-store-offline-verifier/src/c8_recovery_observation/observer_evidence.rs,observer-evidence-types,a6fcb43c86f06ec51f5ec359d2f389d3a7fee79eb6887450418f808967a36a7b
C8-P8-OBSERVER-01,workspaces/worth-store/crates/worth-store-offline-verifier/src/c8_recovery_observation/observer_evidence/checkpoint.rs,observer-evidence-checkpoint-model,13d6727861887d982c8ab87434755363dd870d98a7b26ccd5c4bbfaea2541250
C8-P8-OBSERVER-01,workspaces/worth-store/crates/worth-store-offline-verifier/src/c8_recovery_observation/observer_evidence/digest.rs,observer-evidence-digest-model,067f6c1c2d779f5debd9053a974e0da4e99629e9b5b8bf2bc26fb61c0c6b4ee6
C8-P8-OBSERVER-01,workspaces/worth-store/crates/worth-store-offline-verifier/src/c8_recovery_observation/observer_evidence/manifest.rs,observer-evidence-manifest-model,5d5ddd14fff41b3e67de937901840a4c07708a6230d8c1b3e9000dad9381dfee
C8-P8-OBSERVER-01,workspaces/worth-store/crates/worth-store-offline-verifier/src/c8_recovery_observation/observer_evidence/page.rs,observer-evidence-page-model,4bd444bc6f3d963854aaef06ab0b0475d9eea714aff4771a7b165f8864cef1fd
C8-P8-OBSERVER-01,workspaces/worth-store/crates/worth-store-offline-verifier/src/c8_recovery_observation/observer_evidence/residue.rs,observer-evidence-residue-model,6f751c8c74d76d28d6fcaed96d344d183517597cd5045d7df0c434f2bd0881e9
C8-P8-OBSERVER-01,workspaces/worth-store/crates/worth-store-offline-verifier/src/c8_recovery_observation/observer_evidence/selector.rs,observer-evidence-selector-model,0f17939760781f9e4e6befb19f4c99f1d3f5d0ae91a710268907b95fcb5b3555
C8-P8-OBSERVER-01,workspaces/worth-store/crates/worth-store-offline-verifier/src/c8_recovery_observation/observer_evidence/wal.rs,observer-evidence-wal-model,8fd998fed2913f496ed5f2496e4cb7941454cb0bd87fcc393086d698853ef39e
C8-P8-OBSERVER-01,workspaces/worth-store/crates/worth-store-offline-verifier/src/c8_recovery_observation/observer_evidence_accumulation.rs,observer-evidence-accumulation,ae01e9f2035bec29f71ae8c0737c0c6ecca9829f1653b812e2f4be3b8c656a16
C8-P8-OBSERVER-01,workspaces/worth-store/crates/worth-store-offline-verifier/src/c8_recovery_observation/observer_evidence_accumulation/artifact.rs,offline-observer-artifact-evidence,525b63da07682ea4d0f3b18b37fe1284f02c5f5a8bbe9cd005d6434073527c17
C8-P8-OBSERVER-01,workspaces/worth-store/crates/worth-store-offline-verifier/src/c8_recovery_observation/observer_evidence_accumulation/checkpoint.rs,offline-observer-checkpoint-observation,71f6c79cc6f2e7db1d72bf7d27eca8c67a914a836d49074ccc101d0e1ddfe204
C8-P8-OBSERVER-01,workspaces/worth-store/crates/worth-store-offline-verifier/src/c8_recovery_observation/observer_evidence_accumulation/digest.rs,offline-observer-digest-builder,0d2c5ae438979328f04a196966d7e9c63147cd1cfc625bb50a3072c2f712b891
C8-P8-OBSERVER-01,workspaces/worth-store/crates/worth-store-offline-verifier/src/c8_recovery_observation/observer_evidence_accumulation/manifest.rs,offline-observer-manifest-observation,e96d270fb1a94269d573c9267dd21673cbe398d06f97ed9110912aff81cac701
C8-P8-OBSERVER-01,workspaces/worth-store/crates/worth-store-offline-verifier/src/c8_recovery_observation/observer_evidence_accumulation/page.rs,offline-observer-page-observation,b9c541b147e93d9c2023c8486d52db7df61cda778d27db53e362744d6b5a4e16
C8-P8-OBSERVER-01,workspaces/worth-store/crates/worth-store-offline-verifier/src/c8_recovery_observation/observer_evidence_accumulation/residue.rs,offline-observer-residue-observation,c02bb6893a6423efb0158ef385d112aad72c68ffe3d234d590307cfcfb310b29
C8-P8-OBSERVER-01,workspaces/worth-store/crates/worth-store-offline-verifier/src/c8_recovery_observation/observer_evidence_accumulation/selector.rs,offline-observer-selector-observation,aec28b337f8ddf79a8eb3822095d82b9cb4f6db36825fcf0d1dc5866c5ece444
C8-P8-OBSERVER-01,workspaces/worth-store/crates/worth-store-offline-verifier/src/c8_recovery_observation/observer_evidence_accumulation/wal.rs,offline-observer-wal-observation,6415bd86bd239c6236a53ebedab60c3bfcc441ab7d5848941e017cbde1a26aef
C8-P8-OBSERVER-01,workspaces/worth-store/crates/worth-store-offline-verifier/src/c8_recovery_observation/observer_evidence_accumulation/wal_topology.rs,offline-observer-wal-topology-observation,1798e576993b74849292e051ad69e5ca325d2769edc7607c8c7f13e8520b6efb
C8-P8-OBSERVER-01,workspaces/worth-store/crates/worth-store-offline-verifier/src/c8_recovery_observation/observer_evidence_summary.rs,observer-evidence-summary,8b6af9484adaf6636bfc13485ab733439d24ab8349c536d9a41bba5484d2e379
C8-P8-OBSERVER-01,workspaces/worth-store/crates/worth-store-offline-verifier/src/c8_recovery_observation/physical_format.rs,physical-format-observation,c4a3ec8002ff8cda10a9973282c4a80f1e7db2d146866d3aad74890564feb12a
C8-P8-OBSERVER-01,workspaces/worth-store/crates/worth-store-offline-verifier/src/c8_recovery_observation/report.rs,observer-report-owner,0c6f32f68f96151a2bda78f7443db1745632684da73ad5aef0c621c406ee2a4d
C8-P8-OBSERVER-01,workspaces/worth-store/crates/worth-store-offline-verifier/src/c8_recovery_observation/report_protocol.rs,observer-wire-protocol,99727d36b6f3314d80235ae59a3ae561699df4994b22b15cbc249865b6346e9c
C8-P8-OBSERVER-01,workspaces/worth-store/crates/worth-store-offline-verifier/src/c8_recovery_observation/wal_observation.rs,wal-prefix-observation,c34d8e82673646005086bfdfbf2eaef353c8150a2f2f4923364898ca4bd856f4
C8-P8-OBSERVER-01,workspaces/worth-store/crates/worth-store-offline-verifier/src/c8_recovery_observation/wal_observation/wal_evidence_finalization.rs,independent-observer-owner,b625213aaeb492e00deea4acbe307f04d2ec78febc560dd627b81dd765317a87
C8-P8-OBSERVER-01,workspaces/worth-store/crates/worth-store-offline-verifier/src/c8_recovery_observation/wal_observation/wal_frame_decode.rs,independent-observer-owner,e930ebca3591aa7f22c0b1322dc138618ea224961a04612e3fa1b6efd20ab2cd
C8-P8-OBSERVER-01,workspaces/worth-store/crates/worth-store-offline-verifier/src/c8_recovery_observation/wal_observation/wal_prefix_progression.rs,independent-observer-owner,7032ab46f96c4e7d7f5fa0c17b2b1171a327ee741bac514fee4a3fcf47f9498f
C8-P8-OBSERVER-01,workspaces/worth-store/crates/worth-store-offline-verifier/src/c8_recovery_observation/wal_topology.rs,observer-causal-root,d253cbc04fb60a54c35d2fe9913bfab4d9a63f7c65768ce8fd6fe82de19a7d53
C8-P8-OBSERVER-01,workspaces/worth-store/crates/worth-store-offline-verifier/tests/phase_eight_observer_cli.rs,shipped-observer-process-proof,af198652746c80bd0e7967a3a830fb656d53fa45a3d5dd2ac4de7b5ffde59cd4
C8-P8-OBSERVER-01,workspaces/worth-store/crates/worth-store-physical-format/src/checkpoint/binding_compaction.rs,production-checkpoint-wire-binding,852f4f80de801668ea8ad82e45f9895041ae3997f341acfe2f363934892c3f5a
C8-P8-OBSERVER-01,workspaces/worth-store/crates/worth-store-physical-format/src/checkpoint/compaction_cutover_record.rs,checkpoint-wire-causal-root,77249c8c640e3f4fcc75f946b15bee6cd563ee531ac207ec12ff2c180e235b40
C8-P8-OBSERVER-01,workspaces/worth-store/crates/worth-store-physical-format/src/checkpoint/dirty_basis.rs,production-checkpoint-wire-dirty-basis,f464fc71634ee566c050a7ff5f868caa96684e4bc8a12352075d302745df56f3
C8-P8-OBSERVER-01,workspaces/worth-store/crates/worth-store-physical-format/src/checkpoint/footer.rs,production-checkpoint-wire-footer,4066d1e2e2d2b907625500fb87ff8ff45a93e538032c0429bd8516a280b4f5e0
C8-P8-OBSERVER-01,workspaces/worth-store/crates/worth-store-physical-format/src/checkpoint/identity.rs,checkpoint-wire-causal-root,e74bbf692fcf6f7d586e97c7213e69378f02b2be65e2ede3b1723ea5680d2a3c
C8-P8-OBSERVER-01,workspaces/worth-store/crates/worth-store-physical-format/src/checkpoint/inspection.rs,production-checkpoint-wire-inspection,13885aefef002fb6f2282fe3961ecbb7d3afd739481b710fafaaa95127a2586c
C8-P8-OBSERVER-01,workspaces/worth-store/crates/worth-store-physical-format/src/checkpoint/mod.rs,checkpoint-wire-causal-root,0defa4ba664801f1d5e7b2fee496a2f4527ca519cfbfac0a1d3f3b0ec4471c12
C8-P8-OBSERVER-01,workspaces/worth-store/crates/worth-store-physical-format/src/checkpoint/record.rs,production-checkpoint-wire-record,0b660a53f669bc6b19c87755627ffc435b97c013ff481432aebd970d9a5f313c
C8-P8-OBSERVER-01,workspaces/worth-store/crates/worth-store-physical-format/src/checkpoint/source.rs,production-checkpoint-source,a2521f14acba662be1c9a8cee69fddc8a07a022811bf4d89d229f662ffb50f3a
C8-P8-OBSERVER-01,workspaces/worth-store/crates/worth-store-physical-format/src/checkpoint/stream.rs,production-checkpoint-wire-stream,5fa9f570382662d7ef63fe7b135a2c53dc238f95d8ebd9dc130b862cac66d903
C8-P8-OBSERVER-01,workspaces/worth-store/crates/worth-store-physical-format/src/checkpoint/tests/hostile.rs,checkpoint-wire-causal-root,8d0d6eb55f265d4442e11da0948be0dafdb8011808d4b6c71f66a23c8bf5e011
C8-P8-OBSERVER-01,workspaces/worth-store/crates/worth-store-physical-format/src/checkpoint/tests/mod.rs,checkpoint-wire-causal-root,7eb0d8e77311647cb404222bcfdabc701cc03d546557e79e01c201b2bcd3d4dc
C8-P8-OBSERVER-01,workspaces/worth-store/crates/worth-store-physical-format/src/checkpoint/tests/roundtrip.rs,checkpoint-wire-causal-root,a6827acabb2ef87643828e15e7e7fbf2181c1e50b2c23b0f23a51cda5c26aa45
C8-P8-OBSERVER-01,workspaces/worth-store/crates/worth-store-recovery-runtime/tests/phase_eight_process.rs,independent-observer-process-proof,a32c75d66249ef043d49d75a7ca26739bf2745f220fa3fd669926d2567699810
C8-P8-OBSERVER-01,workspaces/worth-store/crates/worth-store-recovery-runtime/tests/phase_eight_process/comparison.rs,explicit-disagreement-comparison,09ecf3c1c8b894d4889b960f2b7364c89384dddaf2f82a3ad0f7b5a14d2d6918
C8-P8-OBSERVER-01,workspaces/worth-store/crates/worth-store-recovery-runtime/tests/phase_eight_process/comparison/evidence.rs,independent-physical-evidence-owner,01035673c8f3b7857b85fc66a6b86a2b8a729981064563a86bff1a43b332e2ed
C8-P8-OBSERVER-01,workspaces/worth-store/tools/store-test-runner/src/courtroom_campaign/bounded_residency_siege/evidence_projection/c8_recovery.rs,courtroom-recovery-observer-evidence,cf45c254eef332b5764ce39eccec731ef251c3ffe90916e2b2ea293174e82faa
C8-P8-OBSERVER-01,workspaces/worth-store/tools/store-test-runner/src/courtroom_campaign/bounded_residency_siege/oracle/c8_recovery.rs,courtroom-recovery-observer-oracle,115c3484195a5b8af605c832a0584c9cb565d60d6d6eab2c1dd31da39a879d0b
C8-P8-PHYSICS-01,workspaces/worth-store/crates/worth-store-recovery-physics/Cargo.toml,pure-physics-dependencies,765d8671ef7e879c6c05552e8c42a1588f940781e1ea0526d9a42bb45a8af1f1
C8-P8-PHYSICS-01,workspaces/worth-store/crates/worth-store-recovery-physics/README.md,physics-owner-documentation,f04e227f57e53e51a9ef869dfdef2e364f53a9386143f9dd78fda3bd37d81872
C8-P8-PHYSICS-01,workspaces/worth-store/crates/worth-store-recovery-physics/src/lib.rs,pure-physics-facade,35e76dbf4aa5d9f4fc6dbef6df6088717fcdb3fe21377defb616fbbce4dd69ab
C8-P8-PHYSICS-01,workspaces/worth-store/crates/worth-store-recovery-physics/src/operation_reconciliation/binding_freshness.rs,operation-freshness-law,1258822cf2c4bc8efc0bfcf01946635d40f7b8ed4c82db4b2471240c0472eec0
C8-P8-PHYSICS-01,workspaces/worth-store/crates/worth-store-recovery-physics/src/operation_reconciliation/denial.rs,operation-reconciliation-denials,41e769f0b6266b53510b2ef4f7c854c7b8e94c06fbdd509f08a3a99649560f67
C8-P8-PHYSICS-01,workspaces/worth-store/crates/worth-store-recovery-physics/src/operation_reconciliation/evidence_join.rs,operation-fate-law,13af180291bce3db715664ed819bf97b2daa5b6e72e17ac2efc25a1ca901992f
C8-P8-PHYSICS-01,workspaces/worth-store/crates/worth-store-recovery-physics/src/operation_reconciliation/fate.rs,operation-fate-types,1d7cb756ff374fe39992ddb3b992b148714bafd7aedda02a65df8b52492d6a5f
C8-P8-PHYSICS-01,workspaces/worth-store/crates/worth-store-recovery-physics/src/operation_reconciliation/identity.rs,operation-identity-law,06d1578654ec0ad0556fb84968969aa3ee19d05fa581cdf17cf1afbff63360bd
C8-P8-PHYSICS-01,workspaces/worth-store/crates/worth-store-recovery-physics/src/operation_reconciliation/materialized_join.rs,materialized-operation-join,a1051e8735509077450cee6af1164ff6ffb2d11f9e55e6f130c47c32ae1cea0a
C8-P8-PHYSICS-01,workspaces/worth-store/crates/worth-store-recovery-physics/src/operation_reconciliation/mod.rs,operation-reconciliation-facade,305f1fd77e7d2a235c60adca7a54c7f422759263664ed733ec96e496c8340b5b
C8-P8-PHYSICS-01,workspaces/worth-store/crates/worth-store-recovery-physics/src/page_redo/application.rs,page-redo-application-law,ce8797c94c2f85d09fd954c9d53ab39d88051c80ebf15fa92cb792842a9055e5
C8-P8-PHYSICS-01,workspaces/worth-store/crates/worth-store-recovery-physics/src/page_redo/counters.rs,page-redo-counters,45bc697562ce7c5650ce0c8feae6a5aa97529b124e519e9dede9a45bcda7b7d4
C8-P8-PHYSICS-01,workspaces/worth-store/crates/worth-store-recovery-physics/src/page_redo/denial.rs,page-redo-denials,99eb752d7fcd3f4be1ab976cc2820cf76092ac59bad748db6ed4354019a7b27c
C8-P8-PHYSICS-01,workspaces/worth-store/crates/worth-store-recovery-physics/src/page_redo/eligibility.rs,page-redo-eligibility-law,67853994f277dcd7bd62ae12c58f4cf160050eedbfb91ffa7b08dfb4f5bc1518
C8-P8-PHYSICS-01,workspaces/worth-store/crates/worth-store-recovery-physics/src/page_redo/generation.rs,page-redo-generation-law,c653c160d33345b49aae0e545761f6915beffcccc2ecc036d36840301aeaea41
C8-P8-PHYSICS-01,workspaces/worth-store/crates/worth-store-recovery-physics/src/page_redo/mod.rs,page-redo-facade,3bc9f463039ca55df759e2397c42b0a6fa881ee424f617e9f348ae522612d36d
C8-P8-PHYSICS-01,workspaces/worth-store/crates/worth-store-recovery-physics/src/page_redo/page_lsn.rs,page-lsn-law,a15189e8675e279e696f592b2328fc56b08bcb208f4c2664e8563dcfe8ecbf3f
C8-P8-PHYSICS-01,workspaces/worth-store/crates/worth-store-recovery-physics/src/recovery_budget/counters.rs,recovery-budget-counters,62d8eee7e617168c2090f30f3f49072be3f4161b154aeeceea735eddeb02fa3d
C8-P8-PHYSICS-01,workspaces/worth-store/crates/worth-store-recovery-physics/src/recovery_budget/denial.rs,recovery-budget-denials,0de3c53d04f9b645ddb10427852baedaec88c1feca00115206d65044392e93d8
C8-P8-PHYSICS-01,workspaces/worth-store/crates/worth-store-recovery-physics/src/recovery_budget/limits.rs,recovery-budget-limits,be40b58d26867a5586a005b3123d5196662357017aa8325cd65e18e08e5d2f82
C8-P8-PHYSICS-01,workspaces/worth-store/crates/worth-store-recovery-physics/src/recovery_budget/mod.rs,recovery-budget-facade,004d962f9d2c756b7c777973a80b5066deaf642bf167360b7d6ee4e44e301f69
C8-P8-PHYSICS-01,workspaces/worth-store/crates/worth-store-recovery-physics/src/recovery_budget/plan_cost.rs,recovery-plan-cost-law,961f016547a1c7b9a31bf264804ab01f354cec805062efb69a74d180dadd1f62
C8-P8-PHYSICS-01,workspaces/worth-store/crates/worth-store-recovery-physics/src/redo_replay/cursor.rs,redo-cursor-law,584c50efc9d65485c666d445210e556f0681c9207391dd6d0caeb46eabe83114
C8-P8-PHYSICS-01,workspaces/worth-store/crates/worth-store-recovery-physics/src/redo_replay/cursor_tests.rs,redo-cursor-proof,68e9ee726dae17513efdc1a91af59bbdd4935a841c185ac67c1caad2e699905a
C8-P8-PHYSICS-01,workspaces/worth-store/crates/worth-store-recovery-physics/src/redo_replay/denial.rs,redo-denials,5fa2aeaf4999edb3b59f4a3b87f77ef96f3b21acebe7ead31d4b8cd2f5e3de41
C8-P8-PHYSICS-01,workspaces/worth-store/crates/worth-store-recovery-physics/src/redo_replay/mod.rs,redo-replay-facade,c92f4f3a1ca2909f7d16dd1a222cb0e3766c98455a29bcb8eaa141edfcb05f16
C8-P8-PHYSICS-01,workspaces/worth-store/crates/worth-store-recovery-physics/src/redo_replay/plan.rs,redo-planning-law,ce978e0c02d104c2d749277e9690d6639e4b428a5170a81d36ec424dd47febaa
C8-P8-PHYSICS-01,workspaces/worth-store/crates/worth-store-recovery-physics/src/redo_replay/plan/accessors.rs,redo-plan-accessors,842a27d2776cbe190a10dbb328f65232bd8671814e8cf11fb0fae710cac2e632
C8-P8-PHYSICS-01,workspaces/worth-store/crates/worth-store-recovery-physics/src/redo_replay/plan/admission.rs,redo-plan-admission,ef0a4f8f65e816208f0dc3bc2bd11bf4aca7532a0df1c366571c74b2e2d838e2
C8-P8-PHYSICS-01,workspaces/worth-store/crates/worth-store-recovery-physics/src/redo_replay/plan/allocation_truth.rs,redo-allocation-truth,80d3dd32b16b24abf3d92ec351d351d4e74d5895c4ae44fcb7d3ab4c81609377
C8-P8-PHYSICS-01,workspaces/worth-store/crates/worth-store-recovery-physics/src/redo_replay/plan/group_admission.rs,redo-group-admission,13d86e8d228b1f9f3cb964087111bbbfb2b9cad0e15a164ca3991c99c234b6a7
C8-P8-PHYSICS-01,workspaces/worth-store/crates/worth-store-recovery-physics/src/redo_replay/plan/projection_materialization.rs,redo-projection-materialization,0210136b1ce01c461e40d811873e489996d930944a37e756e4d67e60f39b6ed7
C8-P8-PHYSICS-01,workspaces/worth-store/crates/worth-store-recovery-physics/src/redo_replay/plan/projection_validation.rs,redo-projection-validation,6392f05a6fa1b5fb7bb30ea8c1df7875e792e479e57731681546bc1b5c76bd37
C8-P8-PHYSICS-01,workspaces/worth-store/crates/worth-store-recovery-physics/src/redo_replay/plan_tests.rs,redo-planning-proof,2ac910aec4ed2a1614eb24dda713afe8681b7cb3190ba9d16e8446d95875669d
C8-P8-PHYSICS-01,workspaces/worth-store/crates/worth-store-recovery-physics/src/redo_replay/plan_tests/fixtures.rs,redo-planning-fixtures,61b6179829d962f27a318a8d1182f6fef5f9b77ff01537ea59175cf0cda874ac
C8-P8-PHYSICS-01,workspaces/worth-store/crates/worth-store-recovery-physics/src/redo_replay/plan_tests/group_atomic.rs,redo-group-atomic-proof,627e7482b47e94963222c6bc20e469697c119fe49ba162841859b390b6ce852e
C8-P8-PHYSICS-01,workspaces/worth-store/crates/worth-store-recovery-physics/src/redo_replay/plan_tests/projection_mutants.rs,redo-projection-mutation-proof,37d9e340790595e52ab5951b710cd2a490bdf323ba82cb500e1e2524f0a165b3
C8-P8-PHYSICS-01,workspaces/worth-store/crates/worth-store-recovery-physics/src/redo_replay/record.rs,redo-record-law,91bd9e64e63fdf986cd4775adee73a119db9883675497e186ce46bdf1b19e9ed
C8-P8-PHYSICS-01,workspaces/worth-store/crates/worth-store-recovery-physics/src/redo_replay/record/target.rs,redo-target-law,24f50dfafd65a626750497cb635193572b9e363f2fc9e5d39901b835bffe4241
C8-P8-PHYSICS-01,workspaces/worth-store/crates/worth-store-recovery-physics/src/redo_replay/record/target_decode.rs,redo-target-decoder,e5352e76d0a40f27d9f7b53baf5410a6cc25a14528e69c7c372617e231721c0e
C8-P8-PHYSICS-01,workspaces/worth-store/crates/worth-store-recovery-physics/src/redo_replay/record_tests.rs,redo-record-proof,e7d435a8118e8ac335902ff1984af410a66a57712ca72d6c0e8096a4cad27ac7
C8-P8-PHYSICS-01,workspaces/worth-store/crates/worth-store-recovery-physics/src/source_precedence/admission.rs,source-precedence-admission,7911059c9a1c6d307a1759e826f84b30557b518313ea182c47593d8ae85969f7
C8-P8-PHYSICS-01,workspaces/worth-store/crates/worth-store-recovery-physics/src/source_precedence/candidate.rs,source-root-candidate,5985cdd99a3020206d52763702fe8ccb6387fe07e2794224b02ec441fdfa11e4
C8-P8-PHYSICS-01,workspaces/worth-store/crates/worth-store-recovery-physics/src/source_precedence/checkpoint_base.rs,source-checkpoint-base,76f18a90834e2d8667c9b7008d82161b8833e1e049f97d1ed4d3b99775acdb50
C8-P8-PHYSICS-01,workspaces/worth-store/crates/worth-store-recovery-physics/src/source_precedence/checkpoint_covered_wal.rs,source-checkpoint-covered-wal,8b3ba2b9a013dbd74bb9a6e180621dcecd4ac2282fc08e93dbdeeaa043fb1754
C8-P8-PHYSICS-01,workspaces/worth-store/crates/worth-store-recovery-physics/src/source_precedence/compaction_product.rs,source-compaction-product,df6ee00ed2ebef0e735ea5eef51cceaacb8b47a0981814436d50f53f8b3b3fc8
C8-P8-PHYSICS-01,workspaces/worth-store/crates/worth-store-recovery-physics/src/source_precedence/current_previous_root.rs,source-current-previous-root,08b13961260b814cc6da0a8012ae85bb1bb5bbbcc4b231d88602f76661380f19
C8-P8-PHYSICS-01,workspaces/worth-store/crates/worth-store-recovery-physics/src/source_precedence/mod.rs,source-precedence-facade,f5d9e65fca29d0724d476e9b809100a1d01a6df3acd609ddc02ceb656369902d
C8-P8-PHYSICS-01,workspaces/worth-store/crates/worth-store-recovery-physics/src/source_precedence/page_facts.rs,source-page-facts,6d999ea7dbec7ba1baf081bcf4d7b71f25cba922b00d2be95b8f139d6a0a9a51
C8-P8-PHYSICS-01,workspaces/worth-store/crates/worth-store-recovery-physics/src/source_precedence/page_lsn_skip_apply.rs,source-page-lsn-skip-apply,2ef6dc16dd52687b1426b8285ea713b9f11aebe54cec77f17f40d1e8e3f33a2b
C8-P8-PHYSICS-01,workspaces/worth-store/crates/worth-store-recovery-physics/src/source_precedence/physical_source.rs,source-physical-source,2aab1390201db348dbc38047f04e4ffc90df564fb3ead723b5fb52e757d90171
C8-P8-PHYSICS-01,workspaces/worth-store/crates/worth-store-recovery-physics/src/source_precedence/residue.rs,source-residue,1ea67f549476812390cf2012ece835f73bd106b5366a9c0f6bd04d120dec6e1e
C8-P8-PHYSICS-01,workspaces/worth-store/crates/worth-store-recovery-physics/src/source_precedence/selection.rs,source-selection,d736a5f897fd04e2e7b130cb6d2a1cb0748e877e879e25d73db2e310434cd103
C8-P8-PHYSICS-01,workspaces/worth-store/crates/worth-store-recovery-physics/src/source_precedence/wal_artifacts.rs,source-wal-artifacts,987027dee0a58bee0de9ba41ccbe548a6032915e9829beba7e2824a94d28fa7c
C8-P8-PHYSICS-01,workspaces/worth-store/crates/worth-store-recovery-physics/src/source_precedence/wal_artifacts/aggregation.rs,source-wal-artifact-aggregation,9bd8d5c7fe152c36eb933c4eb6e916fcaf47519d8f3023c26ca432d25839f9d0
C8-P8-PHYSICS-01,workspaces/worth-store/crates/worth-store-recovery-physics/src/source_precedence/wal_tail.rs,source-wal-tail,12409ddc714dd6db471d4f545cee33d22d56274a11277073e4dbf9639dc5bea4
C8-P8-PHYSICS-01,workspaces/worth-store/crates/worth-store-recovery-physics/src/wal_prefix/continuity.rs,wal-prefix-continuity,3bb7e80c1988775cfcae9d70b30e3de359a045636c0c6f69153e92cdef1f2819
C8-P8-PHYSICS-01,workspaces/worth-store/crates/worth-store-recovery-physics/src/wal_prefix/denial.rs,wal-prefix-denials,5e1d430dd1a2ff97439852fb7e29fc0cf528c71edd29f649a4cf00bdc9f22e2a
C8-P8-PHYSICS-01,workspaces/worth-store/crates/worth-store-recovery-physics/src/wal_prefix/mod.rs,wal-prefix-facade,de1671a2e405cad81ce0fbf2bd3ec6b674b4c2f77350c9eeffa6423d8bb13065
C8-P8-PHYSICS-01,workspaces/worth-store/crates/worth-store-recovery-physics/src/wal_prefix/torn_tail.rs,wal-prefix-torn-tail,790342fe410d7847a0d20ad591af668025d8aa4365f4c1a62b14a3de379009e3
C8-P8-PHYSICS-01,workspaces/worth-store/crates/worth-store-recovery-physics/src/wal_prefix/valid_prefix.rs,wal-prefix-valid-prefix,863ea67050837736c779054c25b744855cc198d36b81f26e7ba3c0c4226aea67
C8-P8-PHYSICS-01,workspaces/worth-store/crates/worth-store/src/physical_runtime/durability/checkpoint/yieldpoint.rs,production-checkpoint-effect-yieldpoints,48205b8600ed27ecf789c167cad7bd9b100c9511a431370e788dcb4192a92099
C8-P8-PROTOCOL-01,workspaces/worth-store/crates/worth-store-offline-verifier/src/c8_recovery_observation/report_protocol.rs,observer-protocol,99727d36b6f3314d80235ae59a3ae561699df4994b22b15cbc249865b6346e9c
C8-P8-PROTOCOL-01,workspaces/worth-store/crates/worth-store-offline-verifier/src/c8_recovery_observation/report_wire.rs,observer-wire-serialization,048379428ff1bfb26e1a03b745d66abdbf940b200f394eb5a846bc6455303037
C8-P8-PROTOCOL-01,workspaces/worth-store/crates/worth-store-recovery-runtime/src/observation/protocol.rs,runtime-protocol,27a59cf924f42a72a0988477339ff716f5326ba542ef40a3b314e9cefceccbb4
C8-P8-PROTOCOL-01,workspaces/worth-store/crates/worth-store-recovery-runtime/tests/phase_eight_process.rs,cross-family-process-proof,a32c75d66249ef043d49d75a7ca26739bf2745f220fa3fd669926d2567699810
C8-P8-PROTOCOL-01,workspaces/worth-store/crates/worth-store-recovery-runtime/tests/phase_eight_process/comparison.rs,rehashed-report-disagreement-proof,09ecf3c1c8b894d4889b960f2b7364c89384dddaf2f82a3ad0f7b5a14d2d6918
C8-P8-PROTOCOL-01,workspaces/worth-store/crates/worth-store-recovery-runtime/tests/phase_eight_process/comparison/mutations.rs,rehashed-report-mutation-owner,5dfbb4ce864d581dd031a1035c56a9edf5d3d9bbc88f220309a12cc7933afb3f
C8-P8-RETIREMENT-01,_docs/worth-store/physical-reconstruction-c8-cutover-inventory.csv,replaced-source-dispositions,1554ec615f2167c07bc6577b4fa8546f397f2255ef94b2911e049e1f4de21cf2
C8-P8-RETIREMENT-01,workspaces/worth-store/crates/worth-store-certification/tests/scenarios/physical_isolation/copy_on_write_publication/crash_recovery.rs,publication-recovery-replacement-proof,9393957d763685c35fd23f23fc82aee1151e8e174750346cf2399a6573370cdc
C8-P8-RETIREMENT-01,workspaces/worth-store/crates/worth-store-recovery-physics/src/lib.rs,replaced-facade-absence,35e76dbf4aa5d9f4fc6dbef6df6088717fcdb3fe21377defb616fbbce4dd69ab
C8-P8-RUNTIME-REPORT-01,workspaces/worth-store/crates/worth-store-recovery-runtime/README.md,runtime-owner-documentation,ac3409e46191e98538ec5f236fa42dda380e0c02bcedc4e9e31eb72bd8b31663
C8-P8-RUNTIME-REPORT-01,workspaces/worth-store/crates/worth-store-recovery-runtime/src/bin/physical_store_recover.rs,executable-output,4ac1ad381fa7ecd99375ba237ccfc6b12faa5e61283c18b3cac6ed0e1643235c
C8-P8-RUNTIME-REPORT-01,workspaces/worth-store/crates/worth-store-recovery-runtime/src/bin/physical_store_recover/admission.rs,recovery-admission-boundary,ccef52d6f20aa661f31326bb5e31592ce555dc8efdcd80d14fce42077c3ec2b8
C8-P8-RUNTIME-REPORT-01,workspaces/worth-store/crates/worth-store-recovery-runtime/src/bin/physical_store_recover/arguments.rs,recovery-argument-boundary,4ab3578cbe42c2143515f15e19a5c7707e34bb0797d88f47ea0b50213bd64cb7
C8-P8-RUNTIME-REPORT-01,workspaces/worth-store/crates/worth-store-recovery-runtime/src/bin/physical_store_recover/arguments/options.rs,recovery-argument-options-owner,189c061213de4f939a96819e33c7f5918b55cc6744b0cb186cb8f00d15e94bd9
C8-P8-RUNTIME-REPORT-01,workspaces/worth-store/crates/worth-store-recovery-runtime/src/bin/physical_store_recover/fate_marker.rs,indexed-operation-fate-output,fe2bba13bc3c52b244f1abfeb3f6d8e5ec9165fb753fef3208480d783e740e3c
C8-P8-RUNTIME-REPORT-01,workspaces/worth-store/crates/worth-store-recovery-runtime/src/bin/physical_store_recover/outcome.rs,recovery-terminal-rendering,9a62eeb794cbee2140da5b1987ace2d579e3eafa1864680ef4d134f005e71989
C8-P8-RUNTIME-REPORT-01,workspaces/worth-store/crates/worth-store-recovery-runtime/src/bin/physical_store_recover/report.rs,recovery-report-persistence,80a12134c5c3cea5e95cd1b653cbbdd3cd3352eb122670650c2bbfcf1fa76acd
C8-P8-RUNTIME-REPORT-01,workspaces/worth-store/crates/worth-store-recovery-runtime/src/bin/physical_store_recover/terminal.rs,terminal-outcome-profile-dispatch,11e2451af42d5eea48d3698c0948e50eccb2186925ce9e0b08df9701a653a2bc
C8-P8-RUNTIME-REPORT-01,workspaces/worth-store/crates/worth-store-recovery-runtime/src/observation/counters.rs,runtime-observation-causal-root,90a0400e29a636711a91c23ba0c540fe1a5655cdaf9a537f03d0bdb8ffd0d22d
C8-P8-RUNTIME-REPORT-01,workspaces/worth-store/crates/worth-store-recovery-runtime/src/observation/mod.rs,runtime-observation-causal-root,12c20e9c6798e7b7adf05dbd31f6a3d207e067d7a14ad0f533b441e990cfda6a
C8-P8-RUNTIME-REPORT-01,workspaces/worth-store/crates/worth-store-recovery-runtime/src/observation/report.rs,runtime-report-owner,5264dc00950b4e9ffdbd63d72d0ed442d5be6f91d19fd42072770a4d7ec5b589
C8-P8-RUNTIME-REPORT-01,workspaces/worth-store/crates/worth-store-recovery-runtime/src/observation/report/codec.rs,report-codec-owner,0f9abd4b0f7b590670a211f8c95dc7c5f37d40b06b7123fe6cd27f5e9d69226d
C8-P8-RUNTIME-REPORT-01,workspaces/worth-store/crates/worth-store-recovery-runtime/src/observation/report/model.rs,report-model-owner,f60ce37e3659c5fb4b97569ca5f18f873e5514fde7afe76a84108e355de6a5ca
C8-P8-RUNTIME-REPORT-01,workspaces/worth-store/crates/worth-store-recovery-runtime/src/observation/report/tests.rs,report-codec-proof,1c605a334db962d2e14e0f22ce8ad778a90aa8734dba2a303a1f7dccff0b3e97
C8-P8-RUNTIME-REPORT-01,workspaces/worth-store/crates/worth-store-recovery-runtime/src/orchestration/recovery.rs,orchestration-recovery-composition,cc5f100240f474119c6b46599dc84974dea96c642660096286137725b4e08641
C8-P8-RUNTIME-REPORT-01,workspaces/worth-store/crates/worth-store-recovery-runtime/tests/phase_eight_process.rs,production-command-process-proof,a32c75d66249ef043d49d75a7ca26739bf2745f220fa3fd669926d2567699810
C8-P8-RUNTIME-REPORT-01,workspaces/worth-store/crates/worth-store-recovery-runtime/tests/phase_eight_process/checkpoint_crash/case/oracle.rs,in-flight-fate-oracle-owner,f875bc2c2f906fe50597b2f3c588a96ed55d4491163a579c0b9b8b51002f25a7
C8-P8-RUNTIME-REPORT-01,workspaces/worth-store/crates/worth-store-recovery-runtime/tests/phase_eight_process/comparison.rs,parent-runtime-observer-comparison,09ecf3c1c8b894d4889b960f2b7364c89384dddaf2f82a3ad0f7b5a14d2d6918
C8-P8-RUNTIME-REPORT-01,workspaces/worth-store/crates/worth-store-recovery-runtime/tests/phase_eight_process/comparison/mutations.rs,rehashed-publication-label-mutations,5dfbb4ce864d581dd031a1035c56a9edf5d3d9bbc88f220309a12cc7933afb3f
C8-P8-RUNTIME-REPORT-01,workspaces/worth-store/crates/worth-store-recovery-runtime/tests/phase_eight_process/history/parent_oracle.rs,parent-independent-physical-oracle,120cd2145a07f7f0bd587a682576fce44e2e9f7f53d0d1cc08208eb6a014176a
C8-P8-RUNTIME-REPORT-01,workspaces/worth-store/crates/worth-store-recovery-runtime/tests/phase_eight_process/history/parent_oracle/artifact_facts.rs,parent-independent-artifact-facts,a621fb3acc8a9572f1332267061ab52ca73cace881df9cee3c3db275570b08a0
C8-P8-RUNTIME-REPORT-01,workspaces/worth-store/crates/worth-store-recovery-runtime/tests/phase_eight_process/history/parent_oracle/canonical_membership.rs,parent-canonical-root-membership-oracle,00fa2f40a468f203cf093ea2c3d1f1b3a63732f722a485cf48020a3494bba80a
C8-P8-RUNTIME-REPORT-01,workspaces/worth-store/crates/worth-store-recovery-runtime/tests/phase_eight_process/history/parent_oracle/checkpoint_evidence.rs,parent-checkpoint-evidence-reducer,d15e79b47d83172112b2d84dc8197faab649510669c36be2a3d632952d7eb74c
C8-P8-RUNTIME-REPORT-01,workspaces/worth-store/crates/worth-store-recovery-runtime/tests/phase_eight_process/history/parent_oracle/cleanup_candidate.rs,parent-raw-cleanup-candidate-oracle,686d2a9e1db2b837d22ed605da1ea4f08b5f518cdc278ad32808f00f772cfc01
C8-P8-RUNTIME-REPORT-01,workspaces/worth-store/crates/worth-store-recovery-runtime/tests/phase_eight_process/history/parent_oracle/derivation.rs,parent-evidence-reducer-composition,331fae4e65bec64a58f910330d428a4693aa10769151f44e10dca97ba4c36a2f
C8-P8-RUNTIME-REPORT-01,workspaces/worth-store/crates/worth-store-recovery-runtime/tests/phase_eight_process/history/parent_oracle/durable.rs,parent-independent-durable-wire-oracle,51727bdd880692995db4b6a35d862edaaf7656459e56353ada1c89180a4dc018
C8-P8-RUNTIME-REPORT-01,workspaces/worth-store/crates/worth-store-recovery-runtime/tests/phase_eight_process/history/parent_oracle/evidence.rs,parent-physical-evidence-projection,58d35b14302400a72a47a4cb71f89405659298cf22c0b717e4b8fe380504c6e0
C8-P8-RUNTIME-REPORT-01,workspaces/worth-store/crates/worth-store-recovery-runtime/tests/phase_eight_process/history/parent_oracle/evidence.rs,semantic-publication-state-digest,58d35b14302400a72a47a4cb71f89405659298cf22c0b717e4b8fe380504c6e0
C8-P8-RUNTIME-REPORT-01,workspaces/worth-store/crates/worth-store-recovery-runtime/tests/phase_eight_process/history/parent_oracle/evidence_digest.rs,parent-independent-rich-evidence-digest,ccbb5e3e0260df21289e0ac7c3a293fc4f922ba85b075c61b17786606bcfcc51
C8-P8-RUNTIME-REPORT-01,workspaces/worth-store/crates/worth-store-recovery-runtime/tests/phase_eight_process/history/parent_oracle/frame_codec.rs,parent-canonical-frame-codec,dffda17de076622d17a486fe4290bca4bfb5d2417f472336c0650d97b259981f
C8-P8-RUNTIME-REPORT-01,workspaces/worth-store/crates/worth-store-recovery-runtime/tests/phase_eight_process/history/parent_oracle/identity_evidence.rs,parent-identity-evidence-reducer,5b0fc7cc5ac187262508bb27427050e68dd4122ee5e0a8206d456decaed5115f
C8-P8-RUNTIME-REPORT-01,workspaces/worth-store/crates/worth-store-recovery-runtime/tests/phase_eight_process/history/parent_oracle/in_flight.rs,parent-independent-in-flight-artifact-oracle,d02375f70c5c12947cdc48ad4771ae48c425b25cc90a3bf66f4496a1b22e0d0d
C8-P8-RUNTIME-REPORT-01,workspaces/worth-store/crates/worth-store-recovery-runtime/tests/phase_eight_process/history/parent_oracle/in_flight/checkpoint_binding.rs,parent-checkpoint-terminal-binding-oracle,65418fc8eb604109fa82687fd82c67c26ee1dd0ff5a4bab10d365c4771bc7548
C8-P8-RUNTIME-REPORT-01,workspaces/worth-store/crates/worth-store-recovery-runtime/tests/phase_eight_process/history/parent_oracle/in_flight/checkpoint_binding_tests.rs,parent-checkpoint-terminal-binding-mutation-proofs,c36c5d07449e63bf260cc1912c0d30cba0baa77412c974296bb1b8efb24bf25e
C8-P8-RUNTIME-REPORT-01,workspaces/worth-store/crates/worth-store-recovery-runtime/tests/phase_eight_process/history/parent_oracle/in_flight/record_binding.rs,parent-durable-record-binding-oracle,cd129f454c67d14aed0b79f28bd91721ceff571733479b934914d39fd49ed191
C8-P8-RUNTIME-REPORT-01,workspaces/worth-store/crates/worth-store-recovery-runtime/tests/phase_eight_process/history/parent_oracle/in_flight/record_binding_tests.rs,parent-durable-record-binding-mutation-proofs,078157766442e62bf0b614023eda20e5b3ec63a8669a495f444dccacd75bd62a
C8-P8-RUNTIME-REPORT-01,workspaces/worth-store/crates/worth-store-recovery-runtime/tests/phase_eight_process/history/parent_oracle/manifest_evidence.rs,parent-manifest-evidence-reducer,09647bda95e91a6e99dbb77c67bfd6dfd6349e90cfe07cf3c04ec867060dc9ab
C8-P8-RUNTIME-REPORT-01,workspaces/worth-store/crates/worth-store-recovery-runtime/tests/phase_eight_process/history/parent_oracle/page_evidence.rs,parent-page-evidence-reducer,871a76f5da0591eb76a4031cb7038ddde6faf27d9a3c2d357e69411857384568
C8-P8-RUNTIME-REPORT-01,workspaces/worth-store/crates/worth-store-recovery-runtime/tests/phase_eight_process/history/parent_oracle/placement_reader.rs,parent-canonical-placement-reader,4525eb64f20c72537bbf8eded75f28215be145fe2da5585067d4e0fff5f38a28
C8-P8-RUNTIME-REPORT-01,workspaces/worth-store/crates/worth-store-recovery-runtime/tests/phase_eight_process/history/parent_oracle/placement_reader/extent.rs,parent-extent-placement-reader,b773ef2869dbf98048a036a105af7006a3ca8066c080e09c2ac7e4dd6836ca9c
C8-P8-RUNTIME-REPORT-01,workspaces/worth-store/crates/worth-store-recovery-runtime/tests/phase_eight_process/history/parent_oracle/placement_reader/inline.rs,parent-inline-placement-reader,cd938aec2ebbadb63d30a8d66d5e686c9926cb1c546838bfa2d4b0dbaad248ae
C8-P8-RUNTIME-REPORT-01,workspaces/worth-store/crates/worth-store-recovery-runtime/tests/phase_eight_process/history/parent_oracle/residue_evidence.rs,parent-residue-evidence-reducer,44a58effde3323aa3c3884c7f859bf44ac7db7efba6026d5f644db9bfd3097ea
C8-P8-RUNTIME-REPORT-01,workspaces/worth-store/crates/worth-store-recovery-runtime/tests/phase_eight_process/history/parent_oracle/selected_basis.rs,parent-selected-basis-projection,379fdd1cdf4ce5881354c8132fe41a3cd65ce9c6b60bed1bb4505e0791b793c8
C8-P8-RUNTIME-REPORT-01,workspaces/worth-store/crates/worth-store-recovery-runtime/tests/phase_eight_process/history/parent_oracle/selected_basis.rs,parent-selected-recovery-basis,379fdd1cdf4ce5881354c8132fe41a3cd65ce9c6b60bed1bb4505e0791b793c8
C8-P8-RUNTIME-REPORT-01,workspaces/worth-store/crates/worth-store-recovery-runtime/tests/phase_eight_process/history/parent_oracle/selected_basis/wal_tail_suffix.rs,parent-checkpoint-straddling-wal-suffix,a7b362c4817968547e99042c2a8924c41cfc24dbbbb733b190c708157a60008c
C8-P8-RUNTIME-REPORT-01,workspaces/worth-store/crates/worth-store-recovery-runtime/tests/phase_eight_process/history/parent_oracle/selector_evidence.rs,parent-selector-evidence-reducer,0816b611d9a29a5b96eaf760cbe7f9b9a7059497c86451b1e4529317b99f2709
C8-P8-RUNTIME-REPORT-01,workspaces/worth-store/crates/worth-store-recovery-runtime/tests/phase_eight_process/history/parent_oracle/terminal.rs,parent-persisted-terminal-fate-oracle,a0c9b1726fd9d2a91f4acaa364a008a25855f9bf1714c632298e9beb611f53e1
C8-P8-RUNTIME-REPORT-01,workspaces/worth-store/crates/worth-store-recovery-runtime/tests/phase_eight_process/history/parent_oracle/wal_evidence.rs,parent-wal-evidence-reducer,405136354ac251f9212de5078eaca224861ce7074cd539f65ec046d763b97d8c
C8-P8-RUNTIME-REPORT-01,workspaces/worth-store/crates/worth-store-recovery-runtime/tests/phase_eight_process/history/parent_oracle/wal_topology.rs,parent-independent-wal-topology,e1b8115af628a5d501fea8027447a86659515b8a25cbbd6d48898d8000da8718
C8-P8-RUNTIME-REPORT-01,workspaces/worth-store/crates/worth-store-recovery-runtime/tests/phase_eight_process/history/parent_oracle/wire.rs,parent-independent-wire-oracle,3300347ccc65034553e30a8304ad8b3d3355660dfb85d13f5933b5e576d175e8
C8-P8-RUNTIME-REPORT-01,workspaces/worth-store/crates/worth-store-recovery-runtime/tests/phase_eight_process/history/parent_oracle/wire/checkpoint.rs,parent-checkpoint-wire-reader,287dc32be60168859fb86eede8885cb773dbbf74ccf4556f1f5246f34f0d39c2
C8-P8-RUNTIME-REPORT-01,workspaces/worth-store/crates/worth-store-recovery-runtime/tests/phase_eight_process/history/parent_oracle/wire/wal.rs,parent-wal-wire-reader,e03398b74939eba0f0231bda1271c3e4fac37e4c57d562c43ef4cff2fbd74446
C8-P8-RUNTIME-REPORT-01,workspaces/worth-store/crates/worth-store-recovery-runtime/tests/phase_eight_process/history/persisted_fates.rs,fresh-recovery-process-owner,8f31ba841c44aa48b4e50e81daef9e7153517204722b8b82bb9d4e9e20b0e0f3
C8-P8-RUNTIME-REPORT-01,workspaces/worth-store/crates/worth-store-recovery-runtime/tests/phase_eight_process/history/physical_history.rs,parent-physical-history-records,0869cf8872addc7ceb96c323d9be5014d41984e9cc57bbe209190cff9324cdab
C8-P8-RUNTIME-REPORT-01,workspaces/worth-store/crates/worth-store-recovery-runtime/tests/phase_eight_process/history/physical_history.rs,parent-publication-state-comparison,0869cf8872addc7ceb96c323d9be5014d41984e9cc57bbe209190cff9324cdab
C8-P8-RUNTIME-REPORT-01,workspaces/worth-store/crates/worth-store-recovery-runtime/tests/phase_eight_process/history/process.rs,fixture-profile-launch-selection,b0be125a94993c74663aa2c259a973c49010209359a2bf37b5229111bb07d0a8
C8-P8-RUNTIME-REPORT-01,workspaces/worth-store/crates/worth-store-recovery-runtime/tests/phase_eight_process/history/process/checkpoint_writer.rs,parent-checkpoint-writer-scenario,859dd642933efc720481cc7a8954a7c78e15b4d235f5001c8f7f13f6b7093cfb
C8-P8-RUNTIME-REPORT-01,workspaces/worth-store/crates/worth-store-recovery-runtime/tests/phase_eight_process/history/process/cleanup_rotation_writer.rs,parent-cleanup-writer-scenario,13caf9969c1a6c2bce77e71f34d5584c2fb5440d39ef4b4096e4f5ccb523e731
C8-P8-RUNTIME-REPORT-01,workspaces/worth-store/crates/worth-store-recovery-runtime/tests/phase_eight_process/history/process/durable_before_ack_writer.rs,parent-durable-writer-scenario,69408a10d619428da64aeb672940408ba87560320a21c4d39e227f9ce4acee58
C8-P8-RUNTIME-REPORT-01,workspaces/worth-store/crates/worth-store-recovery-runtime/tests/phase_eight_process/history/process/lifecycle.rs,parent-writer-lifecycle-owner,8043b8d223519c79037fd97f7fb7368110a13d4b3072867697961d5b4c71bdd1
C8-P8-RUNTIME-REPORT-01,workspaces/worth-store/crates/worth-store-recovery-runtime/tests/phase_eight_process/history/raw_in_flight.rs,parent-in-flight-fate-oracle,440f1128bda38e405c0d448e3d02c816eb9b977e9e9391d5bae6019f627e0663
C8-P8-RUNTIME-REPORT-01,workspaces/worth-store/crates/worth-store-recovery-runtime/tests/phase_eight_process/history/schedule.rs,independent-parent-dirty-payload-model,dcd90183d025df3b28514ff34e7a4e74ed6989aed406a0ca9f91e310050adcd7
C8-P8-RUNTIME-REPORT-01,workspaces/worth-store/crates/worth-store-recovery-runtime/tests/phase_eight_process/history/schedule/in_flight_mutation.rs,semantic-in-flight-fixture-profiles,7924cbac2865a29cf3aa9bb10fedd96c72795477e0793818675b806140034b64
C8-P8-RUNTIME-REPORT-01,workspaces/worth-store/crates/worth-store-recovery-runtime/tests/phase_eight_process/history/schedule/parent_writer_durability_profile_selection.rs,parent-writer-profile-selection,0d33ebe91b30e3f730ab6eace557d6baeb94dc7e828f5e6a4f67c5d9691eff11
C8-P8-RUNTIME-REPORT-01,workspaces/worth-store/crates/worth-store-recovery-runtime/tests/phase_eight_process/history/writer_history/expected_history.rs,parent-expected-history-model,b086af8a736f3cb4139ba90964ee5076892cfcef19b697bc608f4f8c33acd648
C8-P8-RUNTIME-REPORT-01,workspaces/worth-store/crates/worth-store-recovery-runtime/tests/phase_eight_process/history/writer_history/expected_history.rs,sealed-in-flight-expectation,b086af8a736f3cb4139ba90964ee5076892cfcef19b697bc608f4f8c33acd648
C8-P8-RUNTIME-REPORT-01,workspaces/worth-store/crates/worth-store-recovery-runtime/tests/phase_eight_process/history/writer_history/receipt_program.rs,parent-receipt-program-binding,45eb21b4c0c0f4592121f8cde315467cf089e9f49089077198d0a031c4ac68f4
C8-P8-RUNTIME-REPORT-01,workspaces/worth-store/crates/worth-store-recovery-runtime/tests/phase_eight_process/history/writer_history/receipt_program/completed_binding.rs,parent-receipt-completed-binding,7fcc682dc6fc2c8e7e5da0972a51ee0b8f2aefade1a69ab2e357b949c4059f0b
C8-P8-RUNTIME-REPORT-01,workspaces/worth-store/crates/worth-store-recovery-runtime/tests/phase_eight_process/history/writer_history/receipt_program/decoding.rs,parent-receipt-decoding,26c1d2b3d77e3230946a724adfdb90fe09baa13b316e0d0faa42f349d7a584bb
C8-P8-RUNTIME-REPORT-01,workspaces/worth-store/crates/worth-store-recovery-runtime/tests/phase_eight_process/history/writer_history/receipt_program/non_durable_binding.rs,parent-receipt-non-durable-binding,4ab7f44b815aefcd3ab15fb9dd52bef2702616d7d166410a4e0ee6170a700fbf
C8-P8-RUNTIME-REPORT-01,workspaces/worth-store/crates/worth-store-recovery-runtime/tests/phase_eight_process/production.rs,production-process-report-proof,4e74de1b0e70cc4fbfe4a53b2e0c449672d6fcc820922a001cac8a2121966f40
C8-P8-RUNTIME-REPORT-01,workspaces/worth-store/crates/worth-store-recovery-runtime/tests/phase_eight_process/production/checkpoint_mutations.rs,reclaimed-checkpoint-tuple-mutation-proof,4a3005b291400d493d5ae8ec543be92db04e76f829910390280b275df3a98e1f
C8-P8-RUNTIME-REPORT-01,workspaces/worth-store/crates/worth-store-recovery-runtime/tests/phase_eight_process/production/harness.rs,durable-profile-mutation-proof,23b5dbcbd0df417f9f07843f794dbee578935cdf9d150907dfe8f51c8e29b298
C8-P8-RUNTIME-REPORT-01,workspaces/worth-store/crates/worth-store-recovery-runtime/tests/phase_eight_process/production/recovery_crash.rs,fresh-recovery-process-owner,4ac408a52f4c15ede225ff2893bb3df083aaacbc78815c92acf50e1486e15da8
C8-P8-RUNTIME-REPORT-01,workspaces/worth-store/crates/worth-store-recovery-runtime/tests/phase_eight_process/production/recovery_crash/cleanup_world.rs,cleanup-world-candidate-precondition,3e8c8e711c29ba04fde7700988944005644480a9b918bca80d73ebbc6389bad9
C8-P8-RUNTIME-REPORT-01,workspaces/worth-store/crates/worth-store-recovery-runtime/tests/phase_eight_process/production/recovery_crash/interruption.rs,interrupted-publication-evidence-route,17c0b0b30f1f6d65bac6fc7581812ca860537394879b26f05ff337e6e7a02ccb
C8-P8-RUNTIME-REPORT-01,workspaces/worth-store/crates/worth-store-recovery-runtime/tests/phase_eight_process/production/recovery_crash/interruption/cancelled.rs,cancellation-trigger,dc110103b62bd622ed70291c028a570a6dbb437478624ba7ebc30404a2d50965
C8-P8-RUNTIME-REPORT-01,workspaces/worth-store/crates/worth-store-recovery-runtime/tests/phase_eight_process/production/recovery_crash/interruption/deadline.rs,deadline-trigger,b718cd86cc2ed3807839a82242a68808cfb8caa5e33d635eadf3583122332ec2
C8-P8-RUNTIME-REPORT-01,workspaces/worth-store/crates/worth-store-recovery-runtime/tests/phase_eight_process/production/recovery_crash/interruption/publication_adjudication.rs,raw-publication-effect-adjudication,f2f6b9905a6fcdd6b6105ef5ffc3b7054b5d3c951b006064f1d0fc1db2108d22
C8-P8-RUNTIME-REPORT-01,workspaces/worth-store/crates/worth-store-recovery-runtime/tests/phase_eight_process/production/recovery_crash/seam.rs,first-post-kill-report-evidence,6151f24772efcc8d44d09a0ddfd3a4c83d8ea5dd0558dc0985c9dda2c54e0d35
C8-P8-RUNTIME-REPORT-01,workspaces/worth-store/crates/worth-store-recovery-runtime/tests/phase_eight_process/terminal_profiles.rs,fresh-recovery-process-owner,45ec396d044c188b4a02dee21ca69c7ed8d354fe85bd5eb5b012a428ec25f60f
C8-P8-RUNTIME-REPORT-01,workspaces/worth-store/crates/worth-store/src/physical_runtime/recovery_yieldpoint.rs,recovery-process-yieldpoint-owner,5169a84cfc4bf192bf9648fd4be3b3d7ee995708dafd7ebc88035be1d0de6aaf
