source_path,review_batch,action,status,resulting_paths,evidence
workspaces/worth-store/crates/worth-store-security/src/physical_security_metadata.rs,001-shared-semantics-production,split,complete,workspaces/worth-store/crates/worth-store-security/src/security_metadata.rs|workspaces/worth-store/crates/worth-store-security/src/security_metadata_canonical.rs|workspaces/worth-store/crates/worth-store-physical-format/src/security_metadata/envelope.rs|workspaces/worth-store/crates/worth-store-physical-format/src/security_metadata/authenticity_identity.rs,Semantic declarations and admission remain in security; physical envelopes and identity encoding are owned by physical-format.
workspaces/worth-store/crates/worth-store-security/src/layout_access/tests.rs,001-shared-semantics-production,split,complete,workspaces/worth-store/crates/worth-store-security/src/security_authority_source_tests.rs|workspaces/worth-store/crates/worth-store-layout-indexes/src/security_scope_projection_tests.rs,Security authority tests and layout projection tests now live beside their respective owners.
workspaces/worth-store/crates/worth-store-certification/src/s5_1_authenticity_integrity_separation_tests.rs,011-certification-production,split,complete,workspaces/worth-store/crates/worth-store-certification/src/s5_1_authenticity_integrity_separation_tests/mod.rs|workspaces/worth-store/crates/worth-store-certification/src/s5_1_authenticity_integrity_separation_tests/admission_outcomes.rs|workspaces/worth-store/crates/worth-store-certification/src/s5_1_authenticity_integrity_separation_tests/denial_outcomes.rs|workspaces/worth-store/crates/worth-store-certification/src/s5_1_authenticity_integrity_separation_tests/support.rs,Certification scenarios and shared setup are separated into focused modules with an aggregation-only facade.
workspaces/worth-store/crates/worth-store-certification/tests/s6_queue_execution_certification.rs,011-certification-production,split,complete,workspaces/worth-store/crates/worth-store-certification/tests/scheduler_queue_execution.rs|workspaces/worth-store/crates/worth-store-certification/tests/scheduler_queue_execution/grouping.rs|workspaces/worth-store/crates/worth-store-certification/tests/scheduler_queue_execution/secure_io_admission.rs|workspaces/worth-store/crates/worth-store-certification/tests/scheduler_queue_execution/backend_secure_io.rs|workspaces/worth-store/crates/worth-store-certification/tests/scheduler_queue_execution/support.rs,Queue-execution integration scenarios now use the permanent scheduler topology with shared admission setup and focused responsibility modules.
workspaces/worth-store/crates/worth-store-io-scheduler/src/s6_readiness/mod.rs,004-io-scheduler-production,merge,complete,workspaces/worth-store/crates/worth-store-io-scheduler/src/admission/mod.rs|workspaces/worth-store/crates/worth-store-io-scheduler/src/admission/isolation.rs|workspaces/worth-store/crates/worth-store-io-scheduler/src/admission/isolation_denial.rs|workspaces/worth-store/crates/worth-store-io-scheduler/src/admission/security_scope.rs,Scheduler admission now consumes the owner-issued isolation capability and admitted security evidence from its permanent admission facade.
workspaces/worth-store/crates/worth-store-io-scheduler/src/s6_readiness/admission.rs,004-io-scheduler-production,split,complete,workspaces/worth-store/crates/worth-store-io-scheduler/src/admission/isolation.rs,Isolation admission implementation and certification-only constructor gating are retained under scheduler admission.
workspaces/worth-store/crates/worth-store-io-scheduler/src/s6_readiness/security_scope_handoff.rs,004-io-scheduler-production,split,complete,workspaces/worth-store/crates/worth-store-io-scheduler/src/admission/security_scope.rs,Scheduler security admission consumes the admitted owner capability without issuing security ownership.
workspaces/worth-store/crates/worth-store-physical-certification/src/s7_closeout/denial.rs,012-physical-certification-production,merge,complete,workspaces/worth-store/crates/worth-store-certification/src/courtroom/blobs/closeout/source_denial.rs,Blob closeout source denials are courtroom-owned and no longer live in the reusable harness.
workspaces/worth-store/crates/worth-store-physical-certification/src/s7_closeout/mod.rs,012-physical-certification-production,merge,complete,workspaces/worth-store/crates/worth-store-certification/src/courtroom/blobs/closeout/mod.rs|workspaces/worth-store/crates/worth-store-certification/src/courtroom/blobs/closeout/materialization.rs|workspaces/worth-store/crates/worth-store-certification/src/courtroom/blobs/closeout/proof.rs|workspaces/worth-store/crates/worth-store-certification/src/courtroom/blobs/closeout/sources.rs,Blob closeout judgment is consolidated into the certification courtroom while physical certification remains a reusable harness.
workspaces/worth-store/crates/worth-store-physical-isolation/src/s6_handoff/mod.rs,003-integrity-isolation-wal-production,merge,complete,workspaces/worth-store/crates/worth-store-physical-isolation/src/readiness/mod.rs|workspaces/worth-store/crates/worth-store-physical-isolation/src/readiness/scheduler_capability.rs|workspaces/worth-store/crates/worth-store-physical-isolation/src/executed_isolation_evidence/mod.rs,Physical isolation now publishes executed-isolation evidence and its scheduler-facing capability from permanent readiness and evidence domains.
workspaces/worth-store/crates/worth-store-physical-isolation/src/s6_handoff/basis.rs,003-integrity-isolation-wal-production,split,complete,workspaces/worth-store/crates/worth-store-physical-isolation/src/readiness/isolation_evidence/basis.rs,Receipt-bound isolation basis and proof progression are retained with the scheduler capability boundary.
workspaces/worth-store/crates/worth-store-physical-isolation/src/s6_handoff/closeout/mod.rs,003-integrity-isolation-wal-production,split,complete,workspaces/worth-store/crates/worth-store-physical-isolation/src/executed_isolation_evidence/executed.rs|workspaces/worth-store/crates/worth-store-physical-isolation/src/executed_isolation_evidence/performance_receipt.rs|workspaces/worth-store/crates/worth-store-physical-isolation/src/executed_isolation_evidence/project_counters.rs,Executed evidence construction and counter receipts are owned by physical isolation rather than a milestone closeout facade.
workspaces/worth-store/crates/worth-store-physical-isolation/src/s6_handoff/readiness.rs,003-integrity-isolation-wal-production,split,complete,workspaces/worth-store/crates/worth-store-physical-isolation/src/readiness/scheduler_capability.rs,The scheduler-facing isolation capability is published only from executed evidence.
workspaces/worth-store/crates/worth-store-recovery-physics/src/s4_integrity_handoff_payload/mod.rs,003-integrity-isolation-wal-production,merge,complete,workspaces/worth-store/crates/worth-store-recovery-physics/src/integrity_handoff/mod.rs|workspaces/worth-store/crates/worth-store-recovery-physics/src/integrity_handoff/declaration.rs|workspaces/worth-store/crates/worth-store-recovery-physics/src/integrity_handoff/inspection_envelope.rs|workspaces/worth-store/crates/worth-store-recovery-physics/src/integrity_handoff/payload.rs,Recovery now owns a permanent integrity-handoff payload boundary with sealed declarations and bounded inspection evidence.
workspaces/worth-store/crates/worth-store-physical-backend/src/durability_ordering/tests.rs,002-buffer-backend-format-production,split,complete,workspaces/worth-store/crates/worth-store-physical-backend/src/durability_ordering/tests.rs|workspaces/worth-store/crates/worth-store-physical-backend/src/durability_ordering/tests/admission_posture.rs|workspaces/worth-store/crates/worth-store-physical-backend/src/durability_ordering/tests/execution_binding.rs|workspaces/worth-store/crates/worth-store-physical-backend/src/durability_ordering/tests/progression.rs,Durability scenarios are separated by admission posture execution binding and progression while the parent remains aggregation-only.
workspaces/worth-store/crates/worth-store-physical-backend/src/lib.rs,002-buffer-backend-format-production,split,complete,workspaces/worth-store/crates/worth-store-physical-backend/src/lib.rs|workspaces/worth-store/crates/worth-store-physical-backend/src/operation/mod.rs|workspaces/worth-store/crates/worth-store-physical-backend/src/operation/backend.rs,The crate root is aggregation-only and the backend contract plus operation mechanics live under operation/backend.
workspaces/worth-store/crates/worth-store-physical-format/src/facade/mod.rs,002-buffer-backend-format-production,split,complete,workspaces/worth-store/crates/worth-store-physical-format/src/facade/mod.rs|workspaces/worth-store/crates/worth-store-physical-format/src/facade/append.rs|workspaces/worth-store/crates/worth-store-physical-format/src/facade/physical_access.rs|workspaces/worth-store/crates/worth-store-physical-format/src/facade/reopen.rs|workspaces/worth-store/crates/worth-store-physical-format/src/facade/root_publication.rs|workspaces/worth-store/crates/worth-store-physical-format/src/facade/scan.rs|workspaces/worth-store/crates/worth-store-physical-format/src/facade/state.rs|workspaces/worth-store/crates/worth-store-physical-format/src/facade/vocabulary.rs,The facade module now aggregates focused physical open append read scan state and root-publication operations.
workspaces/worth-store/crates/worth-store-physical-format/src/layout_access/baseline_btree_counter_observation.rs,002-buffer-backend-format-production,split,complete,workspaces/worth-store/crates/worth-store-layout-indexes/src/strategy/btree/execution/mod.rs|workspaces/worth-store/crates/worth-store-layout-indexes/src/strategy/btree/execution/counters.rs|workspaces/worth-store/crates/worth-store-layout-indexes/src/strategy/btree/execution/outcome.rs|workspaces/worth-store/crates/worth-store-layout-indexes/src/execution/counter_witness.rs|workspaces/worth-store/crates/worth-store-test-support/src/harness/milestone/s8_layout_access/baseline_btree.rs|workspaces/worth-store/crates/worth-store-certification/src/baseline_btree_counter_evidence_tests.rs,Exact B-tree counters and plan-bound outcomes are strategy-owned while deterministic assembly and certification evidence live in test-support and certification.
workspaces/worth-store/crates/worth-store-physical-format/src/layout_access/baseline_btree_execution_witness.rs,002-buffer-backend-format-production,split,complete,workspaces/worth-store/crates/worth-store-layout-indexes/src/strategy/btree/execution/mod.rs|workspaces/worth-store/crates/worth-store-layout-indexes/src/strategy/btree/execution/node_codec.rs|workspaces/worth-store/crates/worth-store-layout-indexes/src/strategy/btree/execution/outcome.rs|workspaces/worth-store/crates/worth-store-layout-indexes/src/strategy/btree/execution/witness.rs|workspaces/worth-store/crates/worth-store-test-support/src/harness/milestone/s8_layout_access/baseline_btree.rs,Layout-indexes owns B-tree encoding plan binding and execution outcomes; physical-format supplies only physical facade mechanics and test-support supplies deterministic scenarios.
workspaces/worth-store/crates/worth-store-physical-format/src/layout_access/grammar.rs,002-buffer-backend-format-production,split,complete,workspaces/worth-store/crates/worth-store-physical-format/src/layout_access/grammar.rs|workspaces/worth-store/crates/worth-store-physical-format/src/facade/physical_access.rs|workspaces/worth-store/crates/worth-store-layout-indexes/src/physical_format_layout_access.rs,Physical-format retains concrete access vocabulary and compatibility constraints while empty phase admission tokens and their milestone-shaped strategy adapters are removed.
workspaces/worth-store/crates/worth-store-physical-isolation/src/s6_background_pressure.rs,003-integrity-isolation-wal-production,split,complete,workspaces/worth-store/crates/worth-store-physical-isolation/src/compaction_interlock/scheduler_demand.rs|workspaces/worth-store/crates/worth-store-physical-isolation/src/checkpoint_interlock/scheduler_demand.rs|workspaces/worth-store/crates/worth-store-physical-integrity/src/scrub_scheduler_demand.rs,Each physical owner now declares its own scheduler demand instead of sharing a milestone pressure catalog.
workspaces/worth-store/crates/worth-store-physical-isolation/src/s6_handoff/closeout/project_counters.rs,003-integrity-isolation-wal-production,split,complete,workspaces/worth-store/crates/worth-store-physical-isolation/src/executed_isolation_evidence/project_counters.rs,Receipt-bound executed-isolation counter projection remains with the physical-isolation owner after removal of the milestone closeout path.
workspaces/worth-store/crates/worth-store-physical-isolation/src/s6_handoff/denial.rs,003-integrity-isolation-wal-production,split,complete,workspaces/worth-store/crates/worth-store-physical-isolation/src/readiness/isolation_denial.rs,Semantic isolation denials remain at the readiness boundary while the displaced milestone helper path is absent.
workspaces/worth-store/crates/worth-store-wal/src/layout_access/baseline_lsm_counter_observation.rs,003-integrity-isolation-wal-production,split,complete,workspaces/worth-store/crates/worth-store-layout-indexes/src/strategy/lsm/execution.rs|workspaces/worth-store/crates/worth-store-layout-indexes/src/strategy/lsm/execution_binding.rs|workspaces/worth-store/crates/worth-store-layout-indexes/src/strategy/lsm/execution_request.rs|workspaces/worth-store/crates/worth-store-layout-indexes/src/strategy/lsm/compaction_execution.rs|workspaces/worth-store/crates/worth-store-test-support/src/harness/lsm_execution_fixture.rs,Plan-bound LSM outcomes and exact observations are strategy-owned while deterministic assembly is harness-owned.
workspaces/worth-store/crates/worth-store-wal/src/layout_access/baseline_lsm_execution_witness.rs,003-integrity-isolation-wal-production,split,complete,workspaces/worth-store/crates/worth-store-layout-indexes/src/strategy/lsm/execution_witness.rs|workspaces/worth-store/crates/worth-store-layout-indexes/src/strategy/lsm/invariant_assessment.rs|workspaces/worth-store/crates/worth-store-layout-indexes/src/strategy/lsm/invariant_observation.rs|workspaces/worth-store/crates/worth-store-test-support/src/harness/lsm_execution_fixture.rs,LSM execution and invariant assessment now belong to the strategy owner and seeded scenario construction belongs to test support.
workspaces/worth-store/crates/worth-store-wal/src/layout_access/mod.rs,003-integrity-isolation-wal-production,split,complete,workspaces/worth-store/crates/worth-store-wal/src/layout_access/mod.rs|workspaces/worth-store/crates/worth-store-wal/src/append/mod.rs|workspaces/worth-store/crates/worth-store-wal/src/checkpoint/mod.rs|workspaces/worth-store/crates/worth-store-wal/src/recovery_read/mod.rs|workspaces/worth-store/crates/worth-store-layout-indexes/src/strategy/lsm/mod.rs,WAL now aggregates receipt-bound append checkpoint and recovery operations while LSM strategy authority lives in layout-indexes.
workspaces/worth-store/crates/worth-store-io-scheduler/src/backend_capability/mod.rs,004-io-scheduler-production,split,complete,workspaces/worth-store/crates/worth-store-io-scheduler/src/backend_capability/mod.rs|workspaces/worth-store/crates/worth-store-io-scheduler/src/backend_capability/tests/mod.rs|workspaces/worth-store/crates/worth-store-io-scheduler/src/backend_capability/tests/platform_evidence_policy.rs|workspaces/worth-store/crates/worth-store-io-scheduler/src/backend_capability/tests/posture_denials.rs|workspaces/worth-store/crates/worth-store-io-scheduler/src/backend_capability/tests/secure_frame_security_binding.rs|workspaces/worth-store/crates/worth-store-io-scheduler/src/backend_capability/tests/support.rs,Backend capability tests are separated by platform evidence policy posture denials and secure-frame security binding with shared fixtures while the production facade remains aggregation-only.
workspaces/worth-store/crates/worth-store-io-scheduler/src/queue_execution/tests.rs,004-io-scheduler-production,split,complete,workspaces/worth-store/crates/worth-store-io-scheduler/src/queue_execution/tests.rs|workspaces/worth-store/crates/worth-store-io-scheduler/src/queue_execution/tests/admission_lowering.rs|workspaces/worth-store/crates/worth-store-io-scheduler/src/queue_execution/tests/backpressure_budget_denials.rs|workspaces/worth-store/crates/worth-store-io-scheduler/src/queue_execution/tests/execution_observations_violations.rs|workspaces/worth-store/crates/worth-store-io-scheduler/src/queue_execution/tests/grouping.rs|workspaces/worth-store/crates/worth-store-io-scheduler/src/queue_execution/tests/backend_completion_replay_binding.rs|workspaces/worth-store/crates/worth-store-io-scheduler/src/queue_execution/test_support.rs,Queue execution tests are separated by admission and lowering backpressure and budget denials execution observations and violations grouping and backend completion replay binding with shared setup retained in test support.
workspaces/worth-store/crates/worth-store-layout-indexes/src/artifact_family/inventory_rows.rs,005-layout-indexes-production,split,complete,workspaces/worth-store/crates/worth-store-layout-indexes/src/artifact_family/inventory_rows.rs|workspaces/worth-store/crates/worth-store-layout-indexes/src/artifact_family/inventory.rs|workspaces/worth-store/crates/worth-store-layout-indexes/src/artifact_family/inventory_rows/row.rs|workspaces/worth-store/crates/worth-store-layout-indexes/src/artifact_family/inventory_rows/physical_format.rs|workspaces/worth-store/crates/worth-store-layout-indexes/src/artifact_family/inventory_rows/wal.rs|workspaces/worth-store/crates/worth-store-layout-indexes/src/artifact_family/inventory_rows/recovery_physics.rs|workspaces/worth-store/crates/worth-store-layout-indexes/src/artifact_family/inventory_rows/blob_chunks.rs|workspaces/worth-store/crates/worth-store-layout-indexes/src/artifact_family/inventory_rows/retention.rs|workspaces/worth-store/crates/worth-store-layout-indexes/src/artifact_family/inventory_rows/maintenance.rs|workspaces/worth-store/crates/worth-store-layout-indexes/src/artifact_family/inventory_rows/tiering.rs|workspaces/worth-store/crates/worth-store-layout-indexes/src/artifact_family/inventory_rows/branch_deltas.rs|workspaces/worth-store/crates/worth-store-layout-indexes/src/artifact_family/inventory_rows/buffer_pool.rs|workspaces/worth-store/crates/worth-store-layout-indexes/src/artifact_family/inventory_rows/physical_integrity.rs|workspaces/worth-store/crates/worth-store-layout-indexes/src/artifact_family/inventory_rows/security.rs|workspaces/worth-store/crates/worth-store-layout-indexes/src/artifact_family/inventory_rows/operations.rs|workspaces/worth-store/crates/worth-store-layout-indexes/src/artifact_family/inventory_rows/offline_verifier.rs|workspaces/worth-store/crates/worth-store-layout-indexes/src/artifact_family/inventory_rows/compatibility.rs|workspaces/worth-store/crates/worth-store-layout-indexes/src/artifact_family/inventory_rows/io_scheduler.rs|workspaces/worth-store/crates/worth-store-layout-indexes/src/artifact_family/inventory_rows/snapshots.rs|workspaces/worth-store/crates/worth-store-layout-indexes/src/artifact_family/inventory_rows_tests.rs|workspaces/worth-store/crates/worth-store-layout-indexes/src/artifact_family/mod.rs,Artifact declarations are owned by permanent Store domains and lifecycle-specific slices; one row factory and one ordered aggregation preserve the canonical set and order without duplicating authority classification.
workspaces/worth-store/crates/worth-store-layout-indexes/src/legacy_disposition/rows.rs,005-layout-indexes-production,split,complete,workspaces/worth-store/crates/worth-store-layout-indexes/src/legacy_disposition/rows.rs|workspaces/worth-store/crates/worth-store-layout-indexes/src/legacy_disposition/inventory.rs|workspaces/worth-store/crates/worth-store-layout-indexes/src/legacy_disposition/boundary.rs|workspaces/worth-store/crates/worth-store-layout-indexes/src/legacy_disposition/rows/row.rs|workspaces/worth-store/crates/worth-store-layout-indexes/src/legacy_disposition/rows/legacy_root_api.rs|workspaces/worth-store/crates/worth-store-layout-indexes/src/legacy_disposition/rows/legacy_root_artifacts.rs|workspaces/worth-store/crates/worth-store-layout-indexes/src/legacy_disposition/rows/compatibility_inputs.rs|workspaces/worth-store/crates/worth-store-layout-indexes/src/legacy_disposition/rows/maintenance_inputs.rs|workspaces/worth-store/crates/worth-store-layout-indexes/src/legacy_disposition/rows/subscription_support_inputs.rs|workspaces/worth-store/crates/worth-store-layout-indexes/src/legacy_disposition/rows/certification_reports.rs|workspaces/worth-store/crates/worth-store-layout-indexes/src/legacy_disposition/rows_tests.rs|workspaces/worth-store/crates/worth-store-layout-indexes/src/legacy_disposition/tests.rs|workspaces/worth-store/crates/worth-store-layout-indexes/src/legacy_disposition/mod.rs,Historical root APIs displaced artifacts compatibility inputs maintenance inputs subscription-support inputs and certification-only reports now have explicit owner homes while a single 88-row inventory preserves disposition lookup and order.
workspaces/worth-store/crates/worth-store-layout-indexes/src/planning/selection_receipt.rs,005-layout-indexes-production,split,complete,workspaces/worth-store/crates/worth-store-layout-indexes/src/planning/selection_receipt.rs|workspaces/worth-store/crates/worth-store-layout-indexes/src/planning/selected_plan.rs|workspaces/worth-store/crates/worth-store-layout-indexes/src/planning/selection_decision.rs|workspaces/worth-store/crates/worth-store-layout-indexes/src/planning/selection_outcome.rs|workspaces/worth-store/crates/worth-store-layout-indexes/src/planning/selection_transition.rs|workspaces/worth-store/crates/worth-store-layout-indexes/src/planning/lowering_request.rs|workspaces/worth-store/crates/worth-store-layout-indexes/src/planning/mod.rs,Selected-plan data deterministic policy decisions public outcome views and transition issuance are separated; only the selection owner operation can issue a sealed outcome that binds its payload to the corresponding transition fact.
workspaces/worth-store/crates/worth-store-layout-indexes/src/strategy/admission.rs,005-layout-indexes-production,split,complete,workspaces/worth-store/crates/worth-store-layout-indexes/src/strategy/admission.rs|workspaces/worth-store/crates/worth-store-layout-indexes/src/strategy/admitted_strategy.rs|workspaces/worth-store/crates/worth-store-layout-indexes/src/strategy/capability_queries.rs|workspaces/worth-store/crates/worth-store-layout-indexes/src/strategy/key_law_validation.rs|workspaces/worth-store/crates/worth-store-layout-indexes/src/strategy/materialization_policy.rs|workspaces/worth-store/crates/worth-store-layout-indexes/src/strategy/counter_planning.rs|workspaces/worth-store/crates/worth-store-layout-indexes/src/strategy/declaration.rs|workspaces/worth-store/crates/worth-store-layout-indexes/src/strategy/counter_path.rs|workspaces/worth-store/crates/worth-store-layout-indexes/src/strategy/mod.rs,Strategy declaration and invariant admission capability queries key-law admission materialization policy and counter planning now have distinct owners; family-specific declaration constructors replace the generic argument bag and the registry remains the sealed outcome issuer.
workspaces/worth-store/crates/worth-store-blob-chunks/src/dedupe/reference_edges/mod.rs,006-blob-chunks-production,split,complete,workspaces/worth-store/crates/worth-store-blob-chunks/src/dedupe/reference_edges/mod.rs|workspaces/worth-store/crates/worth-store-blob-chunks/src/dedupe/reference_edges/registry.rs|workspaces/worth-store/crates/worth-store-blob-chunks/src/dedupe/reference_edges/reference_set.rs|workspaces/worth-store/crates/worth-store-blob-chunks/src/dedupe/reference_edges/registered_edge.rs|workspaces/worth-store/crates/worth-store-blob-chunks/src/dedupe/reference_edges/released_edges.rs|workspaces/worth-store/crates/worth-store-blob-chunks/src/dedupe/reference_edges/reclaim_decision.rs|workspaces/worth-store/crates/worth-store-blob-chunks/src/dedupe/reference_edges/reference_identity.rs|workspaces/worth-store/crates/worth-store-blob-chunks/src/dedupe/reference_edges/collision_partition.rs|workspaces/worth-store/crates/worth-store-blob-chunks/src/dedupe/reference_edges/digest_rewrite.rs,Reference state mutation remains solely registry-owned while opaque registered and released receipts reclaim classification collision partitioning digest rewriting and stable domain identity have focused homes behind an aggregation-only module.
workspaces/worth-store/crates/worth-store-blob-chunks/src/import_readmission/facade.rs,006-blob-chunks-production,split,complete,workspaces/worth-store/crates/worth-store-blob-chunks/src/import_readmission/facade.rs|workspaces/worth-store/crates/worth-store-blob-chunks/src/import_readmission/authority.rs|workspaces/worth-store/crates/worth-store-blob-chunks/src/import_readmission/security_readmission.rs|workspaces/worth-store/crates/worth-store-blob-chunks/src/import_readmission/locality_verification.rs|workspaces/worth-store/crates/worth-store-blob-chunks/src/import_readmission/admitted_import.rs|workspaces/worth-store/crates/worth-store-blob-chunks/src/import_readmission/parsing.rs,Authority-held evidence collection declaration classification security-scope readmission chunk-locality verification placement admission and final witness issuance are distinct; the facade only orchestrates sealed stages and terminal JSON cannot become admission authority.
workspaces/worth-store/crates/worth-store-branch-deltas/src/lib.rs,007-delta-snapshot-tiering-production,split,complete,workspaces/worth-store/crates/worth-store-branch-deltas/src/lib.rs|workspaces/worth-store/crates/worth-store-branch-deltas/src/identity.rs|workspaces/worth-store/crates/worth-store-branch-deltas/src/semantic_authority.rs|workspaces/worth-store/crates/worth-store-branch-deltas/src/read.rs|workspaces/worth-store/crates/worth-store-branch-deltas/src/maintenance.rs,Branch layer identity same-lineage authority read requests and plans and rewrite or rebuild maintenance artifacts have distinct lifecycle homes behind an aggregation-only crate root.
workspaces/worth-store/crates/worth-store-snapshots/src/lib.rs,007-delta-snapshot-tiering-production,split,complete,workspaces/worth-store/crates/worth-store-snapshots/src/lib.rs|workspaces/worth-store/crates/worth-store-snapshots/src/identity.rs|workspaces/worth-store/crates/worth-store-snapshots/src/image.rs|workspaces/worth-store/crates/worth-store-snapshots/src/read.rs|workspaces/worth-store/crates/worth-store-snapshots/src/restore.rs,Snapshot identity image declaration and authority-backed publication read protocol and restore planning have distinct lifecycle homes behind an aggregation-only crate root.
workspaces/worth-store/crates/worth-store-tiering/src/cold_tier_posture/s6_cold_tier_posture.rs,007-delta-snapshot-tiering-production,split,complete,workspaces/worth-store/crates/worth-store-tiering/src/cold_tier_posture/posture.rs|workspaces/worth-store/crates/worth-store-tiering/src/cold_tier_posture/certification_test_support.rs|workspaces/worth-store/crates/worth-store-tiering/src/cold_tier_posture/mod.rs,Cold-tier IO posture is permanent domain vocabulary admitted only from an executed reclaim receipt; real receipt assembly is feature-gated certification support and milestone-shaped non-claim methods and type names are removed.
workspaces/worth-store/crates/worth-store-live-query/src/lib.rs,008-live-maintenance-operations-production,split,complete,workspaces/worth-store/crates/worth-store-live-query/src/lib.rs|workspaces/worth-store/crates/worth-store-live-query/src/stable_basis.rs|workspaces/worth-store/crates/worth-store-live-query/src/continuation.rs|workspaces/worth-store/crates/worth-store-live-query/src/semantic_authority.rs,Stable-basis identity and plans continuation admission and receipts and semantic issuance are separated behind an aggregation-only crate root; receipt construction remains authority-owned.
workspaces/worth-store/crates/worth-store-operations/src/lib.rs,008-live-maintenance-operations-production,split,complete,workspaces/worth-store/crates/worth-store-operations/src/lib.rs|workspaces/worth-store/crates/worth-store-operations/src/recovery_posture.rs,Operational recovery vocabulary now has a permanent owner module and the crate root contains declarations and exports only.
workspaces/worth-store/crates/worth-store-operations/src/s6_background_pressure.rs,008-live-maintenance-operations-production,split,complete,workspaces/worth-store/crates/worth-store-operations/src/replication_prep_scheduler_demand.rs|workspaces/worth-store/crates/worth-store-operations/src/backup_export_custody_scheduler_demand.rs|workspaces/worth-store/crates/worth-store-operations/src/repair_blast_radius_scheduler_demand.rs,Replication preparation backup/export custody and repair blast-radius owners now declare their own scheduler demand; the unused parallel operation-kind catalog and milestone-shaped module are removed.
workspaces/worth-store/crates/worth-store-recovery-physics/src/integrity_handoff/damage_map/mod.rs,009-recovery-physics-production,split,complete,workspaces/worth-store/crates/worth-store-recovery-physics/src/integrity_handoff/damage_map/mod.rs|workspaces/worth-store/crates/worth-store-recovery-physics/src/integrity_handoff/damage_map/map.rs|workspaces/worth-store/crates/worth-store-recovery-physics/src/integrity_handoff/damage_map/quarantine_summary.rs|workspaces/worth-store/crates/worth-store-recovery-physics/src/integrity_handoff/damage_map/readmission.rs|workspaces/worth-store/crates/worth-store-recovery-physics/src/integrity_handoff/damage_map/classify.rs,Damage-map mutation source validation deterministic domain identity quarantine summary construction classification and corruption readmission orchestration have distinct owners behind an aggregation-only module.
workspaces/worth-store/crates/worth-store-recovery-physics/src/layout_access/mod.rs,009-recovery-physics-production,split,complete,workspaces/worth-store/crates/worth-store-recovery-physics/src/layout_access/mod.rs|workspaces/worth-store/crates/worth-store-recovery-physics/src/layout_access/access.rs|workspaces/worth-store/crates/worth-store-recovery-physics/src/layout_access/denial.rs,Layout access aggregation denial vocabulary and rule-gated family access are separated; crate-private milestone family minting shortcuts are removed in favor of evidence-taking owner operations.
workspaces/worth-store/crates/worth-store-recovery-physics/src/layout_access/readmission_family.rs,009-recovery-physics-production,split,complete,workspaces/worth-store/crates/worth-store-recovery-physics/src/layout_readmission.rs|workspaces/worth-store/crates/worth-store-recovery-physics/src/layout_access/readmission_family.rs,Recovery physics now issues sealed family-bound readmission witnesses only from real quarantine or reopened offline evidence while layout access only projects an issued witness; the empty phase rule and broad admitted-family minting surface are deleted.
workspaces/worth-store/crates/worth-store-recovery-physics/src/lib.rs,009-recovery-physics-production,split,complete,workspaces/worth-store/crates/worth-store-recovery-physics/src/lib.rs|workspaces/worth-store/crates/worth-store-recovery-physics/src/source_precedence/physical_source.rs|workspaces/worth-store/crates/worth-store-recovery-physics/src/source_precedence/mod.rs,Physical recovery source vocabulary now lives with source precedence and the crate root is declarations plus exports only.
workspaces/worth-store/crates/worth-store-certification/src/courtroom/closeout/mod.rs,011-certification-production,split,complete,workspaces/worth-store/crates/worth-store-certification/src/courtroom/closeout/mod.rs|workspaces/worth-store/crates/worth-store-certification/src/courtroom/closeout/physical_substrate.rs|workspaces/worth-store/crates/worth-store-certification/src/courtroom/closeout/physical_integrity.rs|workspaces/worth-store/crates/worth-store-certification/src/courtroom/closeout/recovery.rs|workspaces/worth-store/crates/worth-store-certification/src/courtroom/closeout/security_scope.rs|workspaces/worth-store/crates/worth-store-certification/src/courtroom/closeout/physical_isolation.rs|workspaces/worth-store/crates/worth-store-certification/src/courtroom/closeout/blobs.rs|workspaces/worth-store/crates/worth-store-certification/src/courtroom/closeout/synthetic_rejection.rs|workspaces/worth-store/crates/worth-store-certification/src/courtroom/closeout/s6/mod.rs|workspaces/worth-store/crates/worth-store-certification/src/courtroom/closeout/s8_layout.rs,Courtroom closeout exports are grouped by permanent evidence domain so certification aggregates and judges owner evidence without presenting an unrelated milestone export wall.
workspaces/worth-store/crates/worth-store-certification/src/s4_recovery_harness/mod.rs,011-certification-production,split,complete,workspaces/worth-store/crates/worth-store-certification/src/recovery_harness/mod.rs|workspaces/worth-store/crates/worth-store-certification/src/recovery_harness/scenario|workspaces/worth-store/crates/worth-store-certification/src/recovery_harness/evidence|workspaces/worth-store/crates/worth-store-certification/src/recovery_harness/mutation|workspaces/worth-store/crates/worth-store-certification/src/recovery_harness/certification,Recovery scenarios evidence transcripts mutation execution and courtroom certification now live under permanent recovery-harness vocabulary; the duplicate milestone export barrel is removed.
workspaces/worth-store/crates/worth-store-physical-certification/src/coverage/registration.rs,012-physical-certification-production,split,complete,workspaces/worth-store/crates/worth-store-physical-certification/src/coverage/registration.rs|workspaces/worth-store/crates/worth-store-physical-certification/src/coverage/registration/scenario_plan_identity.rs|workspaces/worth-store/crates/worth-store-physical-certification/src/coverage/registration/schedule_actor_driver.rs|workspaces/worth-store/crates/worth-store-physical-certification/src/coverage/registration/oracle.rs|workspaces/worth-store/crates/worth-store-physical-certification/src/coverage/registration/counter.rs|workspaces/worth-store/crates/worth-store-physical-certification/src/coverage/registration/transcript.rs|workspaces/worth-store/crates/worth-store-physical-certification/src/coverage/registration/mutation.rs,Coverage registry state and final generation remain central while scenario and plan identity execution topology oracle verdict counter evidence transcript and mutation registrations are domain-owned extension modules.
workspaces/worth-store/crates/worth-store-physical-certification/src/harness/by_milestone/s7_blob_harness/mod.rs,012-physical-certification-production,split,complete,workspaces/worth-store/crates/worth-store-physical-certification/src/harness/blob/mod.rs|workspaces/worth-store/crates/worth-store-physical-certification/src/harness/blob/scenario_seed.rs|workspaces/worth-store/crates/worth-store-physical-certification/src/harness/blob/profile.rs|workspaces/worth-store/crates/worth-store-physical-certification/src/harness/blob/lowering.rs|workspaces/worth-store/crates/worth-store-physical-certification/src/harness/blob/oracle_observation.rs|workspaces/worth-store/crates/worth-store-physical-certification/src/harness/blob/replay.rs|workspaces/worth-store/crates/worth-store-physical-certification/src/harness/blob/resume_recovery.rs|workspaces/worth-store/crates/worth-store-physical-certification/src/harness/blob/shortcut_denial.rs,Blob harness scenario construction profiles lowering oracle observation replay resume recovery and shortcut denial now live under the permanent harness/blob subsystem; the milestone facade is removed.
workspaces/worth-store/crates/worth-store-test-support/src/harness/milestone/s4_recovery_physics/mod.rs,013-test-support-production,split,complete,workspaces/worth-store/crates/worth-store-test-support/src/harness/recovery/mod.rs|workspaces/worth-store/crates/worth-store-test-support/src/harness/recovery/s4_crash_harness.rs|workspaces/worth-store/crates/worth-store-test-support/src/harness/recovery/s4_fault_scheduler.rs|workspaces/worth-store/crates/worth-store-test-support/src/harness/recovery/s4_fresh_runtime.rs|workspaces/worth-store/crates/worth-store-test-support/src/harness/recovery/s4_persisted_recovery.rs|workspaces/worth-store/crates/worth-store-test-support/src/harness/recovery/s4_storage_interposer.rs,Recovery crash execution fault scheduling fresh runtime persisted artifacts entry fixtures and storage interposition now live under the permanent harness/recovery support domain.
workspaces/worth-store/crates/worth-store-test-support/src/harness/milestone/s5_1_security_scope_harness/mod.rs,013-test-support-production,split,complete,workspaces/worth-store/crates/worth-store-test-support/src/harness/security_scope/mod.rs|workspaces/worth-store/crates/worth-store-test-support/src/harness/security_scope/inputs/mod.rs|workspaces/worth-store/crates/worth-store-test-support/src/harness/security_scope/inputs/fixtures.rs|workspaces/worth-store/crates/worth-store-test-support/src/harness/security_scope/inputs/scenarios.rs|workspaces/worth-store/crates/worth-store-test-support/src/harness/security_scope/execution.rs,Security declarations fixtures and scenario inputs are separate from readiness and physical replay execution under the permanent harness/security_scope domain.
workspaces/worth-store/crates/worth-store-test-support/src/harness/milestone/s5_physical_isolation/mod.rs,013-test-support-production,split,complete,workspaces/worth-store/crates/worth-store-test-support/src/harness/physical_isolation/mod.rs|workspaces/worth-store/crates/worth-store-test-support/src/harness/physical_isolation/boundary_fact.rs|workspaces/worth-store/crates/worth-store-test-support/src/harness/physical_isolation/yield_schedule.rs,Aspect-native boundary fixture construction and physical yield scheduling are distinct support roles under the permanent harness/physical_isolation domain.
workspaces/worth-store/crates/worth-store-certification/tests/s4_recovery_source_precedence/wal_only_tail_fixture.rs,014-certification-tests,split,complete,workspaces/worth-store/crates/worth-store-certification/tests/s4_recovery_source_precedence/wal_only_tail_fixture.rs|workspaces/worth-store/crates/worth-store-certification/tests/s4_recovery_source_precedence/wal_only_tail_fixture/construction.rs|workspaces/worth-store/crates/worth-store-certification/tests/s4_recovery_source_precedence/wal_only_tail_fixture/wal_tail_evidence.rs|workspaces/worth-store/crates/worth-store-certification/tests/s4_recovery_source_precedence/wal_only_tail_fixture/source_precedence_admission.rs|workspaces/worth-store/crates/worth-store-certification/tests/s4_recovery_source_precedence/wal_only_tail_fixture/hostile_denials.rs,Wal-only-tail fixture construction executed integrity evidence source-precedence admission and hostile denial cases are separate while the original fixture API remains a thin test facade.
workspaces/worth-store/crates/worth-store-certification/tests/s5_read_during_compaction.rs,014-certification-tests,split,complete,workspaces/worth-store/crates/worth-store-certification/tests/s5_read_during_compaction.rs|workspaces/worth-store/crates/worth-store-certification/tests/s5_read_during_compaction/shared_production_setup.rs|workspaces/worth-store/crates/worth-store-certification/tests/s5_read_during_compaction/foreground_read_scenarios.rs|workspaces/worth-store/crates/worth-store-certification/tests/s5_read_during_compaction/compaction_interleavings.rs|workspaces/worth-store/crates/worth-store-certification/tests/s5_read_during_compaction/denial_counter_assertions.rs,Real production setup foreground read scenarios compaction interleavings and denial or counter assertions are separate integration-test responsibilities behind a thin target root.
workspaces/worth-store/crates/worth-store-physical-certification/src/harness/by_milestone/s6/s6_backend_qualification/denial.rs,012-physical-certification-production,move,complete,workspaces/worth-store/crates/worth-store-physical-certification/src/qualification/scheduling/backends/denial.rs,Milestone provenance removed and the surface is composed under its permanent certification domain with consumers updated.
workspaces/worth-store/crates/worth-store-physical-certification/src/harness/by_milestone/s6/s6_backend_qualification/matrix.rs,012-physical-certification-production,move,complete,workspaces/worth-store/crates/worth-store-physical-certification/src/qualification/scheduling/backends/matrix.rs,Milestone provenance removed and the surface is composed under its permanent certification domain with consumers updated.
workspaces/worth-store/crates/worth-store-physical-certification/src/harness/by_milestone/s6/s6_backend_qualification/mod.rs,012-physical-certification-production,move,complete,workspaces/worth-store/crates/worth-store-physical-certification/src/qualification/scheduling/backends/mod.rs,Milestone provenance removed and the surface is composed under its permanent certification domain with consumers updated.
workspaces/worth-store/crates/worth-store-physical-certification/src/harness/by_milestone/s6/s6_backend_qualification/parity.rs,012-physical-certification-production,move,complete,workspaces/worth-store/crates/worth-store-physical-certification/src/qualification/scheduling/backends/parity.rs,Milestone provenance removed and the surface is composed under its permanent certification domain with consumers updated.
workspaces/worth-store/crates/worth-store-physical-certification/src/harness/by_milestone/s6/s6_backend_qualification/proof.rs,012-physical-certification-production,move,complete,workspaces/worth-store/crates/worth-store-physical-certification/src/qualification/scheduling/backends/proof.rs,Milestone provenance removed and the surface is composed under its permanent certification domain with consumers updated.
workspaces/worth-store/crates/worth-store-physical-certification/src/harness/by_milestone/s6/s6_backend_qualification/rebind.rs,012-physical-certification-production,move,complete,workspaces/worth-store/crates/worth-store-physical-certification/src/qualification/scheduling/backends/rebind.rs,Milestone provenance removed and the surface is composed under its permanent certification domain with consumers updated.
workspaces/worth-store/crates/worth-store-physical-certification/src/harness/by_milestone/s6/s6_backend_qualification/row.rs,012-physical-certification-production,move,complete,workspaces/worth-store/crates/worth-store-physical-certification/src/qualification/scheduling/backends/row.rs,Milestone provenance removed and the surface is composed under its permanent certification domain with consumers updated.
workspaces/worth-store/crates/worth-store-physical-certification/src/harness/by_milestone/s6/s6_backend_qualification/support.rs,012-physical-certification-production,move,complete,workspaces/worth-store/crates/worth-store-physical-certification/src/qualification/scheduling/backends/support.rs,Milestone provenance removed and the surface is composed under its permanent certification domain with consumers updated.
workspaces/worth-store/crates/worth-store-physical-certification/src/harness/by_milestone/s6/s6_io_pressure_coverage.rs,012-physical-certification-production,move,complete,workspaces/worth-store/crates/worth-store-physical-certification/src/pressure_harness/coverage.rs,Milestone provenance removed and the surface is composed under its permanent certification domain with consumers updated.
workspaces/worth-store/crates/worth-store-physical-certification/src/harness/by_milestone/s6/s6_io_pressure_execution.rs,012-physical-certification-production,move,complete,workspaces/worth-store/crates/worth-store-physical-certification/src/pressure_harness/execution.rs,Milestone provenance removed and the surface is composed under its permanent certification domain with consumers updated.
workspaces/worth-store/crates/worth-store-physical-certification/src/harness/by_milestone/s6/s6_io_pressure_harness.rs,012-physical-certification-production,move,complete,workspaces/worth-store/crates/worth-store-physical-certification/src/pressure_harness/scenario.rs,Milestone provenance removed and the surface is composed under its permanent certification domain with consumers updated.
workspaces/worth-store/crates/worth-store-physical-certification/src/harness/by_milestone/s6/s6_io_pressure_replay.rs,012-physical-certification-production,move,complete,workspaces/worth-store/crates/worth-store-physical-certification/src/pressure_harness/replay.rs,Milestone provenance removed and the surface is composed under its permanent certification domain with consumers updated.
workspaces/worth-store/crates/worth-store-physical-certification/src/harness/by_milestone/s6/s6_io_pressure_test_support/boundary_fact.rs,012-physical-certification-production,move,complete,workspaces/worth-store/crates/worth-store-physical-certification/src/pressure_harness/fixtures/boundary_fact.rs,Milestone provenance removed and the surface is composed under its permanent certification domain with consumers updated.
workspaces/worth-store/crates/worth-store-physical-certification/src/harness/by_milestone/s6/s6_io_pressure_test_support/mod.rs,012-physical-certification-production,move,complete,workspaces/worth-store/crates/worth-store-physical-certification/src/pressure_harness/fixtures/mod.rs,Milestone provenance removed and the surface is composed under its permanent certification domain with consumers updated.
workspaces/worth-store/crates/worth-store-physical-certification/src/harness/by_milestone/s6/s6_io_pressure_test_support/sample.rs,012-physical-certification-production,move,complete,workspaces/worth-store/crates/worth-store-physical-certification/src/pressure_harness/fixtures/sample.rs,Milestone provenance removed and the surface is composed under its permanent certification domain with consumers updated.
workspaces/worth-store/crates/worth-store-physical-certification/src/harness/by_milestone/s6/s6_io_pressure_vocab.rs,012-physical-certification-production,move,complete,workspaces/worth-store/crates/worth-store-physical-certification/src/pressure_harness/vocabulary.rs,Milestone provenance removed and the surface is composed under its permanent certification domain with consumers updated.
workspaces/worth-store/crates/worth-store-physical-certification/src/harness/by_milestone/s6/tests/s6_backend_qualification_cross_backend_tests.rs,012-physical-certification-production,move,complete,workspaces/worth-store/crates/worth-store-physical-certification/src/qualification/scheduling/backends/tests/backend_qualification_cross_backend_tests.rs,Milestone provenance removed and the surface is composed under its permanent certification domain with consumers updated.
workspaces/worth-store/crates/worth-store-physical-certification/src/harness/by_milestone/s6/tests/s6_backend_qualification_matrix_surface_tests.rs,012-physical-certification-production,move,complete,workspaces/worth-store/crates/worth-store-physical-certification/src/qualification/scheduling/backends/tests/backend_qualification_matrix_surface_tests.rs,Milestone provenance removed and the surface is composed under its permanent certification domain with consumers updated.
workspaces/worth-store/crates/worth-store-physical-certification/src/harness/by_milestone/s6/tests/s6_backend_qualification_negative_tests.rs,012-physical-certification-production,move,complete,workspaces/worth-store/crates/worth-store-physical-certification/src/qualification/scheduling/backends/tests/backend_qualification_negative_tests.rs,Milestone provenance removed and the surface is composed under its permanent certification domain with consumers updated.
workspaces/worth-store/crates/worth-store-physical-certification/src/harness/by_milestone/s6/tests/s6_backend_qualification_residual_debt_tests.rs,012-physical-certification-production,move,complete,workspaces/worth-store/crates/worth-store-physical-certification/src/qualification/scheduling/backends/tests/backend_qualification_residual_debt_tests.rs,Milestone provenance removed and the surface is composed under its permanent certification domain with consumers updated.
workspaces/worth-store/crates/worth-store-physical-certification/src/harness/by_milestone/s6/tests/s6_backend_qualification_tests.rs,012-physical-certification-production,move,complete,workspaces/worth-store/crates/worth-store-physical-certification/src/qualification/scheduling/backends/tests/backend_qualification_tests.rs,Milestone provenance removed and the surface is composed under its permanent certification domain with consumers updated.
workspaces/worth-store/crates/worth-store-physical-certification/src/harness/by_milestone/s6/tests/s6_io_pressure_harness_negative_tests.rs,012-physical-certification-production,move,complete,workspaces/worth-store/crates/worth-store-physical-certification/src/pressure_harness/tests/io_pressure_harness_negative_tests.rs,Milestone provenance removed and the surface is composed under its permanent certification domain with consumers updated.
workspaces/worth-store/crates/worth-store-physical-certification/src/harness/by_milestone/s6/tests/s6_io_pressure_harness_tests.rs,012-physical-certification-production,move,complete,workspaces/worth-store/crates/worth-store-physical-certification/src/pressure_harness/tests/io_pressure_harness_tests.rs,Milestone provenance removed and the surface is composed under its permanent certification domain with consumers updated.
workspaces/worth-store/crates/worth-store-physical-certification/src/harness/by_milestone/s6/tests/s6_io_pressure_replay_tests.rs,012-physical-certification-production,move,complete,workspaces/worth-store/crates/worth-store-physical-certification/src/pressure_harness/tests/io_pressure_replay_tests.rs,Milestone provenance removed and the surface is composed under its permanent certification domain with consumers updated.
workspaces/worth-store/crates/worth-store-physical-certification/src/harness/by_milestone/s6/tests/s6_io_pressure_shortcut_tests.rs,012-physical-certification-production,move,complete,workspaces/worth-store/crates/worth-store-physical-certification/src/pressure_harness/tests/io_pressure_shortcut_tests.rs,Milestone provenance removed and the surface is composed under its permanent certification domain with consumers updated.
workspaces/worth-store/crates/worth-store-physical-certification/src/harness/by_milestone/s7_blob_harness/fixture.rs,012-physical-certification-production,move,complete,workspaces/worth-store/crates/worth-store-physical-certification/src/harness/blob/fixture.rs,Milestone provenance removed and the surface is composed under its permanent certification domain with consumers updated.
workspaces/worth-store/crates/worth-store-physical-certification/src/harness/by_milestone/s7_blob_harness/foundational_profile.rs,012-physical-certification-production,move,complete,workspaces/worth-store/crates/worth-store-physical-certification/src/harness/blob/foundational_profile.rs,Milestone provenance removed and the surface is composed under its permanent certification domain with consumers updated.
workspaces/worth-store/crates/worth-store-physical-certification/src/harness/by_milestone/s7_blob_harness/heavy_qualification.rs,012-physical-certification-production,move,complete,workspaces/worth-store/crates/worth-store-physical-certification/src/harness/blob/heavy_qualification.rs,Milestone provenance removed and the surface is composed under its permanent certification domain with consumers updated.
workspaces/worth-store/crates/worth-store-physical-certification/src/harness/by_milestone/s7_blob_harness/heavy_qualification_tests.rs,012-physical-certification-production,move,complete,workspaces/worth-store/crates/worth-store-physical-certification/src/harness/blob/heavy_qualification_tests.rs,Milestone provenance removed and the surface is composed under its permanent certification domain with consumers updated.
workspaces/worth-store/crates/worth-store-physical-certification/src/harness/by_milestone/s7_blob_harness/lowering.rs,012-physical-certification-production,move,complete,workspaces/worth-store/crates/worth-store-physical-certification/src/harness/blob/lowering.rs,Milestone provenance removed and the surface is composed under its permanent certification domain with consumers updated.
workspaces/worth-store/crates/worth-store-physical-certification/src/harness/by_milestone/s7_blob_harness/oracle_observation.rs,012-physical-certification-production,move,complete,workspaces/worth-store/crates/worth-store-physical-certification/src/harness/blob/oracle_observation.rs,Milestone provenance removed and the surface is composed under its permanent certification domain with consumers updated.
workspaces/worth-store/crates/worth-store-physical-certification/src/harness/by_milestone/s7_blob_harness/profile.rs,012-physical-certification-production,move,complete,workspaces/worth-store/crates/worth-store-physical-certification/src/harness/blob/profile.rs,Milestone provenance removed and the surface is composed under its permanent certification domain with consumers updated.
workspaces/worth-store/crates/worth-store-physical-certification/src/harness/by_milestone/s7_blob_harness/replay.rs,012-physical-certification-production,move,complete,workspaces/worth-store/crates/worth-store-physical-certification/src/harness/blob/replay.rs,Milestone provenance removed and the surface is composed under its permanent certification domain with consumers updated.
workspaces/worth-store/crates/worth-store-physical-certification/src/harness/by_milestone/s7_blob_harness/resume_recovery.rs,012-physical-certification-production,move,complete,workspaces/worth-store/crates/worth-store-physical-certification/src/harness/blob/resume_recovery.rs,Milestone provenance removed and the surface is composed under its permanent certification domain with consumers updated.
workspaces/worth-store/crates/worth-store-physical-certification/src/harness/by_milestone/s7_blob_harness/scenario_seed.rs,012-physical-certification-production,move,complete,workspaces/worth-store/crates/worth-store-physical-certification/src/harness/blob/scenario_seed.rs,Milestone provenance removed and the surface is composed under its permanent certification domain with consumers updated.
workspaces/worth-store/crates/worth-store-physical-certification/src/harness/by_milestone/s7_blob_harness/shortcut_denial.rs,012-physical-certification-production,move,complete,workspaces/worth-store/crates/worth-store-physical-certification/src/harness/blob/shortcut_denial.rs,Milestone provenance removed and the surface is composed under its permanent certification domain with consumers updated.
workspaces/worth-store/crates/worth-store-physical-certification/src/harness/by_milestone/s7_blob_harness/tests.rs,012-physical-certification-production,move,complete,workspaces/worth-store/crates/worth-store-physical-certification/src/harness/blob/tests.rs,Milestone provenance removed and the surface is composed under its permanent certification domain with consumers updated.
workspaces/worth-store/crates/worth-store-physical-certification/src/oracles/s5_physical_isolation.rs,012-physical-certification-production,move,complete,workspaces/worth-store/crates/worth-store-physical-certification/src/oracles/physical_isolation/physical_isolation.rs,Milestone provenance removed and the surface is composed under its permanent certification domain with consumers updated.
workspaces/worth-store/crates/worth-store-physical-certification/src/oracles/s5_readiness.rs,012-physical-certification-production,move,complete,workspaces/worth-store/crates/worth-store-physical-certification/src/oracles/physical_isolation/readiness.rs,Milestone provenance removed and the surface is composed under its permanent certification domain with consumers updated.
workspaces/worth-store/crates/worth-store-physical-certification/src/planning/requirements/s5_interleaving_families.rs,012-physical-certification-production,move,complete,workspaces/worth-store/crates/worth-store-physical-certification/src/planning/requirements/physical_isolation/interleaving_families.rs,Milestone provenance removed and the surface is composed under its permanent certification domain with consumers updated.
workspaces/worth-store/crates/worth-store-physical-certification/src/planning/requirements/s5_readiness.rs,012-physical-certification-production,move,complete,workspaces/worth-store/crates/worth-store-physical-certification/src/planning/requirements/physical_isolation/readiness.rs,Milestone provenance removed and the surface is composed under its permanent certification domain with consumers updated.
workspaces/worth-store/crates/worth-store-physical-certification/src/planning/requirements/s6_io_pressure.rs,012-physical-certification-production,move,complete,workspaces/worth-store/crates/worth-store-physical-certification/src/planning/requirements/io_pressure.rs,Milestone provenance removed and the surface is composed under its permanent certification domain with consumers updated.
workspaces/worth-store/crates/worth-store-physical-certification/src/planning/requirements/s7_blob_harness.rs,012-physical-certification-production,move,complete,workspaces/worth-store/crates/worth-store-physical-certification/src/planning/requirements/blob_harness.rs,Milestone provenance removed and the surface is composed under its permanent certification domain with consumers updated.
workspaces/worth-store/crates/worth-store-physical-certification/src/s45_entry/admission.rs,012-physical-certification-production,move,complete,workspaces/worth-store/crates/worth-store-physical-certification/src/simulation_admission/admission.rs,Milestone provenance removed and the surface is composed under its permanent certification domain with consumers updated.
workspaces/worth-store/crates/worth-store-physical-certification/src/s45_entry/denial.rs,012-physical-certification-production,move,complete,workspaces/worth-store/crates/worth-store-physical-certification/src/simulation_admission/denial.rs,Milestone provenance removed and the surface is composed under its permanent certification domain with consumers updated.
workspaces/worth-store/crates/worth-store-physical-certification/src/s45_entry/entry.rs,012-physical-certification-production,move,complete,workspaces/worth-store/crates/worth-store-physical-certification/src/simulation_admission/entry.rs,Milestone provenance removed and the surface is composed under its permanent certification domain with consumers updated.
workspaces/worth-store/crates/worth-store-physical-certification/src/s45_entry/inventory.rs,012-physical-certification-production,move,complete,workspaces/worth-store/crates/worth-store-physical-certification/src/simulation_admission/inventory.rs,Milestone provenance removed and the surface is composed under its permanent certification domain with consumers updated.
workspaces/worth-store/crates/worth-store-physical-certification/src/s45_entry/mod.rs,012-physical-certification-production,move,complete,workspaces/worth-store/crates/worth-store-physical-certification/src/simulation_admission/mod.rs,Milestone provenance removed and the surface is composed under its permanent certification domain with consumers updated.
workspaces/worth-store/crates/worth-store-physical-certification/src/s45_entry/non_claims.rs,012-physical-certification-production,move,complete,workspaces/worth-store/crates/worth-store-physical-certification/src/simulation_admission/non_claims.rs,Milestone provenance removed and the surface is composed under its permanent certification domain with consumers updated.
workspaces/worth-store/crates/worth-store-physical-certification/src/s45_entry/proof_progression.rs,012-physical-certification-production,move,complete,workspaces/worth-store/crates/worth-store-physical-certification/src/simulation_admission/proof_progression.rs,Milestone provenance removed and the surface is composed under its permanent certification domain with consumers updated.
workspaces/worth-store/crates/worth-store-physical-certification/src/s45_entry/request.rs,012-physical-certification-production,move,complete,workspaces/worth-store/crates/worth-store-physical-certification/src/simulation_admission/request.rs,Milestone provenance removed and the surface is composed under its permanent certification domain with consumers updated.
workspaces/worth-store/crates/worth-store-physical-certification/src/s45_entry/requirement_set.rs,012-physical-certification-production,move,complete,workspaces/worth-store/crates/worth-store-physical-certification/src/simulation_admission/requirement_set.rs,Milestone provenance removed and the surface is composed under its permanent certification domain with consumers updated.
workspaces/worth-store/crates/worth-store-physical-certification/src/s5_1_security_scope_harness/counters.rs,012-physical-certification-production,move,complete,workspaces/worth-store/crates/worth-store-physical-certification/src/security_scope_harness/counters.rs,Milestone provenance removed and the surface is composed under its permanent certification domain with consumers updated.
workspaces/worth-store/crates/worth-store-physical-certification/src/s5_1_security_scope_harness/evidence.rs,012-physical-certification-production,move,complete,workspaces/worth-store/crates/worth-store-physical-certification/src/security_scope_harness/evidence.rs,Milestone provenance removed and the surface is composed under its permanent certification domain with consumers updated.
workspaces/worth-store/crates/worth-store-physical-certification/src/s5_1_security_scope_harness/mod.rs,012-physical-certification-production,move,complete,workspaces/worth-store/crates/worth-store-physical-certification/src/security_scope_harness/mod.rs,Milestone provenance removed and the surface is composed under its permanent certification domain with consumers updated.
workspaces/worth-store/crates/worth-store-physical-certification/src/s5_1_security_scope_harness/oracle.rs,012-physical-certification-production,move,complete,workspaces/worth-store/crates/worth-store-physical-certification/src/security_scope_harness/oracle.rs,Milestone provenance removed and the surface is composed under its permanent certification domain with consumers updated.
workspaces/worth-store/crates/worth-store-physical-certification/src/s5_1_security_scope_harness/physical_replay.rs,012-physical-certification-production,move,complete,workspaces/worth-store/crates/worth-store-physical-certification/src/security_scope_harness/physical_replay.rs,Milestone provenance removed and the surface is composed under its permanent certification domain with consumers updated.
workspaces/worth-store/crates/worth-store-physical-certification/src/s5_1_security_scope_harness/replay.rs,012-physical-certification-production,move,complete,workspaces/worth-store/crates/worth-store-physical-certification/src/security_scope_harness/replay.rs,Milestone provenance removed and the surface is composed under its permanent certification domain with consumers updated.
workspaces/worth-store/crates/worth-store-physical-certification/src/s5_1_security_scope_harness/scenario.rs,012-physical-certification-production,move,complete,workspaces/worth-store/crates/worth-store-physical-certification/src/security_scope_harness/scenario.rs,Milestone provenance removed and the surface is composed under its permanent certification domain with consumers updated.
workspaces/worth-store/crates/worth-store-physical-certification/src/s5_1_security_scope_harness/schedule.rs,012-physical-certification-production,move,complete,workspaces/worth-store/crates/worth-store-physical-certification/src/security_scope_harness/schedule.rs,Milestone provenance removed and the surface is composed under its permanent certification domain with consumers updated.
workspaces/worth-store/crates/worth-store-physical-certification/src/s5_executed_isolation_contract.rs,012-physical-certification-production,move,complete,workspaces/worth-store/crates/worth-store-physical-certification/src/physical_isolation_handoff/observations/executed_isolation_contract.rs,Milestone provenance removed and the surface is composed under its permanent certification domain with consumers updated.
workspaces/worth-store/crates/worth-store-physical-certification/src/s5_executed_isolation_source.rs,012-physical-certification-production,move,complete,workspaces/worth-store/crates/worth-store-physical-certification/src/physical_isolation_handoff/observations/executed_isolation_source.rs,Milestone provenance removed and the surface is composed under its permanent certification domain with consumers updated.
workspaces/worth-store/crates/worth-store-physical-certification/src/s5_handoff/admission.rs,012-physical-certification-production,move,complete,workspaces/worth-store/crates/worth-store-physical-certification/src/physical_isolation_handoff/readiness/admission.rs,Milestone provenance removed and the surface is composed under its permanent certification domain with consumers updated.
workspaces/worth-store/crates/worth-store-physical-certification/src/s5_handoff/capability.rs,012-physical-certification-production,move,complete,workspaces/worth-store/crates/worth-store-physical-certification/src/physical_isolation_handoff/readiness/capability.rs,Milestone provenance removed and the surface is composed under its permanent certification domain with consumers updated.
workspaces/worth-store/crates/worth-store-physical-certification/src/s5_handoff/lane_registration.rs,012-physical-certification-production,move,complete,workspaces/worth-store/crates/worth-store-physical-certification/src/physical_isolation_handoff/readiness/lane_registration.rs,Milestone provenance removed and the surface is composed under its permanent certification domain with consumers updated.
workspaces/worth-store/crates/worth-store-physical-certification/src/s5_handoff/mod.rs,012-physical-certification-production,move,complete,workspaces/worth-store/crates/worth-store-physical-certification/src/physical_isolation_handoff/readiness/mod.rs,Milestone provenance removed and the surface is composed under its permanent certification domain with consumers updated.
workspaces/worth-store/crates/worth-store-physical-certification/src/s5_handoff/readiness_sets.rs,012-physical-certification-production,move,complete,workspaces/worth-store/crates/worth-store-physical-certification/src/physical_isolation_handoff/readiness/readiness_sets.rs,Milestone provenance removed and the surface is composed under its permanent certification domain with consumers updated.
workspaces/worth-store/crates/worth-store-physical-certification/src/s5_handoff/receipt.rs,012-physical-certification-production,move,complete,workspaces/worth-store/crates/worth-store-physical-certification/src/physical_isolation_handoff/readiness/receipt.rs,Milestone provenance removed and the surface is composed under its permanent certification domain with consumers updated.
workspaces/worth-store/crates/worth-store-physical-certification/src/s5_physical_isolation_mutation.rs,012-physical-certification-production,move,complete,workspaces/worth-store/crates/worth-store-physical-certification/src/physical_isolation_handoff/mutation.rs,Milestone provenance removed and the surface is composed under its permanent certification domain with consumers updated.
workspaces/worth-store/crates/worth-store-physical-certification/src/s7_closeout/materialization.rs,012-physical-certification-production,move,complete,workspaces/worth-store/crates/worth-store-certification/src/courtroom/blobs/closeout/materialization.rs,Milestone provenance removed and the surface is composed under its permanent certification domain with consumers updated.
workspaces/worth-store/crates/worth-store-physical-certification/src/s7_closeout/proof.rs,012-physical-certification-production,move,complete,workspaces/worth-store/crates/worth-store-certification/src/courtroom/blobs/closeout/proof.rs,Milestone provenance removed and the surface is composed under its permanent certification domain with consumers updated.
workspaces/worth-store/crates/worth-store-physical-certification/src/s7_closeout/sources.rs,012-physical-certification-production,move,complete,workspaces/worth-store/crates/worth-store-certification/src/courtroom/blobs/closeout/sources.rs,Milestone provenance removed and the surface is composed under its permanent certification domain with consumers updated.
workspaces/worth-store/crates/worth-store-physical-certification/tests/s6_backend_qualification_public_boundary_compile_fail.rs,012-physical-certification-production,move,complete,workspaces/worth-store/crates/worth-store-physical-certification/tests/backend_qualification_public_boundary_compile_fail.rs,The hostile runner now names the permanent backend qualification boundary.
workspaces/worth-store/crates/worth-store-physical-certification/tests/s7_blob_harness_public_boundary_compile_fail.rs,012-physical-certification-production,move,complete,workspaces/worth-store/crates/worth-store-physical-certification/tests/blob_harness_public_boundary_compile_fail.rs,The hostile runner now names the permanent blob harness boundary.
workspaces/worth-store/crates/worth-store-physical-certification/tests/ui/s6_backend_qualification_public_boundary/copied_row_cannot_publish.rs,012-physical-certification-production,move,complete,workspaces/worth-store/crates/worth-store-physical-certification/tests/ui/qualification/backend_public_boundary/copied_row_cannot_publish.rs,The fixture remains executable under permanent backend qualification ownership.
workspaces/worth-store/crates/worth-store-physical-certification/tests/ui/s6_backend_qualification_public_boundary/proof_authority_constructor_is_private.rs,012-physical-certification-production,move,complete,workspaces/worth-store/crates/worth-store-physical-certification/tests/ui/qualification/backend_public_boundary/proof_authority_constructor_is_private.rs,The fixture remains executable under permanent backend qualification ownership.
workspaces/worth-store/crates/worth-store-physical-certification/tests/ui/s6_backend_qualification_public_boundary/proof_authority_factory_is_private.rs,012-physical-certification-production,move,complete,workspaces/worth-store/crates/worth-store-physical-certification/tests/ui/qualification/backend_public_boundary/proof_authority_factory_is_private.rs,The fixture remains executable under permanent backend qualification ownership.
workspaces/worth-store/crates/worth-store-physical-certification/tests/ui/s6_backend_qualification_public_boundary/row_proof_constructor_is_private.rs,012-physical-certification-production,move,complete,workspaces/worth-store/crates/worth-store-physical-certification/tests/ui/qualification/backend_public_boundary/row_proof_constructor_is_private.rs,The fixture remains executable under permanent backend qualification ownership.
workspaces/worth-store/crates/worth-store-physical-certification/tests/ui/s7_blob_harness_public_boundary/blob_harness_envelope_raw_constructor_is_private.rs,012-physical-certification-production,move,complete,workspaces/worth-store/crates/worth-store-physical-certification/tests/ui/blob_harness/public_boundary/blob_harness_envelope_raw_constructor_is_private.rs,The fixture remains executable under permanent blob harness ownership.
workspaces/worth-store/crates/worth-store-physical-certification/tests/ui/s7_blob_harness_public_boundary/blob_harness_executed_witness_fields_are_private.rs,012-physical-certification-production,move,complete,workspaces/worth-store/crates/worth-store-physical-certification/tests/ui/blob_harness/public_boundary/blob_harness_executed_witness_fields_are_private.rs,The fixture remains executable under permanent blob harness ownership.
workspaces/worth-store/crates/worth-store-physical-certification/tests/ui/s7_blob_harness_public_boundary/blob_harness_execution_authority_is_not_public.rs,012-physical-certification-production,move,complete,workspaces/worth-store/crates/worth-store-physical-certification/tests/ui/blob_harness/public_boundary/blob_harness_execution_authority_is_not_public.rs,The fixture remains executable under permanent blob harness ownership.
workspaces/worth-store/crates/worth-store-physical-certification/tests/ui/s7_blob_harness_public_boundary/blob_harness_replay_helpers_are_not_public.rs,012-physical-certification-production,move,complete,workspaces/worth-store/crates/worth-store-physical-certification/tests/ui/blob_harness/public_boundary/blob_harness_replay_helpers_are_not_public.rs,The fixture remains executable under permanent blob harness ownership.
workspaces/worth-store/crates/worth-store-blob-chunks/src/compaction/verification/s6_pacing.rs,blob-boundary-cutover,move,complete,workspaces/worth-store/crates/worth-store-blob-chunks/src/compaction/verification/pacing_admission.rs,Compaction now names the permanent scheduler pacing admission boundary and no longer encodes an S.6 phase.
workspaces/worth-store/crates/worth-store-blob-chunks/src/layout_access/behavior.rs,blob-boundary-cutover,move,complete,workspaces/worth-store/crates/worth-store-blob-chunks/src/layout_projection/behavior.rs,Blob layout behavior is explicitly a lower-authority projection.
workspaces/worth-store/crates/worth-store-blob-chunks/src/layout_access/blob_object_family.rs,blob-boundary-cutover,move,complete,workspaces/worth-store/crates/worth-store-blob-chunks/src/layout_projection/blob_object.rs,Blob object projection lives in the permanent layout projection domain.
workspaces/worth-store/crates/worth-store-blob-chunks/src/layout_access/chunk_tree_family.rs,blob-boundary-cutover,move,complete,workspaces/worth-store/crates/worth-store-blob-chunks/src/layout_projection/chunk_tree.rs,Chunk tree projection lives in the permanent layout projection domain.
workspaces/worth-store/crates/worth-store-blob-chunks/src/layout_access/compaction_family.rs,blob-boundary-cutover,move,complete,workspaces/worth-store/crates/worth-store-blob-chunks/src/layout_projection/compaction.rs,Compaction observations are named and housed as projections rather than authority.
workspaces/worth-store/crates/worth-store-blob-chunks/src/layout_access/dedupe_family.rs,blob-boundary-cutover,move,complete,workspaces/worth-store/crates/worth-store-blob-chunks/src/layout_projection/dedupe.rs,Dedupe observations are named and housed as projections rather than authority.
workspaces/worth-store/crates/worth-store-blob-chunks/src/layout_access/denial.rs,blob-boundary-cutover,move,complete,workspaces/worth-store/crates/worth-store-blob-chunks/src/layout_projection/denial.rs,Projection eligibility denials remain beside the projection boundary.
workspaces/worth-store/crates/worth-store-blob-chunks/src/layout_access/evidence.rs,blob-boundary-cutover,move,complete,workspaces/worth-store/crates/worth-store-blob-chunks/src/layout_projection/counters.rs,Owner counters are exposed only as read-only projection evidence.
workspaces/worth-store/crates/worth-store-blob-chunks/src/layout_access/mod.rs,blob-boundary-cutover,move,complete,workspaces/worth-store/crates/worth-store-blob-chunks/src/layout_projection/mod.rs,The facade explicitly teaches projection posture.
workspaces/worth-store/crates/worth-store-blob-chunks/src/layout_access/quarantine_family.rs,blob-boundary-cutover,move,complete,workspaces/worth-store/crates/worth-store-blob-chunks/src/layout_projection/quarantine.rs,Quarantine observations live in the permanent projection domain.
workspaces/worth-store/crates/worth-store-blob-chunks/src/layout_access/reachability_family.rs,blob-boundary-cutover,move,complete,workspaces/worth-store/crates/worth-store-blob-chunks/src/layout_projection/reachability.rs,Reachability observations live in the permanent projection domain.
workspaces/worth-store/crates/worth-store-blob-chunks/src/layout_access/reclaim_family.rs,blob-boundary-cutover,move,complete,workspaces/worth-store/crates/worth-store-blob-chunks/src/layout_projection/reclaim.rs,Reclaim observations live in the permanent projection domain.
workspaces/worth-store/crates/worth-store-blob-chunks/src/layout_access/retention_family.rs,blob-boundary-cutover,move,complete,workspaces/worth-store/crates/worth-store-blob-chunks/src/layout_projection/retention.rs,Retention observations live in the permanent projection domain.
workspaces/worth-store/crates/worth-store-blob-chunks/src/layout_access/streaming_family.rs,blob-boundary-cutover,move,complete,workspaces/worth-store/crates/worth-store-blob-chunks/src/layout_projection/streaming.rs,Streaming observations live in the permanent projection domain.
workspaces/worth-store/crates/worth-store-blob-chunks/src/layout_access/tests.rs,blob-boundary-cutover,move,complete,workspaces/worth-store/crates/worth-store-blob-chunks/src/layout_projection/tests.rs,Projection tests remain beside the projection boundary.
workspaces/worth-store/crates/worth-store-blob-chunks/src/placement/admission/verification/s6_readiness_readmitted.rs,blob-boundary-cutover,delete,complete,,The undeclared file referenced removed scheduler APIs and denial variants; live placement admission already consumes TierPlacementIoAdmission and verifies its basis directly.
workspaces/worth-store/crates/worth-store-blob-chunks/src/retention_reclaim/verification/s6_scope_match.rs,blob-boundary-cutover,move,complete,workspaces/worth-store/crates/worth-store-blob-chunks/src/retention_reclaim/verification/security_scope.rs,Reclaim policy evidence is checked against released-edge security scope without milestone vocabulary.
workspaces/worth-store/crates/worth-store-recovery-physics/src/layout_access/bounded_wal_tail_family.rs,recovery-production-cutover,move,complete,workspaces/worth-store/crates/worth-store-recovery-physics/src/layout_projection/bounded_wal_tail.rs,Bounded WAL-tail lookup is a projection over an admitted replay index with no phase-rule authority.
workspaces/worth-store/crates/worth-store-recovery-physics/src/layout_access/checkpoint_cutover_family.rs,recovery-production-cutover,move,complete,workspaces/worth-store/crates/worth-store-recovery-physics/src/layout_projection/checkpoint_cutover.rs,Checkpoint cutover facts are explicitly lower-authority layout projections.
workspaces/worth-store/crates/worth-store-recovery-physics/src/layout_access/crash_boundary_family.rs,recovery-production-cutover,move,complete,workspaces/worth-store/crates/worth-store-recovery-physics/src/layout_projection/crash_boundary.rs,Crash-boundary facts project owner-classified recovery evidence.
workspaces/worth-store/crates/worth-store-recovery-physics/src/layout_access/recovery_source_family.rs,recovery-production-cutover,move,complete,workspaces/worth-store/crates/worth-store-recovery-physics/src/layout_projection/recovery_source.rs,Recovery source observations live under the permanent projection boundary.
workspaces/worth-store/crates/worth-store-recovery-physics/src/layout_access/replay_index_family.rs,recovery-production-cutover,move,complete,workspaces/worth-store/crates/worth-store-recovery-physics/src/layout_projection/replay_index.rs,Replay-index observations live under the permanent projection boundary.
workspaces/worth-store/crates/worth-store-recovery-physics/src/offline_verifier/decoded_s4_recovery_record_set.rs,recovery-production-cutover,move,complete,workspaces/worth-store/crates/worth-store-recovery-physics/src/offline_verifier/decoded_recovery_record_set.rs,Decoded recovery grammar and identifiers no longer encode a milestone.
workspaces/worth-store/crates/worth-store-recovery-physics/src/offline_verifier/s4_physical_record_grammar.rs,recovery-production-cutover,move,complete,workspaces/worth-store/crates/worth-store-recovery-physics/src/offline_verifier/physical_record_grammar.rs,Persisted physical record grammar and variants now use permanent recovery vocabulary.
workspaces/worth-store/crates/worth-store-recovery-physics/src/offline_verifier/s4_recovered_state_projection.rs,recovery-production-cutover,move,complete,workspaces/worth-store/crates/worth-store-recovery-physics/src/offline_verifier/recovered_state_projection.rs,Recovered-state projection uses permanent recovery vocabulary.
workspaces/worth-store/crates/worth-store-recovery-physics/src/offline_verifier/s4_recovery_counter_projection.rs,recovery-production-cutover,move,complete,workspaces/worth-store/crates/worth-store-recovery-physics/src/offline_verifier/counter_projection.rs,Recovery counter projection uses permanent recovery vocabulary.
workspaces/worth-store/crates/worth-store-recovery-physics/src/offline_verifier/s4_verifier_conclusion.rs,recovery-production-cutover,move,complete,workspaces/worth-store/crates/worth-store-recovery-physics/src/offline_verifier/conclusion.rs,Verifier conclusions use permanent recovery vocabulary.
workspaces/worth-store/crates/worth-store-recovery-physics/src/s4_closeout/crash_seam/fresh_runtime_evidence.rs,recovery-production-cutover,move,complete,workspaces/worth-store/crates/worth-store-physical-certification/src/scenario/recovery/crash_seam/fresh_runtime_evidence.rs,Previously realized harness runtime evidence is recorded at its physical-certification owner.
workspaces/worth-store/crates/worth-store-recovery-physics/src/s4_closeout/crash_seam/seam_identity.rs,recovery-production-cutover,move,complete,workspaces/worth-store/crates/worth-store-physical-certification/src/scenario/recovery/crash_seam/identity.rs,Previously realized crash-scenario identity is recorded at its physical-certification owner.
workspaces/worth-store/crates/worth-store-recovery-physics/src/s4_integrity_handoff_admission.rs,recovery-production-cutover,move,complete,workspaces/worth-store/crates/worth-store-recovery-physics/src/integrity_handoff/admission.rs,Previously realized integrity admission is recorded under its permanent domain.
workspaces/worth-store/crates/worth-store-recovery-physics/src/s4_integrity_handoff_denial.rs,recovery-production-cutover,move,complete,workspaces/worth-store/crates/worth-store-recovery-physics/src/integrity_handoff/denial.rs,Previously realized integrity denial is recorded under its permanent domain.
workspaces/worth-store/crates/worth-store-recovery-physics/src/s4_integrity_handoff_payload/declaration.rs,recovery-production-cutover,move,complete,workspaces/worth-store/crates/worth-store-recovery-physics/src/integrity_handoff/declaration.rs,Previously realized integrity declaration is recorded under its permanent domain.
workspaces/worth-store/crates/worth-store-recovery-physics/src/s4_integrity_handoff_payload/envelope_evidence.rs,recovery-production-cutover,move,complete,workspaces/worth-store/crates/worth-store-recovery-physics/src/integrity_handoff/inspection_envelope.rs,Previously realized bounded inspection evidence is recorded under its permanent domain.
workspaces/worth-store/crates/worth-store-recovery-physics/src/s4_integrity_handoff_payload/payload.rs,recovery-production-cutover,move,complete,workspaces/worth-store/crates/worth-store-recovery-physics/src/integrity_handoff/payload.rs,Previously realized integrity payload is recorded under its permanent domain.
workspaces/worth-store/crates/worth-store-recovery-physics/src/s4_recovery_physics_integrity_readiness.rs,recovery-production-cutover,move,complete,workspaces/worth-store/crates/worth-store-recovery-physics/src/integrity_handoff/admitted_input.rs,The opaque capability is now AdmittedRecoveryIntegrityInput and no longer encodes S.4 or a future milestone.
workspaces/worth-store/crates/worth-store-recovery-physics/src/s5_publication_recovery.rs,recovery-production-cutover,move,complete,workspaces/worth-store/crates/worth-store-recovery-physics/src/publication/recovery_replay.rs,Publication recovery replay and its sealed receipt now use operation vocabulary rather than S.5 labels.
workspaces/worth-store/crates/worth-store-recovery-physics/tests/phase22_fixture.rs,recovery-production-cutover,move,complete,workspaces/worth-store/crates/worth-store-recovery-physics/tests/support/layout/btree/fixture.rs,Shared B-tree recovery fixture is imported once by the permanent layout scenario runner.
workspaces/worth-store/crates/worth-store-recovery-physics/tests/s8_phase21_checkpoint_cutover_layout.rs,recovery-production-cutover,move,complete,workspaces/worth-store/crates/worth-store-recovery-physics/tests/scenarios/layout/strategy_admission/checkpoint_cutover_layout.rs,Checkpoint strategy-admission scenario remains Cargo-discovered through layout_scenarios.rs.
workspaces/worth-store/crates/worth-store-recovery-physics/tests/s8_phase22_crash_boundary_layout.rs,recovery-production-cutover,move,complete,workspaces/worth-store/crates/worth-store-recovery-physics/tests/scenarios/layout/btree/crash_boundary_layout.rs,Crash-boundary B-tree scenario remains Cargo-discovered through layout_scenarios.rs.
workspaces/worth-store/crates/worth-store-recovery-physics/tests/s8_phase22_readmission_layout.rs,recovery-production-cutover,move,complete,workspaces/worth-store/crates/worth-store-recovery-physics/tests/scenarios/layout/btree/readmission_layout.rs,Readmission B-tree scenario remains Cargo-discovered through layout_scenarios.rs.
workspaces/worth-store/crates/worth-store-recovery-physics/tests/s8_phase22_replay_layout.rs,recovery-production-cutover,move,complete,workspaces/worth-store/crates/worth-store-recovery-physics/tests/scenarios/layout/btree/replay_layout.rs,Replay B-tree scenario remains Cargo-discovered through layout_scenarios.rs.
workspaces/worth-store/crates/worth-store-recovery-physics/src/s4_closeout/boundedness.rs,recovery-courtroom-audit,delete,complete,,The entire s4_closeout tree was undeclared and uncompiled; active boundedness courtroom policy already belongs to worth-store-certification.
workspaces/worth-store/crates/worth-store-recovery-physics/src/s4_closeout/certification_bundle.rs,recovery-courtroom-audit,delete,complete,,Dead parallel certification bundle removed rather than resurrected beside the active certification courtroom.
workspaces/worth-store/crates/worth-store-recovery-physics/src/s4_closeout/closeout_evidence.rs,recovery-courtroom-audit,delete,complete,,Dead parallel closeout evidence assembler removed; production recovery retains owner evidence and certification owns adoption.
workspaces/worth-store/crates/worth-store-recovery-physics/src/s4_closeout/closeout_report.rs,recovery-courtroom-audit,delete,complete,,Dead parallel verdict report removed rather than moved into the active courtroom.
workspaces/worth-store/crates/worth-store-recovery-physics/src/s4_closeout/crash_seam/fault_scheduler_evidence.rs,recovery-courtroom-audit,delete,complete,workspaces/worth-store/crates/worth-store-physical-certification/src/scenario/recovery/crash_seam/fault_scheduler_evidence.rs,Undeclared duplicate removed; the live fault-scheduler evidence is already owned by physical certification.
workspaces/worth-store/crates/worth-store-recovery-physics/src/s4_closeout/crash_seam/harness_transcript.rs,recovery-courtroom-audit,delete,complete,workspaces/worth-store/crates/worth-store-physical-certification/src/scenario/recovery/crash_seam/transcript.rs,Undeclared duplicate removed; the live transcript is already owned by physical certification.
workspaces/worth-store/crates/worth-store-recovery-physics/src/s4_closeout/crash_seam/mod.rs,recovery-courtroom-audit,delete,complete,workspaces/worth-store/crates/worth-store-physical-certification/src/scenario/recovery/crash_seam/mod.rs,Undeclared duplicate aggregation removed; the live scenario aggregation already exists.
workspaces/worth-store/crates/worth-store-recovery-physics/src/s4_closeout/crash_seam/recovery_observation.rs,recovery-courtroom-audit,delete,complete,workspaces/worth-store/crates/worth-store-physical-certification/src/scenario/recovery/crash_seam/recovery_observation.rs,Undeclared duplicate observation removed; the live scenario observation already exists.
workspaces/worth-store/crates/worth-store-recovery-physics/src/s4_closeout/suite.rs,recovery-courtroom-audit,delete,complete,,Dead parallel closeout suite removed; certification remains the sole suite-policy owner.
workspaces/worth-store/crates/worth-store-recovery-physics/src/s4_closeout/suite_lane.rs,recovery-courtroom-audit,delete,complete,,Dead milestone lane catalog removed rather than promoted into production or certification authority.
workspaces/worth-store/crates/worth-store-recovery-physics/src/s4_closeout/synthetic_shortcut_rejection.rs,recovery-courtroom-audit,delete,complete,,Dead synthetic-shortcut verdict machinery removed; active hostile checks remain in certification tests and courtroom code.
workspaces/worth-store/crates/worth-store-blob-chunks/src/s8_runtime_receipt.rs,layout-runtime-authority-cutover,delete,complete,,One successful heavy-blob fixture could relabel itself as ten unrelated outcomes; the synthetic adapter was removed and real blob scenarios remain a visible completeness gap.
workspaces/worth-store/crates/worth-store-recovery-physics/src/s8_runtime_receipt.rs,layout-runtime-authority-cutover,delete,complete,,Fresh recovery execution could relabel itself as corruption denial rebuild rollback and readmission; the synthetic adapter was removed.
workspaces/worth-store/crates/worth-store-io-scheduler/src/s8_runtime_receipt.rs,layout-runtime-authority-cutover,delete,complete,,One executed queue plan could relabel itself as ten unrelated outcomes; the synthetic adapter was removed.
workspaces/worth-store/crates/worth-store-operations/src/s8_runtime_receipt.rs,layout-runtime-authority-cutover,delete,complete,,One backup emission could relabel itself as ten unrelated outcomes; the synthetic adapter was removed.
workspaces/worth-store/crates/worth-store-contracts/src/s8_runtime_lifecycle.rs,layout-runtime-authority-cutover,delete,complete,,The public arbitrary owner-fact constructor was synthetic authority; permanent runtime obligations now live in physical certification and accept only sealed owner receipts.
workspaces/worth-store/crates/worth-store-certification/src/s8_runtime_matrix.rs,layout-runtime-authority-cutover,move,complete,workspaces/worth-store/crates/worth-store-certification/src/courtroom/layout/runtime_matrix.rs,Runtime completeness is explicit courtroom policy and now reports missing real scenarios instead of accepting fabricated rows.
workspaces/worth-store/crates/worth-store-test-support/tests/ui/harness_authority/copied_s8_runtime_fact_cannot_satisfy_matrix.rs,layout-runtime-authority-cutover,move,complete,workspaces/worth-store/crates/worth-store-physical-certification/tests/compile_fail/layout/runtime_authority/copied_runtime_operation_cannot_satisfy_matrix.rs,Owner-local compile-fail proof shows a copied operation cannot satisfy the matrix without sealed runtime evidence.
workspaces/worth-store/crates/worth-store-test-support/tests/ui/harness_authority/s8_layout_runtime_receipt_is_not_public.rs,layout-runtime-authority-cutover,delete,complete,,The obsolete fixture targeted a removed synthetic receipt; the replacement owner-local proof checks the live sealed-evidence boundary.
workspaces/worth-store/crates/worth-store-blob-chunks/src/harness_execution/certification_test_authority/phase28_operations.rs,blob-courtroom-authority-audit,delete,complete,,The helper required blob-private harness internals to manufacture cross-domain witnesses; it and its sole synthetic consumer were removed rather than widening production APIs.
workspaces/worth-store/crates/worth-store-branch-deltas/src/layout_access/branch_delta_family.rs,projection-duplicate-cleanup,delete,complete,workspaces/worth-store/crates/worth-store-branch-deltas/src/layout_projection/branch_delta.rs,Removed the dead displaced copy; the crate compiles the permanent branch-delta projection.
workspaces/worth-store/crates/worth-store-branch-deltas/src/layout_access/continuation_family.rs,projection-duplicate-cleanup,delete,complete,workspaces/worth-store/crates/worth-store-branch-deltas/src/layout_projection/continuation.rs,Removed the dead displaced copy; the crate compiles the permanent continuation projection.
workspaces/worth-store/crates/worth-store-branch-deltas/src/layout_access/mod.rs,projection-duplicate-cleanup,delete,complete,workspaces/worth-store/crates/worth-store-branch-deltas/src/layout_projection/mod.rs,Removed the dead displaced facade; layout_projection is the sole compiled projection boundary.
workspaces/worth-store/crates/worth-store-branch-deltas/src/layout_access/stable_basis_family.rs,projection-duplicate-cleanup,delete,complete,workspaces/worth-store/crates/worth-store-branch-deltas/src/layout_projection/stable_basis.rs,Removed the dead displaced copy; the crate compiles the permanent stable-basis projection.
workspaces/worth-store/crates/worth-store-branch-deltas/tests/s8_phase23_branch_layout.rs,projection-duplicate-cleanup,move,complete,workspaces/worth-store/crates/worth-store-branch-deltas/tests/scenarios/layout/lsm/branch_layout.rs,Branch layout scenario remains Cargo-discovered through layout_scenarios.rs.
workspaces/worth-store/crates/worth-store-branch-deltas/tests/s8_phase23_continuation_layout.rs,projection-duplicate-cleanup,move,complete,workspaces/worth-store/crates/worth-store-branch-deltas/tests/scenarios/layout/lsm/continuation_layout.rs,Continuation layout scenario remains Cargo-discovered through layout_scenarios.rs.
workspaces/worth-store/crates/worth-store-snapshots/src/layout_access/mod.rs,projection-duplicate-cleanup,delete,complete,workspaces/worth-store/crates/worth-store-snapshots/src/layout_projection/mod.rs,Removed the dead displaced facade; layout_projection is the sole compiled snapshot projection boundary.
workspaces/worth-store/crates/worth-store-snapshots/src/layout_access/snapshot_family.rs,projection-duplicate-cleanup,delete,complete,workspaces/worth-store/crates/worth-store-snapshots/src/layout_projection/snapshot.rs,Removed the dead displaced snapshot projection implementation.
workspaces/worth-store/crates/worth-store-snapshots/tests/s8_phase23_snapshot_layout.rs,projection-duplicate-cleanup,move,complete,workspaces/worth-store/crates/worth-store-snapshots/tests/scenarios/layout/lsm/snapshot_layout.rs,Snapshot layout scenario remains Cargo-discovered through layout_scenarios.rs.
workspaces/worth-store/crates/worth-store-maintenance/src/layout_access/maintenance_queue_family.rs,projection-boundary-cutover,move,complete,workspaces/worth-store/crates/worth-store-maintenance/src/layout_projection/queue.rs,Maintenance queue layout facts now live under an explicitly observational projection boundary.
workspaces/worth-store/crates/worth-store-maintenance/src/layout_access/mod.rs,projection-boundary-cutover,move,complete,workspaces/worth-store/crates/worth-store-maintenance/src/layout_projection/mod.rs,The maintenance projection facade no longer presents itself as an access authority.
workspaces/worth-store/crates/worth-store-maintenance/src/layout_access/tests.rs,projection-boundary-cutover,move,complete,workspaces/worth-store/crates/worth-store-maintenance/src/layout_projection/tests.rs,Owner-local projection tests moved with the maintenance projection boundary.
workspaces/worth-store/crates/worth-store-operations/src/layout_access,projection-boundary-cutover,move,complete,workspaces/worth-store/crates/worth-store-operations/src/layout_projection,Operation layout reports now live under a projection boundary and use permanent operation names.
workspaces/worth-store/crates/worth-store-operations/src/layout_access/phase28_tests.rs,projection-boundary-cutover,move,complete,workspaces/worth-store/crates/worth-store-operations/src/layout_projection/tests.rs,Projection tests and authority labels no longer encode milestone phase vocabulary.
workspaces/worth-store/crates/worth-store-tiering/src/layout_access,projection-boundary-cutover,move,complete,workspaces/worth-store/crates/worth-store-tiering/src/layout_projection,Tiering layout reports now live under an explicitly observational projection boundary.
workspaces/worth-store/crates/worth-store-tiering/src/cold_state/s7_cold_placement_state.rs,permanent-domain-vocabulary,move,complete,workspaces/worth-store/crates/worth-store-tiering/src/cold_state/placement.rs,Cold placement lifecycle state no longer carries milestone naming.
workspaces/worth-store/crates/worth-store-tiering/src/io_readiness/s7_placement_io_readiness.rs,permanent-domain-vocabulary,move,complete,workspaces/worth-store/crates/worth-store-tiering/src/io_readiness/placement.rs,Tier placement IO admission no longer carries milestone naming.
workspaces/worth-store/crates/worth-store-physical-format/src/layout_access/mod.rs,physical-access-authority-cutover,move,complete,workspaces/worth-store/crates/worth-store-physical-format/src/access/mod.rs,Physical access is now organized by real operations instead of layout-family ceremony.
workspaces/worth-store/crates/worth-store-physical-format/src/layout_access/allocation_family.rs,physical-access-authority-cutover,move,complete,workspaces/worth-store/crates/worth-store-physical-format/src/access/allocation.rs,Removed unconditional family admission and exposed allocation inspection directly from the authoritative facade borrow.
workspaces/worth-store/crates/worth-store-physical-format/src/layout_access/counters.rs,physical-access-authority-cutover,move,complete,workspaces/worth-store/crates/worth-store-physical-format/src/access/counters.rs,Physical access counters moved with the operations they measure.
workspaces/worth-store/crates/worth-store-physical-format/src/layout_access/extent_family.rs,physical-access-authority-cutover,move,complete,workspaces/worth-store/crates/worth-store-physical-format/src/access/extent.rs,Removed unconditional family admission while preserving reference and extent-generation validation.
workspaces/worth-store/crates/worth-store-physical-format/src/layout_access/fragmentation_family.rs,physical-access-authority-cutover,move,complete,workspaces/worth-store/crates/worth-store-physical-format/src/access/free_space/fragmentation.rs,Fragmentation pressure now lives beside the free-space state it observes.
workspaces/worth-store/crates/worth-store-physical-format/src/layout_access/frame_family.rs,physical-access-authority-cutover,move,complete,workspaces/worth-store/crates/worth-store-physical-format/src/access/frame.rs,Removed unconditional family admission while preserving framed-record validation.
workspaces/worth-store/crates/worth-store-physical-format/src/layout_access/free_space_family.rs,physical-access-authority-cutover,move,complete,workspaces/worth-store/crates/worth-store-physical-format/src/access/free_space/search.rs,Bounded candidate search now exposes its real policy denial without an empty preceding admission.
workspaces/worth-store/crates/worth-store-physical-format/src/layout_access/grammar.rs,physical-access-authority-cutover,move,complete,workspaces/worth-store/crates/worth-store-physical-format/src/access/grammar.rs,The genuine access-pattern compatibility grammar remains; empty family-specific admission tokens were deleted.
workspaces/worth-store/crates/worth-store-physical-format/src/layout_access/manifest_family.rs,physical-access-authority-cutover,move,complete,workspaces/worth-store/crates/worth-store-physical-format/src/access/manifest/membership.rs,Manifest membership validation now lives under manifest access and retains real discovery authority checks.
workspaces/worth-store/crates/worth-store-physical-format/src/layout_access/page_family.rs,physical-access-authority-cutover,move,complete,workspaces/worth-store/crates/worth-store-physical-format/src/access/page.rs,Removed unconditional family admission while preserving reference header payload and page-slot validation.
workspaces/worth-store/crates/worth-store-physical-format/src/layout_access/record_family.rs,physical-access-authority-cutover,move,complete,workspaces/worth-store/crates/worth-store-physical-format/src/access/reference.rs,Reference-to-generation-cell translation is now a private access helper.
workspaces/worth-store/crates/worth-store-physical-format/src/layout_access/root_discovery_family.rs,physical-access-authority-cutover,move,complete,workspaces/worth-store/crates/worth-store-physical-format/src/access/manifest/root_discovery.rs,Canonical root discovery is localized under manifest access and shared only within the access domain.
workspaces/worth-store/crates/worth-store-physical-format/src/layout_access/segment_family.rs,physical-access-authority-cutover,move,complete,workspaces/worth-store/crates/worth-store-physical-format/src/access/segment.rs,Removed unconditional family admission; segment absence remains the real denial.
workspaces/worth-store/crates/worth-store-physical-format/tests/s8_phase19_layout_families.rs,physical-access-authority-cutover,move,complete,workspaces/worth-store/crates/worth-store-physical-format/tests/physical_record_access.rs,Physical record access tests use permanent vocabulary and exercise direct operation capabilities.
workspaces/worth-store/crates/worth-store-physical-format/tests/s8_phase20_layout_families.rs,physical-access-authority-cutover,move,complete,workspaces/worth-store/crates/worth-store-physical-format/tests/manifest_access.rs,Manifest allocation and free-space tests use permanent vocabulary and remain Cargo-discovered.
workspaces/worth-store/crates/worth-store-operations/src/layout_projection/export.rs,projection-marker-cleanup,delete,complete,,Deleted the unused zero-sized ExportLayoutFamilyHome; the evidence report itself is the complete projection API.
workspaces/worth-store/crates/worth-store-operations/src/layout_projection/import.rs,projection-marker-cleanup,delete,complete,,Deleted the unused zero-sized ImportLayoutFamilyHome; the evidence report itself is the complete projection API.
workspaces/worth-store/crates/worth-store-operations/src/layout_projection/capsule_operation.rs,projection-marker-cleanup,delete,complete,,Deleted the unused zero-sized CapsuleOperationLayoutFamilyHome; the report remains bound to real capsule readiness evidence.
workspaces/worth-store/crates/worth-store-physical-integrity/src/layout_access/quarantine_family.rs,duplicate-projection-cleanup,delete,complete,workspaces/worth-store/crates/worth-store-layout-indexes/src/integrity/quarantine_authority.rs,Deleted the dead uncompiled duplicate; layout-indexes already owns and executes the quarantine authority classification.
workspaces/worth-store/crates/worth-store-physical-backend/src/s6_queue_execution.rs,permanent-queue-execution-boundary,move,complete,workspaces/worth-store/crates/worth-store-physical-backend/src/execution/queue/model.rs,Queue execution model now lives in its permanent backend operation family rather than a milestone module.
workspaces/worth-store/crates/worth-store-physical-backend/src/s6_queue_execution/completion.rs,permanent-queue-execution-boundary,move,complete,workspaces/worth-store/crates/worth-store-physical-backend/src/execution/queue/completion.rs,Completion issuance is a sibling inside the sealed queue owner and receives only queue-family visibility.
workspaces/worth-store/crates/worth-store-physical-backend/src/s6_queue_execution_session.rs,permanent-queue-execution-boundary,move,complete,workspaces/worth-store/crates/worth-store-physical-backend/src/execution/queue/session.rs,Backend execution sessions now live beside model ticket completion and security scope.
workspaces/worth-store/crates/worth-store-physical-backend/src/s6_queue_execution_session/tests.rs,permanent-queue-execution-boundary,move,complete,workspaces/worth-store/crates/worth-store-physical-backend/src/execution/queue/tests.rs,Owner-local queue execution tests moved with the complete operation family.
workspaces/worth-store/crates/worth-store-physical-backend/src/s6_queue_execution_ticket.rs,permanent-queue-execution-boundary,move,complete,workspaces/worth-store/crates/worth-store-physical-backend/src/execution/queue/ticket.rs,Backend-issued queue tickets now live inside the queue execution owner.
workspaces/worth-store/crates/worth-store-physical-backend/src/s6_secure_io.rs,permanent-queue-execution-boundary,move,complete,workspaces/worth-store/crates/worth-store-physical-backend/src/execution/queue/security_scope.rs,Secure IO scope preservation is localized beside the completion it validates and already exposes permanent API vocabulary.
workspaces/worth-store/crates/worth-store-contracts/src/s6_queue_producer.rs,shared-queue-resource-vocabulary,move,complete,workspaces/worth-store/crates/worth-store-contracts/src/resources/queue_producer.rs,Kept cycle-breaking shared vocabulary in the lower contracts crate rather than the CSV's scheduler target; renamed S6QueueProducerKind and S6QueueProducerResourceShape to permanent names across all consumers.
workspaces/worth-store/crates/worth-store-buffer-pool/src/s6_queue_work.rs,producer-operation-topology,move,complete,workspaces/worth-store/crates/worth-store-buffer-pool/src/background_work/queue_execution/declaration.rs,Buffer-pool queue work is now a declaration inside its background-work owner.
workspaces/worth-store/crates/worth-store-wal/src/s6_queue_work.rs,producer-operation-topology,move,complete,workspaces/worth-store/crates/worth-store-wal/src/durability/queue_work.rs,WAL queue work is now a declaration inside its durability owner.
workspaces/worth-store/crates/worth-store-security/src/layout_access/authenticity_family.rs,security-layout-authority-cutover,delete,complete,,Deleted an unused synthetic authenticity layout report and its milestone rule dependency rather than relocating dead production API.
workspaces/worth-store/crates/worth-store-security/src/layout_access/custody_family.rs,security-layout-authority-cutover,delete,complete,,Deleted an unused synthetic custody layout report and its milestone rule dependency rather than relocating dead production API.
workspaces/worth-store/crates/worth-store-security/src/layout_access/key_scope_family.rs,security-layout-authority-cutover,delete,complete,,Deleted an unused synthetic key-scope layout report and its milestone rule dependency rather than relocating dead production API.
workspaces/worth-store/crates/worth-store-security/src/layout_access/repair_blast_radius_family.rs,security-layout-authority-cutover,delete,complete,,Deleted an unused synthetic repair layout report; physical observation readiness remains owned by security repair authority.
workspaces/worth-store/crates/worth-store-security/src/layout_access/tenant_scope_family.rs,security-layout-authority-cutover,delete,complete,,Deleted an unused synthetic tenant-scope layout report and its milestone rule dependency rather than relocating dead production API.
workspaces/worth-store/crates/worth-store-security/src/layout_access/phase27_lookup_rule.rs,security-layout-authority-cutover,delete,complete,,Deleted the entire milestone-only layout-rule constructor family and removed its Cargo feature from consumers.
workspaces/worth-store/crates/worth-store-security/src/layout_access/scope_partition_basis.rs,security-layout-authority-cutover,move,complete,workspaces/worth-store/crates/worth-store-security/src/scope/layout_partition/admission.rs,Retained the real current-scope consistency witness under permanent security ownership and renamed its API to layout-partition vocabulary.
workspaces/worth-store/crates/worth-store-io-scheduler/src/layout_access/foreground_interference_family.rs,scheduler-projection-owner-cutover,delete,complete,workspaces/worth-store/crates/worth-store-layout-indexes/src/catalog/system_families/io_scheduler/foreground_interference.rs,Deleted the compiled displaced copy and activated the existing layout-indexes projection; io-scheduler no longer depends upward on layout-indexes.
workspaces/worth-store/crates/worth-store-io-scheduler/src/layout_access/pacing_family.rs,scheduler-projection-owner-cutover,delete,complete,workspaces/worth-store/crates/worth-store-layout-indexes/src/catalog/system_families/io_scheduler/background_pacing.rs,Deleted the compiled displaced copy and activated the existing layout-indexes projection from real pacing outcomes.
workspaces/worth-store/crates/worth-store-io-scheduler/src/layout_access/scheduler_reservation_family.rs,scheduler-projection-owner-cutover,delete,complete,workspaces/worth-store/crates/worth-store-layout-indexes/src/catalog/system_families/io_scheduler/foreground_reservation.rs,Deleted the compiled displaced copy and activated the existing layout-indexes projection from scheduler-issued receipts.
workspaces/worth-store/crates/worth-store-io-scheduler/src/layout_access/tests.rs,scheduler-projection-owner-cutover,move,complete,workspaces/worth-store/crates/worth-store-layout-indexes/src/catalog/system_families/io_scheduler/tests.rs,Translated projection checks to the actual owner using real scheduler-issued receipts and outcomes; broader courtroom scenarios remain in certification's later topology batch.
workspaces/worth-store/crates/worth-store-physical-isolation/src/security_scope_propagation/s6_secure_io.rs,permanent-security-propagation-vocabulary,move,complete,workspaces/worth-store/crates/worth-store-physical-isolation/src/security_scope_propagation/stable_read_scope.rs,Stable-read secure IO preservation now uses permanent type and function names under its owning propagation domain.
workspaces/worth-store/crates/worth-store-physical-isolation/tests/s8_phase20_placement_layout.rs,permanent-layout-scenario-topology,move,complete,workspaces/worth-store/crates/worth-store-physical-isolation/tests/scenarios/layout/key_domain/placement_layout.rs,Placement denial remains Cargo-discovered through layout_scenarios.rs without milestone naming.
workspaces/worth-store/crates/worth-store-contracts/src/s6_background_pressure.rs,shared-background-resource-vocabulary,move,complete,workspaces/worth-store/crates/worth-store-contracts/src/resources/background_pressure.rs,Kept cycle-breaking multi-producer resource vocabulary in lower contracts rather than the CSV's scheduler target and simplified doubled pressure type names across consumers.
workspaces/worth-store/crates/worth-store-offline-verifier/src/s6_background_pressure.rs,permanent-verifier-scan-topology,move,complete,workspaces/worth-store/crates/worth-store-offline-verifier/src/scan/resource_demand.rs,Offline repair and verification pressure demand now lives under the scan owner with permanent shared resource vocabulary.
workspaces/worth-store/crates/worth-store-wal/tests/s8_phase21_layout_families.rs,permanent-wal-scenario-topology,move,complete,workspaces/worth-store/crates/worth-store-wal/tests/scenarios/layout/strategy_admission/layout_families.rs,WAL layout admission scenarios remain Cargo-discovered through layout_scenarios.rs without milestone naming.
workspaces/worth-store/crates/worth-store-readiness/src/s6_materialized_certification_closeout.rs,scheduling-courtroom-ownership,move,complete,workspaces/worth-store/crates/worth-store-certification/src/courtroom/scheduling/materialized_closeout.rs,Materialized adoption counters proof topology and residual-debt evidence are now authored and exported by certification rather than runtime readiness.
workspaces/worth-store/crates/worth-store-readiness/src/s6_production_readiness_closeout/denial.rs,dead-closeout-cleanup,delete,complete,,Deleted an uncompiled production-closeout implementation whose public API never existed.
workspaces/worth-store/crates/worth-store-readiness/src/s6_production_readiness_closeout/input.rs,dead-closeout-cleanup,delete,complete,,Deleted uncompiled closeout orchestration rather than presenting missing symbols as a sealed runtime boundary.
workspaces/worth-store/crates/worth-store-readiness/src/s6_production_readiness_closeout/proof.rs,dead-closeout-cleanup,delete,complete,,Deleted an uncompiled proof wrapper that could not be reached through the crate module graph.
workspaces/worth-store/crates/worth-store-readiness/src/s6_production_readiness_closeout/receipt.rs,dead-closeout-cleanup,delete,complete,,Deleted an uncompiled closure receipt that was never issued by production or certification.
workspaces/worth-store/crates/worth-store-readiness/src/s6_production_readiness_closeout/residual_debt.rs,dead-closeout-cleanup,delete,complete,,Deleted uncompiled residual-debt policy; live residual-debt evidence remains in the scheduling courtroom.
workspaces/worth-store/crates/worth-store-readiness/src/s5_simulation_harness_denial.rs,010-readiness-production,move,complete,workspaces/worth-store/crates/worth-store-physical-certification/src/coverage/harness_maturity/denial.rs,Harness maturity dependencies and rejection policy now live with the physical certification coverage mechanism that consumes them.
workspaces/worth-store/crates/worth-store-readiness/src/s5_simulation_harness_readiness.rs,010-readiness-production,move,complete,workspaces/worth-store/crates/worth-store-physical-certification/src/coverage/harness_maturity/non_claim.rs,The correctness non-claim is certification coverage vocabulary rather than runtime readiness authority.
workspaces/worth-store/crates/worth-store-aspect-native/src/authoritative_patch.rs,,move,complete,workspaces/worth-store/crates/worth-store-aspect-native/src/authority/authoritative_patch.rs,Realized in the permanent subsystem topology and verified through the owning workspace.
workspaces/worth-store/crates/worth-store-aspect-native/src/authoritative_state.rs,,move,complete,workspaces/worth-store/crates/worth-store-aspect-native/src/authority/authoritative_state.rs,Realized in the permanent subsystem topology and verified through the owning workspace.
workspaces/worth-store/crates/worth-store-aspect-native/src/canonical_basis_construction.rs,,move,complete,workspaces/worth-store/crates/worth-store-aspect-native/src/canonical_basis/canonical_basis_construction.rs,Realized in the permanent subsystem topology and verified through the owning workspace.
workspaces/worth-store/crates/worth-store-aspect-native/src/canonical_basis_denial.rs,,move,complete,workspaces/worth-store/crates/worth-store-aspect-native/src/canonical_basis/canonical_basis_denial.rs,Realized in the permanent subsystem topology and verified through the owning workspace.
workspaces/worth-store/crates/worth-store-aspect-native/src/canonical_basis_domains.rs,,move,complete,workspaces/worth-store/crates/worth-store-aspect-native/src/canonical_basis/canonical_basis_domains.rs,Realized in the permanent subsystem topology and verified through the owning workspace.
workspaces/worth-store/crates/worth-store-aspect-native/src/canonical_basis_entries.rs,,move,complete,workspaces/worth-store/crates/worth-store-aspect-native/src/canonical_basis/canonical_basis_entries.rs,Realized in the permanent subsystem topology and verified through the owning workspace.
workspaces/worth-store/crates/worth-store-aspect-native/src/canonical_basis_sources.rs,,move,complete,workspaces/worth-store/crates/worth-store-aspect-native/src/canonical_basis/canonical_basis_sources.rs,Realized in the permanent subsystem topology and verified through the owning workspace.
workspaces/worth-store/crates/worth-store-aspect-native/src/digest_authority.rs,,move,complete,workspaces/worth-store/crates/worth-store-aspect-native/src/authority/digest_authority.rs,Realized in the permanent subsystem topology and verified through the owning workspace.
workspaces/worth-store/crates/worth-store-aspect-native/src/evidence_receipts.rs,,move,complete,workspaces/worth-store/crates/worth-store-aspect-native/src/receipts/evidence_receipts.rs,Realized in the permanent subsystem topology and verified through the owning workspace.
workspaces/worth-store/crates/worth-store-aspect-native/src/identity_authority.rs,,move,complete,workspaces/worth-store/crates/worth-store-aspect-native/src/authority/identity_authority.rs,Realized in the permanent subsystem topology and verified through the owning workspace.
workspaces/worth-store/crates/worth-store-aspect-native/src/performance_receipts.rs,,move,complete,workspaces/worth-store/crates/worth-store-aspect-native/src/receipts/performance_receipts.rs,Realized in the permanent subsystem topology and verified through the owning workspace.
workspaces/worth-store/crates/worth-store-aspect-native/src/terminal_projection_denial.rs,,move,complete,workspaces/worth-store/crates/worth-store-aspect-native/src/terminal_projection/terminal_projection_denial.rs,Realized in the permanent subsystem topology and verified through the owning workspace.
workspaces/worth-store/crates/worth-store-aspect-native/src/terminal_projection_digest_separation.rs,,move,complete,workspaces/worth-store/crates/worth-store-aspect-native/src/terminal_projection/terminal_projection_digest_separation.rs,Realized in the permanent subsystem topology and verified through the owning workspace.
workspaces/worth-store/crates/worth-store-aspect-native/src/terminal_projection_display.rs,,move,complete,workspaces/worth-store/crates/worth-store-aspect-native/src/terminal_projection/terminal_projection_display.rs,Realized in the permanent subsystem topology and verified through the owning workspace.
workspaces/worth-store/crates/worth-store-buffer-pool/src/allocation_scope.rs,,move,complete,workspaces/worth-store/crates/worth-store-buffer-pool/src/allocation/allocation_scope.rs,Realized in the permanent subsystem topology and verified through the owning workspace.
workspaces/worth-store/crates/worth-store-buffer-pool/src/allocation_scope_tests.rs,,move,complete,workspaces/worth-store/crates/worth-store-buffer-pool/src/allocation/allocation_scope_tests.rs,Realized in the permanent subsystem topology and verified through the owning workspace.
workspaces/worth-store/crates/worth-store-buffer-pool/src/background_envelope_admission.rs,,move,complete,workspaces/worth-store/crates/worth-store-buffer-pool/src/background_work/background_envelope_admission.rs,Realized in the permanent subsystem topology and verified through the owning workspace.
workspaces/worth-store/crates/worth-store-buffer-pool/src/background_envelope_counters.rs,,move,complete,workspaces/worth-store/crates/worth-store-buffer-pool/src/background_work/background_envelope_counters.rs,Realized in the permanent subsystem topology and verified through the owning workspace.
workspaces/worth-store/crates/worth-store-buffer-pool/src/background_envelope_denials.rs,,move,complete,workspaces/worth-store/crates/worth-store-buffer-pool/src/background_work/background_envelope_denials.rs,Realized in the permanent subsystem topology and verified through the owning workspace.
workspaces/worth-store/crates/worth-store-buffer-pool/src/background_envelope_request.rs,,move,complete,workspaces/worth-store/crates/worth-store-buffer-pool/src/background_work/background_envelope_request.rs,Realized in the permanent subsystem topology and verified through the owning workspace.
workspaces/worth-store/crates/worth-store-buffer-pool/src/background_envelope_tests.rs,,move,complete,workspaces/worth-store/crates/worth-store-buffer-pool/src/background_work/background_envelope_tests.rs,Realized in the permanent subsystem topology and verified through the owning workspace.
workspaces/worth-store/crates/worth-store-buffer-pool/src/dirty_counters.rs,,move,complete,workspaces/worth-store/crates/worth-store-buffer-pool/src/dirty_pages/dirty_counters.rs,Realized in the permanent subsystem topology and verified through the owning workspace.
workspaces/worth-store/crates/worth-store-buffer-pool/src/dirty_publication.rs,,move,complete,workspaces/worth-store/crates/worth-store-buffer-pool/src/dirty_pages/dirty_publication.rs,Realized in the permanent subsystem topology and verified through the owning workspace.
workspaces/worth-store/crates/worth-store-buffer-pool/src/dirty_state.rs,,move,complete,workspaces/worth-store/crates/worth-store-buffer-pool/src/dirty_pages/dirty_state.rs,Realized in the permanent subsystem topology and verified through the owning workspace.
workspaces/worth-store/crates/worth-store-buffer-pool/src/dirty_state_test_support.rs,,move,complete,workspaces/worth-store/crates/worth-store-buffer-pool/src/dirty_pages/dirty_state_test_support.rs,Realized in the permanent subsystem topology and verified through the owning workspace.
workspaces/worth-store/crates/worth-store-buffer-pool/src/dirty_state_tests.rs,,move,complete,workspaces/worth-store/crates/worth-store-buffer-pool/src/dirty_pages/dirty_state_tests.rs,Realized in the permanent subsystem topology and verified through the owning workspace.
workspaces/worth-store/crates/worth-store-buffer-pool/src/entry_denials.rs,,move,complete,workspaces/worth-store/crates/worth-store-buffer-pool/src/residency/entry_denials.rs,Realized in the permanent subsystem topology and verified through the owning workspace.
workspaces/worth-store/crates/worth-store-buffer-pool/src/entry_tests.rs,,move,complete,workspaces/worth-store/crates/worth-store-buffer-pool/src/residency/entry_tests.rs,Realized in the permanent subsystem topology and verified through the owning workspace.
workspaces/worth-store/crates/worth-store-buffer-pool/src/eviction_counters.rs,,move,complete,workspaces/worth-store/crates/worth-store-buffer-pool/src/eviction/eviction_counters.rs,Realized in the permanent subsystem topology and verified through the owning workspace.
workspaces/worth-store/crates/worth-store-buffer-pool/src/eviction_tests.rs,,move,complete,workspaces/worth-store/crates/worth-store-buffer-pool/src/eviction/eviction_tests.rs,Realized in the permanent subsystem topology and verified through the owning workspace.
workspaces/worth-store/crates/worth-store-buffer-pool/src/pin_counters.rs,,move,complete,workspaces/worth-store/crates/worth-store-buffer-pool/src/pinning/pin_counters.rs,Realized in the permanent subsystem topology and verified through the owning workspace.
workspaces/worth-store/crates/worth-store-buffer-pool/src/pin_lifecycle.rs,,move,complete,workspaces/worth-store/crates/worth-store-buffer-pool/src/pinning/pin_lifecycle.rs,Realized in the permanent subsystem topology and verified through the owning workspace.
workspaces/worth-store/crates/worth-store-buffer-pool/src/pin_lifecycle_tests.rs,,move,complete,workspaces/worth-store/crates/worth-store-buffer-pool/src/pinning/pin_lifecycle_tests.rs,Realized in the permanent subsystem topology and verified through the owning workspace.
workspaces/worth-store/crates/worth-store-buffer-pool/src/record_view_admission.rs,,move,complete,workspaces/worth-store/crates/worth-store-buffer-pool/src/record_access/record_view_admission.rs,Realized in the permanent subsystem topology and verified through the owning workspace.
workspaces/worth-store/crates/worth-store-buffer-pool/src/record_view_admission_tests.rs,,move,complete,workspaces/worth-store/crates/worth-store-buffer-pool/src/record_access/record_view_admission_tests.rs,Realized in the permanent subsystem topology and verified through the owning workspace.
workspaces/worth-store/crates/worth-store-buffer-pool/src/record_view_conflicts.rs,,move,complete,workspaces/worth-store/crates/worth-store-buffer-pool/src/record_access/record_view_conflicts.rs,Realized in the permanent subsystem topology and verified through the owning workspace.
workspaces/worth-store/crates/worth-store-buffer-pool/src/record_view_counters.rs,,move,complete,workspaces/worth-store/crates/worth-store-buffer-pool/src/record_access/record_view_counters.rs,Realized in the permanent subsystem topology and verified through the owning workspace.
workspaces/worth-store/crates/worth-store-buffer-pool/src/record_view_denials.rs,,move,complete,workspaces/worth-store/crates/worth-store-buffer-pool/src/record_access/record_view_denials.rs,Realized in the permanent subsystem topology and verified through the owning workspace.
workspaces/worth-store/crates/worth-store-buffer-pool/src/resident_frame_bytes.rs,,move,complete,workspaces/worth-store/crates/worth-store-buffer-pool/src/residency/resident_frame_bytes.rs,Realized in the permanent subsystem topology and verified through the owning workspace.
workspaces/worth-store/crates/worth-store-buffer-pool/src/resident_frame_counters.rs,,move,complete,workspaces/worth-store/crates/worth-store-buffer-pool/src/residency/resident_frame_counters.rs,Realized in the permanent subsystem topology and verified through the owning workspace.
workspaces/worth-store/crates/worth-store-buffer-pool/src/resident_frame_denials.rs,,move,complete,workspaces/worth-store/crates/worth-store-buffer-pool/src/residency/resident_frame_denials.rs,Realized in the permanent subsystem topology and verified through the owning workspace.
workspaces/worth-store/crates/worth-store-buffer-pool/src/resident_frame_dirty_table.rs,,move,complete,workspaces/worth-store/crates/worth-store-buffer-pool/src/residency/resident_frame_dirty_table.rs,Realized in the permanent subsystem topology and verified through the owning workspace.
workspaces/worth-store/crates/worth-store-buffer-pool/src/resident_frame_eviction_table.rs,,move,complete,workspaces/worth-store/crates/worth-store-buffer-pool/src/residency/resident_frame_eviction_table.rs,Realized in the permanent subsystem topology and verified through the owning workspace.
workspaces/worth-store/crates/worth-store-buffer-pool/src/resident_frame_identity.rs,,move,complete,workspaces/worth-store/crates/worth-store-buffer-pool/src/residency/resident_frame_identity.rs,Realized in the permanent subsystem topology and verified through the owning workspace.
workspaces/worth-store/crates/worth-store-buffer-pool/src/resident_frame_lease_table.rs,,move,complete,workspaces/worth-store/crates/worth-store-buffer-pool/src/residency/resident_frame_lease_table.rs,Realized in the permanent subsystem topology and verified through the owning workspace.
workspaces/worth-store/crates/worth-store-buffer-pool/src/resident_frame_record.rs,,move,complete,workspaces/worth-store/crates/worth-store-buffer-pool/src/residency/resident_frame_record.rs,Realized in the permanent subsystem topology and verified through the owning workspace.
workspaces/worth-store/crates/worth-store-buffer-pool/src/resident_frame_report.rs,,move,complete,workspaces/worth-store/crates/worth-store-buffer-pool/src/residency/resident_frame_report.rs,Realized in the permanent subsystem topology and verified through the owning workspace.
workspaces/worth-store/crates/worth-store-buffer-pool/src/resident_frame_request.rs,,move,complete,workspaces/worth-store/crates/worth-store-buffer-pool/src/residency/resident_frame_request.rs,Realized in the permanent subsystem topology and verified through the owning workspace.
workspaces/worth-store/crates/worth-store-buffer-pool/src/resident_frame_source.rs,,move,complete,workspaces/worth-store/crates/worth-store-buffer-pool/src/residency/resident_frame_source.rs,Realized in the permanent subsystem topology and verified through the owning workspace.
workspaces/worth-store/crates/worth-store-buffer-pool/src/resident_frame_table.rs,,move,complete,workspaces/worth-store/crates/worth-store-buffer-pool/src/residency/resident_frame_table.rs,Realized in the permanent subsystem topology and verified through the owning workspace.
workspaces/worth-store/crates/worth-store-buffer-pool/src/resident_frame_tests.rs,,move,complete,workspaces/worth-store/crates/worth-store-buffer-pool/src/residency/resident_frame_tests.rs,Realized in the permanent subsystem topology and verified through the owning workspace.
workspaces/worth-store/crates/worth-store-buffer-pool/src/speculative_work_admission.rs,,move,complete,workspaces/worth-store/crates/worth-store-buffer-pool/src/speculative_work/speculative_work_admission.rs,Realized in the permanent subsystem topology and verified through the owning workspace.
workspaces/worth-store/crates/worth-store-buffer-pool/src/speculative_work_budget.rs,,move,complete,workspaces/worth-store/crates/worth-store-buffer-pool/src/speculative_work/speculative_work_budget.rs,Realized in the permanent subsystem topology and verified through the owning workspace.
workspaces/worth-store/crates/worth-store-buffer-pool/src/speculative_work_counters.rs,,move,complete,workspaces/worth-store/crates/worth-store-buffer-pool/src/speculative_work/speculative_work_counters.rs,Realized in the permanent subsystem topology and verified through the owning workspace.
workspaces/worth-store/crates/worth-store-buffer-pool/src/speculative_work_denials.rs,,move,complete,workspaces/worth-store/crates/worth-store-buffer-pool/src/speculative_work/speculative_work_denials.rs,Realized in the permanent subsystem topology and verified through the owning workspace.
workspaces/worth-store/crates/worth-store-buffer-pool/src/speculative_work_honesty_tests.rs,,move,complete,workspaces/worth-store/crates/worth-store-buffer-pool/src/speculative_work/speculative_work_honesty_tests.rs,Realized in the permanent subsystem topology and verified through the owning workspace.
workspaces/worth-store/crates/worth-store-buffer-pool/src/speculative_work_plan.rs,,move,complete,workspaces/worth-store/crates/worth-store-buffer-pool/src/speculative_work/speculative_work_plan.rs,Realized in the permanent subsystem topology and verified through the owning workspace.
workspaces/worth-store/crates/worth-store-buffer-pool/src/speculative_work_request.rs,,move,complete,workspaces/worth-store/crates/worth-store-buffer-pool/src/speculative_work/speculative_work_request.rs,Realized in the permanent subsystem topology and verified through the owning workspace.
workspaces/worth-store/crates/worth-store-buffer-pool/src/speculative_work_tests.rs,,move,complete,workspaces/worth-store/crates/worth-store-buffer-pool/src/speculative_work/speculative_work_tests.rs,Realized in the permanent subsystem topology and verified through the owning workspace.
workspaces/worth-store/crates/worth-store-certification/src/allocation_envelope_evidence.rs,,move,complete,workspaces/worth-store/crates/worth-store-certification/src/evidence/memory/allocation_envelope_evidence.rs,Realized in the permanent subsystem topology and verified through the owning workspace.
workspaces/worth-store/crates/worth-store-certification/src/allocation_envelope_evidence_tests.rs,,move,complete,workspaces/worth-store/crates/worth-store-certification/src/evidence/memory/allocation_envelope_evidence_tests.rs,Realized in the permanent subsystem topology and verified through the owning workspace.
workspaces/worth-store/crates/worth-store-certification/src/aspect_native_authority_denial_tests.rs,,move,complete,workspaces/worth-store/crates/worth-store-certification/src/courtroom/foundational/aspect_native_authority_denial_tests.rs,Realized in the permanent subsystem topology and verified through the owning workspace.
workspaces/worth-store/crates/worth-store-certification/src/aspect_native_diagnostic_evidence_tests.rs,,move,complete,workspaces/worth-store/crates/worth-store-certification/src/evidence/foundational/aspect_native_diagnostic_evidence_tests.rs,Realized in the permanent subsystem topology and verified through the owning workspace.
workspaces/worth-store/crates/worth-store-certification/src/aspect_native_harness_authoring_tests.rs,,move,complete,workspaces/worth-store/crates/worth-store-certification/src/scenario/foundational/aspect_native_harness_authoring_tests.rs,Realized in the permanent subsystem topology and verified through the owning workspace.
workspaces/worth-store/crates/worth-store-certification/src/aspect_native_identity_tests.rs,,move,complete,workspaces/worth-store/crates/worth-store-certification/src/courtroom/foundational/aspect_native_identity_tests.rs,Realized in the permanent subsystem topology and verified through the owning workspace.
workspaces/worth-store/crates/worth-store-certification/src/aspect_native_performance_evidence_tests.rs,,move,complete,workspaces/worth-store/crates/worth-store-certification/src/evidence/foundational/aspect_native_performance_evidence_tests.rs,Realized in the permanent subsystem topology and verified through the owning workspace.
workspaces/worth-store/crates/worth-store-certification/src/aspect_native_vocabulary_tests.rs,,move,complete,workspaces/worth-store/crates/worth-store-certification/src/courtroom/foundational/aspect_native_vocabulary_tests.rs,Realized in the permanent subsystem topology and verified through the owning workspace.
workspaces/worth-store/crates/worth-store-certification/src/authority_projection_readmission_tests.rs,,move,complete,workspaces/worth-store/crates/worth-store-certification/src/courtroom/cross_cutting/authority_projection_readmission_tests.rs,Realized in the permanent subsystem topology and verified through the owning workspace.
workspaces/worth-store/crates/worth-store-physical-integrity/src/physical_scope_basis.rs,,move,complete,workspaces/worth-store/crates/worth-store-physical-integrity/src/admission/physical_scope/physical_scope_basis.rs,Realized in the permanent subsystem topology and verified through the owning workspace.
workspaces/worth-store/crates/worth-store-physical-integrity/src/physical_scope_denial.rs,,move,complete,workspaces/worth-store/crates/worth-store-physical-integrity/src/admission/physical_scope/physical_scope_denial.rs,Realized in the permanent subsystem topology and verified through the owning workspace.
workspaces/worth-store/crates/worth-store-physical-integrity/src/physical_scope_family_inputs.rs,,move,complete,workspaces/worth-store/crates/worth-store-physical-integrity/src/admission/physical_scope/physical_scope_family_inputs.rs,Realized in the permanent subsystem topology and verified through the owning workspace.
workspaces/worth-store/crates/worth-store-physical-integrity/src/physical_scope_request.rs,,move,complete,workspaces/worth-store/crates/worth-store-physical-integrity/src/admission/physical_scope/physical_scope_request.rs,Realized in the permanent subsystem topology and verified through the owning workspace.
workspaces/worth-store/crates/worth-store-physical-integrity/src/pre_decode_counters.rs,,move,complete,workspaces/worth-store/crates/worth-store-physical-integrity/src/admission/pre_decode/pre_decode_counters.rs,Realized in the permanent subsystem topology and verified through the owning workspace.
workspaces/worth-store/crates/worth-store-physical-integrity/src/pre_decode_denial.rs,,move,complete,workspaces/worth-store/crates/worth-store-physical-integrity/src/admission/pre_decode/pre_decode_denial.rs,Realized in the permanent subsystem topology and verified through the owning workspace.
workspaces/worth-store/crates/worth-store-physical-integrity/src/pre_decode_surface.rs,,move,complete,workspaces/worth-store/crates/worth-store-physical-integrity/src/admission/pre_decode/pre_decode_surface.rs,Realized in the permanent subsystem topology and verified through the owning workspace.
workspaces/worth-store/crates/worth-store-physical-integrity/src/quarantine_authority.rs,,move,complete,workspaces/worth-store/crates/worth-store-physical-integrity/src/quarantine/quarantine_authority.rs,Realized in the permanent subsystem topology and verified through the owning workspace.
workspaces/worth-store/crates/worth-store-physical-integrity/src/quarantine_denial.rs,,move,complete,workspaces/worth-store/crates/worth-store-physical-integrity/src/quarantine/quarantine_denial.rs,Realized in the permanent subsystem topology and verified through the owning workspace.
workspaces/worth-store/crates/worth-store-physical-integrity/src/quarantine_finding.rs,,move,complete,workspaces/worth-store/crates/worth-store-physical-integrity/src/quarantine/quarantine_finding.rs,Realized in the permanent subsystem topology and verified through the owning workspace.
workspaces/worth-store/crates/worth-store-physical-integrity/src/quarantine_locality.rs,,move,complete,workspaces/worth-store/crates/worth-store-physical-integrity/src/quarantine/quarantine_locality.rs,Realized in the permanent subsystem topology and verified through the owning workspace.
workspaces/worth-store/crates/worth-store-physical-integrity/src/quarantine_posture.rs,,move,complete,workspaces/worth-store/crates/worth-store-physical-integrity/src/quarantine/quarantine_posture.rs,Realized in the permanent subsystem topology and verified through the owning workspace.
workspaces/worth-store/crates/worth-store-physical-integrity/src/quarantine_receipt.rs,,move,complete,workspaces/worth-store/crates/worth-store-physical-integrity/src/quarantine/quarantine_receipt.rs,Realized in the permanent subsystem topology and verified through the owning workspace.
workspaces/worth-store/crates/worth-store-physical-integrity/src/quarantine_record.rs,,move,complete,workspaces/worth-store/crates/worth-store-physical-integrity/src/quarantine/quarantine_record.rs,Realized in the permanent subsystem topology and verified through the owning workspace.
workspaces/worth-store/crates/worth-store-physical-integrity/src/quarantine_request.rs,,move,complete,workspaces/worth-store/crates/worth-store-physical-integrity/src/quarantine/quarantine_request.rs,Realized in the permanent subsystem topology and verified through the owning workspace.
workspaces/worth-store/crates/worth-store-physical-integrity/src/scrub_counters.rs,,move,complete,workspaces/worth-store/crates/worth-store-physical-integrity/src/scrub/scrub_counters.rs,Realized in the permanent subsystem topology and verified through the owning workspace.
workspaces/worth-store/crates/worth-store-physical-integrity/src/scrub_denial.rs,,move,complete,workspaces/worth-store/crates/worth-store-physical-integrity/src/scrub/scrub_denial.rs,Realized in the permanent subsystem topology and verified through the owning workspace.
workspaces/worth-store/crates/worth-store-physical-integrity/src/scrub_execution.rs,,move,complete,workspaces/worth-store/crates/worth-store-physical-integrity/src/scrub/scrub_execution.rs,Realized in the permanent subsystem topology and verified through the owning workspace.
workspaces/worth-store/crates/worth-store-physical-integrity/src/scrub_plan.rs,,move,complete,workspaces/worth-store/crates/worth-store-physical-integrity/src/scrub/scrub_plan.rs,Realized in the permanent subsystem topology and verified through the owning workspace.
workspaces/worth-store/crates/worth-store-physical-integrity/src/scrub_plan_identity.rs,,move,complete,workspaces/worth-store/crates/worth-store-physical-integrity/src/scrub/scrub_plan_identity.rs,Realized in the permanent subsystem topology and verified through the owning workspace.
workspaces/worth-store/crates/worth-store-physical-integrity/src/scrub_planning_memory_envelope.rs,,move,complete,workspaces/worth-store/crates/worth-store-physical-integrity/src/scrub/scrub_planning_memory_envelope.rs,Realized in the permanent subsystem topology and verified through the owning workspace.
workspaces/worth-store/crates/worth-store-physical-integrity/src/scrub_resume.rs,,move,complete,workspaces/worth-store/crates/worth-store-physical-integrity/src/scrub/scrub_resume.rs,Realized in the permanent subsystem topology and verified through the owning workspace.
workspaces/worth-store/crates/worth-store-physical-integrity/src/scrub_window.rs,,move,complete,workspaces/worth-store/crates/worth-store-physical-integrity/src/scrub/scrub_window.rs,Realized in the permanent subsystem topology and verified through the owning workspace.
workspaces/worth-store/crates/worth-store-physical-integrity/src/wal_frame_integrity_counters.rs,,move,complete,workspaces/worth-store/crates/worth-store-physical-integrity/src/wal_frames/wal_frame_integrity_counters.rs,Realized in the permanent subsystem topology and verified through the owning workspace.
workspaces/worth-store/crates/worth-store-physical-integrity/src/wal_frame_integrity_denials.rs,,move,complete,workspaces/worth-store/crates/worth-store-physical-integrity/src/wal_frames/wal_frame_integrity_denials.rs,Realized in the permanent subsystem topology and verified through the owning workspace.
workspaces/worth-store/crates/worth-store-physical-integrity/src/wal_frame_integrity_reports.rs,,move,complete,workspaces/worth-store/crates/worth-store-physical-integrity/src/wal_frames/wal_frame_integrity_reports.rs,Realized in the permanent subsystem topology and verified through the owning workspace.
workspaces/worth-store/crates/worth-store-physical-integrity/src/wal_frame_integrity_request.rs,,move,complete,workspaces/worth-store/crates/worth-store-physical-integrity/src/wal_frames/wal_frame_integrity_request.rs,Realized in the permanent subsystem topology and verified through the owning workspace.
workspaces/worth-store/crates/worth-store-physical-isolation/src/s6_handoff/assumptions.rs,003-integrity-isolation-wal-production,move,complete,workspaces/worth-store/crates/worth-store-physical-isolation/src/readiness/interference/assumptions.rs,Realized in the permanent subsystem topology and verified through the owning workspace.
workspaces/worth-store/crates/worth-store-physical-isolation/src/s6_handoff/closeout/performance_receipt.rs,003-integrity-isolation-wal-production,move,complete,workspaces/worth-store/crates/worth-store-physical-isolation/src/executed_isolation_evidence/performance_receipt.rs,Realized in the permanent subsystem topology and verified through the owning workspace.
workspaces/worth-store/crates/worth-store-physical-isolation/src/s6_handoff/counters.rs,003-integrity-isolation-wal-production,move,complete,workspaces/worth-store/crates/worth-store-physical-isolation/src/executed_isolation_evidence/counter_snapshot.rs,Realized in the permanent subsystem topology and verified through the owning workspace.
workspaces/worth-store/crates/worth-store-physical-isolation/src/s6_handoff/interference_snapshot.rs,003-integrity-isolation-wal-production,move,complete,workspaces/worth-store/crates/worth-store-physical-isolation/src/executed_isolation_evidence/interference_snapshot.rs,Realized in the permanent subsystem topology and verified through the owning workspace.
workspaces/worth-store/crates/worth-store-physical-isolation/src/s6_handoff/unsupported_qos.rs,003-integrity-isolation-wal-production,move,complete,workspaces/worth-store/crates/worth-store-certification/src/courtroom/scheduling/unsupported_qos_claims.rs,Realized in the permanent subsystem topology and verified through the owning workspace.
workspaces/worth-store/crates/worth-store-security/src/authenticity_check.rs,,move,complete,workspaces/worth-store/crates/worth-store-security/src/authenticity/authenticity_check.rs,Realized in the permanent subsystem topology and verified through the owning workspace.
workspaces/worth-store/crates/worth-store-security/src/authenticity_check_tests.rs,,move,complete,workspaces/worth-store/crates/worth-store-security/src/authenticity/authenticity_check_tests.rs,Realized in the permanent subsystem topology and verified through the owning workspace.
workspaces/worth-store/crates/worth-store-security/src/authenticity_counters.rs,,move,complete,workspaces/worth-store/crates/worth-store-security/src/authenticity/authenticity_counters.rs,Realized in the permanent subsystem topology and verified through the owning workspace.
workspaces/worth-store/crates/worth-store-security/src/authenticity_denial.rs,,move,complete,workspaces/worth-store/crates/worth-store-security/src/authenticity/authenticity_denial.rs,Realized in the permanent subsystem topology and verified through the owning workspace.
workspaces/worth-store/crates/worth-store-security/src/authenticity_result.rs,,move,complete,workspaces/worth-store/crates/worth-store-security/src/authenticity/authenticity_result.rs,Realized in the permanent subsystem topology and verified through the owning workspace.
workspaces/worth-store/crates/worth-store-security/src/authenticity_vocabulary.rs,,move,complete,workspaces/worth-store/crates/worth-store-security/src/authenticity/authenticity_vocabulary.rs,Realized in the permanent subsystem topology and verified through the owning workspace.
workspaces/worth-store/crates/worth-store-security/src/authenticity_witness.rs,,move,complete,workspaces/worth-store/crates/worth-store-security/src/authenticity/authenticity_witness.rs,Realized in the permanent subsystem topology and verified through the owning workspace.
workspaces/worth-store/crates/worth-store-security/src/security_scope_admission.rs,,move,complete,workspaces/worth-store/crates/worth-store-security/src/scope/security_scope_admission.rs,Realized in the permanent subsystem topology and verified through the owning workspace.
workspaces/worth-store/crates/worth-store-security/src/security_scope_admission_basis.rs,,move,complete,workspaces/worth-store/crates/worth-store-security/src/scope/security_scope_admission_basis.rs,Realized in the permanent subsystem topology and verified through the owning workspace.
workspaces/worth-store/crates/worth-store-security/src/security_scope_admission_denial.rs,,move,complete,workspaces/worth-store/crates/worth-store-security/src/scope/security_scope_admission_denial.rs,Realized in the permanent subsystem topology and verified through the owning workspace.
workspaces/worth-store/crates/worth-store-security/src/security_scope_admission_request.rs,,move,complete,workspaces/worth-store/crates/worth-store-security/src/scope/security_scope_admission_request.rs,Realized in the permanent subsystem topology and verified through the owning workspace.
workspaces/worth-store/crates/worth-store-security/src/security_scope_admission_tests.rs,,move,complete,workspaces/worth-store/crates/worth-store-security/src/scope/security_scope_admission_tests.rs,Realized in the permanent subsystem topology and verified through the owning workspace.
workspaces/worth-store/crates/worth-store-security/src/security_scope_counters.rs,,move,complete,workspaces/worth-store/crates/worth-store-security/src/scope/security_scope_counters.rs,Realized in the permanent subsystem topology and verified through the owning workspace.
workspaces/worth-store/crates/worth-store-security/src/security_scope_custody_readmission.rs,,move,complete,workspaces/worth-store/crates/worth-store-security/src/scope/security_scope_custody_readmission.rs,Realized in the permanent subsystem topology and verified through the owning workspace.
workspaces/worth-store/crates/worth-store-security/src/security_scope_custody_readmission_tests.rs,,move,complete,workspaces/worth-store/crates/worth-store-security/src/scope/security_scope_custody_readmission_tests.rs,Realized in the permanent subsystem topology and verified through the owning workspace.
workspaces/worth-store/crates/worth-store-security/src/security_scope_denial.rs,,move,complete,workspaces/worth-store/crates/worth-store-security/src/scope/security_scope_denial.rs,Realized in the permanent subsystem topology and verified through the owning workspace.
workspaces/worth-store/crates/worth-store-security/src/security_scope_identity.rs,,move,complete,workspaces/worth-store/crates/worth-store-security/src/scope/security_scope_identity.rs,Realized in the permanent subsystem topology and verified through the owning workspace.
workspaces/worth-store/crates/worth-store-security/src/security_scope_propagation.rs,,move,complete,workspaces/worth-store/crates/worth-store-security/src/scope/security_scope_propagation.rs,Realized in the permanent subsystem topology and verified through the owning workspace.
workspaces/worth-store/crates/worth-store-security/src/security_scope_propagation_tests.rs,,move,complete,workspaces/worth-store/crates/worth-store-security/src/scope/security_scope_propagation_tests.rs,Realized in the permanent subsystem topology and verified through the owning workspace.
workspaces/worth-store/crates/worth-store-security/src/security_scope_readmission_tests.rs,,move,complete,workspaces/worth-store/crates/worth-store-security/src/scope/security_scope_readmission_tests.rs,Realized in the permanent subsystem topology and verified through the owning workspace.
workspaces/worth-store/crates/worth-store-security/src/security_scope_receipt.rs,,move,complete,workspaces/worth-store/crates/worth-store-security/src/scope/security_scope_receipt.rs,Realized in the permanent subsystem topology and verified through the owning workspace.
workspaces/worth-store/crates/worth-store-security/src/security_scope_roles.rs,,move,complete,workspaces/worth-store/crates/worth-store-security/src/scope/security_scope_roles.rs,Realized in the permanent subsystem topology and verified through the owning workspace.
workspaces/worth-store/crates/worth-store-security/src/security_scope_test_authority.rs,,move,complete,workspaces/worth-store/crates/worth-store-security/src/scope/security_scope_test_authority.rs,Realized in the permanent subsystem topology and verified through the owning workspace.
workspaces/worth-store/crates/worth-store-security/src/security_scope_test_support.rs,,move,complete,workspaces/worth-store/crates/worth-store-security/src/scope/security_scope_test_support.rs,Realized in the permanent subsystem topology and verified through the owning workspace.
workspaces/worth-store/crates/worth-store-security/src/security_scope_witnesses.rs,,move,complete,workspaces/worth-store/crates/worth-store-security/src/scope/security_scope_witnesses.rs,Realized in the permanent subsystem topology and verified through the owning workspace.
workspaces/worth-store/crates/worth-store-security/src/trust_boundary_category.rs,,move,complete,workspaces/worth-store/crates/worth-store-security/src/trust_boundary/trust_boundary_category.rs,Realized in the permanent subsystem topology and verified through the owning workspace.
workspaces/worth-store/crates/worth-store-security/src/trust_boundary_observation.rs,,move,complete,workspaces/worth-store/crates/worth-store-security/src/trust_boundary/trust_boundary_observation.rs,Realized in the permanent subsystem topology and verified through the owning workspace.
workspaces/worth-store/crates/worth-store-tiering/src/layout_access/cold_recall_family.rs,007-delta-snapshot-tiering-production,move,complete,workspaces/worth-store/crates/worth-store-tiering/src/layout_projection/cold_recall.rs,Realized in the permanent subsystem topology and verified through the owning workspace.
workspaces/worth-store/crates/worth-store-tiering/src/layout_access/mod.rs,007-delta-snapshot-tiering-production,move,complete,workspaces/worth-store/crates/worth-store-tiering/src/layout_projection/mod.rs,Realized in the permanent subsystem topology and verified through the owning workspace.
workspaces/worth-store/crates/worth-store-tiering/src/layout_access/recall_amplification_family.rs,007-delta-snapshot-tiering-production,move,complete,workspaces/worth-store/crates/worth-store-tiering/src/layout_projection/recall_amplification.rs,Realized in the permanent subsystem topology and verified through the owning workspace.
workspaces/worth-store/crates/worth-store-tiering/src/layout_access/tests.rs,007-delta-snapshot-tiering-production,move,complete,workspaces/worth-store/crates/worth-store-tiering/src/layout_projection/tests.rs,Realized in the permanent subsystem topology and verified through the owning workspace.
workspaces/worth-store/crates/worth-store-tiering/src/layout_access/tier_placement_family.rs,007-delta-snapshot-tiering-production,move,complete,workspaces/worth-store/crates/worth-store-tiering/src/layout_projection/placement.rs,Realized in the permanent subsystem topology and verified through the owning workspace.
workspaces/worth-store/crates/worth-store-wal/src/layout_access/checkpoint_family.rs,003-integrity-isolation-wal-production,move,complete,workspaces/worth-store/crates/worth-store-wal/src/checkpoint/publication_admission.rs,Realized in the permanent subsystem topology and verified through the owning workspace.
workspaces/worth-store/crates/worth-store-wal/src/layout_access/durable_mutation_family.rs,003-integrity-isolation-wal-production,move,complete,workspaces/worth-store/crates/worth-store-wal/src/append/durability_admission.rs,Realized in the permanent subsystem topology and verified through the owning workspace.
workspaces/worth-store/crates/worth-store-wal/src/layout_access/replay_tail_family.rs,003-integrity-isolation-wal-production,move,complete,workspaces/worth-store/crates/worth-store-wal/src/recovery_read/tail.rs,Realized in the permanent subsystem topology and verified through the owning workspace.
workspaces/worth-store/crates/worth-store-certification/src/background_envelope_evidence_tests.rs,,move,complete,workspaces/worth-store/crates/worth-store-certification/src/evidence/scheduling/background_envelope_evidence_tests.rs,Realized in the permanent subsystem topology and verified through the owning workspace.
workspaces/worth-store/crates/worth-store-certification/src/binary_format_evidence.rs,,move,complete,workspaces/worth-store/crates/worth-store-certification/src/evidence/cross_cutting/binary_format_evidence.rs,Realized in the permanent subsystem topology and verified through the owning workspace.
workspaces/worth-store/crates/worth-store-certification/src/bounded_memory_closeout.rs,,move,complete,workspaces/worth-store/crates/worth-store-certification/src/courtroom/memory/bounded_memory_closeout.rs,Realized in the permanent subsystem topology and verified through the owning workspace.
workspaces/worth-store/crates/worth-store-certification/src/bounded_memory_closeout_pressure_support.rs,,move,complete,workspaces/worth-store/crates/worth-store-certification/src/courtroom/memory/bounded_memory_closeout_pressure_support.rs,Realized in the permanent subsystem topology and verified through the owning workspace.
workspaces/worth-store/crates/worth-store-certification/src/bounded_memory_closeout_tests.rs,,move,complete,workspaces/worth-store/crates/worth-store-certification/src/courtroom/memory/bounded_memory_closeout_tests.rs,Realized in the permanent subsystem topology and verified through the owning workspace.
workspaces/worth-store/crates/worth-store-certification/src/bounded_memory_harness_closeout.rs,,move,complete,workspaces/worth-store/crates/worth-store-certification/src/scenario/memory/bounded_memory_harness_closeout.rs,Realized in the permanent subsystem topology and verified through the owning workspace.
workspaces/worth-store/crates/worth-store-certification/src/bounded_memory_residency_suite.rs,,move,complete,workspaces/worth-store/crates/worth-store-certification/src/courtroom/memory/bounded_memory_residency_suite.rs,Realized in the permanent subsystem topology and verified through the owning workspace.
workspaces/worth-store/crates/worth-store-certification/src/buffer_pool_certification_bundle.rs,,move,complete,workspaces/worth-store/crates/worth-store-certification/src/courtroom/memory/buffer_pool_certification_bundle.rs,Realized in the permanent subsystem topology and verified through the owning workspace.
workspaces/worth-store/crates/worth-store-certification/src/buffer_pool_scenario_definitions.rs,,move,complete,workspaces/worth-store/crates/worth-store-certification/src/scenario/memory/buffer_pool_scenario_definitions.rs,Realized in the permanent subsystem topology and verified through the owning workspace.
workspaces/worth-store/crates/worth-store-certification/src/buffer_pool_scenario_plans.rs,,move,complete,workspaces/worth-store/crates/worth-store-certification/src/scenario/memory/buffer_pool_scenario_plans.rs,Realized in the permanent subsystem topology and verified through the owning workspace.
workspaces/worth-store/crates/worth-store-certification/src/buffer_pool_story_lanes.rs,,move,complete,workspaces/worth-store/crates/worth-store-certification/src/scenario/memory/buffer_pool_story_lanes.rs,Realized in the permanent subsystem topology and verified through the owning workspace.
workspaces/worth-store/crates/worth-store-certification/src/buffer_pool_transcripts.rs,,move,complete,workspaces/worth-store/crates/worth-store-certification/src/scenario/memory/buffer_pool_transcripts.rs,Realized in the permanent subsystem topology and verified through the owning workspace.
workspaces/worth-store/crates/worth-store-certification/src/canonical_basis_entry_construction_tests.rs,,move,complete,workspaces/worth-store/crates/worth-store-certification/src/courtroom/foundational/canonical_basis_entry_construction_tests.rs,Realized in the permanent subsystem topology and verified through the owning workspace.
workspaces/worth-store/crates/worth-store-certification/src/canonical_basis_entry_denial_tests.rs,,move,complete,workspaces/worth-store/crates/worth-store-certification/src/courtroom/foundational/canonical_basis_entry_denial_tests.rs,Realized in the permanent subsystem topology and verified through the owning workspace.
workspaces/worth-store/crates/worth-store-certification/src/canonical_basis_entry_order_tests.rs,,move,complete,workspaces/worth-store/crates/worth-store-certification/src/courtroom/foundational/canonical_basis_entry_order_tests.rs,Realized in the permanent subsystem topology and verified through the owning workspace.
workspaces/worth-store/crates/worth-store-certification/src/canonical_basis_source_inventory.rs,,move,complete,workspaces/worth-store/crates/worth-store-certification/src/courtroom/foundational/canonical_basis_source_inventory.rs,Realized in the permanent subsystem topology and verified through the owning workspace.
workspaces/worth-store/crates/worth-store-certification/src/canonical_basis_source_registry.rs,,move,complete,workspaces/worth-store/crates/worth-store-certification/src/courtroom/foundational/canonical_basis_source_registry.rs,Realized in the permanent subsystem topology and verified through the owning workspace.
workspaces/worth-store/crates/worth-store-certification/src/canonical_basis_source_scan.rs,,move,complete,workspaces/worth-store/crates/worth-store-certification/src/courtroom/foundational/canonical_basis_source_scan.rs,Realized in the permanent subsystem topology and verified through the owning workspace.
workspaces/worth-store/crates/worth-store-certification/src/canonical_basis_source_tests.rs,,move,complete,workspaces/worth-store/crates/worth-store-certification/src/courtroom/foundational/canonical_basis_source_tests.rs,Realized in the permanent subsystem topology and verified through the owning workspace.
workspaces/worth-store/crates/worth-store-certification/src/capsule_readiness_provenance.rs,,move,complete,workspaces/worth-store/crates/worth-store-certification/src/courtroom/blobs/capsule_readiness_provenance.rs,Realized in the permanent subsystem topology and verified through the owning workspace.
workspaces/worth-store/crates/worth-store-certification/src/certification_compile_fail_proofs.md,,move,complete,workspaces/worth-store/crates/worth-store-certification/src/courtroom/cross_cutting/certification_compile_fail_proofs.md,Realized in the permanent subsystem topology and verified through the owning workspace.
workspaces/worth-store/crates/worth-store-certification/src/certification_matrix.rs,,move,complete,workspaces/worth-store/crates/worth-store-certification/src/courtroom/cross_cutting/certification_matrix.rs,Realized in the permanent subsystem topology and verified through the owning workspace.
workspaces/worth-store/crates/worth-store-certification/src/checksum_declaration_tests.rs,,move,complete,workspaces/worth-store/crates/worth-store-certification/src/courtroom/physical_integrity/checksum_declaration_tests.rs,Realized in the permanent subsystem topology and verified through the owning workspace.
workspaces/worth-store/crates/worth-store-certification/src/chunk_integrity_without_blob_lifecycle_tests.rs,,move,complete,workspaces/worth-store/crates/worth-store-certification/src/courtroom/blobs/chunk_integrity_without_blob_lifecycle_tests.rs,Realized in the permanent subsystem topology and verified through the owning workspace.
workspaces/worth-store/crates/worth-store-certification/src/courtroom/closeout/s6/mod.rs,011-certification-production,move,complete,workspaces/worth-store/crates/worth-store-certification/src/courtroom/scheduling/closeout/mod.rs,Realized in the permanent subsystem topology and verified through the owning workspace.
workspaces/worth-store/crates/worth-store-certification/src/cross_family_wrong_scope_tests.rs,,move,complete,workspaces/worth-store/crates/worth-store-certification/src/courtroom/security/cross_family_wrong_scope_tests.rs,Realized in the permanent subsystem topology and verified through the owning workspace.
workspaces/worth-store/crates/worth-store-certification/src/derived_index_damage_tests.rs,,move,complete,workspaces/worth-store/crates/worth-store-certification/src/courtroom/layout/derived_index_damage_tests.rs,Realized in the permanent subsystem topology and verified through the owning workspace.
workspaces/worth-store/crates/worth-store-certification/src/digest_authority_denial_tests.rs,,move,complete,workspaces/worth-store/crates/worth-store-certification/src/courtroom/foundational/digest_authority_denial_tests.rs,Realized in the permanent subsystem topology and verified through the owning workspace.
workspaces/worth-store/crates/worth-store-certification/src/digest_authority_equivalence_tests.rs,,move,complete,workspaces/worth-store/crates/worth-store-certification/src/courtroom/foundational/digest_authority_equivalence_tests.rs,Realized in the permanent subsystem topology and verified through the owning workspace.
workspaces/worth-store/crates/worth-store-certification/src/dirty_publication_evidence.rs,,move,complete,workspaces/worth-store/crates/worth-store-certification/src/evidence/durability/dirty_publication_evidence.rs,Realized in the permanent subsystem topology and verified through the owning workspace.
workspaces/worth-store/crates/worth-store-certification/src/dirty_publication_evidence_tests.rs,,move,complete,workspaces/worth-store/crates/worth-store-certification/src/evidence/durability/dirty_publication_evidence_tests.rs,Realized in the permanent subsystem topology and verified through the owning workspace.
workspaces/worth-store/crates/worth-store-certification/src/drivers.rs,,move,complete,workspaces/worth-store/crates/worth-store-certification/src/scenario/cross_cutting/drivers.rs,Realized in the permanent subsystem topology and verified through the owning workspace.
workspaces/worth-store/crates/worth-store-certification/src/eviction_protection_evidence.rs,,move,complete,workspaces/worth-store/crates/worth-store-certification/src/evidence/memory/eviction_protection_evidence.rs,Realized in the permanent subsystem topology and verified through the owning workspace.
workspaces/worth-store/crates/worth-store-certification/src/eviction_protection_evidence_tests.rs,,move,complete,workspaces/worth-store/crates/worth-store-certification/src/evidence/memory/eviction_protection_evidence_tests.rs,Realized in the permanent subsystem topology and verified through the owning workspace.
workspaces/worth-store/crates/worth-store-certification/src/extent_record_framing_evidence.rs,,move,complete,workspaces/worth-store/crates/worth-store-certification/src/evidence/cross_cutting/extent_record_framing_evidence.rs,Realized in the permanent subsystem topology and verified through the owning workspace.
workspaces/worth-store/crates/worth-store-certification/src/extent_record_framing_evidence_tests.rs,,move,complete,workspaces/worth-store/crates/worth-store-certification/src/evidence/cross_cutting/extent_record_framing_evidence_tests.rs,Realized in the permanent subsystem topology and verified through the owning workspace.
workspaces/worth-store/crates/worth-store-certification/src/foundational_boundary_evidence.rs,,move,complete,workspaces/worth-store/crates/worth-store-certification/src/evidence/foundational/foundational_boundary_evidence.rs,Realized in the permanent subsystem topology and verified through the owning workspace.
workspaces/worth-store/crates/worth-store-certification/src/foundational_boundary_evidence_tests.rs,,move,complete,workspaces/worth-store/crates/worth-store-certification/src/evidence/foundational/foundational_boundary_evidence_tests.rs,Realized in the permanent subsystem topology and verified through the owning workspace.
workspaces/worth-store/crates/worth-store-certification/src/foundational_boundary_performance.rs,,move,complete,workspaces/worth-store/crates/worth-store-certification/src/courtroom/foundational/foundational_boundary_performance.rs,Realized in the permanent subsystem topology and verified through the owning workspace.
workspaces/worth-store/crates/worth-store-certification/src/foundational_integrity_evidence_support.rs,,move,complete,workspaces/worth-store/crates/worth-store-certification/src/evidence/physical_integrity/foundational_integrity_evidence_support.rs,Realized in the permanent subsystem topology and verified through the owning workspace.
workspaces/worth-store/crates/worth-store-certification/src/foundational_integrity_evidence_tests.rs,,move,complete,workspaces/worth-store/crates/worth-store-certification/src/evidence/physical_integrity/foundational_integrity_evidence_tests.rs,Realized in the permanent subsystem topology and verified through the owning workspace.
workspaces/worth-store/crates/worth-store-certification/src/harness.rs,,move,complete,workspaces/worth-store/crates/worth-store-certification/src/scenario/cross_cutting/harness.rs,Realized in the permanent subsystem topology and verified through the owning workspace.
workspaces/worth-store/crates/worth-store-certification/src/harness_tests.rs,,move,complete,workspaces/worth-store/crates/worth-store-certification/src/scenario/cross_cutting/harness_tests.rs,Realized in the permanent subsystem topology and verified through the owning workspace.
workspaces/worth-store/crates/worth-store-certification/src/header_decode_evidence.rs,,move,complete,workspaces/worth-store/crates/worth-store-certification/src/evidence/cross_cutting/header_decode_evidence.rs,Realized in the permanent subsystem topology and verified through the owning workspace.
workspaces/worth-store/crates/worth-store-certification/src/hostile_readmission_json_fixture_boundary_tests.rs,,move,complete,workspaces/worth-store/crates/worth-store-certification/src/scenario/foundational/hostile_readmission_json_fixture_boundary_tests.rs,Realized in the permanent subsystem topology and verified through the owning workspace.
workspaces/worth-store/crates/worth-store-certification/src/json_fixture_boundary_tests.rs,,move,complete,workspaces/worth-store/crates/worth-store-certification/src/scenario/foundational/json_fixture_boundary_tests.rs,Realized in the permanent subsystem topology and verified through the owning workspace.
workspaces/worth-store/crates/worth-store-certification/src/lanes.rs,,move,complete,workspaces/worth-store/crates/worth-store-certification/src/courtroom/cross_cutting/lanes.rs,Realized in the permanent subsystem topology and verified through the owning workspace.
workspaces/worth-store/crates/worth-store-certification/src/large_store_pressure_evidence.rs,,move,complete,workspaces/worth-store/crates/worth-store-certification/src/evidence/cross_cutting/large_store_pressure_evidence.rs,Realized in the permanent subsystem topology and verified through the owning workspace.
workspaces/worth-store/crates/worth-store-certification/src/large_store_pressure_tests.rs,,move,complete,workspaces/worth-store/crates/worth-store-certification/src/courtroom/cross_cutting/large_store_pressure_tests.rs,Realized in the permanent subsystem topology and verified through the owning workspace.
workspaces/worth-store/crates/worth-store-certification/src/layout_observers.rs,,move,complete,workspaces/worth-store/crates/worth-store-certification/src/courtroom/layout/layout_observers.rs,Realized in the permanent subsystem topology and verified through the owning workspace.
workspaces/worth-store/crates/worth-store-certification/src/manifest_discovery_evidence.rs,,move,complete,workspaces/worth-store/crates/worth-store-certification/src/evidence/physical_integrity/manifest_discovery_evidence.rs,Realized in the permanent subsystem topology and verified through the owning workspace.
workspaces/worth-store/crates/worth-store-certification/src/manifest_discovery_evidence_tests.rs,,move,complete,workspaces/worth-store/crates/worth-store-certification/src/evidence/physical_integrity/manifest_discovery_evidence_tests.rs,Realized in the permanent subsystem topology and verified through the owning workspace.
workspaces/worth-store/crates/worth-store-certification/src/manifest_integrity_tests.rs,,move,complete,workspaces/worth-store/crates/worth-store-certification/src/courtroom/physical_integrity/manifest_integrity_tests.rs,Realized in the permanent subsystem topology and verified through the owning workspace.
workspaces/worth-store/crates/worth-store-certification/src/observed_trace.rs,,move,complete,workspaces/worth-store/crates/worth-store-certification/src/courtroom/cross_cutting/observed_trace.rs,Realized in the permanent subsystem topology and verified through the owning workspace.
workspaces/worth-store/crates/worth-store-certification/src/observer_trace.rs,,move,complete,workspaces/worth-store/crates/worth-store-certification/src/courtroom/cross_cutting/observer_trace.rs,Realized in the permanent subsystem topology and verified through the owning workspace.
workspaces/worth-store/crates/worth-store-certification/src/observers.rs,,move,complete,workspaces/worth-store/crates/worth-store-certification/src/courtroom/cross_cutting/observers.rs,Realized in the permanent subsystem topology and verified through the owning workspace.
workspaces/worth-store/crates/worth-store-certification/src/offline_verifier_evidence.rs,,move,complete,workspaces/worth-store/crates/worth-store-certification/src/evidence/cross_cutting/offline_verifier_evidence.rs,Realized in the permanent subsystem topology and verified through the owning workspace.
workspaces/worth-store/crates/worth-store-certification/src/offline_verifier_evidence_tests.rs,,move,complete,workspaces/worth-store/crates/worth-store-certification/src/evidence/cross_cutting/offline_verifier_evidence_tests.rs,Realized in the permanent subsystem topology and verified through the owning workspace.
workspaces/worth-store/crates/worth-store-certification/src/oracles.rs,,move,complete,workspaces/worth-store/crates/worth-store-certification/src/courtroom/cross_cutting/oracles.rs,Realized in the permanent subsystem topology and verified through the owning workspace.
workspaces/worth-store/crates/worth-store-certification/src/page_record_framing_evidence.rs,,move,complete,workspaces/worth-store/crates/worth-store-certification/src/evidence/cross_cutting/page_record_framing_evidence.rs,Realized in the permanent subsystem topology and verified through the owning workspace.
workspaces/worth-store/crates/worth-store-certification/src/page_record_framing_evidence_tests.rs,,move,complete,workspaces/worth-store/crates/worth-store-certification/src/evidence/cross_cutting/page_record_framing_evidence_tests.rs,Realized in the permanent subsystem topology and verified through the owning workspace.
workspaces/worth-store/crates/worth-store-certification/src/physical_complexity_evidence.rs,,move,complete,workspaces/worth-store/crates/worth-store-certification/src/evidence/physical_integrity/physical_complexity_evidence.rs,Realized in the permanent subsystem topology and verified through the owning workspace.
workspaces/worth-store/crates/worth-store-certification/src/physical_complexity_evidence_tests.rs,,move,complete,workspaces/worth-store/crates/worth-store-certification/src/evidence/physical_integrity/physical_complexity_evidence_tests.rs,Realized in the permanent subsystem topology and verified through the owning workspace.
workspaces/worth-store/crates/worth-store-certification/src/physical_container_integrity_hardening_tests.rs,,move,complete,workspaces/worth-store/crates/worth-store-certification/src/courtroom/physical_integrity/physical_container_integrity_hardening_tests.rs,Realized in the permanent subsystem topology and verified through the owning workspace.
workspaces/worth-store/crates/worth-store-operations/src/backup_import_readmission.rs,,move,complete,workspaces/worth-store/crates/worth-store-operations/src/backup/import/backup_import_readmission.rs,Realized in the permanent subsystem topology and verified through the owning workspace.
workspaces/worth-store/crates/worth-store-operations/src/backup_import_source_custody.rs,,move,complete,workspaces/worth-store/crates/worth-store-operations/src/backup/import/backup_import_source_custody.rs,Realized in the permanent subsystem topology and verified through the owning workspace.
workspaces/worth-store/crates/worth-store-operations/src/import_placement_plan.rs,,move,complete,workspaces/worth-store/crates/worth-store-operations/src/backup/import/import_placement_plan.rs,Realized in the permanent subsystem topology and verified through the owning workspace.
workspaces/worth-store/crates/worth-store-operations/src/layout_access/backup_family.rs,008-live-maintenance-operations-production,move,complete,workspaces/worth-store/crates/worth-store-operations/src/layout_projection/backup.rs,Realized in the permanent subsystem topology and verified through the owning workspace.
workspaces/worth-store/crates/worth-store-operations/src/layout_access/export_family.rs,008-live-maintenance-operations-production,move,complete,workspaces/worth-store/crates/worth-store-operations/src/layout_projection/export.rs,Realized in the permanent subsystem topology and verified through the owning workspace.
workspaces/worth-store/crates/worth-store-operations/src/layout_access/import_family.rs,008-live-maintenance-operations-production,move,complete,workspaces/worth-store/crates/worth-store-operations/src/layout_projection/import.rs,Realized in the permanent subsystem topology and verified through the owning workspace.
workspaces/worth-store/crates/worth-store-operations/src/layout_access/mod.rs,008-live-maintenance-operations-production,move,complete,workspaces/worth-store/crates/worth-store-operations/src/layout_projection/mod.rs,Realized in the permanent subsystem topology and verified through the owning workspace.
workspaces/worth-store/crates/worth-store-operations/src/layout_access/restore_family.rs,008-live-maintenance-operations-production,move,complete,workspaces/worth-store/crates/worth-store-operations/src/layout_projection/restore.rs,Realized in the permanent subsystem topology and verified through the owning workspace.
workspaces/worth-store/crates/worth-store-operations/src/repair_blast_radius_counters.rs,,move,complete,workspaces/worth-store/crates/worth-store-operations/src/repair/blast_radius/repair_blast_radius_counters.rs,Realized in the permanent subsystem topology and verified through the owning workspace.
workspaces/worth-store/crates/worth-store-operations/src/repair_blast_radius_declaration.rs,,move,complete,workspaces/worth-store/crates/worth-store-operations/src/repair/blast_radius/repair_blast_radius_declaration.rs,Realized in the permanent subsystem topology and verified through the owning workspace.
workspaces/worth-store/crates/worth-store-operations/src/repair_blast_radius_denial.rs,,move,complete,workspaces/worth-store/crates/worth-store-operations/src/repair/blast_radius/repair_blast_radius_denial.rs,Realized in the permanent subsystem topology and verified through the owning workspace.
workspaces/worth-store/crates/worth-store-operations/src/repair_blast_radius_handoff.rs,,move,complete,workspaces/worth-store/crates/worth-store-operations/src/repair/blast_radius/repair_blast_radius_handoff.rs,Realized in the permanent subsystem topology and verified through the owning workspace.
workspaces/worth-store/crates/worth-store-operations/src/repair_blast_radius_plan.rs,,move,complete,workspaces/worth-store/crates/worth-store-operations/src/repair/blast_radius/repair_blast_radius_plan.rs,Realized in the permanent subsystem topology and verified through the owning workspace.
workspaces/worth-store/crates/worth-store-operations/src/repair_blast_radius_readiness.rs,,move,complete,workspaces/worth-store/crates/worth-store-operations/src/repair/blast_radius/repair_blast_radius_readiness.rs,Realized in the permanent subsystem topology and verified through the owning workspace.
workspaces/worth-store/crates/worth-store-operations/src/repair_blast_radius_test_support.rs,,move,complete,workspaces/worth-store/crates/worth-store-operations/src/repair/blast_radius/repair_blast_radius_test_support.rs,Realized in the permanent subsystem topology and verified through the owning workspace.
workspaces/worth-store/crates/worth-store-operations/src/repair_blast_radius_tests.rs,,move,complete,workspaces/worth-store/crates/worth-store-operations/src/repair/blast_radius/repair_blast_radius_tests.rs,Realized in the permanent subsystem topology and verified through the owning workspace.
workspaces/worth-store/crates/worth-store-operations/src/repair_quarantine_readiness.rs,,move,complete,workspaces/worth-store/crates/worth-store-operations/src/repair/quarantine/repair_quarantine_readiness.rs,Realized in the permanent subsystem topology and verified through the owning workspace.
workspaces/worth-store/crates/worth-store-operations/src/repair_quarantine_readiness_tests.rs,,move,complete,workspaces/worth-store/crates/worth-store-operations/src/repair/quarantine/repair_quarantine_readiness_tests.rs,Realized in the permanent subsystem topology and verified through the owning workspace.
workspaces/worth-store/crates/worth-store-physical-integrity/src/checksum_algorithm.rs,,move,complete,workspaces/worth-store/crates/worth-store-physical-integrity/src/checksums/checksum_algorithm.rs,Realized in the permanent subsystem topology and verified through the owning workspace.
workspaces/worth-store/crates/worth-store-physical-integrity/src/checksum_compatibility.rs,,move,complete,workspaces/worth-store/crates/worth-store-physical-integrity/src/checksums/checksum_compatibility.rs,Realized in the permanent subsystem topology and verified through the owning workspace.
workspaces/worth-store/crates/worth-store-physical-integrity/src/checksum_declaration.rs,,move,complete,workspaces/worth-store/crates/worth-store-physical-integrity/src/checksums/checksum_declaration.rs,Realized in the permanent subsystem topology and verified through the owning workspace.
workspaces/worth-store/crates/worth-store-physical-integrity/src/checksum_denial.rs,,move,complete,workspaces/worth-store/crates/worth-store-physical-integrity/src/checksums/checksum_denial.rs,Realized in the permanent subsystem topology and verified through the owning workspace.
workspaces/worth-store/crates/worth-store-physical-integrity/src/checksum_detection_model.rs,,move,complete,workspaces/worth-store/crates/worth-store-physical-integrity/src/checksums/checksum_detection_model.rs,Realized in the permanent subsystem topology and verified through the owning workspace.
workspaces/worth-store/crates/worth-store-physical-integrity/src/checksum_execution.rs,,move,complete,workspaces/worth-store/crates/worth-store-physical-integrity/src/checksums/checksum_execution.rs,Realized in the permanent subsystem topology and verified through the owning workspace.
workspaces/worth-store/crates/worth-store-physical-integrity/src/checksum_foundational_identity.rs,,move,complete,workspaces/worth-store/crates/worth-store-physical-integrity/src/checksums/checksum_foundational_identity.rs,Realized in the permanent subsystem topology and verified through the owning workspace.
workspaces/worth-store/crates/worth-store-physical-integrity/src/checksum_scope.rs,,move,complete,workspaces/worth-store/crates/worth-store-physical-integrity/src/checksums/checksum_scope.rs,Realized in the permanent subsystem topology and verified through the owning workspace.
workspaces/worth-store/crates/worth-store-physical-integrity/src/chunk_integrity_counters.rs,,move,complete,workspaces/worth-store/crates/worth-store-physical-integrity/src/blob_chunks/chunk_integrity_counters.rs,Realized in the permanent subsystem topology and verified through the owning workspace.
workspaces/worth-store/crates/worth-store-physical-integrity/src/chunk_integrity_denials.rs,,move,complete,workspaces/worth-store/crates/worth-store-physical-integrity/src/blob_chunks/chunk_integrity_denials.rs,Realized in the permanent subsystem topology and verified through the owning workspace.
workspaces/worth-store/crates/worth-store-physical-integrity/src/chunk_integrity_reports.rs,,move,complete,workspaces/worth-store/crates/worth-store-physical-integrity/src/blob_chunks/chunk_integrity_reports.rs,Realized in the permanent subsystem topology and verified through the owning workspace.
workspaces/worth-store/crates/worth-store-physical-integrity/src/chunk_integrity_request.rs,,move,complete,workspaces/worth-store/crates/worth-store-physical-integrity/src/blob_chunks/chunk_integrity_request.rs,Realized in the permanent subsystem topology and verified through the owning workspace.
workspaces/worth-store/crates/worth-store-physical-integrity/src/container_integrity_boundaries.rs,,move,complete,workspaces/worth-store/crates/worth-store-physical-integrity/src/containers/container_integrity_boundaries.rs,Realized in the permanent subsystem topology and verified through the owning workspace.
workspaces/worth-store/crates/worth-store-physical-integrity/src/container_integrity_counters.rs,,move,complete,workspaces/worth-store/crates/worth-store-physical-integrity/src/containers/container_integrity_counters.rs,Realized in the permanent subsystem topology and verified through the owning workspace.
workspaces/worth-store/crates/worth-store-physical-integrity/src/container_integrity_denials.rs,,move,complete,workspaces/worth-store/crates/worth-store-physical-integrity/src/containers/container_integrity_denials.rs,Realized in the permanent subsystem topology and verified through the owning workspace.
workspaces/worth-store/crates/worth-store-physical-integrity/src/container_integrity_frame_header.rs,,move,complete,workspaces/worth-store/crates/worth-store-physical-integrity/src/containers/container_integrity_frame_header.rs,Realized in the permanent subsystem topology and verified through the owning workspace.
workspaces/worth-store/crates/worth-store-physical-integrity/src/container_integrity_reports.rs,,move,complete,workspaces/worth-store/crates/worth-store-physical-integrity/src/containers/container_integrity_reports.rs,Realized in the permanent subsystem topology and verified through the owning workspace.
workspaces/worth-store/crates/worth-store-physical-integrity/src/container_integrity_slot_directory.rs,,move,complete,workspaces/worth-store/crates/worth-store-physical-integrity/src/containers/container_integrity_slot_directory.rs,Realized in the permanent subsystem topology and verified through the owning workspace.
workspaces/worth-store/crates/worth-store-physical-integrity/src/entry_admission.rs,,move,complete,workspaces/worth-store/crates/worth-store-physical-integrity/src/admission/entry/entry_admission.rs,Realized in the permanent subsystem topology and verified through the owning workspace.
workspaces/worth-store/crates/worth-store-physical-integrity/src/entry_basis.rs,,move,complete,workspaces/worth-store/crates/worth-store-physical-integrity/src/admission/entry/entry_basis.rs,Realized in the permanent subsystem topology and verified through the owning workspace.
workspaces/worth-store/crates/worth-store-physical-integrity/src/entry_denial.rs,,move,complete,workspaces/worth-store/crates/worth-store-physical-integrity/src/admission/entry/entry_denial.rs,Realized in the permanent subsystem topology and verified through the owning workspace.
workspaces/worth-store/crates/worth-store-physical-integrity/src/entry_request.rs,,move,complete,workspaces/worth-store/crates/worth-store-physical-integrity/src/admission/entry/entry_request.rs,Realized in the permanent subsystem topology and verified through the owning workspace.
workspaces/worth-store/crates/worth-store-physical-integrity/src/entry_witness.rs,,move,complete,workspaces/worth-store/crates/worth-store-physical-integrity/src/admission/entry/entry_witness.rs,Realized in the permanent subsystem topology and verified through the owning workspace.
workspaces/worth-store/crates/worth-store-physical-integrity/src/index_page_integrity_counters.rs,,move,complete,workspaces/worth-store/crates/worth-store-physical-integrity/src/index_pages/index_page_integrity_counters.rs,Realized in the permanent subsystem topology and verified through the owning workspace.
workspaces/worth-store/crates/worth-store-physical-integrity/src/index_page_integrity_denials.rs,,move,complete,workspaces/worth-store/crates/worth-store-physical-integrity/src/index_pages/index_page_integrity_denials.rs,Realized in the permanent subsystem topology and verified through the owning workspace.
workspaces/worth-store/crates/worth-store-physical-integrity/src/index_page_integrity_reports.rs,,move,complete,workspaces/worth-store/crates/worth-store-physical-integrity/src/index_pages/index_page_integrity_reports.rs,Realized in the permanent subsystem topology and verified through the owning workspace.
workspaces/worth-store/crates/worth-store-physical-integrity/src/index_page_integrity_request.rs,,move,complete,workspaces/worth-store/crates/worth-store-physical-integrity/src/index_pages/index_page_integrity_request.rs,Realized in the permanent subsystem topology and verified through the owning workspace.
workspaces/worth-store/crates/worth-store-physical-integrity/src/integrity_authority_basis_entries.rs,,move,complete,workspaces/worth-store/crates/worth-store-physical-integrity/src/authority/integrity_authority_basis_entries.rs,Realized in the permanent subsystem topology and verified through the owning workspace.
workspaces/worth-store/crates/worth-store-physical-integrity/src/integrity_authority_basis_tokens.rs,,move,complete,workspaces/worth-store/crates/worth-store-physical-integrity/src/authority/integrity_authority_basis_tokens.rs,Realized in the permanent subsystem topology and verified through the owning workspace.
workspaces/worth-store/crates/worth-store-physical-integrity/src/integrity_authority_claim_basis.rs,,move,complete,workspaces/worth-store/crates/worth-store-physical-integrity/src/authority/integrity_authority_claim_basis.rs,Realized in the permanent subsystem topology and verified through the owning workspace.
workspaces/worth-store/crates/worth-store-physical-integrity/src/integrity_authority_counter_entries.rs,,move,complete,workspaces/worth-store/crates/worth-store-physical-integrity/src/authority/integrity_authority_counter_entries.rs,Realized in the permanent subsystem topology and verified through the owning workspace.
workspaces/worth-store/crates/worth-store-physical-integrity/src/integrity_evidence_authority.rs,,move,complete,workspaces/worth-store/crates/worth-store-physical-integrity/src/evidence/integrity_evidence_authority.rs,Realized in the permanent subsystem topology and verified through the owning workspace.
workspaces/worth-store/crates/worth-store-physical-integrity/src/integrity_evidence_bundle.rs,,move,complete,workspaces/worth-store/crates/worth-store-physical-integrity/src/evidence/integrity_evidence_bundle.rs,Realized in the permanent subsystem topology and verified through the owning workspace.
workspaces/worth-store/crates/worth-store-physical-integrity/src/integrity_evidence_denial.rs,,move,complete,workspaces/worth-store/crates/worth-store-physical-integrity/src/evidence/integrity_evidence_denial.rs,Realized in the permanent subsystem topology and verified through the owning workspace.
workspaces/worth-store/crates/worth-store-physical-integrity/src/integrity_evidence_profile.rs,,move,complete,workspaces/worth-store/crates/worth-store-physical-integrity/src/evidence/integrity_evidence_profile.rs,Realized in the permanent subsystem topology and verified through the owning workspace.
workspaces/worth-store/crates/worth-store-physical-integrity/src/integrity_evidence_proof_report.rs,,move,complete,workspaces/worth-store/crates/worth-store-physical-integrity/src/evidence/integrity_evidence_proof_report.rs,Realized in the permanent subsystem topology and verified through the owning workspace.
workspaces/worth-store/crates/worth-store-physical-integrity/src/integrity_evidence_quarantine.rs,,move,complete,workspaces/worth-store/crates/worth-store-physical-integrity/src/evidence/integrity_evidence_quarantine.rs,Realized in the permanent subsystem topology and verified through the owning workspace.
workspaces/worth-store/crates/worth-store-physical-integrity/src/integrity_evidence_roles.rs,,move,complete,workspaces/worth-store/crates/worth-store-physical-integrity/src/evidence/integrity_evidence_roles.rs,Realized in the permanent subsystem topology and verified through the owning workspace.
workspaces/worth-store/crates/worth-store-physical-integrity/src/integrity_evidence_source.rs,,move,complete,workspaces/worth-store/crates/worth-store-physical-integrity/src/evidence/integrity_evidence_source.rs,Realized in the permanent subsystem topology and verified through the owning workspace.
workspaces/worth-store/crates/worth-store-physical-integrity/src/manifest_allocation_map.rs,,move,complete,workspaces/worth-store/crates/worth-store-physical-integrity/src/manifests/manifest_allocation_map.rs,Realized in the permanent subsystem topology and verified through the owning workspace.
workspaces/worth-store/crates/worth-store-physical-integrity/src/manifest_integrity.rs,,move,complete,workspaces/worth-store/crates/worth-store-physical-integrity/src/manifests/manifest_integrity.rs,Realized in the permanent subsystem topology and verified through the owning workspace.
workspaces/worth-store/crates/worth-store-physical-integrity/src/manifest_integrity_counters.rs,,move,complete,workspaces/worth-store/crates/worth-store-physical-integrity/src/manifests/manifest_integrity_counters.rs,Realized in the permanent subsystem topology and verified through the owning workspace.
workspaces/worth-store/crates/worth-store-physical-integrity/src/manifest_integrity_denials.rs,,move,complete,workspaces/worth-store/crates/worth-store-physical-integrity/src/manifests/manifest_integrity_denials.rs,Realized in the permanent subsystem topology and verified through the owning workspace.
workspaces/worth-store/crates/worth-store-physical-integrity/src/manifest_integrity_reports.rs,,move,complete,workspaces/worth-store/crates/worth-store-physical-integrity/src/manifests/manifest_integrity_reports.rs,Realized in the permanent subsystem topology and verified through the owning workspace.
workspaces/worth-store/crates/worth-store-physical-integrity/src/manifest_integrity_request.rs,,move,complete,workspaces/worth-store/crates/worth-store-physical-integrity/src/manifests/manifest_integrity_request.rs,Realized in the permanent subsystem topology and verified through the owning workspace.
workspaces/worth-store/crates/worth-store-physical-integrity/src/manifest_root_posture.rs,,move,complete,workspaces/worth-store/crates/worth-store-physical-integrity/src/manifests/manifest_root_posture.rs,Realized in the permanent subsystem topology and verified through the owning workspace.
workspaces/worth-store/crates/worth-store-physical-integrity/src/manifest_source_precedence.rs,,move,complete,workspaces/worth-store/crates/worth-store-physical-integrity/src/manifests/manifest_source_precedence.rs,Realized in the permanent subsystem topology and verified through the owning workspace.
workspaces/worth-store/crates/worth-store-physical-integrity/src/physical_scope_admission.rs,,move,complete,workspaces/worth-store/crates/worth-store-physical-integrity/src/admission/physical_scope/physical_scope_admission.rs,Realized in the permanent subsystem topology and verified through the owning workspace.
workspaces/worth-store/crates/worth-store-certification/src/s8_layout_closeout/certificate.rs,011-certification-production,delete,complete,,Deleted disconnected closeout proof theater that was absent from the module graph and referenced a nonexistent handoff module.
workspaces/worth-store/crates/worth-store-certification/src/s8_layout_closeout/classifier.rs,011-certification-production,delete,complete,,Deleted disconnected closeout proof theater that was absent from the module graph and referenced a nonexistent handoff module.
workspaces/worth-store/crates/worth-store-certification/src/s8_layout_closeout/denial.rs,011-certification-production,delete,complete,,Deleted disconnected closeout proof theater that was absent from the module graph and referenced a nonexistent handoff module.
workspaces/worth-store/crates/worth-store-certification/src/s8_layout_closeout/handoffs.rs,011-certification-production,delete,complete,,Deleted disconnected closeout proof theater that was absent from the module graph and referenced a nonexistent handoff module.
workspaces/worth-store/crates/worth-store-certification/src/s8_layout_closeout/mod.rs,011-certification-production,delete,complete,,Deleted disconnected closeout proof theater that was absent from the module graph and referenced a nonexistent handoff module.
workspaces/worth-store/crates/worth-store-certification/src/s8_layout_closeout/sources.rs,011-certification-production,delete,complete,,Deleted disconnected closeout proof theater that was absent from the module graph and referenced a nonexistent handoff module.
workspaces/worth-store/crates/worth-store-certification/src/s8_layout_closeout/suite.rs,011-certification-production,delete,complete,,Deleted disconnected closeout proof theater that was absent from the module graph and referenced a nonexistent handoff module.
workspaces/worth-store/crates/worth-store-certification/src/s8_layout_closeout/verifier.rs,011-certification-production,delete,complete,,Deleted disconnected closeout proof theater that was absent from the module graph and referenced a nonexistent handoff module.
workspaces/worth-store/crates/worth-store-certification/src/s8_layout_closeout_tests.rs,011-certification-production,delete,complete,,Deleted disconnected closeout proof theater that was absent from the module graph and referenced a nonexistent handoff module.
workspaces/worth-store/crates/worth-store-certification/src/courtroom/replay/s8_layout.rs,011-certification-production,move,complete,workspaces/worth-store/crates/worth-store-certification/src/replay/layout/layout.rs,Realized in the permanent subsystem topology and verified through the owning workspace.
workspaces/worth-store/crates/worth-store-certification/src/courtroom/scenario/s8_layout.rs,011-certification-production,move,complete,workspaces/worth-store/crates/worth-store-certification/src/scenario/layout/layout.rs,Realized in the permanent subsystem topology and verified through the owning workspace.
workspaces/worth-store/crates/worth-store-certification/src/physical_digest_authority_tests.rs,,move,complete,workspaces/worth-store/crates/worth-store-certification/src/courtroom/physical_integrity/physical_digest_authority_tests.rs,Realized in the permanent subsystem topology and verified through the owning workspace.
workspaces/worth-store/crates/worth-store-certification/src/physical_foundation_evidence.rs,,move,complete,workspaces/worth-store/crates/worth-store-certification/src/evidence/physical_integrity/physical_foundation_evidence.rs,Realized in the permanent subsystem topology and verified through the owning workspace.
workspaces/worth-store/crates/worth-store-certification/src/physical_identity_evidence.rs,,move,complete,workspaces/worth-store/crates/worth-store-certification/src/evidence/physical_integrity/physical_identity_evidence.rs,Realized in the permanent subsystem topology and verified through the owning workspace.
workspaces/worth-store/crates/worth-store-certification/src/physical_integrity_closeout_bundle.rs,,move,complete,workspaces/worth-store/crates/worth-store-certification/src/courtroom/physical_integrity/physical_integrity_closeout_bundle.rs,Realized in the permanent subsystem topology and verified through the owning workspace.
workspaces/worth-store/crates/worth-store-certification/src/physical_integrity_closeout_denial.rs,,move,complete,workspaces/worth-store/crates/worth-store-certification/src/courtroom/physical_integrity/physical_integrity_closeout_denial.rs,Realized in the permanent subsystem topology and verified through the owning workspace.
workspaces/worth-store/crates/worth-store-certification/src/physical_integrity_closeout_handoff.rs,,move,complete,workspaces/worth-store/crates/worth-store-certification/src/courtroom/physical_integrity/physical_integrity_closeout_handoff.rs,Realized in the permanent subsystem topology and verified through the owning workspace.
workspaces/worth-store/crates/worth-store-certification/src/physical_integrity_closeout_harness.rs,,move,complete,workspaces/worth-store/crates/worth-store-certification/src/scenario/physical_integrity/physical_integrity_closeout_harness.rs,Realized in the permanent subsystem topology and verified through the owning workspace.
workspaces/worth-store/crates/worth-store-certification/src/physical_integrity_closeout_harness_execution.rs,,move,complete,workspaces/worth-store/crates/worth-store-certification/src/scenario/physical_integrity/physical_integrity_closeout_harness_execution.rs,Realized in the permanent subsystem topology and verified through the owning workspace.
workspaces/worth-store/crates/worth-store-certification/src/physical_integrity_closeout_harness_runner.rs,,move,complete,workspaces/worth-store/crates/worth-store-certification/src/scenario/physical_integrity/physical_integrity_closeout_harness_runner.rs,Realized in the permanent subsystem topology and verified through the owning workspace.
workspaces/worth-store/crates/worth-store-certification/src/physical_integrity_closeout_line_cap.rs,,move,complete,workspaces/worth-store/crates/worth-store-certification/src/courtroom/physical_integrity/physical_integrity_closeout_line_cap.rs,Realized in the permanent subsystem topology and verified through the owning workspace.
workspaces/worth-store/crates/worth-store-certification/src/physical_integrity_closeout_line_cap_tests.rs,,move,complete,workspaces/worth-store/crates/worth-store-certification/src/courtroom/physical_integrity/physical_integrity_closeout_line_cap_tests.rs,Realized in the permanent subsystem topology and verified through the owning workspace.
workspaces/worth-store/crates/worth-store-certification/src/physical_integrity_closeout_owned_file.rs,,move,complete,workspaces/worth-store/crates/worth-store-certification/src/courtroom/physical_integrity/physical_integrity_closeout_owned_file.rs,Realized in the permanent subsystem topology and verified through the owning workspace.
workspaces/worth-store/crates/worth-store-certification/src/physical_integrity_closeout_proof.rs,,move,complete,workspaces/worth-store/crates/worth-store-certification/src/courtroom/physical_integrity/physical_integrity_closeout_proof.rs,Realized in the permanent subsystem topology and verified through the owning workspace.
workspaces/worth-store/crates/worth-store-certification/src/physical_integrity_closeout_report.rs,,move,complete,workspaces/worth-store/crates/worth-store-certification/src/courtroom/physical_integrity/physical_integrity_closeout_report.rs,Realized in the permanent subsystem topology and verified through the owning workspace.
workspaces/worth-store/crates/worth-store-certification/src/physical_integrity_closeout_suite.rs,,move,complete,workspaces/worth-store/crates/worth-store-certification/src/courtroom/physical_integrity/physical_integrity_closeout_suite.rs,Realized in the permanent subsystem topology and verified through the owning workspace.
workspaces/worth-store/crates/worth-store-certification/src/physical_integrity_closeout_suite_kind.rs,,move,complete,workspaces/worth-store/crates/worth-store-certification/src/courtroom/physical_integrity/physical_integrity_closeout_suite_kind.rs,Realized in the permanent subsystem topology and verified through the owning workspace.
workspaces/worth-store/crates/worth-store-certification/src/physical_integrity_closeout_tests.rs,,move,complete,workspaces/worth-store/crates/worth-store-certification/src/courtroom/physical_integrity/physical_integrity_closeout_tests.rs,Realized in the permanent subsystem topology and verified through the owning workspace.
workspaces/worth-store/crates/worth-store-certification/src/physical_integrity_entry_authority_tests.rs,,move,complete,workspaces/worth-store/crates/worth-store-certification/src/courtroom/physical_integrity/physical_integrity_entry_authority_tests.rs,Realized in the permanent subsystem topology and verified through the owning workspace.
workspaces/worth-store/crates/worth-store-certification/src/physical_scope_admission_tests.rs,,move,complete,workspaces/worth-store/crates/worth-store-certification/src/courtroom/security/physical_scope_admission_tests.rs,Realized in the permanent subsystem topology and verified through the owning workspace.
workspaces/worth-store/crates/worth-store-certification/src/physical_substrate_certification_authority.rs,,move,complete,workspaces/worth-store/crates/worth-store-certification/src/courtroom/physical_integrity/physical_substrate_certification_authority.rs,Realized in the permanent subsystem topology and verified through the owning workspace.
workspaces/worth-store/crates/worth-store-certification/src/physical_substrate_certification_denial.rs,,move,complete,workspaces/worth-store/crates/worth-store-certification/src/courtroom/physical_integrity/physical_substrate_certification_denial.rs,Realized in the permanent subsystem topology and verified through the owning workspace.
workspaces/worth-store/crates/worth-store-certification/src/physical_substrate_certification_reports.rs,,move,complete,workspaces/worth-store/crates/worth-store-certification/src/courtroom/physical_integrity/physical_substrate_certification_reports.rs,Realized in the permanent subsystem topology and verified through the owning workspace.
workspaces/worth-store/crates/worth-store-certification/src/physical_substrate_certification_scan.rs,,move,complete,workspaces/worth-store/crates/worth-store-certification/src/courtroom/physical_integrity/physical_substrate_certification_scan.rs,Realized in the permanent subsystem topology and verified through the owning workspace.
workspaces/worth-store/crates/worth-store-certification/src/physical_substrate_closeout.rs,,move,complete,workspaces/worth-store/crates/worth-store-certification/src/courtroom/physical_integrity/physical_substrate_closeout.rs,Realized in the permanent subsystem topology and verified through the owning workspace.
workspaces/worth-store/crates/worth-store-certification/src/physical_substrate_closeout_story.rs,,move,complete,workspaces/worth-store/crates/worth-store-certification/src/scenario/physical_integrity/physical_substrate_closeout_story.rs,Realized in the permanent subsystem topology and verified through the owning workspace.
workspaces/worth-store/crates/worth-store-certification/src/physical_substrate_closeout_tests.rs,,move,complete,workspaces/worth-store/crates/worth-store-certification/src/courtroom/physical_integrity/physical_substrate_closeout_tests.rs,Realized in the permanent subsystem topology and verified through the owning workspace.
workspaces/worth-store/crates/worth-store-certification/src/physical_substrate_complexity_suite.rs,,move,complete,workspaces/worth-store/crates/worth-store-certification/src/courtroom/physical_integrity/physical_substrate_complexity_suite.rs,Realized in the permanent subsystem topology and verified through the owning workspace.
workspaces/worth-store/crates/worth-store-certification/src/physical_substrate_foundation_suite.rs,,move,complete,workspaces/worth-store/crates/worth-store-certification/src/courtroom/physical_integrity/physical_substrate_foundation_suite.rs,Realized in the permanent subsystem topology and verified through the owning workspace.
workspaces/worth-store/crates/worth-store-certification/src/physical_substrate_manifest_suite.rs,,move,complete,workspaces/worth-store/crates/worth-store-certification/src/courtroom/physical_integrity/physical_substrate_manifest_suite.rs,Realized in the permanent subsystem topology and verified through the owning workspace.
workspaces/worth-store/crates/worth-store-certification/src/physical_substrate_story_suite.rs,,move,complete,workspaces/worth-store/crates/worth-store-certification/src/scenario/physical_integrity/physical_substrate_story_suite.rs,Realized in the permanent subsystem topology and verified through the owning workspace.
workspaces/worth-store/crates/worth-store-certification/src/pin_lifecycle_evidence.rs,,move,complete,workspaces/worth-store/crates/worth-store-certification/src/evidence/memory/pin_lifecycle_evidence.rs,Realized in the permanent subsystem topology and verified through the owning workspace.
workspaces/worth-store/crates/worth-store-certification/src/pin_lifecycle_evidence_tests.rs,,move,complete,workspaces/worth-store/crates/worth-store-certification/src/evidence/memory/pin_lifecycle_evidence_tests.rs,Realized in the permanent subsystem topology and verified through the owning workspace.
workspaces/worth-store/crates/worth-store-certification/src/platform_facade_evidence.rs,,move,complete,workspaces/worth-store/crates/worth-store-certification/src/evidence/cross_cutting/platform_facade_evidence.rs,Realized in the permanent subsystem topology and verified through the owning workspace.
workspaces/worth-store/crates/worth-store-certification/src/platform_facade_evidence_tests.rs,,move,complete,workspaces/worth-store/crates/worth-store-certification/src/evidence/cross_cutting/platform_facade_evidence_tests.rs,Realized in the permanent subsystem topology and verified through the owning workspace.
workspaces/worth-store/crates/worth-store-certification/src/pre_decode_physical_admission_tests.rs,,move,complete,workspaces/worth-store/crates/worth-store-certification/src/courtroom/physical_integrity/pre_decode_physical_admission_tests.rs,Realized in the permanent subsystem topology and verified through the owning workspace.
workspaces/worth-store/crates/worth-store-certification/src/protected_integrity_view_evidence.rs,,move,complete,workspaces/worth-store/crates/worth-store-certification/src/evidence/physical_integrity/protected_integrity_view_evidence.rs,Realized in the permanent subsystem topology and verified through the owning workspace.
workspaces/worth-store/crates/worth-store-certification/src/public_facade_dependency_tests.rs,,move,complete,workspaces/worth-store/crates/worth-store-certification/src/courtroom/cross_cutting/public_facade_dependency_tests.rs,Realized in the permanent subsystem topology and verified through the owning workspace.
workspaces/worth-store/crates/worth-store-certification/src/quarantine_sealing_tests.rs,,move,complete,workspaces/worth-store/crates/worth-store-certification/src/courtroom/physical_integrity/quarantine_sealing_tests.rs,Realized in the permanent subsystem topology and verified through the owning workspace.
workspaces/worth-store/crates/worth-store-certification/src/receipt_authority_compile_fail_proofs.md,,move,complete,workspaces/worth-store/crates/worth-store-certification/src/courtroom/cross_cutting/receipt_authority_compile_fail_proofs.md,Realized in the permanent subsystem topology and verified through the owning workspace.
workspaces/worth-store/crates/worth-store-certification/src/record_view_evidence.rs,,move,complete,workspaces/worth-store/crates/worth-store-certification/src/evidence/cross_cutting/record_view_evidence.rs,Realized in the permanent subsystem topology and verified through the owning workspace.
workspaces/worth-store/crates/worth-store-certification/src/record_view_evidence_admission_tests.rs,,move,complete,workspaces/worth-store/crates/worth-store-certification/src/evidence/cross_cutting/record_view_evidence_admission_tests.rs,Realized in the permanent subsystem topology and verified through the owning workspace.
workspaces/worth-store/crates/worth-store-certification/src/record_view_evidence_conflict_tests.rs,,move,complete,workspaces/worth-store/crates/worth-store-certification/src/evidence/cross_cutting/record_view_evidence_conflict_tests.rs,Realized in the permanent subsystem topology and verified through the owning workspace.
workspaces/worth-store/crates/worth-store-certification/src/resident_frame_authority_evidence.rs,,move,complete,workspaces/worth-store/crates/worth-store-certification/src/evidence/memory/resident_frame_authority_evidence.rs,Realized in the permanent subsystem topology and verified through the owning workspace.
workspaces/worth-store/crates/worth-store-certification/src/resident_frame_authority_evidence_tests.rs,,move,complete,workspaces/worth-store/crates/worth-store-certification/src/evidence/memory/resident_frame_authority_evidence_tests.rs,Realized in the permanent subsystem topology and verified through the owning workspace.
workspaces/worth-store/crates/worth-store-certification/src/runtime_verifier_comparison.rs,,move,complete,workspaces/worth-store/crates/worth-store-certification/src/courtroom/cross_cutting/runtime_verifier_comparison.rs,Realized in the permanent subsystem topology and verified through the owning workspace.
workspaces/worth-store/crates/worth-store-certification/src/runtime_verifier_comparison_tests.rs,,move,complete,workspaces/worth-store/crates/worth-store-certification/src/courtroom/cross_cutting/runtime_verifier_comparison_tests.rs,Realized in the permanent subsystem topology and verified through the owning workspace.
workspaces/worth-store/crates/worth-store-certification/src/runtime_verifier_diagnostics.rs,,move,complete,workspaces/worth-store/crates/worth-store-certification/src/courtroom/cross_cutting/runtime_verifier_diagnostics.rs,Realized in the permanent subsystem topology and verified through the owning workspace.
workspaces/worth-store/crates/worth-store-certification/src/runtime_verifier_support.rs,,move,complete,workspaces/worth-store/crates/worth-store-certification/src/courtroom/cross_cutting/runtime_verifier_support.rs,Realized in the permanent subsystem topology and verified through the owning workspace.
workspaces/worth-store/crates/worth-store-certification/src/s5_evidence_materialization/bundle.rs,011-certification-production,move,complete,workspaces/worth-store/crates/worth-store-certification/src/evidence/physical_isolation/bundle.rs,Realized in the permanent subsystem topology and verified through the owning workspace.
workspaces/worth-store/crates/worth-store-certification/src/s5_evidence_materialization/canonical.rs,011-certification-production,move,complete,workspaces/worth-store/crates/worth-store-certification/src/evidence/physical_isolation/canonical.rs,Realized in the permanent subsystem topology and verified through the owning workspace.
workspaces/worth-store/crates/worth-store-certification/src/s5_evidence_materialization/diagnostics.rs,011-certification-production,move,complete,workspaces/worth-store/crates/worth-store-certification/src/evidence/physical_isolation/diagnostics.rs,Realized in the permanent subsystem topology and verified through the owning workspace.
workspaces/worth-store/crates/worth-store-certification/src/s5_evidence_materialization/mod.rs,011-certification-production,move,complete,workspaces/worth-store/crates/worth-store-certification/src/evidence/physical_isolation/mod.rs,Realized in the permanent subsystem topology and verified through the owning workspace.
workspaces/worth-store/crates/worth-store-certification/src/s5_evidence_materialization/performance.rs,011-certification-production,move,complete,workspaces/worth-store/crates/worth-store-certification/src/evidence/physical_isolation/performance.rs,Realized in the permanent subsystem topology and verified through the owning workspace.
workspaces/worth-store/crates/worth-store-certification/src/s5_evidence_materialization/proof.rs,011-certification-production,move,complete,workspaces/worth-store/crates/worth-store-certification/src/evidence/physical_isolation/proof.rs,Realized in the permanent subsystem topology and verified through the owning workspace.
workspaces/worth-store/crates/worth-store-certification/src/s5_physical_isolation_closeout/mod.rs,011-certification-production,move,complete,workspaces/worth-store/crates/worth-store-certification/src/courtroom/physical_isolation/closeout/mod.rs,Realized in the permanent subsystem topology and verified through the owning workspace.
workspaces/worth-store/crates/worth-store-certification/src/s5_physical_isolation_closeout/reservations.rs,011-certification-production,move,complete,workspaces/worth-store/crates/worth-store-certification/src/courtroom/physical_isolation/closeout/reservations.rs,Realized in the permanent subsystem topology and verified through the owning workspace.
workspaces/worth-store/crates/worth-store-certification/src/s5_physical_isolation_closeout/suite.rs,011-certification-production,move,complete,workspaces/worth-store/crates/worth-store-certification/src/courtroom/physical_isolation/closeout/suite.rs,Realized in the permanent subsystem topology and verified through the owning workspace.
workspaces/worth-store/crates/worth-store-certification/src/s6_access_policy.rs,011-certification-production,move,complete,workspaces/worth-store/crates/worth-store-certification/src/courtroom/scheduling/access_policy.rs,Realized in the permanent subsystem topology and verified through the owning workspace.
workspaces/worth-store/crates/worth-store-certification/src/s6_backend_capability_admission.rs,011-certification-production,move,complete,workspaces/worth-store/crates/worth-store-certification/src/courtroom/scheduling/backend_capability_admission.rs,Realized in the permanent subsystem topology and verified through the owning workspace.
workspaces/worth-store/crates/worth-store-layout-indexes/tests/ui/phase0/policy_receipt_cannot_satisfy_layout_registry_snapshot.rs,015-layout-indexes-tests,move,complete,workspaces/worth-store/crates/worth-store-layout-indexes/tests/compile_fail/layout/foundations/policy_receipt_cannot_satisfy_layout_registry_snapshot.rs,Realized in the permanent subsystem topology and verified through the owning workspace.
workspaces/worth-store/crates/worth-store-layout-indexes/tests/ui/phase0/raw_strategy_family_cannot_satisfy_future_customization_request.rs,015-layout-indexes-tests,move,complete,workspaces/worth-store/crates/worth-store-layout-indexes/tests/compile_fail/layout/foundations/raw_strategy_family_cannot_satisfy_future_customization_request.rs,Realized in the permanent subsystem topology and verified through the owning workspace.
workspaces/worth-store/crates/worth-store-layout-indexes/tests/ui/phase0/raw_struct_cannot_construct_admitted_layout_strategy.rs,015-layout-indexes-tests,move,complete,workspaces/worth-store/crates/worth-store-layout-indexes/tests/compile_fail/layout/foundations/raw_struct_cannot_construct_admitted_layout_strategy.rs,Realized in the permanent subsystem topology and verified through the owning workspace.
workspaces/worth-store/crates/worth-store-layout-indexes/tests/ui/phase0/raw_struct_cannot_construct_phase_obligation.rs,015-layout-indexes-tests,move,complete,workspaces/worth-store/crates/worth-store-layout-indexes/tests/compile_fail/layout/foundations/raw_struct_cannot_construct_phase_obligation.rs,Realized in the permanent subsystem topology and verified through the owning workspace.
workspaces/worth-store/crates/worth-store-layout-indexes/tests/ui/phase0/recovery_import_shortcut_witness_surface_is_not_public.rs,015-layout-indexes-tests,move,complete,workspaces/worth-store/crates/worth-store-layout-indexes/tests/compile_fail/layout/foundations/recovery_import_shortcut_witness_surface_is_not_public.rs,Realized in the permanent subsystem topology and verified through the owning workspace.
workspaces/worth-store/crates/worth-store-layout-indexes/tests/ui/phase0/recovery_quarantine_shortcut_witness_surface_is_not_public.rs,015-layout-indexes-tests,move,complete,workspaces/worth-store/crates/worth-store-layout-indexes/tests/compile_fail/layout/foundations/recovery_quarantine_shortcut_witness_surface_is_not_public.rs,Realized in the permanent subsystem topology and verified through the owning workspace.
workspaces/worth-store/crates/worth-store-layout-indexes/tests/ui/phase0/strategy_admission_surface_is_not_public.rs,015-layout-indexes-tests,move,complete,workspaces/worth-store/crates/worth-store-layout-indexes/tests/compile_fail/layout/foundations/strategy_admission_surface_is_not_public.rs,Realized in the permanent subsystem topology and verified through the owning workspace.
workspaces/worth-store/crates/worth-store-layout-indexes/tests/ui/phase0/strategy_declaration_surface_is_not_public.rs,015-layout-indexes-tests,move,complete,workspaces/worth-store/crates/worth-store-layout-indexes/tests/compile_fail/layout/foundations/strategy_declaration_surface_is_not_public.rs,Realized in the permanent subsystem topology and verified through the owning workspace.
workspaces/worth-store/crates/worth-store-layout-indexes/tests/ui/phase0/terminal_projection_fixture_cannot_satisfy_readmission_witness.rs,015-layout-indexes-tests,move,complete,workspaces/worth-store/crates/worth-store-layout-indexes/tests/compile_fail/layout/foundations/terminal_projection_fixture_cannot_satisfy_readmission_witness.rs,Realized in the permanent subsystem topology and verified through the owning workspace.
workspaces/worth-store/crates/worth-store-layout-indexes/tests/ui/phase0/test_support_fixture_cannot_satisfy_executed_evidence.rs,015-layout-indexes-tests,move,complete,workspaces/worth-store/crates/worth-store-layout-indexes/tests/compile_fail/layout/foundations/test_support_fixture_cannot_satisfy_executed_evidence.rs,Realized in the permanent subsystem topology and verified through the owning workspace.
workspaces/worth-store/crates/worth-store-layout-indexes/tests/ui/phase16/layout_migration_plan_struct_literal_is_not_public.rs,015-layout-indexes-tests,move,complete,workspaces/worth-store/crates/worth-store-layout-indexes/tests/compile_fail/layout/migration/layout_migration_plan_struct_literal_is_not_public.rs,Realized in the permanent subsystem topology and verified through the owning workspace.
workspaces/worth-store/crates/worth-store-layout-indexes/tests/ui/phase16/layout_rebind_required_struct_literal_is_not_public.rs,015-layout-indexes-tests,move,complete,workspaces/worth-store/crates/worth-store-layout-indexes/tests/compile_fail/layout/migration/layout_rebind_required_struct_literal_is_not_public.rs,Realized in the permanent subsystem topology and verified through the owning workspace.
workspaces/worth-store/crates/worth-store-layout-indexes/tests/ui/phase17/coarse_execution_counter_lane_is_not_public.rs,015-layout-indexes-tests,move,complete,workspaces/worth-store/crates/worth-store-layout-indexes/tests/compile_fail/layout/counter_evidence/coarse_execution_counter_lane_is_not_public.rs,Realized in the permanent subsystem topology and verified through the owning workspace.
workspaces/worth-store/crates/worth-store-layout-indexes/tests/ui/phase17/seeded_execution_helper_lane_is_not_public.rs,015-layout-indexes-tests,move,complete,workspaces/worth-store/crates/worth-store-layout-indexes/tests/compile_fail/layout/counter_evidence/seeded_execution_helper_lane_is_not_public.rs,Realized in the permanent subsystem topology and verified through the owning workspace.
workspaces/worth-store/crates/worth-store-layout-indexes/tests/ui/phase17/seeded_execution_transcript_lane_is_not_public.rs,015-layout-indexes-tests,move,complete,workspaces/worth-store/crates/worth-store-layout-indexes/tests/compile_fail/layout/counter_evidence/seeded_execution_transcript_lane_is_not_public.rs,Realized in the permanent subsystem topology and verified through the owning workspace.
workspaces/worth-store/crates/worth-store-layout-indexes/tests/ui/phase18/bootstrap_catalog_read_admission_struct_literal_is_not_public.rs,015-layout-indexes-tests,move,complete,workspaces/worth-store/crates/worth-store-layout-indexes/tests/compile_fail/layout/bootstrap/bootstrap_catalog_read_admission_struct_literal_is_not_public.rs,Realized in the permanent subsystem topology and verified through the owning workspace.
workspaces/worth-store/crates/worth-store-layout-indexes/tests/ui/phase18/bootstrap_catalog_struct_literal_is_not_public.rs,015-layout-indexes-tests,move,complete,workspaces/worth-store/crates/worth-store-layout-indexes/tests/compile_fail/layout/bootstrap/bootstrap_catalog_struct_literal_is_not_public.rs,Realized in the permanent subsystem topology and verified through the owning workspace.
workspaces/worth-store/crates/worth-store-layout-indexes/tests/ui/phase18/raw_persisted_layout_cannot_reopen_bootstrap_lane.rs,015-layout-indexes-tests,move,complete,workspaces/worth-store/crates/worth-store-layout-indexes/tests/compile_fail/layout/bootstrap/raw_persisted_layout_cannot_reopen_bootstrap_lane.rs,Realized in the permanent subsystem topology and verified through the owning workspace.
workspaces/worth-store/crates/worth-store-layout-indexes/tests/ui/phase21/admitted_checkpoint_layout_rule_constructor_is_not_public.rs,015-layout-indexes-tests,move,complete,workspaces/worth-store/crates/worth-store-layout-indexes/tests/compile_fail/layout/strategy_admission/admitted_checkpoint_layout_rule_constructor_is_not_public.rs,Realized in the permanent subsystem topology and verified through the owning workspace.
workspaces/worth-store/crates/worth-store-layout-indexes/tests/ui/phase21/admitted_wal_append_layout_rule_constructor_is_not_public.rs,015-layout-indexes-tests,move,complete,workspaces/worth-store/crates/worth-store-layout-indexes/tests/compile_fail/layout/strategy_admission/admitted_wal_append_layout_rule_constructor_is_not_public.rs,Realized in the permanent subsystem topology and verified through the owning workspace.
workspaces/worth-store/crates/worth-store-layout-indexes/tests/ui/phase21/caller_defined_rule_cannot_open_wal_layout.rs,015-layout-indexes-tests,move,complete,workspaces/worth-store/crates/worth-store-layout-indexes/tests/compile_fail/layout/strategy_admission/caller_defined_rule_cannot_open_wal_layout.rs,Realized in the permanent subsystem topology and verified through the owning workspace.
workspaces/worth-store/crates/worth-store-layout-indexes/tests/ui/phase21/caller_defined_rule_cannot_open_wal_tail_layout.rs,015-layout-indexes-tests,move,complete,workspaces/worth-store/crates/worth-store-layout-indexes/tests/compile_fail/layout/strategy_admission/caller_defined_rule_cannot_open_wal_tail_layout.rs,Realized in the permanent subsystem topology and verified through the owning workspace.
workspaces/worth-store/crates/worth-store-layout-indexes/tests/ui/phase22/admitted_readmission_layout_rule_constructor_is_not_public.rs,015-layout-indexes-tests,move,complete,workspaces/worth-store/crates/worth-store-layout-indexes/tests/compile_fail/layout/btree/admitted_readmission_layout_rule_constructor_is_not_public.rs,Realized in the permanent subsystem topology and verified through the owning workspace.
workspaces/worth-store/crates/worth-store-layout-indexes/tests/ui/phase22/admitted_replay_index_layout_rule_constructor_is_not_public.rs,015-layout-indexes-tests,move,complete,workspaces/worth-store/crates/worth-store-layout-indexes/tests/compile_fail/layout/btree/admitted_replay_index_layout_rule_constructor_is_not_public.rs,Realized in the permanent subsystem topology and verified through the owning workspace.
workspaces/worth-store/crates/worth-store-layout-indexes/tests/ui/phase22/caller_defined_rule_cannot_open_crash_boundary_layout.rs,015-layout-indexes-tests,move,complete,workspaces/worth-store/crates/worth-store-layout-indexes/tests/compile_fail/layout/btree/caller_defined_rule_cannot_open_crash_boundary_layout.rs,Realized in the permanent subsystem topology and verified through the owning workspace.
workspaces/worth-store/crates/worth-store-layout-indexes/tests/ui/phase22/caller_defined_rule_cannot_open_replay_layout.rs,015-layout-indexes-tests,move,complete,workspaces/worth-store/crates/worth-store-layout-indexes/tests/compile_fail/layout/btree/caller_defined_rule_cannot_open_replay_layout.rs,Realized in the permanent subsystem topology and verified through the owning workspace.
workspaces/worth-store/crates/worth-store-layout-indexes/tests/ui/phase22/partial_publication_classification_is_not_public_without_certification.rs,015-layout-indexes-tests,move,complete,workspaces/worth-store/crates/worth-store-layout-indexes/tests/compile_fail/layout/btree/partial_publication_classification_is_not_public_without_certification.rs,Realized in the permanent subsystem topology and verified through the owning workspace.
workspaces/worth-store/crates/worth-store-layout-indexes/tests/ui/phase22/recovery_source_precedence_graph_is_not_public_without_certification.rs,015-layout-indexes-tests,move,complete,workspaces/worth-store/crates/worth-store-layout-indexes/tests/compile_fail/layout/btree/recovery_source_precedence_graph_is_not_public_without_certification.rs,Realized in the permanent subsystem topology and verified through the owning workspace.
workspaces/worth-store/crates/worth-store-layout-indexes/tests/ui/phase30/root_access_shape_is_not_public.rs,015-layout-indexes-tests,move,complete,workspaces/worth-store/crates/worth-store-layout-indexes/tests/compile_fail/layout/public_facade/root_access_shape_is_not_public.rs,Realized in the permanent subsystem topology and verified through the owning workspace.
workspaces/worth-store/crates/worth-store-layout-indexes/tests/ui/phase30/root_layout_customization_request_is_not_public.rs,015-layout-indexes-tests,move,complete,workspaces/worth-store/crates/worth-store-layout-indexes/tests/compile_fail/layout/public_facade/root_layout_customization_request_is_not_public.rs,Realized in the permanent subsystem topology and verified through the owning workspace.
workspaces/worth-store/crates/worth-store-layout-indexes/tests/ui/phase30/root_layout_readmission_witness_is_not_public.rs,015-layout-indexes-tests,move,complete,workspaces/worth-store/crates/worth-store-layout-indexes/tests/compile_fail/layout/public_facade/root_layout_readmission_witness_is_not_public.rs,Realized in the permanent subsystem topology and verified through the owning workspace.
workspaces/worth-store/crates/worth-store-layout-indexes/tests/ui/phase30/root_phase_obligation_row_is_not_public.rs,015-layout-indexes-tests,move,complete,workspaces/worth-store/crates/worth-store-layout-indexes/tests/compile_fail/layout/public_facade/root_phase_obligation_row_is_not_public.rs,Realized in the permanent subsystem topology and verified through the owning workspace.
workspaces/worth-store/crates/worth-store-layout-indexes/tests/ui/phase30/root_snapshot_rule_is_not_public.rs,015-layout-indexes-tests,move,complete,workspaces/worth-store/crates/worth-store-layout-indexes/tests/compile_fail/layout/public_facade/root_snapshot_rule_is_not_public.rs,Realized in the permanent subsystem topology and verified through the owning workspace.
workspaces/worth-store/crates/worth-store-layout-indexes/tests/ui/phase32/caller_defined_executed_access_receipt_is_not_constructible.rs,015-layout-indexes-tests,move,complete,workspaces/worth-store/crates/worth-store-layout-indexes/tests/compile_fail/layout/closeout/caller_defined_executed_access_receipt_is_not_constructible.rs,Realized in the permanent subsystem topology and verified through the owning workspace.
workspaces/worth-store/crates/worth-store-layout-indexes/tests/ui/phase32/caller_defined_ready_access_receipt_is_not_constructible.rs,015-layout-indexes-tests,move,complete,workspaces/worth-store/crates/worth-store-layout-indexes/tests/compile_fail/layout/closeout/caller_defined_ready_access_receipt_is_not_constructible.rs,Realized in the permanent subsystem topology and verified through the owning workspace.
workspaces/worth-store/crates/worth-store-layout-indexes/tests/ui/phase32/counter_snapshot_exact_constructor_is_not_public.rs,015-layout-indexes-tests,move,complete,workspaces/worth-store/crates/worth-store-layout-indexes/tests/compile_fail/layout/closeout/counter_snapshot_exact_constructor_is_not_public.rs,Realized in the permanent subsystem topology and verified through the owning workspace.
workspaces/worth-store/crates/worth-store-layout-indexes/tests/ui/phase32/counter_snapshot_support_constructor_is_not_public.rs,015-layout-indexes-tests,move,complete,workspaces/worth-store/crates/worth-store-layout-indexes/tests/compile_fail/layout/closeout/counter_snapshot_support_constructor_is_not_public.rs,Realized in the permanent subsystem topology and verified through the owning workspace.
workspaces/worth-store/crates/worth-store-layout-indexes/tests/ui/phase32/layout_readmission_witness_is_not_constructible.rs,015-layout-indexes-tests,move,complete,workspaces/worth-store/crates/worth-store-layout-indexes/tests/compile_fail/layout/closeout/layout_readmission_witness_is_not_constructible.rs,Realized in the permanent subsystem topology and verified through the owning workspace.
workspaces/worth-store/crates/worth-store-layout-indexes/tests/ui/phase32/private_corruption_module_cannot_bypass_layout_readmission_facade.rs,015-layout-indexes-tests,move,complete,workspaces/worth-store/crates/worth-store-layout-indexes/tests/compile_fail/layout/closeout/private_corruption_module_cannot_bypass_layout_readmission_facade.rs,Realized in the permanent subsystem topology and verified through the owning workspace.
workspaces/worth-store/crates/worth-store-layout-indexes/tests/ui/phase32/private_execution_module_cannot_bypass_access_execution_facade.rs,015-layout-indexes-tests,move,complete,workspaces/worth-store/crates/worth-store-layout-indexes/tests/compile_fail/layout/closeout/private_execution_module_cannot_bypass_access_execution_facade.rs,Realized in the permanent subsystem topology and verified through the owning workspace.
workspaces/worth-store/crates/worth-store-layout-indexes/tests/ui/phase32/ready_access_receipt_constructor_is_not_public.rs,015-layout-indexes-tests,move,complete,workspaces/worth-store/crates/worth-store-layout-indexes/tests/compile_fail/layout/closeout/ready_access_receipt_constructor_is_not_public.rs,Realized in the permanent subsystem topology and verified through the owning workspace.
workspaces/worth-store/crates/worth-store-layout-indexes/tests/ui/phase32/support_counter_evidence_derived_constructor_is_not_public.rs,015-layout-indexes-tests,move,complete,workspaces/worth-store/crates/worth-store-layout-indexes/tests/compile_fail/layout/closeout/support_counter_evidence_derived_constructor_is_not_public.rs,Realized in the permanent subsystem topology and verified through the owning workspace.
workspaces/worth-store/crates/worth-store-operations/src/backup_export_custody_admission.rs,,move,complete,workspaces/worth-store/crates/worth-store-operations/src/backup/export/backup_export_custody_admission.rs,Realized in the permanent subsystem topology and verified through the owning workspace.
workspaces/worth-store/crates/worth-store-operations/src/backup_export_custody_counters.rs,,move,complete,workspaces/worth-store/crates/worth-store-operations/src/backup/export/backup_export_custody_counters.rs,Realized in the permanent subsystem topology and verified through the owning workspace.
workspaces/worth-store/crates/worth-store-operations/src/backup_export_custody_declaration.rs,,move,complete,workspaces/worth-store/crates/worth-store-operations/src/backup/export/backup_export_custody_declaration.rs,Realized in the permanent subsystem topology and verified through the owning workspace.
workspaces/worth-store/crates/worth-store-operations/src/backup_export_custody_denial.rs,,move,complete,workspaces/worth-store/crates/worth-store-operations/src/backup/export/backup_export_custody_denial.rs,Realized in the permanent subsystem topology and verified through the owning workspace.
workspaces/worth-store/crates/worth-store-operations/src/backup_export_custody_emission.rs,,move,complete,workspaces/worth-store/crates/worth-store-operations/src/backup/export/backup_export_custody_emission.rs,Realized in the permanent subsystem topology and verified through the owning workspace.
workspaces/worth-store/crates/worth-store-operations/src/backup_export_custody_handoff.rs,,move,complete,workspaces/worth-store/crates/worth-store-operations/src/backup/export/backup_export_custody_handoff.rs,Realized in the permanent subsystem topology and verified through the owning workspace.
workspaces/worth-store/crates/worth-store-operations/src/backup_export_custody_readiness.rs,,move,complete,workspaces/worth-store/crates/worth-store-operations/src/backup/export/backup_export_custody_readiness.rs,Realized in the permanent subsystem topology and verified through the owning workspace.
workspaces/worth-store/crates/worth-store-operations/src/backup_export_custody_test_support.rs,,move,complete,workspaces/worth-store/crates/worth-store-operations/src/backup/export/backup_export_custody_test_support.rs,Realized in the permanent subsystem topology and verified through the owning workspace.
workspaces/worth-store/crates/worth-store-operations/src/backup_export_custody_tests.rs,,move,complete,workspaces/worth-store/crates/worth-store-operations/src/backup/export/backup_export_custody_tests.rs,Realized in the permanent subsystem topology and verified through the owning workspace.
workspaces/worth-store/crates/worth-store-certification/src/s0_handoff_contract_tests.rs,011-certification-production,move,complete,workspaces/worth-store/crates/worth-store-certification/src/courtroom/foundational/handoff_contract_tests.rs,Realized in the permanent subsystem topology and verified through the owning workspace.
workspaces/worth-store/crates/worth-store-certification/src/s0_handoff_gate_evidence.rs,011-certification-production,move,complete,workspaces/worth-store/crates/worth-store-certification/src/evidence/foundational/handoff_gate_evidence.rs,Realized in the permanent subsystem topology and verified through the owning workspace.
workspaces/worth-store/crates/worth-store-certification/src/s2_acceptance_suite_transcript.rs,011-certification-production,move,complete,workspaces/worth-store/crates/worth-store-certification/src/courtroom/physical_substrate/acceptance_suite_transcript.rs,Realized in the permanent subsystem topology and verified through the owning workspace.
workspaces/worth-store/crates/worth-store-certification/src/s2_entry_boundary_evidence.rs,011-certification-production,move,complete,workspaces/worth-store/crates/worth-store-certification/src/evidence/physical_substrate/entry_boundary_evidence.rs,Realized in the permanent subsystem topology and verified through the owning workspace.
workspaces/worth-store/crates/worth-store-certification/src/s3_readiness_handoff.rs,011-certification-production,move,complete,workspaces/worth-store/crates/worth-store-certification/src/courtroom/physical_integrity/readiness_handoff.rs,Realized in the permanent subsystem topology and verified through the owning workspace.
workspaces/worth-store/crates/worth-store-certification/src/s4_integrity_damage_map_tests.rs,011-certification-production,move,complete,workspaces/worth-store/crates/worth-store-certification/src/courtroom/physical_integrity/integrity_damage_map_tests.rs,Realized in the permanent subsystem topology and verified through the owning workspace.
workspaces/worth-store/crates/worth-store-certification/src/s4_integrity_handoff_tests.rs,011-certification-production,move,complete,workspaces/worth-store/crates/worth-store-certification/src/courtroom/physical_integrity/integrity_handoff_tests.rs,Realized in the permanent subsystem topology and verified through the owning workspace.
workspaces/worth-store/crates/worth-store-certification/src/s4_quarantine_receipt_binding_tests.rs,011-certification-production,move,complete,workspaces/worth-store/crates/worth-store-certification/src/evidence/physical_integrity/quarantine_receipt_binding_tests.rs,Realized in the permanent subsystem topology and verified through the owning workspace.
workspaces/worth-store/crates/worth-store-certification/src/s4_recovery_entry_admission_tests/admission_flow.rs,011-certification-production,move,complete,workspaces/worth-store/crates/worth-store-certification/src/courtroom/recovery/admission_flow.rs,Realized in the permanent subsystem topology and verified through the owning workspace.
workspaces/worth-store/crates/worth-store-certification/src/s4_recovery_entry_admission_tests/mod.rs,011-certification-production,move,complete,workspaces/worth-store/crates/worth-store-certification/src/courtroom/recovery/mod.rs,Realized in the permanent subsystem topology and verified through the owning workspace.
workspaces/worth-store/crates/worth-store-certification/src/s4_recovery_entry_admission_tests/scope_propagation.rs,011-certification-production,move,complete,workspaces/worth-store/crates/worth-store-certification/src/courtroom/recovery/scope_propagation.rs,Realized in the permanent subsystem topology and verified through the owning workspace.
workspaces/worth-store/crates/worth-store-certification/src/s4_recovery_entry_admission_tests/support.rs,011-certification-production,move,complete,workspaces/worth-store/crates/worth-store-certification/src/courtroom/recovery/support.rs,Realized in the permanent subsystem topology and verified through the owning workspace.
workspaces/worth-store/crates/worth-store-certification/src/s5_1_blob_chunk_scope_dedupe_tests.rs,011-certification-production,move,complete,workspaces/worth-store/crates/worth-store-certification/src/courtroom/security/blob_chunk_scope_dedupe_tests.rs,Realized in the permanent subsystem topology and verified through the owning workspace.
workspaces/worth-store/crates/worth-store-certification/src/s5_1_closeout/api_adoption.rs,011-certification-production,move,complete,workspaces/worth-store/crates/worth-store-certification/src/courtroom/security/closeout/api_adoption.rs,Realized in the permanent subsystem topology and verified through the owning workspace.
workspaces/worth-store/crates/worth-store-certification/src/s5_1_closeout/boundary_evidence.rs,011-certification-production,move,complete,workspaces/worth-store/crates/worth-store-certification/src/evidence/security/boundary_evidence.rs,Realized in the permanent subsystem topology and verified through the owning workspace.
workspaces/worth-store/crates/worth-store-certification/src/s5_1_closeout/counter_matrix.rs,011-certification-production,move,complete,workspaces/worth-store/crates/worth-store-certification/src/evidence/security/counter_matrix.rs,Realized in the permanent subsystem topology and verified through the owning workspace.
workspaces/worth-store/crates/worth-store-certification/src/s5_1_closeout/denial.rs,011-certification-production,move,complete,workspaces/worth-store/crates/worth-store-certification/src/courtroom/security/closeout/denial.rs,Realized in the permanent subsystem topology and verified through the owning workspace.
workspaces/worth-store/crates/worth-store-certification/src/s5_1_closeout/evidence_bundle.rs,011-certification-production,move,complete,workspaces/worth-store/crates/worth-store-certification/src/evidence/security/evidence_bundle.rs,Realized in the permanent subsystem topology and verified through the owning workspace.
workspaces/worth-store/crates/worth-store-certification/src/s5_1_closeout/input.rs,011-certification-production,move,complete,workspaces/worth-store/crates/worth-store-certification/src/courtroom/security/closeout/input.rs,Realized in the permanent subsystem topology and verified through the owning workspace.
workspaces/worth-store/crates/worth-store-certification/src/s5_1_closeout/mod.rs,011-certification-production,move,complete,workspaces/worth-store/crates/worth-store-certification/src/courtroom/security/closeout/mod.rs,Realized in the permanent subsystem topology and verified through the owning workspace.
workspaces/worth-store/crates/worth-store-certification/src/s5_1_closeout/performance_receipts.rs,011-certification-production,move,complete,workspaces/worth-store/crates/worth-store-certification/src/evidence/security/performance_receipts.rs,Realized in the permanent subsystem topology and verified through the owning workspace.
workspaces/worth-store/crates/worth-store-certification/src/s5_1_recovery_scope_propagation_tests.rs,011-certification-production,move,complete,workspaces/worth-store/crates/worth-store-certification/src/courtroom/recovery/recovery_scope_propagation_tests.rs,Realized in the permanent subsystem topology and verified through the owning workspace.
workspaces/worth-store/crates/worth-store-certification/src/s6_backend_qualification.rs,011-certification-production,move,complete,workspaces/worth-store/crates/worth-store-certification/src/courtroom/scheduling/backend_qualification.rs,Realized in the permanent subsystem topology and verified through the owning workspace.
workspaces/worth-store/crates/worth-store-certification/src/s6_backend_qualification_tests.rs,011-certification-production,move,complete,workspaces/worth-store/crates/worth-store-certification/src/courtroom/scheduling/backend_qualification_tests.rs,Realized in the permanent subsystem topology and verified through the owning workspace.
workspaces/worth-store/crates/worth-store-certification/src/s6_background_pacing.rs,011-certification-production,move,complete,workspaces/worth-store/crates/worth-store-certification/src/courtroom/scheduling/background_pacing.rs,Realized in the permanent subsystem topology and verified through the owning workspace.
workspaces/worth-store/crates/worth-store-certification/src/s6_background_pacing_tests.rs,011-certification-production,move,complete,workspaces/worth-store/crates/worth-store-certification/src/courtroom/scheduling/background_pacing_tests.rs,Realized in the permanent subsystem topology and verified through the owning workspace.
workspaces/worth-store/crates/worth-store-certification/src/s6_evidence_materialization/adoption.rs,011-certification-production,move,complete,workspaces/worth-store/crates/worth-store-certification/src/evidence/scheduling/adoption.rs,Realized in the permanent subsystem topology and verified through the owning workspace.
workspaces/worth-store/crates/worth-store-certification/src/s6_evidence_materialization/binding.rs,011-certification-production,move,complete,workspaces/worth-store/crates/worth-store-certification/src/evidence/scheduling/binding.rs,Realized in the permanent subsystem topology and verified through the owning workspace.
workspaces/worth-store/crates/worth-store-certification/src/s6_evidence_materialization/binding_identity.rs,011-certification-production,move,complete,workspaces/worth-store/crates/worth-store-certification/src/evidence/scheduling/binding_identity.rs,Realized in the permanent subsystem topology and verified through the owning workspace.
workspaces/worth-store/crates/worth-store-certification/src/s6_evidence_materialization/bundle.rs,011-certification-production,move,complete,workspaces/worth-store/crates/worth-store-certification/src/evidence/scheduling/bundle.rs,Realized in the permanent subsystem topology and verified through the owning workspace.
workspaces/worth-store/crates/worth-store-certification/src/s6_evidence_materialization/canonical.rs,011-certification-production,move,complete,workspaces/worth-store/crates/worth-store-certification/src/evidence/scheduling/canonical.rs,Realized in the permanent subsystem topology and verified through the owning workspace.
workspaces/worth-store/crates/worth-store-certification/src/s6_evidence_materialization/counter_strength.rs,011-certification-production,move,complete,workspaces/worth-store/crates/worth-store-certification/src/evidence/scheduling/counter_strength.rs,Realized in the permanent subsystem topology and verified through the owning workspace.
workspaces/worth-store/crates/worth-store-certification/src/s6_evidence_materialization/denial.rs,011-certification-production,move,complete,workspaces/worth-store/crates/worth-store-certification/src/evidence/scheduling/denial.rs,Realized in the permanent subsystem topology and verified through the owning workspace.
workspaces/worth-store/crates/worth-store-certification/src/s6_evidence_materialization/mod.rs,011-certification-production,move,complete,workspaces/worth-store/crates/worth-store-certification/src/evidence/scheduling/mod.rs,Realized in the permanent subsystem topology and verified through the owning workspace.
workspaces/worth-store/crates/worth-store-certification/src/s6_evidence_materialization/performance.rs,011-certification-production,move,complete,workspaces/worth-store/crates/worth-store-certification/src/evidence/scheduling/performance.rs,Realized in the permanent subsystem topology and verified through the owning workspace.
workspaces/worth-store/crates/worth-store-certification/src/s6_evidence_materialization/profiles.rs,011-certification-production,move,complete,workspaces/worth-store/crates/worth-store-certification/src/evidence/scheduling/profiles.rs,Realized in the permanent subsystem topology and verified through the owning workspace.
workspaces/worth-store/crates/worth-store-certification/src/s6_evidence_materialization/proof.rs,011-certification-production,move,complete,workspaces/worth-store/crates/worth-store-certification/src/evidence/scheduling/proof.rs,Realized in the permanent subsystem topology and verified through the owning workspace.
workspaces/worth-store/crates/worth-store-certification/src/s6_evidence_materialization/sources.rs,011-certification-production,move,complete,workspaces/worth-store/crates/worth-store-certification/src/evidence/scheduling/sources.rs,Realized in the permanent subsystem topology and verified through the owning workspace.
workspaces/worth-store/crates/worth-store-certification/src/s6_flush_durability.rs,011-certification-production,move,complete,workspaces/worth-store/crates/worth-store-certification/src/courtroom/scheduling/flush_durability.rs,Realized in the permanent subsystem topology and verified through the owning workspace.
workspaces/worth-store/crates/worth-store-certification/src/s6_foreground_reservation.rs,011-certification-production,move,complete,workspaces/worth-store/crates/worth-store-certification/src/courtroom/scheduling/foreground_reservation.rs,Realized in the permanent subsystem topology and verified through the owning workspace.
workspaces/worth-store/crates/worth-store-certification/src/s6_foreground_reservation_tests.rs,011-certification-production,move,complete,workspaces/worth-store/crates/worth-store-certification/src/courtroom/scheduling/foreground_reservation_tests.rs,Realized in the permanent subsystem topology and verified through the owning workspace.
workspaces/worth-store/crates/worth-store-certification/src/s6_io_pressure_harness_closeout.rs,011-certification-production,move,complete,workspaces/worth-store/crates/worth-store-certification/src/scenario/scheduling/io_pressure_harness_closeout.rs,Realized in the permanent subsystem topology and verified through the owning workspace.
workspaces/worth-store/crates/worth-store-certification/src/s6_io_qos_readiness_handoff.rs,011-certification-production,move,complete,workspaces/worth-store/crates/worth-store-certification/src/courtroom/scheduling/io_qos_readiness_handoff.rs,Realized in the permanent subsystem topology and verified through the owning workspace.
workspaces/worth-store/crates/worth-store-certification/src/s6_latency_interference.rs,011-certification-production,move,complete,workspaces/worth-store/crates/worth-store-certification/src/courtroom/scheduling/latency_interference.rs,Realized in the permanent subsystem topology and verified through the owning workspace.
workspaces/worth-store/crates/worth-store-certification/src/s6_queue_execution.rs,011-certification-production,move,complete,workspaces/worth-store/crates/worth-store-certification/src/courtroom/scheduling/queue_execution.rs,Realized in the permanent subsystem topology and verified through the owning workspace.
workspaces/worth-store/crates/worth-store-certification/src/s6_reclaim_policy.rs,011-certification-production,move,complete,workspaces/worth-store/crates/worth-store-certification/src/courtroom/scheduling/reclaim_policy.rs,Realized in the permanent subsystem topology and verified through the owning workspace.
workspaces/worth-store/crates/worth-store-certification/src/s6_reclaim_policy_tests.rs,011-certification-production,move,complete,workspaces/worth-store/crates/worth-store-certification/src/courtroom/scheduling/reclaim_policy_tests.rs,Realized in the permanent subsystem topology and verified through the owning workspace.
workspaces/worth-store/crates/worth-store-certification/src/s7_closeout/certificate.rs,011-certification-production,move,complete,workspaces/worth-store/crates/worth-store-certification/src/courtroom/blobs/closeout/certificate.rs,Realized in the permanent subsystem topology and verified through the owning workspace.
workspaces/worth-store/crates/worth-store-certification/src/s7_closeout/classifier.rs,011-certification-production,move,complete,workspaces/worth-store/crates/worth-store-certification/src/courtroom/blobs/closeout/classifier.rs,Realized in the permanent subsystem topology and verified through the owning workspace.
workspaces/worth-store/crates/worth-store-certification/src/s7_closeout/denial.rs,011-certification-production,move,complete,workspaces/worth-store/crates/worth-store-certification/src/courtroom/blobs/closeout/denial.rs,Realized in the permanent subsystem topology and verified through the owning workspace.
workspaces/worth-store/crates/worth-store-certification/src/s7_closeout/input.rs,011-certification-production,move,complete,workspaces/worth-store/crates/worth-store-certification/src/courtroom/blobs/closeout/input.rs,Realized in the permanent subsystem topology and verified through the owning workspace.
workspaces/worth-store/crates/worth-store-certification/src/s7_closeout/mod.rs,011-certification-production,move,complete,workspaces/worth-store/crates/worth-store-certification/src/courtroom/blobs/closeout/mod.rs,Realized in the permanent subsystem topology and verified through the owning workspace.
workspaces/worth-store/crates/worth-store-certification/src/s7_closeout/verifier.rs,011-certification-production,move,complete,workspaces/worth-store/crates/worth-store-certification/src/courtroom/blobs/closeout/verifier.rs,Realized in the permanent subsystem topology and verified through the owning workspace.
workspaces/worth-store/crates/worth-store-certification/src/scale_fixture.rs,,move,complete,workspaces/worth-store/crates/worth-store-certification/src/scenario/cross_cutting/scale_fixture.rs,Realized in the permanent subsystem topology and verified through the owning workspace.
workspaces/worth-store/crates/worth-store-certification/src/scale_property.rs,,move,complete,workspaces/worth-store/crates/worth-store-certification/src/courtroom/cross_cutting/scale_property.rs,Realized in the permanent subsystem topology and verified through the owning workspace.
workspaces/worth-store/crates/worth-store-certification/src/scenario_definition.rs,,move,complete,workspaces/worth-store/crates/worth-store-certification/src/scenario/scheduling/scenario_definition.rs,Realized in the permanent subsystem topology and verified through the owning workspace.
workspaces/worth-store/crates/worth-store-certification/src/scenario_execution.rs,,move,complete,workspaces/worth-store/crates/worth-store-certification/src/scenario/scheduling/scenario_execution.rs,Realized in the permanent subsystem topology and verified through the owning workspace.
workspaces/worth-store/crates/worth-store-certification/src/scenario_plan.rs,,move,complete,workspaces/worth-store/crates/worth-store-certification/src/scenario/scheduling/scenario_plan.rs,Realized in the permanent subsystem topology and verified through the owning workspace.
workspaces/worth-store/crates/worth-store-certification/src/scenario_plan_rules.rs,,move,complete,workspaces/worth-store/crates/worth-store-certification/src/scenario/scheduling/scenario_plan_rules.rs,Realized in the permanent subsystem topology and verified through the owning workspace.
workspaces/worth-store/crates/worth-store-certification/src/scenario_planned_work_evidence.rs,,move,complete,workspaces/worth-store/crates/worth-store-certification/src/evidence/scheduling/scenario_planned_work_evidence.rs,Realized in the permanent subsystem topology and verified through the owning workspace.
workspaces/worth-store/crates/worth-store-certification/src/scrub_execution_tests.rs,,move,complete,workspaces/worth-store/crates/worth-store-certification/src/courtroom/physical_integrity/scrub_execution_tests.rs,Realized in the permanent subsystem topology and verified through the owning workspace.
workspaces/worth-store/crates/worth-store-certification/src/speculative_work_evidence.rs,,move,complete,workspaces/worth-store/crates/worth-store-certification/src/evidence/cross_cutting/speculative_work_evidence.rs,Realized in the permanent subsystem topology and verified through the owning workspace.
workspaces/worth-store/crates/worth-store-layout-indexes/src/planning/selection_basis.rs,,move,complete,workspaces/worth-store/crates/worth-store-layout-indexes/src/access/planning/selection_basis.rs,Realized in the permanent subsystem topology and verified through the owning workspace.
workspaces/worth-store/crates/worth-store-layout-indexes/src/planning/selection_policy.rs,,move,complete,workspaces/worth-store/crates/worth-store-layout-indexes/src/access/planning/selection_policy.rs,Realized in the permanent subsystem topology and verified through the owning workspace.
workspaces/worth-store/crates/worth-store-layout-indexes/src/planning/tests.rs,,move,complete,workspaces/worth-store/crates/worth-store-layout-indexes/src/access/planning/tests.rs,Realized in the permanent subsystem topology and verified through the owning workspace.
workspaces/worth-store/crates/worth-store-layout-indexes/src/production_transition/compaction_projection.rs,005-layout-indexes-production,move,complete,workspaces/worth-store/crates/worth-store-layout-indexes/src/compaction_projection/physical_cutover.rs,Realized in the permanent subsystem topology and verified through the owning workspace.
workspaces/worth-store/crates/worth-store-layout-indexes/src/strategy_registry/deferred.rs,,move,complete,workspaces/worth-store/crates/worth-store-layout-indexes/src/strategy/registry/deferred.rs,Realized in the permanent subsystem topology and verified through the owning workspace.
workspaces/worth-store/crates/worth-store-layout-indexes/src/strategy_registry/denial.rs,,move,complete,workspaces/worth-store/crates/worth-store-layout-indexes/src/strategy/registry/denial.rs,Realized in the permanent subsystem topology and verified through the owning workspace.
workspaces/worth-store/crates/worth-store-layout-indexes/src/strategy_registry/mod.rs,,move,complete,workspaces/worth-store/crates/worth-store-layout-indexes/src/strategy/registry/mod.rs,Realized in the permanent subsystem topology and verified through the owning workspace.
workspaces/worth-store/crates/worth-store-layout-indexes/src/strategy_registry/registry.rs,,move,complete,workspaces/worth-store/crates/worth-store-layout-indexes/src/strategy/registry/registry.rs,Realized in the permanent subsystem topology and verified through the owning workspace.
workspaces/worth-store/crates/worth-store-layout-indexes/src/strategy_registry/request.rs,,move,complete,workspaces/worth-store/crates/worth-store-layout-indexes/src/strategy/registry/request.rs,Realized in the permanent subsystem topology and verified through the owning workspace.
workspaces/worth-store/crates/worth-store-layout-indexes/src/strategy_registry/snapshot.rs,,move,complete,workspaces/worth-store/crates/worth-store-layout-indexes/src/strategy/registry/snapshot.rs,Realized in the permanent subsystem topology and verified through the owning workspace.
workspaces/worth-store/crates/worth-store-layout-indexes/src/strategy_registry/tests.rs,,move,complete,workspaces/worth-store/crates/worth-store-layout-indexes/src/strategy/registry/tests.rs,Realized in the permanent subsystem topology and verified through the owning workspace.
workspaces/worth-store/crates/worth-store-layout-indexes/tests/s8_phase0_compile_fail.rs,015-layout-indexes-tests,move,complete,workspaces/worth-store/crates/worth-store-layout-indexes/tests/compile_fail/layout/foundations_runner.rs,Realized in the permanent subsystem topology and verified through the owning workspace.
workspaces/worth-store/crates/worth-store-layout-indexes/tests/s8_phase15_recovery_readmission_compile_fail.rs,015-layout-indexes-tests,move,complete,workspaces/worth-store/crates/worth-store-layout-indexes/tests/compile_fail/layout/recovery_readmission_runner.rs,Realized in the permanent subsystem topology and verified through the owning workspace.
workspaces/worth-store/crates/worth-store-layout-indexes/tests/s8_phase16_migration_compile_fail.rs,015-layout-indexes-tests,move,complete,workspaces/worth-store/crates/worth-store-layout-indexes/tests/compile_fail/layout/migration_runner.rs,Realized in the permanent subsystem topology and verified through the owning workspace.
workspaces/worth-store/crates/worth-store-layout-indexes/tests/s8_phase17_counter_evidence_compile_fail.rs,015-layout-indexes-tests,move,complete,workspaces/worth-store/crates/worth-store-layout-indexes/tests/compile_fail/layout/counter_evidence_runner.rs,Realized in the permanent subsystem topology and verified through the owning workspace.
workspaces/worth-store/crates/worth-store-layout-indexes/tests/s8_phase18_bootstrap_catalog.rs,015-layout-indexes-tests,move,complete,workspaces/worth-store/crates/worth-store-layout-indexes/tests/scenarios/layout/bootstrap/bootstrap_catalog.rs,Realized in the permanent subsystem topology and verified through the owning workspace.
workspaces/worth-store/crates/worth-store-layout-indexes/tests/s8_phase18_bootstrap_compile_fail.rs,015-layout-indexes-tests,move,complete,workspaces/worth-store/crates/worth-store-layout-indexes/tests/compile_fail/layout/bootstrap_runner.rs,Realized in the permanent subsystem topology and verified through the owning workspace.
workspaces/worth-store/crates/worth-store-layout-indexes/tests/s8_phase21_layout_compile_fail.rs,015-layout-indexes-tests,move,complete,workspaces/worth-store/crates/worth-store-layout-indexes/tests/compile_fail/layout/strategy_admission_runner.rs,Realized in the permanent subsystem topology and verified through the owning workspace.
workspaces/worth-store/crates/worth-store-layout-indexes/tests/s8_phase22_layout_compile_fail.rs,015-layout-indexes-tests,move,complete,workspaces/worth-store/crates/worth-store-layout-indexes/tests/compile_fail/layout/btree_runner.rs,Realized in the permanent subsystem topology and verified through the owning workspace.
workspaces/worth-store/crates/worth-store-layout-indexes/tests/s8_phase30_public_facade_compile_fail.rs,015-layout-indexes-tests,move,complete,workspaces/worth-store/crates/worth-store-layout-indexes/tests/compile_fail/layout/public_facade_runner.rs,Realized in the permanent subsystem topology and verified through the owning workspace.
workspaces/worth-store/crates/worth-store-layout-indexes/tests/s8_phase32_compile_fail.rs,015-layout-indexes-tests,move,complete,workspaces/worth-store/crates/worth-store-layout-indexes/tests/compile_fail/layout/closeout_runner.rs,Realized in the permanent subsystem topology and verified through the owning workspace.
workspaces/worth-store/crates/worth-store-layout-indexes/tests/ui/phase0/access_planning_surface_is_not_public.rs,015-layout-indexes-tests,move,complete,workspaces/worth-store/crates/worth-store-layout-indexes/tests/compile_fail/layout/foundations/access_planning_surface_is_not_public.rs,Realized in the permanent subsystem topology and verified through the owning workspace.
workspaces/worth-store/crates/worth-store-layout-indexes/tests/ui/phase0/blob_wal_replay_rebuild_witness_raw_constructor_is_not_public.rs,015-layout-indexes-tests,move,complete,workspaces/worth-store/crates/worth-store-layout-indexes/tests/compile_fail/layout/foundations/blob_wal_replay_rebuild_witness_raw_constructor_is_not_public.rs,Realized in the permanent subsystem topology and verified through the owning workspace.
workspaces/worth-store/crates/worth-store-layout-indexes/tests/ui/phase0/cache_hit_cannot_satisfy_execution_readiness.rs,015-layout-indexes-tests,move,complete,workspaces/worth-store/crates/worth-store-layout-indexes/tests/compile_fail/layout/foundations/cache_hit_cannot_satisfy_execution_readiness.rs,Realized in the permanent subsystem topology and verified through the owning workspace.
workspaces/worth-store/crates/worth-store-layout-indexes/tests/ui/phase0/callback_cannot_satisfy_future_customization_request.rs,015-layout-indexes-tests,move,complete,workspaces/worth-store/crates/worth-store-layout-indexes/tests/compile_fail/layout/foundations/callback_cannot_satisfy_future_customization_request.rs,Realized in the permanent subsystem topology and verified through the owning workspace.
workspaces/worth-store/crates/worth-store-layout-indexes/tests/ui/phase0/certification_closeout_cannot_satisfy_executed_evidence.rs,015-layout-indexes-tests,move,complete,workspaces/worth-store/crates/worth-store-layout-indexes/tests/compile_fail/layout/foundations/certification_closeout_cannot_satisfy_executed_evidence.rs,Realized in the permanent subsystem topology and verified through the owning workspace.
workspaces/worth-store/crates/worth-store-layout-indexes/tests/ui/phase0/certification_helper_surface_is_not_public.rs,015-layout-indexes-tests,move,complete,workspaces/worth-store/crates/worth-store-layout-indexes/tests/compile_fail/layout/foundations/certification_helper_surface_is_not_public.rs,Realized in the permanent subsystem topology and verified through the owning workspace.
workspaces/worth-store/crates/worth-store-layout-indexes/tests/ui/phase0/copied_counter_rows_cannot_satisfy_planned_vs_observed.rs,015-layout-indexes-tests,move,complete,workspaces/worth-store/crates/worth-store-layout-indexes/tests/compile_fail/layout/foundations/copied_counter_rows_cannot_satisfy_planned_vs_observed.rs,Realized in the permanent subsystem topology and verified through the owning workspace.
workspaces/worth-store/crates/worth-store-layout-indexes/tests/ui/phase0/declared_strategy_surface_is_not_public.rs,015-layout-indexes-tests,move,complete,workspaces/worth-store/crates/worth-store-layout-indexes/tests/compile_fail/layout/foundations/declared_strategy_surface_is_not_public.rs,Realized in the permanent subsystem topology and verified through the owning workspace.
workspaces/worth-store/crates/worth-store-layout-indexes/tests/ui/phase0/deep_import_internal_skeleton_is_unavailable.rs,015-layout-indexes-tests,move,complete,workspaces/worth-store/crates/worth-store-layout-indexes/tests/compile_fail/layout/foundations/deep_import_internal_skeleton_is_unavailable.rs,Realized in the permanent subsystem topology and verified through the owning workspace.
workspaces/worth-store/crates/worth-store-layout-indexes/tests/ui/phase0/derived_index_parity_witness_raw_constructor_is_not_public.rs,015-layout-indexes-tests,move,complete,workspaces/worth-store/crates/worth-store-layout-indexes/tests/compile_fail/layout/foundations/derived_index_parity_witness_raw_constructor_is_not_public.rs,Realized in the permanent subsystem topology and verified through the owning workspace.
workspaces/worth-store/crates/worth-store-layout-indexes/tests/ui/phase0/derived_index_rebuild_plan_raw_constructor_is_not_public.rs,015-layout-indexes-tests,move,complete,workspaces/worth-store/crates/worth-store-layout-indexes/tests/compile_fail/layout/foundations/derived_index_rebuild_plan_raw_constructor_is_not_public.rs,Realized in the permanent subsystem topology and verified through the owning workspace.
workspaces/worth-store/crates/worth-store-layout-indexes/tests/ui/phase0/derived_projection_cannot_bind_rollback_authority.rs,015-layout-indexes-tests,move,complete,workspaces/worth-store/crates/worth-store-layout-indexes/tests/compile_fail/layout/foundations/derived_projection_cannot_bind_rollback_authority.rs,Realized in the permanent subsystem topology and verified through the owning workspace.
workspaces/worth-store/crates/worth-store-layout-indexes/tests/ui/phase0/derived_projection_cannot_satisfy_exact_access_admission.rs,015-layout-indexes-tests,move,complete,workspaces/worth-store/crates/worth-store-layout-indexes/tests/compile_fail/layout/foundations/derived_projection_cannot_satisfy_exact_access_admission.rs,Realized in the permanent subsystem topology and verified through the owning workspace.
workspaces/worth-store/crates/worth-store-layout-indexes/tests/ui/phase0/execution_readmission_witness_raw_constructor_is_not_public.rs,015-layout-indexes-tests,move,complete,workspaces/worth-store/crates/worth-store-layout-indexes/tests/compile_fail/layout/foundations/execution_readmission_witness_raw_constructor_is_not_public.rs,Realized in the permanent subsystem topology and verified through the owning workspace.
workspaces/worth-store/crates/worth-store-layout-indexes/tests/ui/phase0/execution_rebind_witness_raw_constructor_is_not_public.rs,015-layout-indexes-tests,move,complete,workspaces/worth-store/crates/worth-store-layout-indexes/tests/compile_fail/layout/foundations/execution_rebind_witness_raw_constructor_is_not_public.rs,Realized in the permanent subsystem topology and verified through the owning workspace.
workspaces/worth-store/crates/worth-store-layout-indexes/tests/ui/phase0/extensions_generic_target_builder_is_not_public.rs,015-layout-indexes-tests,move,complete,workspaces/worth-store/crates/worth-store-layout-indexes/tests/compile_fail/layout/foundations/extensions_generic_target_builder_is_not_public.rs,Realized in the permanent subsystem topology and verified through the owning workspace.
workspaces/worth-store/crates/worth-store-layout-indexes/tests/ui/phase0/foundational_materialized_report_cannot_satisfy_readmission_witness.rs,015-layout-indexes-tests,move,complete,workspaces/worth-store/crates/worth-store-layout-indexes/tests/compile_fail/layout/foundations/foundational_materialized_report_cannot_satisfy_readmission_witness.rs,Realized in the permanent subsystem topology and verified through the owning workspace.
workspaces/worth-store/crates/worth-store-layout-indexes/tests/ui/phase0/generic_execution_surface_is_not_public.rs,015-layout-indexes-tests,move,complete,workspaces/worth-store/crates/worth-store-layout-indexes/tests/compile_fail/layout/foundations/generic_execution_surface_is_not_public.rs,Realized in the permanent subsystem topology and verified through the owning workspace.
workspaces/worth-store/crates/worth-store-layout-indexes/tests/ui/phase0/layout_mutation_plan_raw_constructor_is_not_public.rs,015-layout-indexes-tests,move,complete,workspaces/worth-store/crates/worth-store-layout-indexes/tests/compile_fail/layout/foundations/layout_mutation_plan_raw_constructor_is_not_public.rs,Realized in the permanent subsystem topology and verified through the owning workspace.
workspaces/worth-store/crates/worth-store-layout-indexes/tests/ui/phase0/layout_quarantine_readmission_shortcut_surface_is_not_public.rs,015-layout-indexes-tests,move,complete,workspaces/worth-store/crates/worth-store-layout-indexes/tests/compile_fail/layout/foundations/layout_quarantine_readmission_shortcut_surface_is_not_public.rs,Realized in the permanent subsystem topology and verified through the owning workspace.
workspaces/worth-store/crates/worth-store-layout-indexes/tests/ui/phase0/layout_readmission_legacy_for_stale_surface_is_not_public.rs,015-layout-indexes-tests,move,complete,workspaces/worth-store/crates/worth-store-layout-indexes/tests/compile_fail/layout/foundations/layout_readmission_legacy_for_stale_surface_is_not_public.rs,Realized in the permanent subsystem topology and verified through the owning workspace.
workspaces/worth-store/crates/worth-store-layout-indexes/tests/ui/phase0/layout_readmission_witness_raw_constructor_is_not_public.rs,015-layout-indexes-tests,move,complete,workspaces/worth-store/crates/worth-store-layout-indexes/tests/compile_fail/layout/foundations/layout_readmission_witness_raw_constructor_is_not_public.rs,Realized in the permanent subsystem topology and verified through the owning workspace.
workspaces/worth-store/crates/worth-store-layout-indexes/tests/ui/phase0/layout_registry_surface_is_not_public.rs,015-layout-indexes-tests,move,complete,workspaces/worth-store/crates/worth-store-layout-indexes/tests/compile_fail/layout/foundations/layout_registry_surface_is_not_public.rs,Realized in the permanent subsystem topology and verified through the owning workspace.
workspaces/worth-store/crates/worth-store-layout-indexes/tests/ui/phase0/legacy_access_shape_wrappers_are_not_public.rs,015-layout-indexes-tests,move,complete,workspaces/worth-store/crates/worth-store-layout-indexes/tests/compile_fail/layout/foundations/legacy_access_shape_wrappers_are_not_public.rs,Realized in the permanent subsystem topology and verified through the owning workspace.
workspaces/worth-store/crates/worth-store-layout-indexes/tests/ui/phase0/legacy_degraded_exact_scan_surface_is_not_public.rs,015-layout-indexes-tests,move,complete,workspaces/worth-store/crates/worth-store-layout-indexes/tests/compile_fail/layout/foundations/legacy_degraded_exact_scan_surface_is_not_public.rs,Realized in the permanent subsystem topology and verified through the owning workspace.
workspaces/worth-store/crates/worth-store-layout-indexes/tests/ui/phase0/live_exact_maintenance_witness_raw_constructor_is_not_public.rs,015-layout-indexes-tests,move,complete,workspaces/worth-store/crates/worth-store-layout-indexes/tests/compile_fail/layout/foundations/live_exact_maintenance_witness_raw_constructor_is_not_public.rs,Realized in the permanent subsystem topology and verified through the owning workspace.
workspaces/worth-store/crates/worth-store-layout-indexes/tests/ui/phase0/live_maintenance_request_cannot_mint_lower_mutation_proof.rs,015-layout-indexes-tests,move,complete,workspaces/worth-store/crates/worth-store-layout-indexes/tests/compile_fail/layout/foundations/live_maintenance_request_cannot_mint_lower_mutation_proof.rs,Realized in the permanent subsystem topology and verified through the owning workspace.
workspaces/worth-store/crates/worth-store-layout-indexes/tests/ui/phase0/materialization_raw_constructor_surface_is_not_public.rs,015-layout-indexes-tests,move,complete,workspaces/worth-store/crates/worth-store-layout-indexes/tests/compile_fail/layout/foundations/materialization_raw_constructor_surface_is_not_public.rs,Realized in the permanent subsystem topology and verified through the owning workspace.
workspaces/worth-store/crates/worth-store-layout-indexes/tests/ui/phase0/materialized_report_cannot_satisfy_layout_registry_snapshot.rs,015-layout-indexes-tests,move,complete,workspaces/worth-store/crates/worth-store-layout-indexes/tests/compile_fail/layout/foundations/materialized_report_cannot_satisfy_layout_registry_snapshot.rs,Realized in the permanent subsystem topology and verified through the owning workspace.
workspaces/worth-store/crates/worth-store-layout-indexes/tests/ui/phase0/offline_report_cannot_satisfy_readmission_witness.rs,015-layout-indexes-tests,move,complete,workspaces/worth-store/crates/worth-store-layout-indexes/tests/compile_fail/layout/foundations/offline_report_cannot_satisfy_readmission_witness.rs,Realized in the permanent subsystem topology and verified through the owning workspace.
workspaces/worth-store/crates/worth-store-layout-indexes/tests/ui/phase0/physical_certification_harness_cannot_satisfy_executed_evidence.rs,015-layout-indexes-tests,move,complete,workspaces/worth-store/crates/worth-store-layout-indexes/tests/compile_fail/layout/foundations/physical_certification_harness_cannot_satisfy_executed_evidence.rs,Realized in the permanent subsystem topology and verified through the owning workspace.
workspaces/worth-store/crates/worth-store-layout-indexes/tests/ui/phase0/physical_root_manifest_rebuild_witness_raw_constructor_is_not_public.rs,015-layout-indexes-tests,move,complete,workspaces/worth-store/crates/worth-store-layout-indexes/tests/compile_fail/layout/foundations/physical_root_manifest_rebuild_witness_raw_constructor_is_not_public.rs,Realized in the permanent subsystem topology and verified through the owning workspace.
workspaces/worth-store/crates/worth-store-layout-indexes/tests/ui/phase0/plan_fingerprint_raw_constructor_is_not_public.rs,015-layout-indexes-tests,move,complete,workspaces/worth-store/crates/worth-store-layout-indexes/tests/compile_fail/layout/foundations/plan_fingerprint_raw_constructor_is_not_public.rs,Realized in the permanent subsystem topology and verified through the owning workspace.
workspaces/worth-store/crates/worth-store-certification/src/s5_physical_isolation_harness/context.rs,011-certification-production,move,complete,workspaces/worth-store/crates/worth-store-physical-certification/src/scenarios/physical_isolation/context.rs,Realized in the permanent subsystem topology and verified through the owning workspace.
workspaces/worth-store/crates/worth-store-certification/src/s5_physical_isolation_harness/lane.rs,011-certification-production,move,complete,workspaces/worth-store/crates/worth-store-physical-certification/src/scenarios/physical_isolation/lane.rs,Realized in the permanent subsystem topology and verified through the owning workspace.
workspaces/worth-store/crates/worth-store-certification/src/s5_physical_isolation_harness/mod.rs,011-certification-production,move,complete,workspaces/worth-store/crates/worth-store-physical-certification/src/scenarios/physical_isolation/mod.rs,Realized in the permanent subsystem topology and verified through the owning workspace.
workspaces/worth-store/crates/worth-store-certification/src/s5_physical_isolation_harness/observer.rs,011-certification-production,move,complete,workspaces/worth-store/crates/worth-store-physical-certification/src/scenarios/physical_isolation/observer.rs,Realized in the permanent subsystem topology and verified through the owning workspace.
workspaces/worth-store/crates/worth-store-certification/src/s5_physical_isolation_harness/replay.rs,011-certification-production,move,complete,workspaces/worth-store/crates/worth-store-physical-certification/src/scenarios/physical_isolation/replay.rs,Realized in the permanent subsystem topology and verified through the owning workspace.
workspaces/worth-store/crates/worth-store-certification/src/speculative_work_evidence_tests.rs,,move,complete,workspaces/worth-store/crates/worth-store-certification/src/evidence/cross_cutting/speculative_work_evidence_tests.rs,Realized in the permanent subsystem topology and verified through the owning workspace.
workspaces/worth-store/crates/worth-store-certification/src/store_certification_program.rs,,move,complete,workspaces/worth-store/crates/worth-store-certification/src/courtroom/cross_cutting/store_certification_program.rs,Realized in the permanent subsystem topology and verified through the owning workspace.
workspaces/worth-store/crates/worth-store-certification/src/store_json_residue_certification.rs,,move,complete,workspaces/worth-store/crates/worth-store-certification/src/courtroom/foundational/store_json_residue_certification.rs,Realized in the permanent subsystem topology and verified through the owning workspace.
workspaces/worth-store/crates/worth-store-certification/src/store_json_residue_denial.rs,,move,complete,workspaces/worth-store/crates/worth-store-certification/src/courtroom/foundational/store_json_residue_denial.rs,Realized in the permanent subsystem topology and verified through the owning workspace.
workspaces/worth-store/crates/worth-store-certification/src/store_json_residue_entry.rs,,move,complete,workspaces/worth-store/crates/worth-store-certification/src/courtroom/foundational/store_json_residue_entry.rs,Realized in the permanent subsystem topology and verified through the owning workspace.
workspaces/worth-store/crates/worth-store-certification/src/store_json_residue_exports.rs,,move,complete,workspaces/worth-store/crates/worth-store-certification/src/courtroom/foundational/store_json_residue_exports.rs,Realized in the permanent subsystem topology and verified through the owning workspace.
workspaces/worth-store/crates/worth-store-certification/src/store_json_residue_inventory.rs,,move,complete,workspaces/worth-store/crates/worth-store-certification/src/courtroom/foundational/store_json_residue_inventory.rs,Realized in the permanent subsystem topology and verified through the owning workspace.
workspaces/worth-store/crates/worth-store-certification/src/store_json_residue_prelude_scan.rs,,move,complete,workspaces/worth-store/crates/worth-store-certification/src/courtroom/foundational/store_json_residue_prelude_scan.rs,Realized in the permanent subsystem topology and verified through the owning workspace.
workspaces/worth-store/crates/worth-store-certification/src/store_json_residue_scan.rs,,move,complete,workspaces/worth-store/crates/worth-store-certification/src/courtroom/foundational/store_json_residue_scan.rs,Realized in the permanent subsystem topology and verified through the owning workspace.
workspaces/worth-store/crates/worth-store-certification/src/store_json_residue_tests.rs,,move,complete,workspaces/worth-store/crates/worth-store-certification/src/courtroom/foundational/store_json_residue_tests.rs,Realized in the permanent subsystem topology and verified through the owning workspace.
workspaces/worth-store/crates/worth-store-certification/src/story_transcript.rs,,move,complete,workspaces/worth-store/crates/worth-store-certification/src/scenario/cross_cutting/story_transcript.rs,Realized in the permanent subsystem topology and verified through the owning workspace.
workspaces/worth-store/crates/worth-store-certification/src/synthetic_closeout_exports.rs,,move,complete,workspaces/worth-store/crates/worth-store-certification/src/courtroom/cross_cutting/synthetic_closeout_exports.rs,Realized in the permanent subsystem topology and verified through the owning workspace.
workspaces/worth-store/crates/worth-store-certification/src/synthetic_closeout_rejection.rs,,move,complete,workspaces/worth-store/crates/worth-store-certification/src/courtroom/cross_cutting/synthetic_closeout_rejection.rs,Realized in the permanent subsystem topology and verified through the owning workspace.
workspaces/worth-store/crates/worth-store-certification/src/terminal_projection_json_fixture_boundary_tests.rs,,move,complete,workspaces/worth-store/crates/worth-store-certification/src/scenario/foundational/terminal_projection_json_fixture_boundary_tests.rs,Realized in the permanent subsystem topology and verified through the owning workspace.
workspaces/worth-store/crates/worth-store-certification/src/wal_frame_integrity_tests.rs,,move,complete,workspaces/worth-store/crates/worth-store-certification/src/courtroom/durability/wal_frame_integrity_tests.rs,Realized in the permanent subsystem topology and verified through the owning workspace.
workspaces/worth-store/crates/worth-store-certification/tests/s4_5_checkpoint_publication_evidence_support.rs,014-certification-tests,move,complete,workspaces/worth-store/crates/worth-store-certification/tests/support/recovery/checkpoint_publication_evidence_support/checkpoint_publication_evidence_support.rs,Realized in the permanent subsystem topology and verified through the owning workspace.
workspaces/worth-store/crates/worth-store-certification/tests/s5_executed_closeout_fixture.rs,014-certification-tests,move,complete,workspaces/worth-store/crates/worth-store-certification/tests/support/physical_isolation/executed_closeout_fixture/executed_closeout_fixture.rs,Realized in the permanent subsystem topology and verified through the owning workspace.
workspaces/worth-store/crates/worth-store-certification/tests/s5_read_during_checkpoint.rs,014-certification-tests,move,complete,workspaces/worth-store/crates/worth-store-certification/tests/scenarios/physical_isolation/read_during_checkpoint/read_during_checkpoint.rs,Realized in the permanent subsystem topology and verified through the owning workspace.
workspaces/worth-store/crates/worth-store-io-scheduler/src/s6_readiness/denial.rs,004-io-scheduler-production,move,complete,workspaces/worth-store/crates/worth-store-io-scheduler/src/admission/isolation_denial.rs,Realized in the permanent subsystem topology and verified through the owning workspace.
workspaces/worth-store/crates/worth-store-layout-indexes/src/access_shape/append.rs,,move,complete,workspaces/worth-store/crates/worth-store-layout-indexes/src/access/shape/append.rs,Realized in the permanent subsystem topology and verified through the owning workspace.
workspaces/worth-store/crates/worth-store-layout-indexes/src/access_shape/contract.rs,,move,complete,workspaces/worth-store/crates/worth-store-layout-indexes/src/access/shape/contract.rs,Realized in the permanent subsystem topology and verified through the owning workspace.
workspaces/worth-store/crates/worth-store-layout-indexes/src/access_shape/degraded.rs,,move,complete,workspaces/worth-store/crates/worth-store-layout-indexes/src/access/shape/degraded.rs,Realized in the permanent subsystem topology and verified through the owning workspace.
workspaces/worth-store/crates/worth-store-layout-indexes/src/access_shape/denial.rs,,move,complete,workspaces/worth-store/crates/worth-store-layout-indexes/src/access/shape/denial.rs,Realized in the permanent subsystem topology and verified through the owning workspace.
workspaces/worth-store/crates/worth-store-layout-indexes/src/access_shape/detail.rs,,move,complete,workspaces/worth-store/crates/worth-store-layout-indexes/src/access/shape/detail.rs,Realized in the permanent subsystem topology and verified through the owning workspace.
workspaces/worth-store/crates/worth-store-layout-indexes/src/access_shape/facade.rs,,move,complete,workspaces/worth-store/crates/worth-store-layout-indexes/src/access/shape/facade.rs,Realized in the permanent subsystem topology and verified through the owning workspace.
workspaces/worth-store/crates/worth-store-layout-indexes/src/access_shape/lane.rs,,move,complete,workspaces/worth-store/crates/worth-store-layout-indexes/src/access/shape/lane.rs,Realized in the permanent subsystem topology and verified through the owning workspace.
workspaces/worth-store/crates/worth-store-layout-indexes/src/access_shape/mod.rs,,move,complete,workspaces/worth-store/crates/worth-store-layout-indexes/src/access/shape/mod.rs,Realized in the permanent subsystem topology and verified through the owning workspace.
workspaces/worth-store/crates/worth-store-layout-indexes/src/access_shape/point.rs,,move,complete,workspaces/worth-store/crates/worth-store-layout-indexes/src/access/shape/point.rs,Realized in the permanent subsystem topology and verified through the owning workspace.
workspaces/worth-store/crates/worth-store-layout-indexes/src/access_shape/prefix.rs,,move,complete,workspaces/worth-store/crates/worth-store-layout-indexes/src/access/shape/prefix.rs,Realized in the permanent subsystem topology and verified through the owning workspace.
workspaces/worth-store/crates/worth-store-layout-indexes/src/access_shape/quarantine.rs,,move,complete,workspaces/worth-store/crates/worth-store-layout-indexes/src/access/shape/quarantine.rs,Realized in the permanent subsystem topology and verified through the owning workspace.
workspaces/worth-store/crates/worth-store-layout-indexes/src/access_shape/range.rs,,move,complete,workspaces/worth-store/crates/worth-store-layout-indexes/src/access/shape/range.rs,Realized in the permanent subsystem topology and verified through the owning workspace.
workspaces/worth-store/crates/worth-store-layout-indexes/src/access_shape/rebuild.rs,,move,complete,workspaces/worth-store/crates/worth-store-layout-indexes/src/access/shape/rebuild.rs,Realized in the permanent subsystem topology and verified through the owning workspace.
workspaces/worth-store/crates/worth-store-layout-indexes/src/access_shape/repair.rs,,move,complete,workspaces/worth-store/crates/worth-store-layout-indexes/src/access/shape/repair.rs,Realized in the permanent subsystem topology and verified through the owning workspace.
workspaces/worth-store/crates/worth-store-layout-indexes/src/access_shape/scan.rs,,move,complete,workspaces/worth-store/crates/worth-store-layout-indexes/src/access/shape/scan.rs,Realized in the permanent subsystem topology and verified through the owning workspace.
workspaces/worth-store/crates/worth-store-layout-indexes/src/access_shape/shape.rs,,move,complete,workspaces/worth-store/crates/worth-store-layout-indexes/src/access/shape/shape.rs,Realized in the permanent subsystem topology and verified through the owning workspace.
workspaces/worth-store/crates/worth-store-layout-indexes/src/access_shape/streaming.rs,,move,complete,workspaces/worth-store/crates/worth-store-layout-indexes/src/access/shape/streaming.rs,Realized in the permanent subsystem topology and verified through the owning workspace.
workspaces/worth-store/crates/worth-store-layout-indexes/src/access_shape/tests.rs,,move,complete,workspaces/worth-store/crates/worth-store-layout-indexes/src/access/shape/tests.rs,Realized in the permanent subsystem topology and verified through the owning workspace.
workspaces/worth-store/crates/worth-store-layout-indexes/src/access_shape/verifier.rs,,move,complete,workspaces/worth-store/crates/worth-store-layout-indexes/src/access/shape/verifier.rs,Realized in the permanent subsystem topology and verified through the owning workspace.
workspaces/worth-store/crates/worth-store-layout-indexes/src/artifact_family/accuracy_class.rs,,move,complete,workspaces/worth-store/crates/worth-store-layout-indexes/src/catalog/accuracy_class.rs,Realized in the permanent subsystem topology and verified through the owning workspace.
workspaces/worth-store/crates/worth-store-layout-indexes/src/artifact_family/admission.rs,,move,complete,workspaces/worth-store/crates/worth-store-layout-indexes/src/catalog/admission.rs,Realized in the permanent subsystem topology and verified through the owning workspace.
workspaces/worth-store/crates/worth-store-layout-indexes/src/artifact_family/authority.rs,,move,complete,workspaces/worth-store/crates/worth-store-layout-indexes/src/catalog/authority.rs,Realized in the permanent subsystem topology and verified through the owning workspace.
workspaces/worth-store/crates/worth-store-layout-indexes/src/artifact_family/authority_role.rs,,move,complete,workspaces/worth-store/crates/worth-store-layout-indexes/src/catalog/authority_role.rs,Realized in the permanent subsystem topology and verified through the owning workspace.
workspaces/worth-store/crates/worth-store-layout-indexes/src/artifact_family/classification.rs,,move,complete,workspaces/worth-store/crates/worth-store-layout-indexes/src/catalog/classification.rs,Realized in the permanent subsystem topology and verified through the owning workspace.
workspaces/worth-store/crates/worth-store-layout-indexes/src/artifact_family/declaration.rs,,move,complete,workspaces/worth-store/crates/worth-store-layout-indexes/src/catalog/declaration.rs,Realized in the permanent subsystem topology and verified through the owning workspace.
workspaces/worth-store/crates/worth-store-layout-indexes/src/artifact_family/denial.rs,,move,complete,workspaces/worth-store/crates/worth-store-layout-indexes/src/catalog/denial.rs,Realized in the permanent subsystem topology and verified through the owning workspace.
workspaces/worth-store/crates/worth-store-layout-indexes/src/artifact_family/inventory.rs,,move,complete,workspaces/worth-store/crates/worth-store-layout-indexes/src/catalog/inventory.rs,Realized in the permanent subsystem topology and verified through the owning workspace.
workspaces/worth-store/crates/worth-store-layout-indexes/src/artifact_family/lifecycle.rs,,move,complete,workspaces/worth-store/crates/worth-store-layout-indexes/src/catalog/lifecycle.rs,Realized in the permanent subsystem topology and verified through the owning workspace.
workspaces/worth-store/crates/worth-store-layout-indexes/src/artifact_family/mod.rs,,move,complete,workspaces/worth-store/crates/worth-store-layout-indexes/src/catalog/mod.rs,Realized in the permanent subsystem topology and verified through the owning workspace.
workspaces/worth-store/crates/worth-store-layout-indexes/src/artifact_family/phase_three_tests.rs,,move,complete,workspaces/worth-store/crates/worth-store-layout-indexes/src/catalog/phase_three_tests.rs,Realized in the permanent subsystem topology and verified through the owning workspace.
workspaces/worth-store/crates/worth-store-layout-indexes/src/artifact_family/phase_two_tests.rs,,move,complete,workspaces/worth-store/crates/worth-store-layout-indexes/src/catalog/phase_two_tests.rs,Realized in the permanent subsystem topology and verified through the owning workspace.
workspaces/worth-store/crates/worth-store-layout-indexes/src/artifact_family/scope_partition.rs,,move,complete,workspaces/worth-store/crates/worth-store-layout-indexes/src/catalog/scope_partition.rs,Realized in the permanent subsystem topology and verified through the owning workspace.
workspaces/worth-store/crates/worth-store-layout-indexes/src/artifact_family/tests.rs,,move,complete,workspaces/worth-store/crates/worth-store-layout-indexes/src/catalog/tests.rs,Realized in the permanent subsystem topology and verified through the owning workspace.
workspaces/worth-store/crates/worth-store-layout-indexes/src/artifact_family/witness.rs,,move,complete,workspaces/worth-store/crates/worth-store-layout-indexes/src/catalog/witness.rs,Realized in the permanent subsystem topology and verified through the owning workspace.
workspaces/worth-store/crates/worth-store-layout-indexes/src/budget/admitted_budget.rs,,move,complete,workspaces/worth-store/crates/worth-store-layout-indexes/src/access/budget/admitted_budget.rs,Realized in the permanent subsystem topology and verified through the owning workspace.
workspaces/worth-store/crates/worth-store-layout-indexes/src/budget/estimate.rs,,move,complete,workspaces/worth-store/crates/worth-store-layout-indexes/src/access/budget/estimate.rs,Realized in the permanent subsystem topology and verified through the owning workspace.
workspaces/worth-store/crates/worth-store-layout-indexes/src/budget/mod.rs,,move,complete,workspaces/worth-store/crates/worth-store-layout-indexes/src/access/budget/mod.rs,Realized in the permanent subsystem topology and verified through the owning workspace.
workspaces/worth-store/crates/worth-store-layout-indexes/src/budget/planned_counter_envelope.rs,,move,complete,workspaces/worth-store/crates/worth-store-layout-indexes/src/access/budget/planned_counter_envelope.rs,Realized in the permanent subsystem topology and verified through the owning workspace.
workspaces/worth-store/crates/worth-store-layout-indexes/src/budget/tests.rs,,move,complete,workspaces/worth-store/crates/worth-store-layout-indexes/src/access/budget/tests.rs,Realized in the permanent subsystem topology and verified through the owning workspace.
workspaces/worth-store/crates/worth-store-layout-indexes/src/budget/violation.rs,,move,complete,workspaces/worth-store/crates/worth-store-layout-indexes/src/access/budget/violation.rs,Realized in the permanent subsystem topology and verified through the owning workspace.
workspaces/worth-store/crates/worth-store-layout-indexes/src/corruption/classification.rs,,move,complete,workspaces/worth-store/crates/worth-store-layout-indexes/src/integrity/classification.rs,Realized in the permanent subsystem topology and verified through the owning workspace.
workspaces/worth-store/crates/worth-store-layout-indexes/src/corruption/denial.rs,,move,complete,workspaces/worth-store/crates/worth-store-layout-indexes/src/integrity/denial.rs,Realized in the permanent subsystem topology and verified through the owning workspace.
workspaces/worth-store/crates/worth-store-layout-indexes/src/corruption/facade.rs,,move,complete,workspaces/worth-store/crates/worth-store-layout-indexes/src/integrity/facade.rs,Realized in the permanent subsystem topology and verified through the owning workspace.
workspaces/worth-store/crates/worth-store-layout-indexes/src/corruption/input.rs,,move,complete,workspaces/worth-store/crates/worth-store-layout-indexes/src/integrity/input.rs,Realized in the permanent subsystem topology and verified through the owning workspace.
workspaces/worth-store/crates/worth-store-layout-indexes/src/execution/amplification_receipt.rs,,move,complete,workspaces/worth-store/crates/worth-store-layout-indexes/src/access/execution/amplification_receipt.rs,Realized in the permanent subsystem topology and verified through the owning workspace.
workspaces/worth-store/crates/worth-store-layout-indexes/src/execution/attempt_cost.rs,,move,complete,workspaces/worth-store/crates/worth-store-layout-indexes/src/access/execution/attempt_cost.rs,Realized in the permanent subsystem topology and verified through the owning workspace.
workspaces/worth-store/crates/worth-store-layout-indexes/src/execution/counter_snapshot.rs,,move,complete,workspaces/worth-store/crates/worth-store-layout-indexes/src/access/execution/counter_snapshot.rs,Realized in the permanent subsystem topology and verified through the owning workspace.
workspaces/worth-store/crates/worth-store-layout-indexes/src/execution/counter_tests.rs,,move,complete,workspaces/worth-store/crates/worth-store-layout-indexes/src/access/execution/counter_tests.rs,Realized in the permanent subsystem topology and verified through the owning workspace.
workspaces/worth-store/crates/worth-store-layout-indexes/src/execution/counter_witness.rs,,move,complete,workspaces/worth-store/crates/worth-store-layout-indexes/src/access/execution/counter_witness.rs,Realized in the permanent subsystem topology and verified through the owning workspace.
workspaces/worth-store/crates/worth-store-layout-indexes/src/execution/denial.rs,,move,complete,workspaces/worth-store/crates/worth-store-layout-indexes/src/access/execution/denial.rs,Realized in the permanent subsystem topology and verified through the owning workspace.
workspaces/worth-store/crates/worth-store-layout-indexes/src/execution/executed_evidence.rs,,move,complete,workspaces/worth-store/crates/worth-store-layout-indexes/src/access/execution/executed_evidence.rs,Realized in the permanent subsystem topology and verified through the owning workspace.
workspaces/worth-store/crates/worth-store-layout-indexes/src/execution/facade.rs,,move,complete,workspaces/worth-store/crates/worth-store-layout-indexes/src/access/execution/facade.rs,Realized in the permanent subsystem topology and verified through the owning workspace.
workspaces/worth-store/crates/worth-store-layout-indexes/src/execution/freshness.rs,,move,complete,workspaces/worth-store/crates/worth-store-layout-indexes/src/access/execution/freshness.rs,Realized in the permanent subsystem topology and verified through the owning workspace.
workspaces/worth-store/crates/worth-store-layout-indexes/src/execution/lowered_plan.rs,,move,complete,workspaces/worth-store/crates/worth-store-layout-indexes/src/access/execution/lowered_plan.rs,Realized in the permanent subsystem topology and verified through the owning workspace.
workspaces/worth-store/crates/worth-store-layout-indexes/src/execution/lowering_request.rs,,move,complete,workspaces/worth-store/crates/worth-store-layout-indexes/src/access/execution/lowering_request.rs,Realized in the permanent subsystem topology and verified through the owning workspace.
workspaces/worth-store/crates/worth-store-layout-indexes/src/execution/mod.rs,,move,complete,workspaces/worth-store/crates/worth-store-layout-indexes/src/access/execution/mod.rs,Realized in the permanent subsystem topology and verified through the owning workspace.
workspaces/worth-store/crates/worth-store-layout-indexes/src/execution/observed_counters.rs,,move,complete,workspaces/worth-store/crates/worth-store-layout-indexes/src/access/execution/observed_counters.rs,Realized in the permanent subsystem topology and verified through the owning workspace.
workspaces/worth-store/crates/worth-store-layout-indexes/src/execution/outcomes/counter_admission.rs,,move,complete,workspaces/worth-store/crates/worth-store-layout-indexes/src/access/execution/outcomes/counter_admission.rs,Realized in the permanent subsystem topology and verified through the owning workspace.
workspaces/worth-store/crates/worth-store-layout-indexes/src/execution/outcomes/executed.rs,,move,complete,workspaces/worth-store/crates/worth-store-layout-indexes/src/access/execution/outcomes/executed.rs,Realized in the permanent subsystem topology and verified through the owning workspace.
workspaces/worth-store/crates/worth-store-layout-indexes/src/execution/outcomes/lowering.rs,,move,complete,workspaces/worth-store/crates/worth-store-layout-indexes/src/access/execution/outcomes/lowering.rs,Realized in the permanent subsystem topology and verified through the owning workspace.
workspaces/worth-store/crates/worth-store-layout-indexes/src/execution/outcomes/mod.rs,,move,complete,workspaces/worth-store/crates/worth-store-layout-indexes/src/access/execution/outcomes/mod.rs,Realized in the permanent subsystem topology and verified through the owning workspace.
workspaces/worth-store/crates/worth-store-layout-indexes/src/execution/outcomes/readiness.rs,,move,complete,workspaces/worth-store/crates/worth-store-layout-indexes/src/access/execution/outcomes/readiness.rs,Realized in the permanent subsystem topology and verified through the owning workspace.
workspaces/worth-store/crates/worth-store-layout-indexes/src/execution/outcomes/readmission.rs,,move,complete,workspaces/worth-store/crates/worth-store-layout-indexes/src/access/execution/outcomes/readmission.rs,Realized in the permanent subsystem topology and verified through the owning workspace.
workspaces/worth-store/crates/worth-store-layout-indexes/src/execution/path_kind.rs,,move,complete,workspaces/worth-store/crates/worth-store-layout-indexes/src/access/execution/path_kind.rs,Realized in the permanent subsystem topology and verified through the owning workspace.
workspaces/worth-store/crates/worth-store-layout-indexes/src/execution/performance_receipt.rs,,move,complete,workspaces/worth-store/crates/worth-store-layout-indexes/src/access/execution/performance_receipt.rs,Realized in the permanent subsystem topology and verified through the owning workspace.
workspaces/worth-store/crates/worth-store-layout-indexes/src/execution/planned_vs_observed.rs,,move,complete,workspaces/worth-store/crates/worth-store-layout-indexes/src/access/execution/planned_vs_observed.rs,Realized in the permanent subsystem topology and verified through the owning workspace.
workspaces/worth-store/crates/worth-store-layout-indexes/src/execution/progression_tests.rs,,move,complete,workspaces/worth-store/crates/worth-store-layout-indexes/src/access/execution/progression_tests.rs,Realized in the permanent subsystem topology and verified through the owning workspace.
workspaces/worth-store/crates/worth-store-layout-indexes/src/execution/ready_plan.rs,,move,complete,workspaces/worth-store/crates/worth-store-layout-indexes/src/access/execution/ready_plan.rs,Realized in the permanent subsystem topology and verified through the owning workspace.
workspaces/worth-store/crates/worth-store-layout-indexes/src/execution/tests_support.rs,,move,complete,workspaces/worth-store/crates/worth-store-layout-indexes/src/access/execution/tests_support.rs,Realized in the permanent subsystem topology and verified through the owning workspace.
workspaces/worth-store/crates/worth-store-layout-indexes/src/execution/violation.rs,,move,complete,workspaces/worth-store/crates/worth-store-layout-indexes/src/access/execution/violation.rs,Realized in the permanent subsystem topology and verified through the owning workspace.
workspaces/worth-store/crates/worth-store-layout-indexes/src/key_domain/admission_outcome.rs,,move,complete,workspaces/worth-store/crates/worth-store-layout-indexes/src/keyspace/admission_outcome.rs,Realized in the permanent subsystem topology and verified through the owning workspace.
workspaces/worth-store/crates/worth-store-layout-indexes/src/key_domain/blob_identity.rs,,move,complete,workspaces/worth-store/crates/worth-store-layout-indexes/src/keyspace/blob_identity.rs,Realized in the permanent subsystem topology and verified through the owning workspace.
workspaces/worth-store/crates/worth-store-layout-indexes/src/key_domain/blob_replay_tests.rs,,move,complete,workspaces/worth-store/crates/worth-store-layout-indexes/src/keyspace/blob_replay_tests.rs,Realized in the permanent subsystem topology and verified through the owning workspace.
workspaces/worth-store/crates/worth-store-layout-indexes/src/key_domain/comparator.rs,,move,complete,workspaces/worth-store/crates/worth-store-layout-indexes/src/keyspace/comparator.rs,Realized in the permanent subsystem topology and verified through the owning workspace.
workspaces/worth-store/crates/worth-store-layout-indexes/src/key_domain/composite.rs,,move,complete,workspaces/worth-store/crates/worth-store-layout-indexes/src/keyspace/composite.rs,Realized in the permanent subsystem topology and verified through the owning workspace.
workspaces/worth-store/crates/worth-store-layout-indexes/src/key_domain/declaration.rs,,move,complete,workspaces/worth-store/crates/worth-store-layout-indexes/src/keyspace/declaration.rs,Realized in the permanent subsystem topology and verified through the owning workspace.
workspaces/worth-store/crates/worth-store-layout-indexes/src/key_domain/denial.rs,,move,complete,workspaces/worth-store/crates/worth-store-layout-indexes/src/keyspace/denial.rs,Realized in the permanent subsystem topology and verified through the owning workspace.
workspaces/worth-store/crates/worth-store-layout-indexes/src/key_domain/encoding.rs,,move,complete,workspaces/worth-store/crates/worth-store-layout-indexes/src/keyspace/encoding.rs,Realized in the permanent subsystem topology and verified through the owning workspace.
workspaces/worth-store/crates/worth-store-layout-indexes/src/key_domain/hash_collision.rs,,move,complete,workspaces/worth-store/crates/worth-store-layout-indexes/src/keyspace/hash_collision.rs,Realized in the permanent subsystem topology and verified through the owning workspace.
workspaces/worth-store/crates/worth-store-layout-indexes/src/key_domain/mod.rs,,move,complete,workspaces/worth-store/crates/worth-store-layout-indexes/src/keyspace/mod.rs,Realized in the permanent subsystem topology and verified through the owning workspace.
workspaces/worth-store/crates/worth-store-layout-indexes/src/key_domain/prefix.rs,,move,complete,workspaces/worth-store/crates/worth-store-layout-indexes/src/keyspace/prefix.rs,Realized in the permanent subsystem topology and verified through the owning workspace.
workspaces/worth-store/crates/worth-store-layout-indexes/src/key_domain/range.rs,,move,complete,workspaces/worth-store/crates/worth-store-layout-indexes/src/keyspace/range.rs,Realized in the permanent subsystem topology and verified through the owning workspace.
workspaces/worth-store/crates/worth-store-layout-indexes/src/key_domain/replay_tests.rs,,move,complete,workspaces/worth-store/crates/worth-store-layout-indexes/src/keyspace/replay_tests.rs,Realized in the permanent subsystem topology and verified through the owning workspace.
workspaces/worth-store/crates/worth-store-layout-indexes/src/key_domain/tenant_partition.rs,,move,complete,workspaces/worth-store/crates/worth-store-layout-indexes/src/keyspace/tenant_partition.rs,Realized in the permanent subsystem topology and verified through the owning workspace.
workspaces/worth-store/crates/worth-store-layout-indexes/src/key_domain/tests.rs,,move,complete,workspaces/worth-store/crates/worth-store-layout-indexes/src/keyspace/tests.rs,Realized in the permanent subsystem topology and verified through the owning workspace.
workspaces/worth-store/crates/worth-store-layout-indexes/src/key_domain/tests_support.rs,,move,complete,workspaces/worth-store/crates/worth-store-layout-indexes/src/keyspace/tests_support.rs,Realized in the permanent subsystem topology and verified through the owning workspace.
workspaces/worth-store/crates/worth-store-layout-indexes/src/key_domain/value.rs,,move,complete,workspaces/worth-store/crates/worth-store-layout-indexes/src/keyspace/value.rs,Realized in the permanent subsystem topology and verified through the owning workspace.
workspaces/worth-store/crates/worth-store-layout-indexes/src/legacy_disposition/boundary.rs,,move,complete,workspaces/worth-store/crates/worth-store-layout-indexes/src/evolution/compatibility/boundary.rs,Realized in the permanent subsystem topology and verified through the owning workspace.
workspaces/worth-store/crates/worth-store-layout-indexes/src/legacy_disposition/bypass.rs,,move,complete,workspaces/worth-store/crates/worth-store-layout-indexes/src/evolution/compatibility/bypass.rs,Realized in the permanent subsystem topology and verified through the owning workspace.
workspaces/worth-store/crates/worth-store-layout-indexes/src/legacy_disposition/disposition.rs,,move,complete,workspaces/worth-store/crates/worth-store-layout-indexes/src/evolution/compatibility/disposition.rs,Realized in the permanent subsystem topology and verified through the owning workspace.
workspaces/worth-store/crates/worth-store-layout-indexes/src/legacy_disposition/inventory.rs,,move,complete,workspaces/worth-store/crates/worth-store-layout-indexes/src/evolution/compatibility/inventory.rs,Realized in the permanent subsystem topology and verified through the owning workspace.
workspaces/worth-store/crates/worth-store-layout-indexes/src/legacy_disposition/mod.rs,,move,complete,workspaces/worth-store/crates/worth-store-layout-indexes/src/evolution/compatibility/mod.rs,Realized in the permanent subsystem topology and verified through the owning workspace.
workspaces/worth-store/crates/worth-store-layout-indexes/src/legacy_disposition/surface_row.rs,,move,complete,workspaces/worth-store/crates/worth-store-layout-indexes/src/evolution/compatibility/surface_row.rs,Realized in the permanent subsystem topology and verified through the owning workspace.
workspaces/worth-store/crates/worth-store-layout-indexes/src/legacy_disposition/tests.rs,,move,complete,workspaces/worth-store/crates/worth-store-layout-indexes/src/evolution/compatibility/tests.rs,Realized in the permanent subsystem topology and verified through the owning workspace.
workspaces/worth-store/crates/worth-store-layout-indexes/src/migration/compatibility_window.rs,,move,complete,workspaces/worth-store/crates/worth-store-layout-indexes/src/evolution/migration/compatibility_window.rs,Realized in the permanent subsystem topology and verified through the owning workspace.
workspaces/worth-store/crates/worth-store-layout-indexes/src/migration/denial.rs,,move,complete,workspaces/worth-store/crates/worth-store-layout-indexes/src/evolution/migration/denial.rs,Realized in the permanent subsystem topology and verified through the owning workspace.
workspaces/worth-store/crates/worth-store-layout-indexes/src/migration/evolution_declaration.rs,,move,complete,workspaces/worth-store/crates/worth-store-layout-indexes/src/evolution/migration/evolution_declaration.rs,Realized in the permanent subsystem topology and verified through the owning workspace.
workspaces/worth-store/crates/worth-store-layout-indexes/src/migration/facade.rs,,move,complete,workspaces/worth-store/crates/worth-store-layout-indexes/src/evolution/migration/facade.rs,Realized in the permanent subsystem topology and verified through the owning workspace.
workspaces/worth-store/crates/worth-store-layout-indexes/src/migration/interruption.rs,,move,complete,workspaces/worth-store/crates/worth-store-layout-indexes/src/evolution/migration/interruption.rs,Realized in the permanent subsystem topology and verified through the owning workspace.
workspaces/worth-store/crates/worth-store-layout-indexes/src/migration/migration_plan.rs,,move,complete,workspaces/worth-store/crates/worth-store-layout-indexes/src/evolution/migration/migration_plan.rs,Realized in the permanent subsystem topology and verified through the owning workspace.
workspaces/worth-store/crates/worth-store-layout-indexes/src/migration/mod.rs,,move,complete,workspaces/worth-store/crates/worth-store-layout-indexes/src/evolution/migration/mod.rs,Realized in the permanent subsystem topology and verified through the owning workspace.
workspaces/worth-store/crates/worth-store-layout-indexes/src/migration/rollback_plan.rs,,move,complete,workspaces/worth-store/crates/worth-store-layout-indexes/src/evolution/migration/rollback_plan.rs,Realized in the permanent subsystem topology and verified through the owning workspace.
workspaces/worth-store/crates/worth-store-layout-indexes/src/migration/stale_rebind.rs,,move,complete,workspaces/worth-store/crates/worth-store-layout-indexes/src/evolution/migration/stale_rebind.rs,Realized in the permanent subsystem topology and verified through the owning workspace.
workspaces/worth-store/crates/worth-store-layout-indexes/src/migration/test_support.rs,,move,complete,workspaces/worth-store/crates/worth-store-layout-indexes/src/evolution/migration/test_support.rs,Realized in the permanent subsystem topology and verified through the owning workspace.
workspaces/worth-store/crates/worth-store-layout-indexes/src/migration/tests.rs,,move,complete,workspaces/worth-store/crates/worth-store-layout-indexes/src/evolution/migration/tests.rs,Realized in the permanent subsystem topology and verified through the owning workspace.
workspaces/worth-store/crates/worth-store-layout-indexes/src/migration/transition_outcome.rs,,move,complete,workspaces/worth-store/crates/worth-store-layout-indexes/src/evolution/migration/transition_outcome.rs,Realized in the permanent subsystem topology and verified through the owning workspace.
workspaces/worth-store/crates/worth-store-layout-indexes/src/migration/version.rs,,move,complete,workspaces/worth-store/crates/worth-store-layout-indexes/src/evolution/migration/version.rs,Realized in the permanent subsystem topology and verified through the owning workspace.
workspaces/worth-store/crates/worth-store-layout-indexes/src/phase28_offline_verifier_family.rs,005-layout-indexes-production,move,complete,workspaces/worth-store/crates/worth-store-layout-indexes/src/catalog/system_families/offline_verifier.rs,Realized in the permanent subsystem topology and verified through the owning workspace.
workspaces/worth-store/crates/worth-store-layout-indexes/src/planning/alternative.rs,,move,complete,workspaces/worth-store/crates/worth-store-layout-indexes/src/access/planning/alternative.rs,Realized in the permanent subsystem topology and verified through the owning workspace.
workspaces/worth-store/crates/worth-store-layout-indexes/src/planning/cost.rs,,move,complete,workspaces/worth-store/crates/worth-store-layout-indexes/src/access/planning/cost.rs,Realized in the permanent subsystem topology and verified through the owning workspace.
workspaces/worth-store/crates/worth-store-layout-indexes/src/planning/denial.rs,,move,complete,workspaces/worth-store/crates/worth-store-layout-indexes/src/access/planning/denial.rs,Realized in the permanent subsystem topology and verified through the owning workspace.
workspaces/worth-store/crates/worth-store-layout-indexes/src/planning/lowering_request.rs,,move,complete,workspaces/worth-store/crates/worth-store-layout-indexes/src/access/planning/lowering_request.rs,Realized in the permanent subsystem topology and verified through the owning workspace.
workspaces/worth-store/crates/worth-store-layout-indexes/src/planning/mod.rs,,move,complete,workspaces/worth-store/crates/worth-store-layout-indexes/src/access/planning/mod.rs,Realized in the permanent subsystem topology and verified through the owning workspace.
workspaces/worth-store/crates/worth-store-layout-indexes/src/planning/plan_fingerprint.rs,,move,complete,workspaces/worth-store/crates/worth-store-layout-indexes/src/access/planning/plan_fingerprint.rs,Realized in the permanent subsystem topology and verified through the owning workspace.
workspaces/worth-store/crates/worth-store-aspect-native/src/s0_handoff.rs,001-shared-semantics-production,move,complete,workspaces/worth-store/crates/worth-store-aspect-native/src/handoff/readiness.rs,Retained below certification because runtime owners consume this capability directly; removed milestone topology and vocabulary without inverting dependency direction.
workspaces/worth-store/crates/worth-store-contracts/src/s2_physical_substrate_snapshot.rs,001-shared-semantics-production,move,complete,workspaces/worth-store/crates/worth-store-contracts/src/physical_substrate/readiness_snapshot.rs,Retained below certification because runtime owners consume this capability directly; removed milestone topology and vocabulary without inverting dependency direction.
workspaces/worth-store/crates/worth-store-contracts/src/s3_readiness_denial.rs,001-shared-semantics-production,move,complete,workspaces/worth-store/crates/worth-store-contracts/src/physical_integrity/readiness/denial.rs,Retained below certification because runtime owners consume this capability directly; removed milestone topology and vocabulary without inverting dependency direction.
workspaces/worth-store/crates/worth-store-contracts/src/s3_readiness_payload.rs,001-shared-semantics-production,move,complete,workspaces/worth-store/crates/worth-store-contracts/src/physical_integrity/readiness/payload.rs,Retained below certification because runtime owners consume this capability directly; removed milestone topology and vocabulary without inverting dependency direction.
workspaces/worth-store/crates/worth-store-contracts/src/s3_readiness_recap.rs,001-shared-semantics-production,move,complete,workspaces/worth-store/crates/worth-store-contracts/src/physical_integrity/readiness/recap.rs,Retained below certification because runtime owners consume this capability directly; removed milestone topology and vocabulary without inverting dependency direction.
workspaces/worth-store/crates/worth-store-readiness/src/s0_handoff.rs,010-readiness-production,move,complete,workspaces/worth-store/crates/worth-store-readiness/src/foundational/aspect_native_gate.rs,Retained below certification because runtime owners consume this capability directly; removed milestone topology and vocabulary without inverting dependency direction.
workspaces/worth-store/crates/worth-store-readiness/src/s2_physical_substrate_proof.rs,010-readiness-production,move,complete,workspaces/worth-store/crates/worth-store-readiness/src/physical_substrate/proof.rs,Retained below certification because runtime owners consume this capability directly; removed milestone topology and vocabulary without inverting dependency direction.
workspaces/worth-store/crates/worth-store-readiness/src/s2_physical_substrate_readiness.rs,010-readiness-production,move,complete,workspaces/worth-store/crates/worth-store-readiness/src/physical_substrate/readiness.rs,Retained below certification because runtime owners consume this capability directly; removed milestone topology and vocabulary without inverting dependency direction.
workspaces/worth-store/crates/worth-store-readiness/src/s2_readiness_denial.rs,010-readiness-production,move,complete,workspaces/worth-store/crates/worth-store-readiness/src/physical_substrate/denial.rs,Retained below certification because runtime owners consume this capability directly; removed milestone topology and vocabulary without inverting dependency direction.
workspaces/worth-store/crates/worth-store-readiness/src/s2_readiness_facts.rs,010-readiness-production,move,complete,workspaces/worth-store/crates/worth-store-readiness/src/physical_substrate/facts.rs,Retained below certification because runtime owners consume this capability directly; removed milestone topology and vocabulary without inverting dependency direction.
workspaces/worth-store/crates/worth-store-readiness/src/s3_physical_integrity_readiness.rs,010-readiness-production,move,complete,workspaces/worth-store/crates/worth-store-readiness/src/physical_integrity/readiness.rs,Retained below certification because runtime owners consume this capability directly; removed milestone topology and vocabulary without inverting dependency direction.
workspaces/worth-store/crates/worth-store-certification/src/courtroom/harness/test_support/pre_decode_physical_admission_test_support/s1_witness_world.rs,011-certification-production,move,complete,workspaces/worth-store/crates/worth-store-certification/src/courtroom/harness/test_support/pre_decode_physical_admission_test_support/physical_substrate_witness_world.rs,Retained in the certification courtroom because the fixture composes courtroom-private evidence; removed milestone naming without creating an upward dependency cycle.
workspaces/worth-store/crates/worth-store-certification/src/courtroom/harness/test_support/pre_decode_physical_admission_test_support/s2_entry_world.rs,011-certification-production,move,complete,workspaces/worth-store/crates/worth-store-certification/src/courtroom/harness/test_support/pre_decode_physical_admission_test_support/physical_substrate_entry_world.rs,Retained in the certification courtroom because the fixture composes courtroom-private evidence; removed milestone naming without creating an upward dependency cycle.
workspaces/worth-store/crates/worth-store-certification/src/courtroom/harness/test_support/s3_integrity_readiness_test_support.rs,011-certification-production,move,complete,workspaces/worth-store/crates/worth-store-certification/src/courtroom/harness/test_support/integrity_readiness_test_support.rs,Retained in the certification courtroom because the fixture composes courtroom-private evidence; removed milestone naming without creating an upward dependency cycle.
workspaces/worth-store/crates/worth-store-certification/src/courtroom/harness/test_support/s4_integrity_handoff_test_support.rs,011-certification-production,move,complete,workspaces/worth-store/crates/worth-store-certification/src/courtroom/harness/test_support/integrity_handoff_test_support.rs,Retained in the certification courtroom because the fixture composes courtroom-private evidence; removed milestone naming without creating an upward dependency cycle.
workspaces/worth-store/crates/worth-store-certification/src/courtroom/harness/test_support/s4_recovery_blocking_damage_test_support.rs,011-certification-production,move,complete,workspaces/worth-store/crates/worth-store-certification/src/courtroom/harness/test_support/recovery_blocking_damage_test_support.rs,Retained in the certification courtroom because the fixture composes courtroom-private evidence; removed milestone naming without creating an upward dependency cycle.
workspaces/worth-store/crates/worth-store-certification/src/courtroom/harness/test_support/s5_1_authenticity_integrity_test_support.rs,011-certification-production,move,complete,workspaces/worth-store/crates/worth-store-certification/src/courtroom/harness/test_support/authenticity_integrity_test_support.rs,Retained in the certification courtroom because the fixture composes courtroom-private evidence; removed milestone naming without creating an upward dependency cycle.
"workspaces/worth-store/crates/worth-store-blob-chunks/migrate_phase4.ps1","016-remaining-tests-and-support","delete","complete","","Inventory deletion realized; the original source is absent."
"workspaces/worth-store/crates/worth-store-blob-chunks/src/layout_access/blob_layout_closeout.rs","006-blob-chunks-production","delete","complete","","Inventory deletion realized; the original source is absent."
"workspaces/worth-store/crates/worth-store-blob-chunks/src/layout_access/capsule_family.rs","006-blob-chunks-production","delete","complete","","Inventory deletion realized; the original source is absent."
"workspaces/worth-store/crates/worth-store-blob-chunks/src/layout_access/export_import_family.rs","006-blob-chunks-production","delete","complete","","Inventory deletion realized; the original source is absent."
"workspaces/worth-store/crates/worth-store-buffer-pool/src/layout_access/buffer_pool_layout_closeout.rs","002-buffer-backend-format-production","delete","complete","","Inventory deletion realized; the original source is absent."
"workspaces/worth-store/crates/worth-store-buffer-pool/src/layout_access/dirty_state_family.rs","002-buffer-backend-format-production","delete","complete","","Inventory deletion realized; the original source is absent."
"workspaces/worth-store/crates/worth-store-buffer-pool/src/layout_access/mod.rs","002-buffer-backend-format-production","delete","complete","","Inventory deletion realized; the original source is absent."
"workspaces/worth-store/crates/worth-store-buffer-pool/src/layout_access/page_lease_family.rs","002-buffer-backend-format-production","delete","complete","","Inventory deletion realized; the original source is absent."
"workspaces/worth-store/crates/worth-store-buffer-pool/src/layout_access/read_ahead_family.rs","002-buffer-backend-format-production","delete","complete","","Inventory deletion realized; the original source is absent."
"workspaces/worth-store/crates/worth-store-buffer-pool/src/layout_access/resident_frame_family.rs","002-buffer-backend-format-production","delete","complete","","Inventory deletion realized; the original source is absent."
"workspaces/worth-store/crates/worth-store-buffer-pool/src/layout_access/write_behind_family.rs","002-buffer-backend-format-production","delete","complete","","Inventory deletion realized; the original source is absent."
"workspaces/worth-store/crates/worth-store-buffer-pool/src/layout_access/zero_copy_view_family.rs","002-buffer-backend-format-production","delete","complete","","Inventory deletion realized; the original source is absent."
"workspaces/worth-store/crates/worth-store-certification/src/courtroom/closeout/s8_layout.rs","011-certification-production","delete","complete","","Inventory deletion realized; the original source is absent."
"workspaces/worth-store/crates/worth-store-certification/src/s4_recovery_harness/certification/certification_matrix.rs","011-certification-production","move","complete","workspaces/worth-store/crates/worth-store-certification/src/courtroom/recovery/harness/certification/certification_matrix.rs","Reviewed ownership override: later architecture work placed the content at this permanent resulting path."
"workspaces/worth-store/crates/worth-store-certification/src/s4_recovery_harness/certification/mod.rs","011-certification-production","move","complete","workspaces/worth-store/crates/worth-store-certification/src/courtroom/recovery/harness/mod.rs","Inventory move realized at the reviewed target; the original source is absent and the resulting path exists."
"workspaces/worth-store/crates/worth-store-certification/src/s4_recovery_harness/certification/roadmap2_entry.rs","011-certification-production","move","complete","workspaces/worth-store/crates/worth-store-certification/src/courtroom/recovery/harness/certification/entry.rs","Reviewed ownership override: later architecture work placed the content at this permanent resulting path."
"workspaces/worth-store/crates/worth-store-certification/src/s4_recovery_harness/certification/shortcut_rejection.rs","011-certification-production","move","complete","workspaces/worth-store/crates/worth-store-certification/src/courtroom/recovery/harness/certification/shortcut_rejection.rs","Reviewed ownership override: later architecture work placed the content at this permanent resulting path."
"workspaces/worth-store/crates/worth-store-certification/src/s4_recovery_harness/evidence/mod.rs","011-certification-production","move","complete","workspaces/worth-store\crates\worth-store-certification\src\courtroom\recovery\harness\evidence\mod.rs","Content-hash reconciliation located the reviewed source at the permanent resulting path."
"workspaces/worth-store/crates/worth-store-certification/src/s4_recovery_harness/evidence/transcript.rs","011-certification-production","move","complete","workspaces/worth-store/crates/worth-store-certification/src/courtroom/recovery/harness/evidence/transcript.rs","Reviewed ownership override: later architecture work placed the content at this permanent resulting path."
"workspaces/worth-store/crates/worth-store-certification/src/s4_recovery_harness/mutation/mod.rs","011-certification-production","move","complete","workspaces/worth-store\crates\worth-store-certification\src\courtroom\recovery\harness\mutation\mod.rs","Content-hash reconciliation located the reviewed source at the permanent resulting path."
"workspaces/worth-store/crates/worth-store-certification/src/s4_recovery_harness/mutation/mutation_catalog.rs","011-certification-production","move","complete","workspaces/worth-store/crates/worth-store-certification/src/courtroom/recovery/harness/mutation/mutation_catalog.rs","Reviewed ownership override: later architecture work placed the content at this permanent resulting path."
"workspaces/worth-store/crates/worth-store-certification/src/s4_recovery_harness/mutation/mutation_evidence.rs","011-certification-production","move","complete","workspaces/worth-store/crates/worth-store-certification/src/courtroom/recovery/harness/mutation/mutation_evidence.rs","Reviewed ownership override: later architecture work placed the content at this permanent resulting path."
"workspaces/worth-store/crates/worth-store-certification/src/s4_recovery_harness/mutation/mutation_suite.rs","011-certification-production","move","complete","workspaces/worth-store/crates/worth-store-certification/src/courtroom/recovery/harness/mutation/mutation_suite.rs","Reviewed ownership override: later architecture work placed the content at this permanent resulting path."
"workspaces/worth-store/crates/worth-store-certification/src/s4_recovery_harness/mutation/mutation_validation.rs","011-certification-production","move","complete","workspaces/worth-store/crates/worth-store-certification/src/courtroom/recovery/harness/mutation/mutation_validation.rs","Reviewed ownership override: later architecture work placed the content at this permanent resulting path."
"workspaces/worth-store/crates/worth-store-certification/src/s4_recovery_harness/scenario/crash_lane.rs","011-certification-production","move","complete","workspaces/worth-store\crates\worth-store-certification\src\courtroom\recovery\harness\scenario\crash_lane.rs","Content-hash reconciliation located the reviewed source at the permanent resulting path."
"workspaces/worth-store/crates/worth-store-certification/src/s4_recovery_harness/scenario/crash_matrix.rs","011-certification-production","move","complete","workspaces/worth-store\crates\worth-store-certification\src\courtroom\recovery\harness\scenario\crash_matrix.rs","Content-hash reconciliation located the reviewed source at the permanent resulting path."
"workspaces/worth-store/crates/worth-store-certification/src/s4_recovery_harness/scenario/definition.rs","011-certification-production","move","complete","workspaces/worth-store\crates\worth-store-certification\src\courtroom\recovery\harness\scenario\definition.rs","Content-hash reconciliation located the reviewed source at the permanent resulting path."
"workspaces/worth-store/crates/worth-store-certification/src/s4_recovery_harness/scenario/drivers.rs","011-certification-production","move","complete","workspaces/worth-store\crates\worth-store-certification\src\courtroom\recovery\harness\scenario\drivers.rs","Content-hash reconciliation located the reviewed source at the permanent resulting path."
"workspaces/worth-store/crates/worth-store-certification/src/s4_recovery_harness/scenario/mod.rs","011-certification-production","move","complete","workspaces/worth-store\crates\worth-store-certification\src\courtroom\recovery\harness\scenario\mod.rs","Content-hash reconciliation located the reviewed source at the permanent resulting path."
"workspaces/worth-store/crates/worth-store-certification/src/s4_recovery_harness/scenario/observers.rs","011-certification-production","move","complete","workspaces/worth-store\crates\worth-store-certification\src\courtroom\recovery\harness\scenario\observers.rs","Content-hash reconciliation located the reviewed source at the permanent resulting path."
"workspaces/worth-store/crates/worth-store-certification/src/s4_recovery_harness/scenario/oracles.rs","011-certification-production","move","complete","workspaces/worth-store\crates\worth-store-certification\src\courtroom\recovery\harness\scenario\oracles.rs","Content-hash reconciliation located the reviewed source at the permanent resulting path."
"workspaces/worth-store/crates/worth-store-certification/src/s4_recovery_harness/scenario/plan.rs","011-certification-production","move","complete","workspaces/worth-store\crates\worth-store-certification\src\courtroom\recovery\harness\scenario\plan.rs","Content-hash reconciliation located the reviewed source at the permanent resulting path."
"workspaces/worth-store/crates/worth-store-certification/src/s4_recovery_harness/tests.rs","011-certification-production","move","complete","workspaces/worth-store\crates\worth-store-certification\src\courtroom\recovery\harness\tests.rs","Content-hash reconciliation located the reviewed source at the permanent resulting path."
"workspaces/worth-store/crates/worth-store-certification/src/s4_recovery_harness_exports.rs","011-certification-production","move","complete","workspaces/worth-store/crates/worth-store-certification/src/courtroom/closeout/recovery.rs","Reviewed ownership override: later architecture work placed the content at this permanent resulting path."
"workspaces/worth-store/crates/worth-store-certification/src/s6.rs","011-certification-production","delete","complete","","Reviewed action override: e86a3c3a refactor(store): organize scheduling courtroom topology removed or replaced the obsolete source; neither the source nor proposed target remains."
"workspaces/worth-store/crates/worth-store-certification/src/s6_later_readiness_handoffs.rs","011-certification-production","delete","complete","","Inventory deletion realized; the original source is absent."
"workspaces/worth-store/crates/worth-store-certification/src/s6_phase.rs","011-certification-production","delete","complete","","Inventory deletion realized; the original source is absent."
"workspaces/worth-store/crates/worth-store-certification/src/s7_closeout/handoffs.rs","011-certification-production","delete","complete","","Inventory deletion realized; the original source is absent."
"workspaces/worth-store/crates/worth-store-certification/src/s7_closeout_tests.rs","011-certification-production","delete","complete","","Reviewed action override: 9b95cd80 consolidate permanent store handoff domains removed or replaced the obsolete source; neither the source nor proposed target remains."
"workspaces/worth-store/crates/worth-store-certification/tests/s4_5_actor_contract_lowering.rs","014-certification-tests","move","complete","workspaces/worth-store/crates/worth-store-certification/tests/scenarios/recovery/actor_contract_lowering/actor_contract_lowering.rs","Inventory move realized at the reviewed target; the original source is absent and the resulting path exists."
"workspaces/worth-store/crates/worth-store-certification/tests/s4_5_aspect_native_scenario_definition.rs","014-certification-tests","move","complete","workspaces/worth-store/crates/worth-store-certification/tests/scenarios/recovery/aspect_native_scenario_definition/aspect_native_scenario_definition.rs","Inventory move realized at the reviewed target; the original source is absent and the resulting path exists."
"workspaces/worth-store/crates/worth-store-certification/tests/s4_5_checkpoint_publication_oracle_hardening.rs","014-certification-tests","move","complete","workspaces/worth-store/crates/worth-store-certification/tests/scenarios/recovery/checkpoint_publication_oracle_hardening/checkpoint_publication_oracle_hardening.rs","Inventory move realized at the reviewed target; the original source is absent and the resulting path exists."
"workspaces/worth-store/crates/worth-store-certification/tests/s4_5_checkpoint_publication_oracle_support.rs","014-certification-tests","delete","complete","","Reviewed action override: the obsolete or synthetic source was intentionally removed and has no surviving authority lane."
"workspaces/worth-store/crates/worth-store-certification/tests/s4_5_checkpoint_publication_receipt_origin_hardening.rs","014-certification-tests","move","complete","workspaces/worth-store/crates/worth-store-certification/tests/scenarios/recovery/checkpoint_publication_receipt_origin_hardening/checkpoint_publication_receipt_origin_hardening.rs","Inventory move realized at the reviewed target; the original source is absent and the resulting path exists."
"workspaces/worth-store/crates/worth-store-certification/tests/s4_5_checkpoint_publication_scheduled_lane_hardening.rs","014-certification-tests","move","complete","workspaces/worth-store/crates/worth-store-certification/tests/scenarios/recovery/checkpoint_publication_scheduled_lane_hardening/checkpoint_publication_scheduled_lane_hardening.rs","Inventory move realized at the reviewed target; the original source is absent and the resulting path exists."
"workspaces/worth-store/crates/worth-store-certification/tests/s4_5_closeout_support.rs","014-certification-tests","delete","complete","","Reviewed action override: the obsolete or synthetic source was intentionally removed and has no surviving authority lane."
"workspaces/worth-store/crates/worth-store-certification/tests/s4_5_compaction_mutation_coverage.rs","014-certification-tests","move","complete","workspaces/worth-store/crates/worth-store-certification/tests/scenarios/recovery/compaction_mutation_coverage/compaction_mutation_coverage.rs","Inventory move realized at the reviewed target; the original source is absent and the resulting path exists."
"workspaces/worth-store/crates/worth-store-certification/tests/s4_5_compaction_mutation_support.rs","014-certification-tests","move","complete","workspaces/worth-store/crates/worth-store-certification/tests/support/recovery/compaction_mutation_support/compaction_mutation_support.rs","Inventory move realized at the reviewed target; the original source is absent and the resulting path exists."
"workspaces/worth-store/crates/worth-store-certification/tests/s4_5_compaction_oracle_hardening.rs","014-certification-tests","move","complete","workspaces/worth-store/crates/worth-store-certification/tests/scenarios/recovery/compaction_oracle_hardening/compaction_oracle_hardening.rs","Inventory move realized at the reviewed target; the original source is absent and the resulting path exists."
"workspaces/worth-store/crates/worth-store-certification/tests/s4_5_counter_contract_profile.rs","014-certification-tests","move","complete","workspaces/worth-store/crates/worth-store-certification/tests/scenarios/recovery/counter_contract_profile/counter_contract_profile.rs","Inventory move realized at the reviewed target; the original source is absent and the resulting path exists."
"workspaces/worth-store/crates/worth-store-certification/tests/s4_5_counter_execution_equivalence.rs","014-certification-tests","move","complete","workspaces/worth-store/crates/worth-store-certification/tests/scenarios/recovery/counter_execution_equivalence/counter_execution_equivalence.rs","Inventory move realized at the reviewed target; the original source is absent and the resulting path exists."
"workspaces/worth-store/crates/worth-store-certification/tests/s4_5_counter_runtime_envelope.rs","014-certification-tests","move","complete","workspaces/worth-store/crates/worth-store-certification/tests/scenarios/recovery/counter_runtime_envelope/counter_runtime_envelope.rs","Inventory move realized at the reviewed target; the original source is absent and the resulting path exists."
"workspaces/worth-store/crates/worth-store-certification/tests/s4_5_counter_strength.rs","014-certification-tests","move","complete","workspaces/worth-store/crates/worth-store-certification/tests/scenarios/recovery/counter_strength/counter_strength.rs","Inventory move realized at the reviewed target; the original source is absent and the resulting path exists."
"workspaces/worth-store/crates/worth-store-certification/tests/s4_5_counter_strength/compaction_interlock_trace.rs","014-certification-tests","move","complete","workspaces/worth-store/crates/worth-store-certification/tests/scenarios/recovery/counter_strength/compaction_interlock_trace.rs","Inventory move realized at the reviewed target; the original source is absent and the resulting path exists."
"workspaces/worth-store/crates/worth-store-certification/tests/s4_5_counter_strength/support.rs","014-certification-tests","move","complete","workspaces/worth-store/crates/worth-store-certification/tests/support/recovery/counter_strength/support.rs","Inventory move realized at the reviewed target; the original source is absent and the resulting path exists."
"workspaces/worth-store/crates/worth-store-certification/tests/s4_5_coverage_compile_fail.rs","014-certification-tests","move","complete","workspaces/worth-store/crates/worth-store-certification/tests/compile_fail/recovery/coverage_runner.rs","Inventory move realized at the reviewed target; the original source is absent and the resulting path exists."
"workspaces/worth-store/crates/worth-store-certification/tests/s4_5_coverage_maturity_denials.rs","014-certification-tests","move","complete","workspaces/worth-store/crates/worth-store-certification/tests/scenarios/recovery/coverage_maturity_denials/coverage_maturity_denials.rs","Inventory move realized at the reviewed target; the original source is absent and the resulting path exists."
"workspaces/worth-store/crates/worth-store-certification/tests/s4_5_coverage_support.rs","014-certification-tests","move","complete","workspaces/worth-store/crates/worth-store-certification/tests/support/recovery/coverage_support/coverage_support.rs","Inventory move realized at the reviewed target; the original source is absent and the resulting path exists."
"workspaces/worth-store/crates/worth-store-certification/tests/s4_5_deterministic_schedule_replay.rs","014-certification-tests","move","complete","workspaces/worth-store/crates/worth-store-certification/tests/scenarios/recovery/deterministic_schedule_replay/deterministic_schedule_replay.rs","Inventory move realized at the reviewed target; the original source is absent and the resulting path exists."
"workspaces/worth-store/crates/worth-store-certification/tests/s4_5_driver_contract_boundary_compile_fail.rs","014-certification-tests","move","complete","workspaces/worth-store/crates/worth-store-certification/tests/compile_fail/recovery/driver_contract_boundary_runner.rs","Inventory move realized at the reviewed target; the original source is absent and the resulting path exists."
"workspaces/worth-store/crates/worth-store-certification/tests/s4_5_driver_contract_denials.rs","014-certification-tests","move","complete","workspaces/worth-store/crates/worth-store-certification/tests/scenarios/recovery/driver_contract_denials/driver_contract_denials.rs","Inventory move realized at the reviewed target; the original source is absent and the resulting path exists."
"workspaces/worth-store/crates/worth-store-certification/tests/s4_5_entry_boundary_compile_fail.rs","014-certification-tests","move","complete","workspaces/worth-store/crates/worth-store-certification/tests/compile_fail/recovery/entry_boundary_runner.rs","Inventory move realized at the reviewed target; the original source is absent and the resulting path exists."
"workspaces/worth-store/crates/worth-store-certification/tests/s4_5_fault_delivery_boundary.rs","014-certification-tests","move","complete","workspaces/worth-store/crates/worth-store-certification/tests/scenarios/recovery/fault_delivery_boundary/fault_delivery_boundary.rs","Inventory move realized at the reviewed target; the original source is absent and the resulting path exists."
"workspaces/worth-store/crates/worth-store-certification/tests/s4_5_fault_delivery_boundary/support.rs","003-integrity-isolation-wal-production","delete","complete","","Inventory deletion realized; the original source is absent."
"workspaces/worth-store/crates/worth-store-physical-isolation/src/layout_access/movable_stability_family.rs","003-integrity-isolation-wal-production","delete","complete","","Inventory deletion realized; the original source is absent."
"workspaces/worth-store/crates/worth-store-physical-isolation/src/layout_access/orphan_reclaim_family.rs","003-integrity-isolation-wal-production","delete","complete","","Inventory deletion realized; the original source is absent."
"workspaces/worth-store/crates/worth-store-physical-isolation/src/layout_access/reclaim_barrier_family.rs","003-integrity-isolation-wal-production","delete","complete","","Inventory deletion realized; the original source is absent."
"workspaces/worth-store/crates/worth-store-physical-isolation/src/layout_access/stable_read_family.rs","003-integrity-isolation-wal-production","delete","complete","","Inventory deletion realized; the original source is absent."
"workspaces/worth-store/crates/worth-store-physical-isolation/src/s5_harness_readiness.rs","003-integrity-isolation-wal-production","delete","complete","","Inventory deletion realized; the original source is absent."
"workspaces/worth-store/crates/worth-store-readiness/src/s3_readiness_denial.rs","010-readiness-production","delete","complete","","Inventory deletion realized; the original source is absent."
"workspaces/worth-store/crates/worth-store-readiness/src/s3_readiness_payload.rs","010-readiness-production","delete","complete","","Inventory deletion realized; the original source is absent."
"workspaces/worth-store/crates/worth-store-readiness/src/s3_readiness_recap.rs","010-readiness-production","delete","complete","","Inventory deletion realized; the original source is absent."
"workspaces/worth-store/crates/worth-store-readiness/src/s5_1_later_milestone_handoffs/counters.rs","010-readiness-production","delete","complete","","Inventory deletion realized; the original source is absent."
"workspaces/worth-store/crates/worth-store-readiness/src/s5_1_later_milestone_handoffs/denial.rs","010-readiness-production","delete","complete","","Inventory deletion realized; the original source is absent."
"workspaces/worth-store/crates/worth-store-readiness/src/s5_1_later_milestone_handoffs/mod.rs","010-readiness-production","delete","complete","","Inventory deletion realized; the original source is absent."
"workspaces/worth-store/crates/worth-store-readiness/src/s5_1_later_milestone_handoffs/s11_security_foundation.rs","010-readiness-production","delete","complete","","Inventory deletion realized; the original source is absent."
"workspaces/worth-store/crates/worth-store-readiness/src/s5_1_security_scope_admission.rs","010-readiness-production","delete","complete","","Inventory deletion realized; the original source is absent."
"workspaces/worth-store/crates/worth-store-readiness/src/s5_1_security_scope_vocabulary.rs","010-readiness-production","delete","complete","","Inventory deletion realized; the original source is absent."
"workspaces/worth-store/crates/worth-store-readiness/src/s6_later_milestone_non_claims/denial.rs","010-readiness-production","delete","complete","","Inventory deletion realized; the original source is absent."
"workspaces/worth-store/crates/worth-store-readiness/src/s6_later_milestone_non_claims/destination.rs","010-readiness-production","delete","complete","","Inventory deletion realized; the original source is absent."
"workspaces/worth-store/crates/worth-store-readiness/src/s6_later_milestone_non_claims/mod.rs","010-readiness-production","delete","complete","","Inventory deletion realized; the original source is absent."
"workspaces/worth-store/crates/worth-store-readiness/src/s6_later_milestone_non_claims/non_claim.rs","010-readiness-production","delete","complete","","Inventory deletion realized; the original source is absent."
"workspaces/worth-store/crates/worth-store-readiness/src/s6_production_readiness_closeout/later_handoff_seeds.rs","010-readiness-production","delete","complete","","Inventory deletion realized; the original source is absent."
"workspaces/worth-store/crates/worth-store-readiness/src/s6_production_readiness_closeout/mod.rs","010-readiness-production","delete","complete","","Inventory deletion realized; the original source is absent."
"workspaces/worth-store/crates/worth-store-readiness/src/s6_s7_placement_admission.rs","010-readiness-production","delete","complete","","Inventory deletion realized; the original source is absent."
"workspaces/worth-store/crates/worth-store-readiness/src/s7_capsule_readiness_handoff.rs","010-readiness-production","delete","complete","","Inventory deletion realized; the original source is absent."
"workspaces/worth-store/crates/worth-store-readiness/src/s7_closeout_handoffs.rs","010-readiness-production","delete","complete","","Inventory deletion realized; the original source is absent."
"workspaces/worth-store/crates/worth-store-readiness/src/s8_layout_handoff_readiness.rs","010-readiness-production","delete","complete","","Inventory deletion realized; the original source is absent."
"workspaces/worth-store/crates/worth-store-recovery-physics/src/s4_closeout/mod.rs","009-recovery-physics-production","delete","complete","","Inventory deletion realized; the original source is absent."
"workspaces/worth-store/crates/worth-store-recovery-physics/src/s4_closeout/s5_readiness.rs","009-recovery-physics-production","delete","complete","","Inventory deletion realized; the original source is absent."
"workspaces/worth-store/crates/worth-store-security/src/authenticity_physical_identity.rs","","move","complete","workspaces/worth-store/crates/worth-store-physical-format/src/security_metadata/authenticity_identity.rs","Reviewed ownership override: later architecture work placed the content at this permanent resulting path."
"workspaces/worth-store/crates/worth-store-security/src/layout_access/mod.rs","001-shared-semantics-production","delete","complete","","Inventory deletion realized; the original source is absent."
"workspaces/worth-store/crates/worth-store-security/src/layout_access/security_layout_closeout.rs","001-shared-semantics-production","delete","complete","","Inventory deletion realized; the original source is absent."
"workspaces/worth-store/crates/worth-store-security/src/physical_security_metadata_canonical.rs","","move","complete","workspaces/worth-store/crates/worth-store-security/src/security_metadata_canonical.rs","Reviewed ownership override: later architecture work placed the content at this permanent resulting path."
"workspaces/worth-store/crates/worth-store-security/src/physical_security_metadata_tests.rs","","move","complete","workspaces/worth-store/crates/worth-store-security/src/security_metadata_tests.rs","Reviewed ownership override: later architecture work placed the content at this permanent resulting path."
"workspaces/worth-store/crates/worth-store-security/src/s5_1_later_milestone_handoff.rs","001-shared-semantics-production","delete","complete","","Inventory deletion realized; the original source is absent."
"workspaces/worth-store/crates/worth-store-security/src/s5_1_security_scope_readiness.rs","001-shared-semantics-production","delete","complete","","Inventory deletion realized; the original source is absent."
"workspaces/worth-store/crates/worth-store-test-support/src/harness/milestone/s4_recovery_physics/s4_crash_harness.rs","013-test-support-production","move","complete","workspaces/worth-store/crates/worth-store-test-support/src/harness/recovery/drivers/crash_harness.rs","Reviewed ownership override: later architecture work placed the content at this permanent resulting path."
"workspaces/worth-store/crates/worth-store-test-support/src/harness/milestone/s4_recovery_physics/s4_fault_scheduler.rs","013-test-support-production","move","complete","workspaces/worth-store\crates\worth-store-test-support\src\harness\recovery\drivers\fault_scheduler.rs","Content-hash reconciliation located the reviewed source at the permanent resulting path."
"workspaces/worth-store/crates/worth-store-test-support/src/harness/milestone/s4_recovery_physics/s4_fresh_runtime.rs","013-test-support-production","move","complete","workspaces/worth-store\crates\worth-store-test-support\src\harness\recovery\drivers\fresh_runtime.rs","Content-hash reconciliation located the reviewed source at the permanent resulting path."
"workspaces/worth-store/crates/worth-store-test-support/src/harness/milestone/s4_recovery_physics/s4_persisted_recovery.rs","013-test-support-production","move","complete","workspaces/worth-store/crates/worth-store-test-support/src/harness/recovery/fixtures/persisted_recovery.rs","Reviewed ownership override: later architecture work placed the content at this permanent resulting path."
"workspaces/worth-store/crates/worth-store-test-support/src/harness/milestone/s4_recovery_physics/s4_recovery_entry_fixture.rs","013-test-support-production","move","complete","workspaces/worth-store/crates/worth-store-test-support/src/harness/recovery/fixtures/recovery_entry.rs","Reviewed ownership override: later architecture work placed the content at this permanent resulting path."
"workspaces/worth-store/crates/worth-store-test-support/src/harness/milestone/s4_recovery_physics/s4_recovery_handoff_fixture.rs","013-test-support-production","move","complete","workspaces/worth-store/crates/worth-store-test-support/src/harness/recovery/fixtures/recovery_handoff.rs","Reviewed ownership override: later architecture work placed the content at this permanent resulting path."
"workspaces/worth-store/crates/worth-store-test-support/src/harness/milestone/s4_recovery_physics/s4_recovery_integrity_fixture.rs","013-test-support-production","move","complete","workspaces/worth-store/crates/worth-store-test-support/src/harness/recovery/fixtures/recovery_integrity.rs","Reviewed ownership override: later architecture work placed the content at this permanent resulting path."
"workspaces/worth-store/crates/worth-store-test-support/src/harness/milestone/s4_recovery_physics/s4_recovery_physical_fixture.rs","013-test-support-production","move","complete","workspaces/worth-store/crates/worth-store-test-support/src/harness/recovery/fixtures/recovery_physical.rs","Reviewed ownership override: later architecture work placed the content at this permanent resulting path."
"workspaces/worth-store/crates/worth-store-test-support/src/harness/milestone/s4_recovery_physics/s4_recovery_readiness_fixture.rs","013-test-support-production","move","complete","workspaces/worth-store/crates/worth-store-test-support/src/harness/recovery/fixtures/recovery_readiness.rs","Reviewed ownership override: later architecture work placed the content at this permanent resulting path."
"workspaces/worth-store/crates/worth-store-test-support/src/harness/milestone/s4_recovery_physics/s4_storage_interposer.rs","013-test-support-production","move","complete","workspaces/worth-store\crates\worth-store-test-support\src\harness\recovery\drivers\storage_interposer.rs","Content-hash reconciliation located the reviewed source at the permanent resulting path."
"workspaces/worth-store/crates/worth-store-test-support/src/harness/milestone/s5_1_security_scope_harness/fixtures.rs","013-test-support-production","move","complete","workspaces/worth-store/crates/worth-store-test-support/src/harness/security_scope/inputs/fixtures.rs","Reviewed ownership override: later architecture work placed the content at this permanent resulting path."
"workspaces/worth-store/crates/worth-store-test-support/src/harness/milestone/s5_1_security_scope_harness/readiness.rs","013-test-support-production","move","complete","workspaces/worth-store/crates/worth-store-test-support/src/harness/security_scope/execution.rs","Reviewed ownership override: later architecture work placed the content at this permanent resulting path."
"workspaces/worth-store/crates/worth-store-test-support/src/harness/milestone/s5_1_security_scope_harness/scenarios.rs","013-test-support-production","move","complete","workspaces/worth-store/crates/worth-store-test-support/src/harness/security_scope/inputs/scenarios.rs","Reviewed ownership override: later architecture work placed the content at this permanent resulting path."
"workspaces/worth-store/crates/worth-store-test-support/src/harness/milestone/s6_interference_profiles.rs","013-test-support-production","move","complete","workspaces/worth-store/crates/worth-store-test-support/src/harness/pressure/interference_profiles.rs","Reviewed ownership override: later architecture work placed the content at this permanent resulting path."
"workspaces/worth-store/crates/worth-store-test-support/src/harness/milestone/s6_io_pressure_profiles.rs","013-test-support-production","move","complete","workspaces/worth-store/crates/worth-store-test-support/src/harness/pressure/profiles.rs","Reviewed ownership override: later architecture work placed the content at this permanent resulting path."
"workspaces/worth-store/crates/worth-store-test-support/src/harness/milestone/s7_blob_harness_execution.rs","013-test-support-production","delete","complete","","Inventory deletion realized; the original source is absent."
"workspaces/worth-store/crates/worth-store-test-support/src/harness/milestone/s7_blob_harness_heavy_fixture.rs","013-test-support-production","move","complete","workspaces/worth-store/crates/worth-store-test-support/src/harness/blob/heavy_fixture.rs","Reviewed ownership override: later architecture work placed the content at this permanent resulting path."
"workspaces/worth-store/crates/worth-store-test-support/src/harness/milestone/s7_blob_harness_profiles.rs","013-test-support-production","move","complete","workspaces/worth-store/crates/worth-store-test-support/src/harness/blob/profiles.rs","Reviewed ownership override: later architecture work placed the content at this permanent resulting path."
"workspaces/worth-store/crates/worth-store-test-support/src/harness/milestone/s8_layout_access/adversarial_inputs.rs","013-test-support-production","delete","complete","","Inventory deletion realized; the original source is absent."
"workspaces/worth-store/crates/worth-store-test-support/src/harness/milestone/s8_layout_access/executed_runtime.rs","013-test-support-production","delete","complete","","Reviewed action override: 04cbdba3 refactor(store): remove synthetic topology authority removed or replaced the obsolete source; neither the source nor proposed target remains."
"workspaces/worth-store/crates/worth-store-test-support/src/harness/milestone/s8_layout_access/family_builders.rs","013-test-support-production","delete","complete","","Inventory deletion realized; the original source is absent."
"workspaces/worth-store/crates/worth-store-test-support/src/harness/milestone/s8_layout_access/fixtures.rs","013-test-support-production","delete","complete","","Inventory deletion realized; the original source is absent."
"workspaces/worth-store/crates/worth-store-test-support/src/harness/milestone/s8_layout_access/mod.rs","013-test-support-production","delete","complete","","Inventory deletion realized; the original source is absent."
"workspaces/worth-store/crates/worth-store-test-support/src/harness/milestone/s8_layout_access/scenario_builders.rs","013-test-support-production","delete","complete","","Inventory deletion realized; the original source is absent."
"workspaces/worth-store/crates/worth-store-wal/src/layout_access/baseline_lsm_artifact_binding.rs","003-integrity-isolation-wal-production","move","complete","workspaces/worth-store/crates/worth-store-layout-indexes/src/strategy/lsm/artifacts/binding.rs","Inventory move realized at the reviewed target; the original source is absent and the resulting path exists."
"workspaces/worth-store/crates/worth-store-wal/src/layout_access/baseline_lsm_certification_execution.rs","003-integrity-isolation-wal-production","move","complete","workspaces/worth-store/crates/worth-store-layout-indexes/src/strategy/lsm/execution/witness.rs","Reviewed ownership override: later architecture work placed the content at this permanent resulting path."
"workspaces/worth-store/crates/worth-store-wal/src/layout_access/baseline_lsm_compaction_execution.rs","003-integrity-isolation-wal-production","move","complete","workspaces/worth-store/crates/worth-store-layout-indexes/src/strategy/lsm/compaction/execution.rs","Inventory move realized at the reviewed target; the original source is absent and the resulting path exists."
"workspaces/worth-store/crates/worth-store-wal/src/layout_access/baseline_lsm_compaction_transition.rs","003-integrity-isolation-wal-production","move","complete","workspaces/worth-store/crates/worth-store-layout-indexes/src/strategy/lsm/compaction/transition.rs","Inventory move realized at the reviewed target; the original source is absent and the resulting path exists."
"workspaces/worth-store/crates/worth-store-wal/src/layout_access/baseline_lsm_counter_observation_tests.rs","003-integrity-isolation-wal-production","delete","complete","","Reviewed action override: the obsolete or synthetic source was intentionally removed and has no surviving authority lane."
"workspaces/worth-store/crates/worth-store-wal/src/layout_access/baseline_lsm_execution_binding.rs","003-integrity-isolation-wal-production","move","complete","workspaces/worth-store/crates/worth-store-layout-indexes/src/strategy/lsm/execution/binding.rs","Inventory move realized at the reviewed target; the original source is absent and the resulting path exists."
"workspaces/worth-store/crates/worth-store-wal/src/layout_access/baseline_lsm_execution_request.rs","003-integrity-isolation-wal-production","move","complete","workspaces/worth-store/crates/worth-store-layout-indexes/src/strategy/lsm/execution/request.rs","Reviewed ownership override: later architecture work placed the content at this permanent resulting path."
"workspaces/worth-store/crates/worth-store-wal/src/layout_access/baseline_lsm_invariant_proof.rs","003-integrity-isolation-wal-production","move","complete","workspaces/worth-store/crates/worth-store-layout-indexes/src/strategy/lsm/invariants/assessment.rs","Reviewed ownership override: later architecture work placed the content at this permanent resulting path."
"workspaces/worth-store/crates/worth-store-wal/src/layout_access/baseline_lsm_invariant_witness.rs","003-integrity-isolation-wal-production","move","complete","workspaces/worth-store/crates/worth-store-layout-indexes/src/strategy/lsm/invariants/observation.rs","Reviewed ownership override: later architecture work placed the content at this permanent resulting path."
"workspaces/worth-store/crates/worth-store-wal/src/layout_access/baseline_lsm_manifest_hostile_tests.rs","003-integrity-isolation-wal-production","delete","complete","","Reviewed action override: the obsolete or synthetic source was intentionally removed and has no surviving authority lane."
"workspaces/worth-store/crates/worth-store-wal/src/layout_access/baseline_lsm_persisted_codec.rs","003-integrity-isolation-wal-production","move","complete","workspaces/worth-store/crates/worth-store-layout-indexes/src/strategy/lsm/physical_codec.rs","Inventory move realized at the reviewed target; the original source is absent and the resulting path exists."
"workspaces/worth-store/crates/worth-store-wal/src/layout_access/baseline_lsm_persisted_hostile_tests.rs","003-integrity-isolation-wal-production","delete","complete","","Reviewed action override: the obsolete or synthetic source was intentionally removed and has no surviving authority lane."
"workspaces/worth-store/crates/worth-store-wal/src/layout_access/baseline_lsm_persisted_index.rs","003-integrity-isolation-wal-production","move","complete","workspaces/worth-store/crates/worth-store-layout-indexes/src/strategy/lsm/persisted_index/store.rs","Inventory move realized at the reviewed target; the original source is absent and the resulting path exists."
"workspaces/worth-store/crates/worth-store-wal/src/layout_access/baseline_lsm_persisted_index_tests.rs","003-integrity-isolation-wal-production","delete","complete","","Reviewed action override: the obsolete or synthetic source was intentionally removed and has no surviving authority lane."
"workspaces/worth-store/crates/worth-store-wal/src/layout_access/baseline_lsm_store_binding.rs","003-integrity-isolation-wal-production","move","complete","workspaces/worth-store/crates/worth-store-layout-indexes/src/strategy/lsm/artifacts/store_binding.rs","Inventory move realized at the reviewed target; the original source is absent and the resulting path exists."
"workspaces/worth-store/crates/worth-store-wal/src/layout_access/wal_record_family.rs","003-integrity-isolation-wal-production","delete","complete","","Inventory deletion realized; the original source is absent."
"workspaces/worth-store/crates/worth-store-wal/src/layout_access/wal_segment_family.rs","003-integrity-isolation-wal-production","delete","complete","","Inventory deletion realized; the original source is absent."
"workspaces/worth-store/crates/worth-store/tests/phase29_boundary.rs","016-remaining-tests-and-support","delete","complete","","Reviewed action override: 04cbdba3 refactor(store): remove synthetic topology authority removed or replaced the obsolete source; neither the source nor proposed target remains."
"workspaces/worth-store/crates/worth-store-certification/tests/s4_5_fixture_authority_compile_fail.rs","014-certification-tests","move","complete","workspaces/worth-store/crates/worth-store-certification/tests/compile_fail/recovery/fixture_authority_runner.rs","Inventory move realized at the reviewed target; the original source is absent and the resulting path exists."
"workspaces/worth-store/crates/worth-store-certification/tests/s4_5_fixture_authority_denials.rs","014-certification-tests","move","complete","workspaces/worth-store/crates/worth-store-certification/tests/scenarios/recovery/fixture_authority_denials/fixture_authority_denials.rs","Reviewed ownership override: later architecture work placed the content at this permanent resulting path."
"workspaces/worth-store/crates/worth-store-certification/tests/s4_5_forbidden_shortcut_rejection.rs","014-certification-tests","move","complete","workspaces/worth-store/crates/worth-store-certification/tests/scenarios/recovery/forbidden_shortcut_rejection/forbidden_shortcut_rejection.rs","Inventory move realized at the reviewed target; the original source is absent and the resulting path exists."
"workspaces/worth-store/crates/worth-store-certification/tests/s4_5_forbidden_shortcut_rejection_compile_fail.rs","014-certification-tests","move","complete","workspaces/worth-store/crates/worth-store-certification/tests/compile_fail/recovery/forbidden_shortcut_rejection_runner.rs","Inventory move realized at the reviewed target; the original source is absent and the resulting path exists."
"workspaces/worth-store/crates/worth-store-certification/tests/s4_5_generated_coverage_matrix.rs","014-certification-tests","move","complete","workspaces/worth-store/crates/worth-store-certification/tests/scenarios/recovery/generated_coverage_matrix/generated_coverage_matrix.rs","Inventory move realized at the reviewed target; the original source is absent and the resulting path exists."
"workspaces/worth-store/crates/worth-store-certification/tests/s4_5_observer_oracle_boundaries.rs","014-certification-tests","move","complete","workspaces/worth-store/crates/worth-store-certification/tests/scenarios/recovery/observer_oracle_boundaries/observer_oracle_boundaries.rs","Inventory move realized at the reviewed target; the original source is absent and the resulting path exists."
"workspaces/worth-store/crates/worth-store-certification/tests/s4_5_observer_oracle_boundary_compile_fail.rs","014-certification-tests","move","complete","workspaces/worth-store/crates/worth-store-certification/tests/compile_fail/recovery/observer_oracle_boundary_runner.rs","Inventory move realized at the reviewed target; the original source is absent and the resulting path exists."
"workspaces/worth-store/crates/worth-store-certification/tests/s4_5_observer_oracle_execution.rs","014-certification-tests","move","complete","workspaces/worth-store/crates/worth-store-certification/tests/scenarios/recovery/observer_oracle_execution/observer_oracle_execution.rs","Inventory move realized at the reviewed target; the original source is absent and the resulting path exists."
"workspaces/worth-store/crates/worth-store-certification/tests/s4_5_observer_oracle_fact_basis.rs","014-certification-tests","move","complete","workspaces/worth-store/crates/worth-store-certification/tests/scenarios/recovery/observer_oracle_fact_basis/observer_oracle_fact_basis.rs","Inventory move realized at the reviewed target; the original source is absent and the resulting path exists."
"workspaces/worth-store/crates/worth-store-certification/tests/s4_5_physical_simulation_harness_closeout.rs","014-certification-tests","move","complete","workspaces/worth-store/crates/worth-store-certification/tests/scenarios/recovery/physical_simulation_harness_closeout/physical_simulation_harness_closeout.rs","Inventory move realized at the reviewed target; the original source is absent and the resulting path exists."
"workspaces/worth-store/crates/worth-store-certification/tests/s4_5_production_backed_fixture_authority.rs","014-certification-tests","move","complete","workspaces/worth-store/crates/worth-store-certification/tests/scenarios/recovery/production_backed_fixture_authority/production_backed_fixture_authority.rs","Reviewed ownership override: later architecture work placed the content at this permanent resulting path."
"workspaces/worth-store/crates/worth-store-certification/tests/s4_5_production_driver_contracts.rs","014-certification-tests","move","complete","workspaces/worth-store/crates/worth-store-certification/tests/scenarios/recovery/production_driver_contracts/production_driver_contracts.rs","Inventory move realized at the reviewed target; the original source is absent and the resulting path exists."
"workspaces/worth-store/crates/worth-store-certification/tests/s4_5_production_driver_yieldpoint_matrix.rs","014-certification-tests","move","complete","workspaces/worth-store/crates/worth-store-certification/tests/scenarios/recovery/production_driver_yieldpoint_matrix/production_driver_yieldpoint_matrix.rs","Inventory move realized at the reviewed target; the original source is absent and the resulting path exists."
"workspaces/worth-store/crates/worth-store-certification/tests/s4_5_s5_readiness/shortcut_report.rs","014-certification-tests","move","complete","workspaces/worth-store/crates/worth-store-certification/tests/scenarios/physical_isolation/readiness/shortcut_report.rs","Inventory move realized at the reviewed target; the original source is absent and the resulting path exists."
"workspaces/worth-store/crates/worth-store-certification/tests/s4_5_s5_simulation_harness_readiness.rs","014-certification-tests","move","complete","workspaces/worth-store/crates/worth-store-certification/tests/scenarios/physical_isolation/simulation_harness_readiness/simulation_harness_readiness.rs","Inventory move realized at the reviewed target; the original source is absent and the resulting path exists."
"workspaces/worth-store/crates/worth-store-certification/tests/s4_5_s5_simulation_harness_readiness_compile_fail.rs","014-certification-tests","move","complete","workspaces/worth-store/crates/worth-store-certification/tests/compile_fail/physical_isolation/simulation_harness_readiness_runner.rs","Inventory move realized at the reviewed target; the original source is absent and the resulting path exists."
"workspaces/worth-store/crates/worth-store-certification/tests/s4_5_scenario_authority_compile_fail.rs","014-certification-tests","move","complete","workspaces/worth-store/crates/worth-store-certification/tests/compile_fail/recovery/scenario_authority_runner.rs","Inventory move realized at the reviewed target; the original source is absent and the resulting path exists."
"workspaces/worth-store/crates/worth-store-certification/tests/s4_5_schedule_replay_denials.rs","014-certification-tests","move","complete","workspaces/worth-store/crates/worth-store-certification/tests/scenarios/recovery/schedule_replay_denials/schedule_replay_denials.rs","Inventory move realized at the reviewed target; the original source is absent and the resulting path exists."
"workspaces/worth-store/crates/worth-store-certification/tests/s4_5_schedule_shrink_trace.rs","014-certification-tests","move","complete","workspaces/worth-store/crates/worth-store-certification/tests/scenarios/recovery/schedule_shrink_trace/schedule_shrink_trace.rs","Inventory move realized at the reviewed target; the original source is absent and the resulting path exists."
"workspaces/worth-store/crates/worth-store-certification/tests/s4_5_simulation_harness_entry_boundary.rs","014-certification-tests","move","complete","workspaces/worth-store/crates/worth-store-certification/tests/scenarios/recovery/simulation_harness_entry_boundary/simulation_harness_entry_boundary.rs","Inventory move realized at the reviewed target; the original source is absent and the resulting path exists."
"workspaces/worth-store/crates/worth-store-certification/tests/s4_5_simulation_harness_entry_boundary_hardening.rs","014-certification-tests","move","complete","workspaces/worth-store/crates/worth-store-certification/tests/scenarios/recovery/simulation_harness_entry_boundary_hardening/simulation_harness_entry_boundary_hardening.rs","Inventory move realized at the reviewed target; the original source is absent and the resulting path exists."
"workspaces/worth-store/crates/worth-store-certification/tests/s4_5_simulation_plan_boundary_compile_fail.rs","014-certification-tests","move","complete","workspaces/worth-store/crates/worth-store-certification/tests/compile_fail/recovery/simulation_plan_boundary_runner.rs","Inventory move realized at the reviewed target; the original source is absent and the resulting path exists."
"workspaces/worth-store/crates/worth-store-certification/tests/s4_5_simulation_plan_lowering.rs","014-certification-tests","move","complete","workspaces/worth-store/crates/worth-store-certification/tests/scenarios/recovery/simulation_plan_lowering/simulation_plan_lowering.rs","Inventory move realized at the reviewed target; the original source is absent and the resulting path exists."
"workspaces/worth-store/crates/worth-store-certification/tests/s4_5_simulation_plan_support_denials.rs","014-certification-tests","move","complete","workspaces/worth-store/crates/worth-store-certification/tests/scenarios/recovery/simulation_plan_support_denials/simulation_plan_support_denials.rs","Reviewed ownership override: later architecture work placed the content at this permanent resulting path."
"workspaces/worth-store/crates/worth-store-certification/tests/s4_5_transcript_evidence_bundle.rs","014-certification-tests","move","complete","workspaces/worth-store/crates/worth-store-certification/tests/scenarios/recovery/transcript_evidence_bundle/transcript_evidence_bundle.rs","Inventory move realized at the reviewed target; the original source is absent and the resulting path exists."
"workspaces/worth-store/crates/worth-store-certification/tests/s4_5_transcript_evidence_compile_fail.rs","014-certification-tests","move","complete","workspaces/worth-store/crates/worth-store-certification/tests/compile_fail/recovery/transcript_evidence_runner.rs","Inventory move realized at the reviewed target; the original source is absent and the resulting path exists."
"workspaces/worth-store/crates/worth-store-certification/tests/s4_5_transcript_evidence_denials.rs","014-certification-tests","move","complete","workspaces/worth-store/crates/worth-store-certification/tests/scenarios/recovery/transcript_evidence_denials/transcript_evidence_denials.rs","Inventory move realized at the reviewed target; the original source is absent and the resulting path exists."
"workspaces/worth-store/crates/worth-store-certification/tests/s4_5_transcript_replay_oracle_authority.rs","014-certification-tests","move","complete","workspaces/worth-store/crates/worth-store-certification/tests/scenarios/recovery/transcript_replay_oracle_authority/transcript_replay_oracle_authority.rs","Inventory move realized at the reviewed target; the original source is absent and the resulting path exists."
"workspaces/worth-store/crates/worth-store-certification/tests/s4_bounded_recovery_budget.rs","014-certification-tests","move","complete","workspaces/worth-store/crates/worth-store-certification/tests/scenarios/recovery/bounded_recovery_budget/bounded_recovery_budget.rs","Inventory move realized at the reviewed target; the original source is absent and the resulting path exists."
"workspaces/worth-store/crates/worth-store-certification/tests/s4_bounded_recovery_budget/budget_fixture.rs","014-certification-tests","move","complete","workspaces/worth-store/crates/worth-store-certification/tests/support/recovery/bounded_recovery_budget/budget_fixture.rs","Inventory move realized at the reviewed target; the original source is absent and the resulting path exists."
"workspaces/worth-store/crates/worth-store-certification/tests/s4_bounded_recovery_budget/counter_assertions.rs","014-certification-tests","move","complete","workspaces/worth-store/crates/worth-store-certification/tests/scenarios/recovery/bounded_recovery_budget/counter_assertions.rs","Inventory move realized at the reviewed target; the original source is absent and the resulting path exists."
"workspaces/worth-store/crates/worth-store-certification/tests/s4_bounded_recovery_budget/memory_budget_fixture.rs","014-certification-tests","move","complete","workspaces/worth-store/crates/worth-store-certification/tests/support/recovery/bounded_recovery_budget/memory_budget_fixture.rs","Inventory move realized at the reviewed target; the original source is absent and the resulting path exists."
"workspaces/worth-store/crates/worth-store-certification/tests/s4_checkpoint_cutover.rs","014-certification-tests","move","complete","workspaces/worth-store/crates/worth-store-certification/tests/scenarios/recovery/checkpoint_cutover/checkpoint_cutover.rs","Inventory move realized at the reviewed target; the original source is absent and the resulting path exists."
"workspaces/worth-store/crates/worth-store-certification/tests/s4_checkpoint_cutover/checkpoint_basis_fixture.rs","014-certification-tests","move","complete","workspaces/worth-store/crates/worth-store-certification/tests/support/recovery/checkpoint_cutover/checkpoint_basis_fixture.rs","Inventory move realized at the reviewed target; the original source is absent and the resulting path exists."
"workspaces/worth-store/crates/worth-store-certification/tests/s4_checkpoint_cutover/checkpoint_durability_fixture.rs","014-certification-tests","move","complete","workspaces/worth-store/crates/worth-store-certification/tests/support/recovery/checkpoint_cutover/checkpoint_durability_fixture.rs","Inventory move realized at the reviewed target; the original source is absent and the resulting path exists."
"workspaces/worth-store/crates/worth-store-certification/tests/s4_closeout/closeout_collectors.rs","014-certification-tests","delete","complete","","Reviewed action override: 04cbdba3 refactor(store): remove synthetic topology authority removed or replaced the obsolete source; neither the source nor proposed target remains."
"workspaces/worth-store/crates/worth-store-certification/tests/s4_closeout/crash_evidence.rs","014-certification-tests","delete","complete","","Reviewed action override: 04cbdba3 refactor(store): remove synthetic topology authority removed or replaced the obsolete source; neither the source nor proposed target remains."
"workspaces/worth-store/crates/worth-store-certification/tests/s4_closeout/executed_recovery.rs","014-certification-tests","move","complete","workspaces/worth-store/crates/worth-store-certification/tests/scenarios/recovery/closeout/executed_recovery.rs","Inventory move realized at the reviewed target; the original source is absent and the resulting path exists."
"workspaces/worth-store/crates/worth-store-certification/tests/s4_closeout/fixture.rs","014-certification-tests","move","complete","workspaces/worth-store/crates/worth-store-certification/tests/support/recovery/closeout/fixture.rs","Inventory move realized at the reviewed target; the original source is absent and the resulting path exists."
"workspaces/worth-store/crates/worth-store-certification/tests/s4_closeout/foundational_evidence.rs","014-certification-tests","delete","complete","","Reviewed action override: 04cbdba3 refactor(store): remove synthetic topology authority removed or replaced the obsolete source; neither the source nor proposed target remains."
"workspaces/worth-store/crates/worth-store-certification/tests/s4_closeout/shortcut_evidence.rs","014-certification-tests","delete","complete","","Reviewed action override: 04cbdba3 refactor(store): remove synthetic topology authority removed or replaced the obsolete source; neither the source nor proposed target remains."
"workspaces/worth-store/crates/worth-store-certification/tests/s4_closeout_boundedness.rs","014-certification-tests","delete","complete","","Reviewed action override: 04cbdba3 refactor(store): remove synthetic topology authority removed or replaced the obsolete source; neither the source nor proposed target remains."
"workspaces/worth-store/crates/worth-store-certification/tests/s4_closeout_certification.rs","014-certification-tests","delete","complete","","Reviewed action override: 04cbdba3 refactor(store): remove synthetic topology authority removed or replaced the obsolete source; neither the source nor proposed target remains."
"workspaces/worth-store/crates/worth-store-certification/tests/s4_closeout_s5_handoff.rs","014-certification-tests","delete","complete","","Inventory deletion realized; the original source is absent."
"workspaces/worth-store/crates/worth-store-certification/tests/s4_closeout_synthetic_shortcuts.rs","014-certification-tests","delete","complete","","Reviewed action override: 04cbdba3 refactor(store): remove synthetic topology authority removed or replaced the obsolete source; neither the source nor proposed target remains."
"workspaces/worth-store/crates/worth-store-certification/tests/s4_foundational_current_basis.rs","014-certification-tests","move","complete","workspaces/worth-store/crates/worth-store-certification/tests/scenarios/recovery/foundational_current_basis/foundational_current_basis.rs","Inventory move realized at the reviewed target; the original source is absent and the resulting path exists."
"workspaces/worth-store/crates/worth-store-certification/tests/s4_foundational_denial_authority.rs","014-certification-tests","move","complete","workspaces/worth-store/crates/worth-store-certification/tests/scenarios/recovery/foundational_denial_authority/foundational_denial_authority.rs","Inventory move realized at the reviewed target; the original source is absent and the resulting path exists."
"workspaces/worth-store/crates/worth-store-certification/tests/s4_foundational_diagnostics.rs","014-certification-tests","move","complete","workspaces/worth-store/crates/worth-store-certification/tests/scenarios/recovery/foundational_diagnostics/foundational_diagnostics.rs","Inventory move realized at the reviewed target; the original source is absent and the resulting path exists."
"workspaces/worth-store/crates/worth-store-certification/tests/s4_foundational_equivalence.rs","014-certification-tests","move","complete","workspaces/worth-store/crates/worth-store-certification/tests/scenarios/recovery/foundational_equivalence/foundational_equivalence.rs","Inventory move realized at the reviewed target; the original source is absent and the resulting path exists."
"workspaces/worth-store/crates/worth-store-certification/tests/s4_foundational_evidence_support.rs","014-certification-tests","move","complete","workspaces/worth-store/crates/worth-store-certification/tests/support/recovery/foundational_evidence_support/foundational_evidence_support.rs","Inventory move realized at the reviewed target; the original source is absent and the resulting path exists."
"workspaces/worth-store/crates/worth-store-certification/tests/s4_foundational_lineage.rs","014-certification-tests","move","complete","workspaces/worth-store/crates/worth-store-certification/tests/scenarios/recovery/foundational_lineage/foundational_lineage.rs","Inventory move realized at the reviewed target; the original source is absent and the resulting path exists."
"workspaces/worth-store/crates/worth-store-certification/tests/s4_foundational_non_applicable_surfaces.rs","014-certification-tests","move","complete","workspaces/worth-store/crates/worth-store-certification/tests/scenarios/recovery/foundational_non_applicable_surfaces/foundational_non_applicable_surfaces.rs","Inventory move realized at the reviewed target; the original source is absent and the resulting path exists."
"workspaces/worth-store/crates/worth-store-certification/tests/s4_foundational_performance.rs","014-certification-tests","move","complete","workspaces/worth-store/crates/worth-store-certification/tests/scenarios/recovery/foundational_performance/foundational_performance.rs","Inventory move realized at the reviewed target; the original source is absent and the resulting path exists."
"workspaces/worth-store/crates/worth-store-certification/tests/s4_foundational_proof_evidence.rs","014-certification-tests","move","complete","workspaces/worth-store/crates/worth-store-certification/tests/scenarios/recovery/foundational_proof_evidence/foundational_proof_evidence.rs","Inventory move realized at the reviewed target; the original source is absent and the resulting path exists."
"workspaces/worth-store/crates/worth-store-certification/tests/s4_idempotent_redo_replay.rs","014-certification-tests","move","complete","workspaces/worth-store/crates/worth-store-certification/tests/scenarios/recovery/idempotent_redo_replay/idempotent_redo_replay.rs","Inventory move realized at the reviewed target; the original source is absent and the resulting path exists."
"workspaces/worth-store/crates/worth-store-certification/tests/s4_idempotent_redo_replay/redo_replay_fixture.rs","014-certification-tests","move","complete","workspaces/worth-store/crates/worth-store-certification/tests/support/recovery/idempotent_redo_replay/redo_replay_fixture.rs","Inventory move realized at the reviewed target; the original source is absent and the resulting path exists."
"workspaces/worth-store/crates/worth-store-certification/tests/s4_page_lsn_publication.rs","014-certification-tests","move","complete","workspaces/worth-store/crates/worth-store-certification/tests/scenarios/recovery/page_lsn_publication/page_lsn_publication.rs","Inventory move realized at the reviewed target; the original source is absent and the resulting path exists."
"workspaces/worth-store/crates/worth-store-certification/tests/s4_page_lsn_publication/adversarial_publication_denials.rs","014-certification-tests","move","complete","workspaces/worth-store/crates/worth-store-certification/tests/scenarios/recovery/page_lsn_publication/adversarial_publication_denials.rs","Inventory move realized at the reviewed target; the original source is absent and the resulting path exists."
"workspaces/worth-store/crates/worth-store-certification/tests/s4_page_lsn_publication/dirty_publication_paths.rs","014-certification-tests","move","complete","workspaces/worth-store/crates/worth-store-certification/tests/scenarios/recovery/page_lsn_publication/dirty_publication_paths.rs","Inventory move realized at the reviewed target; the original source is absent and the resulting path exists."
"workspaces/worth-store/crates/worth-store-certification/tests/s4_page_lsn_publication/page_generation_paths.rs","014-certification-tests","move","complete","workspaces/worth-store/crates/worth-store-certification/tests/scenarios/recovery/page_lsn_publication/page_generation_paths.rs","Inventory move realized at the reviewed target; the original source is absent and the resulting path exists."
"workspaces/worth-store/crates/worth-store-certification/tests/s4_page_lsn_publication/publication_assertions.rs","014-certification-tests","move","complete","workspaces/worth-store/crates/worth-store-certification/tests/scenarios/recovery/page_lsn_publication/publication_assertions.rs","Inventory move realized at the reviewed target; the original source is absent and the resulting path exists."
"workspaces/worth-store/crates/worth-store-certification/tests/s4_page_lsn_publication/redo_assertions.rs","014-certification-tests","move","complete","workspaces/worth-store/crates/worth-store-certification/tests/scenarios/recovery/page_lsn_publication/redo_assertions.rs","Inventory move realized at the reviewed target; the original source is absent and the resulting path exists."
"workspaces/worth-store/crates/worth-store-certification/tests/s4_page_lsn_publication/wal_durability_paths.rs","014-certification-tests","move","complete","workspaces/worth-store/crates/worth-store-certification/tests/scenarios/recovery/page_lsn_publication/wal_durability_paths.rs","Inventory move realized at the reviewed target; the original source is absent and the resulting path exists."
"workspaces/worth-store/crates/worth-store-certification/tests/s4_partial_publication_classification.rs","014-certification-tests","move","complete","workspaces/worth-store/crates/worth-store-certification/tests/scenarios/recovery/partial_publication_classification/partial_publication_classification.rs","Inventory move realized at the reviewed target; the original source is absent and the resulting path exists."
"workspaces/worth-store/crates/worth-store-certification/tests/s4_partial_publication_classification/crash_edge_observations.rs","014-certification-tests","move","complete","workspaces/worth-store/crates/worth-store-certification/tests/scenarios/recovery/partial_publication_classification/crash_edge_observations.rs","Inventory move realized at the reviewed target; the original source is absent and the resulting path exists."
"workspaces/worth-store/crates/worth-store-certification/tests/s4_partial_publication_classification/durable_page_mutation_observations.rs","014-certification-tests","move","complete","workspaces/worth-store/crates/worth-store-certification/tests/scenarios/recovery/partial_publication_classification/durable_page_mutation_observations.rs","Inventory move realized at the reviewed target; the original source is absent and the resulting path exists."
"workspaces/worth-store/crates/worth-store-certification/tests/s4_partial_publication_classification/non_authoritative_observations.rs","014-certification-tests","move","complete","workspaces/worth-store/crates/worth-store-certification/tests/scenarios/recovery/partial_publication_classification/non_authoritative_observations.rs","Inventory move realized at the reviewed target; the original source is absent and the resulting path exists."
"workspaces/worth-store/crates/worth-store-certification/tests/s4_proof_progression.rs","014-certification-tests","move","complete","workspaces/worth-store/crates/worth-store-certification/tests/scenarios/recovery/proof_progression/proof_progression.rs","Inventory move realized at the reviewed target; the original source is absent and the resulting path exists."
"workspaces/worth-store/crates/worth-store-certification/tests/s4_recovery_harness_ui.rs","014-certification-tests","move","complete","workspaces/worth-store/crates/worth-store-certification/tests/scenarios/recovery/recovery_harness_ui/recovery_harness_ui.rs","Inventory move realized at the reviewed target; the original source is absent and the resulting path exists."
"workspaces/worth-store/crates/worth-store-certification/tests/s4_recovery_offline_verifier.rs","014-certification-tests","move","complete","workspaces/worth-store/crates/worth-store-certification/tests/scenarios/recovery/recovery_offline_verifier/recovery_offline_verifier.rs","Inventory move realized at the reviewed target; the original source is absent and the resulting path exists."
"workspaces/worth-store/crates/worth-store-certification/tests/s4_recovery_offline_verifier/assertions.rs","014-certification-tests","move","complete","workspaces/worth-store/crates/worth-store-certification/tests/scenarios/recovery/recovery_offline_verifier/assertions.rs","Inventory move realized at the reviewed target; the original source is absent and the resulting path exists."
"workspaces/worth-store/crates/worth-store-certification/tests/s4_recovery_offline_verifier/runtime_recovery_fixture.rs","014-certification-tests","move","complete","workspaces/worth-store/crates/worth-store-certification/tests/support/recovery/recovery_offline_verifier/runtime_recovery_fixture.rs","Inventory move realized at the reviewed target; the original source is absent and the resulting path exists."
"workspaces/worth-store/crates/worth-store-certification/tests/s4_recovery_source_precedence.rs","014-certification-tests","move","complete","workspaces/worth-store/crates/worth-store-certification/tests/scenarios/recovery/recovery_source_precedence/recovery_source_precedence.rs","Inventory move realized at the reviewed target; the original source is absent and the resulting path exists."
"workspaces/worth-store/crates/worth-store-certification/tests/s4_recovery_source_precedence/assertions.rs","014-certification-tests","move","complete","workspaces/worth-store/crates/worth-store-certification/tests/scenarios/recovery/recovery_source_precedence/assertions.rs","Inventory move realized at the reviewed target; the original source is absent and the resulting path exists."
"workspaces/worth-store/crates/worth-store-certification/tests/s4_recovery_source_precedence/source_precedence_fixture.rs","014-certification-tests","move","complete","workspaces/worth-store/crates/worth-store-certification/tests/support/recovery/recovery_source_precedence/source_precedence_fixture.rs","Inventory move realized at the reviewed target; the original source is absent and the resulting path exists."
"workspaces/worth-store/crates/worth-store-certification/tests/s4_wal_durability_ack.rs","014-certification-tests","move","complete","workspaces/worth-store/crates/worth-store-certification/tests/scenarios/recovery/wal_durability_ack/wal_durability_ack.rs","Inventory move realized at the reviewed target; the original source is absent and the resulting path exists."
"workspaces/worth-store/crates/worth-store-certification/tests/s4_wal_durability_ack/ack_assertions.rs","014-certification-tests","move","complete","workspaces/worth-store/crates/worth-store-certification/tests/scenarios/recovery/wal_durability_ack/ack_assertions.rs","Inventory move realized at the reviewed target; the original source is absent and the resulting path exists."
"workspaces/worth-store/crates/worth-store-certification/tests/s4_wal_durability_ack/adversarial_ack_denial_paths.rs","014-certification-tests","move","complete","workspaces/worth-store/crates/worth-store-certification/tests/scenarios/recovery/wal_durability_ack/adversarial_ack_denial_paths.rs","Inventory move realized at the reviewed target; the original source is absent and the resulting path exists."
"workspaces/worth-store/crates/worth-store-certification/tests/s4_wal_durability_ack/append_path_basis.rs","014-certification-tests","move","complete","workspaces/worth-store/crates/worth-store-certification/tests/scenarios/recovery/wal_durability_ack/append_path_basis.rs","Inventory move realized at the reviewed target; the original source is absent and the resulting path exists."
"workspaces/worth-store/crates/worth-store-certification/tests/s4_wal_durability_ack/certified_barrier_observations.rs","014-certification-tests","move","complete","workspaces/worth-store/crates/worth-store-certification/tests/scenarios/recovery/wal_durability_ack/certified_barrier_observations.rs","Inventory move realized at the reviewed target; the original source is absent and the resulting path exists."
"workspaces/worth-store/crates/worth-store-certification/tests/s4_wal_durability_ack/crash_assertions.rs","014-certification-tests","move","complete","workspaces/worth-store/crates/worth-store-certification/tests/scenarios/recovery/wal_durability_ack/crash_assertions.rs","Inventory move realized at the reviewed target; the original source is absent and the resulting path exists."
"workspaces/worth-store/crates/worth-store-certification/tests/s4_wal_durability_ack/durable_profile_paths.rs","014-certification-tests","move","complete","workspaces/worth-store/crates/worth-store-certification/tests/scenarios/recovery/wal_durability_ack/durable_profile_paths.rs","Inventory move realized at the reviewed target; the original source is absent and the resulting path exists."
"workspaces/worth-store/crates/worth-store-certification/tests/s4_wal_topology.rs","014-certification-tests","move","complete","workspaces/worth-store/crates/worth-store-certification/tests/scenarios/recovery/wal_topology/wal_topology.rs","Inventory move realized at the reviewed target; the original source is absent and the resulting path exists."
"workspaces/worth-store/crates/worth-store-certification/tests/s4_wal_topology/cursor_assertions.rs","014-certification-tests","move","complete","workspaces/worth-store/crates/worth-store-certification/tests/scenarios/recovery/wal_topology/cursor_assertions.rs","Inventory move realized at the reviewed target; the original source is absent and the resulting path exists."
"workspaces/worth-store/crates/worth-store-certification/tests/s4_wal_topology/denial_assertions.rs","014-certification-tests","move","complete","workspaces/worth-store/crates/worth-store-certification/tests/scenarios/recovery/wal_topology/denial_assertions.rs","Inventory move realized at the reviewed target; the original source is absent and the resulting path exists."
"workspaces/worth-store/crates/worth-store-certification/tests/s4_wal_topology/scan_fixtures.rs","014-certification-tests","move","complete","workspaces/worth-store/crates/worth-store-certification/tests/support/recovery/wal_topology/scan_fixtures.rs","Inventory move realized at the reviewed target; the original source is absent and the resulting path exists."
"workspaces/worth-store/crates/worth-store-certification/tests/s5_1_backup_export_custody.rs","014-certification-tests","move","complete","workspaces/worth-store/crates/worth-store-certification/tests/scenarios/security/backup_export_custody/backup_export_custody.rs","Inventory move realized at the reviewed target; the original source is absent and the resulting path exists."
"workspaces/worth-store/crates/worth-store-certification/tests/s5_1_certification_closeout.rs","014-certification-tests","move","complete","workspaces/worth-store/crates/worth-store-certification/tests/scenarios/security/certification_closeout/certification_closeout.rs","Inventory move realized at the reviewed target; the original source is absent and the resulting path exists."
"workspaces/worth-store/crates/worth-store-certification/tests/s5_1_certification_closeout/receipt_assertions.rs","014-certification-tests","move","complete","workspaces/worth-store/crates/worth-store-certification/tests/scenarios/security/certification_closeout/receipt_assertions.rs","Inventory move realized at the reviewed target; the original source is absent and the resulting path exists."
"workspaces/worth-store/crates/worth-store-certification/tests/s5_1_certification_closeout_compile_fail.rs","014-certification-tests","move","complete","workspaces/worth-store/crates/worth-store-certification/tests/compile_fail/security/certification_closeout_runner.rs","Inventory move realized at the reviewed target; the original source is absent and the resulting path exists."
"workspaces/worth-store/crates/worth-store-certification/tests/s5_1_later_milestone_handoff_compile_fail.rs","014-certification-tests","delete","complete","","Inventory deletion realized; the original source is absent."
"workspaces/worth-store/crates/worth-store-certification/tests/s5_1_later_milestone_handoffs.rs","014-certification-tests","delete","complete","","Inventory deletion realized; the original source is absent."
"workspaces/worth-store/crates/worth-store-certification/tests/s5_1_repair_blast_radius.rs","014-certification-tests","move","complete","workspaces/worth-store/crates/worth-store-certification/tests/scenarios/security/repair_blast_radius/repair_blast_radius.rs","Inventory move realized at the reviewed target; the original source is absent and the resulting path exists."
"workspaces/worth-store/crates/worth-store-certification/tests/s5_1_security_scope_admission_compile_fail.rs","014-certification-tests","move","complete","workspaces/worth-store/crates/worth-store-certification/tests/compile_fail/security/security_scope_admission_runner.rs","Inventory move realized at the reviewed target; the original source is absent and the resulting path exists."
"workspaces/worth-store/crates/worth-store-certification/tests/s5_1_security_scope_propagation.rs","014-certification-tests","move","complete","workspaces/worth-store/crates/worth-store-certification/tests/scenarios/security/security_scope_propagation/security_scope_propagation.rs","Inventory move realized at the reviewed target; the original source is absent and the resulting path exists."
"workspaces/worth-store/crates/worth-store-certification/tests/s5_1_security_scope_simulation_harness.rs","014-certification-tests","move","complete","workspaces/worth-store/crates/worth-store-certification/tests/scenarios/security/security_scope_simulation_harness/security_scope_simulation_harness.rs","Inventory move realized at the reviewed target; the original source is absent and the resulting path exists."
"workspaces/worth-store/crates/worth-store-certification/tests/s5_1_security_scope_simulation_harness/support.rs","014-certification-tests","move","complete","workspaces/worth-store/crates/worth-store-certification/tests/support/security/security_scope_simulation_harness/support.rs","Inventory move realized at the reviewed target; the original source is absent and the resulting path exists."
"workspaces/worth-store/crates/worth-store-certification/tests/s5_1_security_scope_vocabulary_compile_fail.rs","014-certification-tests","move","complete","workspaces/worth-store/crates/worth-store-certification/tests/compile_fail/security/security_scope_vocabulary_runner.rs","Inventory move realized at the reviewed target; the original source is absent and the resulting path exists."
"workspaces/worth-store/crates/worth-store-certification/tests/s5_compaction_range_interlock_bounds.rs","014-certification-tests","move","complete","workspaces/worth-store/crates/worth-store-certification/tests/scenarios/physical_isolation/compaction_range_interlock_bounds/compaction_range_interlock_bounds.rs","Inventory move realized at the reviewed target; the original source is absent and the resulting path exists."
"workspaces/worth-store/crates/worth-store-certification/tests/s5_copy_on_write_publication.rs","014-certification-tests","move","complete","workspaces/worth-store/crates/worth-store-certification/tests/scenarios/physical_isolation/copy_on_write_publication/copy_on_write_publication.rs","Inventory move realized at the reviewed target; the original source is absent and the resulting path exists."
"workspaces/worth-store/crates/worth-store-certification/tests/s5_copy_on_write_publication/crash_recovery.rs","014-certification-tests","move","complete","workspaces/worth-store/crates/worth-store-certification/tests/scenarios/physical_isolation/copy_on_write_publication/crash_recovery.rs","Inventory move realized at the reviewed target; the original source is absent and the resulting path exists."
"workspaces/worth-store/crates/worth-store-certification/tests/s5_copy_on_write_publication/support.rs","014-certification-tests","move","complete","workspaces/worth-store/crates/worth-store-certification/tests/support/physical_isolation/copy_on_write_publication/support.rs","Inventory move realized at the reviewed target; the original source is absent and the resulting path exists."
"workspaces/worth-store/crates/worth-store-certification/tests/s5_copy_on_write_publication_compile_fail.rs","014-certification-tests","move","complete","workspaces/worth-store/crates/worth-store-certification/tests/compile_fail/physical_isolation/copy_on_write_publication_runner.rs","Inventory move realized at the reviewed target; the original source is absent and the resulting path exists."
"workspaces/worth-store/crates/worth-store-certification/tests/s5_epoch_scope_and_root_kind.rs","014-certification-tests","move","complete","workspaces/worth-store/crates/worth-store-certification/tests/scenarios/physical_isolation/epoch_scope_and_root_kind/epoch_scope_and_root_kind.rs","Inventory move realized at the reviewed target; the original source is absent and the resulting path exists."
"workspaces/worth-store/crates/worth-store-certification/tests/s5_epoch_scope_and_root_kind/support.rs","014-certification-tests","move","complete","workspaces/worth-store/crates/worth-store-certification/tests/support/physical_isolation/epoch_scope_and_root_kind/support.rs","Inventory move realized at the reviewed target; the original source is absent and the resulting path exists."
"workspaces/worth-store/crates/worth-store-certification/tests/s5_epoch_scope_and_root_kind_compile_fail.rs","014-certification-tests","move","complete","workspaces/worth-store/crates/worth-store-certification/tests/compile_fail/physical_isolation/epoch_scope_and_root_kind_runner.rs","Inventory move realized at the reviewed target; the original source is absent and the resulting path exists."
"workspaces/worth-store/crates/worth-store-certification/tests/s5_epoch_scope_foundational_lowering.rs","014-certification-tests","move","complete","workspaces/worth-store/crates/worth-store-certification/tests/scenarios/physical_isolation/epoch_scope_foundational_lowering/epoch_scope_foundational_lowering.rs","Inventory move realized at the reviewed target; the original source is absent and the resulting path exists."
"workspaces/worth-store/crates/worth-store-certification/tests/s5_evidence_materialization.rs","014-certification-tests","move","complete","workspaces/worth-store/crates/worth-store-certification/tests/scenarios/physical_isolation/evidence_materialization/evidence_materialization.rs","Inventory move realized at the reviewed target; the original source is absent and the resulting path exists."
"workspaces/worth-store/crates/worth-store-certification/tests/s5_interleaving_harness_consumption.rs","014-certification-tests","move","complete","workspaces/worth-store/crates/worth-store-certification/tests/scenarios/physical_isolation/interleaving_harness_consumption/interleaving_harness_consumption.rs","Inventory move realized at the reviewed target; the original source is absent and the resulting path exists."
"workspaces/worth-store/crates/worth-store-certification/tests/s5_interleaving_harness_denials.rs","014-certification-tests","move","complete","workspaces/worth-store/crates/worth-store-certification/tests/scenarios/physical_isolation/interleaving_harness_denials/interleaving_harness_denials.rs","Inventory move realized at the reviewed target; the original source is absent and the resulting path exists."
"workspaces/worth-store/crates/worth-store-certification/tests/s5_interleaving_harness_resources.rs","014-certification-tests","move","complete","workspaces/worth-store/crates/worth-store-certification/tests/scenarios/physical_isolation/interleaving_harness_resources/interleaving_harness_resources.rs","Inventory move realized at the reviewed target; the original source is absent and the resulting path exists."
"workspaces/worth-store/crates/worth-store-certification/tests/s5_interleaving_harness_support.rs","014-certification-tests","move","complete","workspaces/worth-store/crates/worth-store-certification/tests/support/physical_isolation/interleaving_harness_support/interleaving_harness_support.rs","Inventory move realized at the reviewed target; the original source is absent and the resulting path exists."
"workspaces/worth-store/crates/worth-store-certification/tests/s5_latch_acquisition_order.rs","014-certification-tests","move","complete","workspaces/worth-store/crates/worth-store-certification/tests/scenarios/physical_isolation/latch_acquisition_order/latch_acquisition_order.rs","Inventory move realized at the reviewed target; the original source is absent and the resulting path exists."
"workspaces/worth-store/crates/worth-store-certification/tests/s5_latch_acquisition_order_compile_fail.rs","014-certification-tests","move","complete","workspaces/worth-store/crates/worth-store-certification/tests/compile_fail/physical_isolation/latch_acquisition_order_runner.rs","Inventory move realized at the reviewed target; the original source is absent and the resulting path exists."
"workspaces/worth-store/crates/worth-store-certification/tests/s5_latch_algorithm_shape.rs","014-certification-tests","move","complete","workspaces/worth-store/crates/worth-store-certification/tests/scenarios/physical_isolation/latch_algorithm_shape/latch_algorithm_shape.rs","Inventory move realized at the reviewed target; the original source is absent and the resulting path exists."
"workspaces/worth-store/crates/worth-store-certification/tests/s5_physical_isolation_closeout.rs","014-certification-tests","move","complete","workspaces/worth-store/crates/worth-store-certification/tests/scenarios/physical_isolation/physical_isolation_closeout/physical_isolation_closeout.rs","Inventory move realized at the reviewed target; the original source is absent and the resulting path exists."
"workspaces/worth-store/crates/worth-store-certification/tests/s5_physical_isolation_entry.rs","014-certification-tests","move","complete","workspaces/worth-store/crates/worth-store-certification/tests/scenarios/physical_isolation/physical_isolation_entry/physical_isolation_entry.rs","Inventory move realized at the reviewed target; the original source is absent and the resulting path exists."
"workspaces/worth-store/crates/worth-store-certification/tests/s5_physical_isolation_entry_compile_fail.rs","014-certification-tests","move","complete","workspaces/worth-store/crates/worth-store-certification/tests/compile_fail/physical_isolation/physical_isolation_entry_runner.rs","Inventory move realized at the reviewed target; the original source is absent and the resulting path exists."
"workspaces/worth-store/crates/worth-store-certification/tests/s5_physical_semantic_isolation.rs","014-certification-tests","move","complete","workspaces/worth-store/crates/worth-store-certification/tests/scenarios/physical_isolation/physical_semantic_isolation/physical_semantic_isolation.rs","Inventory move realized at the reviewed target; the original source is absent and the resulting path exists."
"workspaces/worth-store/crates/worth-store-certification/tests/s5_physical_semantic_isolation_compile_fail.rs","014-certification-tests","move","complete","workspaces/worth-store/crates/worth-store-certification/tests/compile_fail/physical_isolation/physical_semantic_isolation_runner.rs","Inventory move realized at the reviewed target; the original source is absent and the resulting path exists."
"workspaces/worth-store/crates/worth-store-certification/tests/s5_reclaim_reachability_hazard_barriers.rs","014-certification-tests","move","complete","workspaces/worth-store/crates/worth-store-certification/tests/scenarios/physical_isolation/reclaim_reachability_hazard_barriers/reclaim_reachability_hazard_barriers.rs","Inventory move realized at the reviewed target; the original source is absent and the resulting path exists."
"workspaces/worth-store/crates/worth-store-certification/tests/s5_reclaim_reachability_hazard_barriers/support.rs","014-certification-tests","move","complete","workspaces/worth-store/crates/worth-store-certification/tests/support/physical_isolation/reclaim_reachability_hazard_barriers/support.rs","Inventory move realized at the reviewed target; the original source is absent and the resulting path exists."
"workspaces/worth-store/crates/worth-store-certification/tests/s5_stable_read_execution.rs","014-certification-tests","move","complete","workspaces/worth-store/crates/worth-store-certification/tests/scenarios/physical_isolation/stable_read_execution/stable_read_execution.rs","Inventory move realized at the reviewed target; the original source is absent and the resulting path exists."
"workspaces/worth-store/crates/worth-store-certification/tests/s5_stable_read_execution/plan_admission.rs","014-certification-tests","move","complete","workspaces/worth-store/crates/worth-store-certification/tests/scenarios/physical_isolation/stable_read_execution/plan_admission.rs","Inventory move realized at the reviewed target; the original source is absent and the resulting path exists."
"workspaces/worth-store/crates/worth-store-certification/tests/s5_stable_read_execution/security_scope.rs","014-certification-tests","move","complete","workspaces/worth-store/crates/worth-store-certification/tests/scenarios/security/stable_read_execution/security_scope.rs","Inventory move realized at the reviewed target; the original source is absent and the resulting path exists."
"workspaces/worth-store/crates/worth-store-certification/tests/s5_stable_read_execution/support.rs","014-certification-tests","move","complete","workspaces/worth-store/crates/worth-store-certification/tests/support/physical_isolation/stable_read_execution/support.rs","Inventory move realized at the reviewed target; the original source is absent and the resulting path exists."
"workspaces/worth-store/crates/worth-store-certification/tests/s5_stable_read_execution_compile_fail.rs","014-certification-tests","move","complete","workspaces/worth-store/crates/worth-store-certification/tests/compile_fail/physical_isolation/stable_read_execution_runner.rs","Inventory move realized at the reviewed target; the original source is absent and the resulting path exists."
"workspaces/worth-store/crates/worth-store-certification/tests/s5_stable_read_plan_admission.rs","014-certification-tests","move","complete","workspaces/worth-store/crates/worth-store-certification/tests/scenarios/physical_isolation/stable_read_plan_admission/stable_read_plan_admission.rs","Inventory move realized at the reviewed target; the original source is absent and the resulting path exists."
"workspaces/worth-store/crates/worth-store-certification/tests/s5_stable_read_plan_admission_compile_fail.rs","014-certification-tests","move","complete","workspaces/worth-store/crates/worth-store-certification/tests/compile_fail/physical_isolation/stable_read_plan_admission_runner.rs","Inventory move realized at the reviewed target; the original source is absent and the resulting path exists."
"workspaces/worth-store/crates/worth-store-certification/tests/s5_stable_read_plan_native_footprint.rs","014-certification-tests","move","complete","workspaces/worth-store/crates/worth-store-certification/tests/scenarios/physical_isolation/stable_read_plan_native_footprint/stable_read_plan_native_footprint.rs","Inventory move realized at the reviewed target; the original source is absent and the resulting path exists."
"workspaces/worth-store/crates/worth-store-certification/tests/s5_stable_read_plan_scenarios.rs","014-certification-tests","move","complete","workspaces/worth-store/crates/worth-store-certification/tests/scenarios/physical_isolation/stable_read_plan_scenarios/stable_read_plan_scenarios.rs","Inventory move realized at the reviewed target; the original source is absent and the resulting path exists."
"workspaces/worth-store/crates/worth-store-certification/tests/s5_tier_movement_future_chunk_compile_fail.rs","014-certification-tests","move","complete","workspaces/worth-store/crates/worth-store-certification/tests/compile_fail/blobs/tier_movement_future_chunk_runner.rs","Inventory move realized at the reviewed target; the original source is absent and the resulting path exists."
"workspaces/worth-store/crates/worth-store-certification/tests/s5_tier_movement_future_chunk_stability.rs","014-certification-tests","move","complete","workspaces/worth-store/crates/worth-store-certification/tests/scenarios/blobs/tier_movement_future_chunk_stability/tier_movement_future_chunk_stability.rs","Inventory move realized at the reviewed target; the original source is absent and the resulting path exists."
"workspaces/worth-store/crates/worth-store-certification/tests/s6_access_policy.rs","014-certification-tests","move","complete","workspaces/worth-store/crates/worth-store-certification/tests/scenarios/scheduling/access_policy/access_policy.rs","Inventory move realized at the reviewed target; the original source is absent and the resulting path exists."
"workspaces/worth-store/crates/worth-store-certification/tests/s6_access_policy_support.rs","014-certification-tests","move","complete","workspaces/worth-store/crates/worth-store-certification/tests/support/scheduling/access_policy_support/access_policy_support.rs","Inventory move realized at the reviewed target; the original source is absent and the resulting path exists."
"workspaces/worth-store/crates/worth-store-certification/tests/s6_evidence_materialization.rs","014-certification-tests","move","complete","workspaces/worth-store/crates/worth-store-certification/tests/scenarios/scheduling/evidence_materialization/evidence_materialization.rs","Inventory move realized at the reviewed target; the original source is absent and the resulting path exists."
"workspaces/worth-store/crates/worth-store-certification/tests/s6_evidence_materialization_compile_fail.rs","014-certification-tests","move","complete","workspaces/worth-store/crates/worth-store-certification/tests/compile_fail/scheduling/evidence_materialization_runner.rs","Inventory move realized at the reviewed target; the original source is absent and the resulting path exists."
"workspaces/worth-store/crates/worth-store-certification/tests/s6_evidence_materialization_support/access_policy_evidence.rs","014-certification-tests","move","complete","workspaces/worth-store/crates/worth-store-certification/tests/scenarios/scheduling/evidence_materialization_support/access_policy_evidence.rs","Inventory move realized at the reviewed target; the original source is absent and the resulting path exists."
"workspaces/worth-store/crates/worth-store-certification/tests/s6_evidence_materialization_support/assertions.rs","014-certification-tests","move","complete","workspaces/worth-store/crates/worth-store-certification/tests/scenarios/scheduling/evidence_materialization_support/assertions.rs","Inventory move realized at the reviewed target; the original source is absent and the resulting path exists."
"workspaces/worth-store/crates/worth-store-certification/tests/s6_evidence_materialization_support/durability_evidence.rs","014-certification-tests","move","complete","workspaces/worth-store/crates/worth-store-certification/tests/scenarios/scheduling/evidence_materialization_support/durability_evidence.rs","Inventory move realized at the reviewed target; the original source is absent and the resulting path exists."
"workspaces/worth-store/crates/worth-store-certification/tests/s6_evidence_materialization_support/mod.rs","014-certification-tests","move","complete","workspaces/worth-store/crates/worth-store-certification/tests/scenarios/scheduling/evidence_materialization_support/mod.rs","Inventory move realized at the reviewed target; the original source is absent and the resulting path exists."
"workspaces/worth-store/crates/worth-store-certification/tests/s6_evidence_materialization_support/qualification_residual_debt.rs","014-certification-tests","move","complete","workspaces/worth-store/crates/worth-store-certification/tests/scenarios/scheduling/evidence_materialization_support/qualification_residual_debt.rs","Inventory move realized at the reviewed target; the original source is absent and the resulting path exists."
"workspaces/worth-store/crates/worth-store-certification/tests/s6_evidence_materialization_support/source_variants.rs","014-certification-tests","move","complete","workspaces/worth-store/crates/worth-store-certification/tests/scenarios/scheduling/evidence_materialization_support/source_variants.rs","Inventory move realized at the reviewed target; the original source is absent and the resulting path exists."
"workspaces/worth-store/crates/worth-store-certification/tests/s6_flush_durability.rs","014-certification-tests","move","complete","workspaces/worth-store/crates/worth-store-certification/tests/scenarios/scheduling/flush_durability/flush_durability.rs","Inventory move realized at the reviewed target; the original source is absent and the resulting path exists."
"workspaces/worth-store/crates/worth-store-certification/tests/s6_io_qos_readiness_handoff.rs","014-certification-tests","move","complete","workspaces/worth-store/crates/worth-store-certification/tests/scenarios/scheduling/io_qos_readiness_handoff/io_qos_readiness_handoff.rs","Inventory move realized at the reviewed target; the original source is absent and the resulting path exists."
"workspaces/worth-store/crates/worth-store-certification/tests/s6_io_qos_readiness_handoff_compile_fail.rs","014-certification-tests","move","complete","workspaces/worth-store/crates/worth-store-certification/tests/compile_fail/scheduling/io_qos_readiness_handoff_runner.rs","Inventory move realized at the reviewed target; the original source is absent and the resulting path exists."
"workspaces/worth-store/crates/worth-store-certification/tests/s6_latency_interference.rs","014-certification-tests","move","complete","workspaces/worth-store/crates/worth-store-certification/tests/scenarios/scheduling/latency_interference/latency_interference.rs","Inventory move realized at the reviewed target; the original source is absent and the resulting path exists."
"workspaces/worth-store/crates/worth-store-certification/tests/s6_later_readiness_handoffs.rs","014-certification-tests","delete","complete","","Inventory deletion realized; the original source is absent."
"workspaces/worth-store/crates/worth-store-certification/tests/s6_production_readiness_closeout.rs","014-certification-tests","delete","complete","","Reviewed action override: 04cbdba3 refactor(store): remove synthetic topology authority removed or replaced the obsolete source; neither the source nor proposed target remains."
"workspaces/worth-store/crates/worth-store-certification/tests/s6_production_readiness_closeout_compile_fail.rs","014-certification-tests","delete","complete","","Reviewed action override: 04cbdba3 refactor(store): remove synthetic topology authority removed or replaced the obsolete source; neither the source nor proposed target remains."
"workspaces/worth-store/crates/worth-store-certification/tests/s6_reclaim_policy.rs","014-certification-tests","move","complete","workspaces/worth-store/crates/worth-store-certification/tests/scenarios/scheduling/reclaim_policy/reclaim_policy.rs","Inventory move realized at the reviewed target; the original source is absent and the resulting path exists."
"workspaces/worth-store/crates/worth-store-certification/tests/s6_reclaim_policy/support.rs","014-certification-tests","move","complete","workspaces/worth-store/crates/worth-store-certification/tests/support/scheduling/reclaim_policy/support.rs","Inventory move realized at the reviewed target; the original source is absent and the resulting path exists."
"workspaces/worth-store/crates/worth-store-certification/tests/s6_secure_io_authority_compile_fail.rs","014-certification-tests","move","complete","workspaces/worth-store/crates/worth-store-certification/tests/compile_fail/scheduling/secure_io_authority_runner.rs","Inventory move realized at the reviewed target; the original source is absent and the resulting path exists."
"workspaces/worth-store/crates/worth-store-certification/tests/s6_secure_io_execution.rs","014-certification-tests","move","complete","workspaces/worth-store/crates/worth-store-certification/tests/scenarios/scheduling/secure_io_execution/secure_io_execution.rs","Inventory move realized at the reviewed target; the original source is absent and the resulting path exists."
"workspaces/worth-store/crates/worth-store-certification/tests/s7_1_structural_closeout.rs","014-certification-tests","move","complete","workspaces/worth-store/crates/worth-store-certification/tests/scenarios/blobs/structural_closeout/structural_closeout.rs","Inventory move realized at the reviewed target; the original source is absent and the resulting path exists."
"workspaces/worth-store/crates/worth-store-certification/tests/s8_layout_access_path_harness.rs","014-certification-tests","move","complete","workspaces/worth-store/crates/worth-store-certification/tests/scenarios/layout/layout_access_path_harness/layout_access_path_harness.rs","Inventory move realized at the reviewed target; the original source is absent and the resulting path exists."
"workspaces/worth-store/crates/worth-store-certification/tests/s8_layout_corruption_rebuild.rs","014-certification-tests","move","complete","workspaces/worth-store/crates/worth-store-certification/tests/scenarios/layout/layout_corruption_rebuild/layout_corruption_rebuild.rs","Inventory move realized at the reviewed target; the original source is absent and the resulting path exists."
"workspaces/worth-store/crates/worth-store-certification/tests/ui/s4_5/coverage_row_cannot_be_struct_literal.rs","014-certification-tests","move","complete","workspaces/worth-store/crates/worth-store-certification/tests/compile_fail/recovery/5/coverage_row_cannot_be_struct_literal.rs","Inventory move realized at the reviewed target; the original source is absent and the resulting path exists."
"workspaces/worth-store/crates/worth-store-certification/tests/ui/s4_5/generated_matrix_cannot_be_struct_literal.rs","014-certification-tests","move","complete","workspaces/worth-store/crates/worth-store-certification/tests/compile_fail/recovery/5/generated_matrix_cannot_be_struct_literal.rs","Inventory move realized at the reviewed target; the original source is absent and the resulting path exists."
"workspaces/worth-store/crates/worth-store-certification/tests/ui/s4_5/mutation_coverage_cannot_be_label_minted.rs","014-certification-tests","move","complete","workspaces/worth-store/crates/worth-store-certification/tests/compile_fail/recovery/5/mutation_coverage_cannot_be_label_minted.rs","Inventory move realized at the reviewed target; the original source is absent and the resulting path exists."
"workspaces/worth-store/crates/worth-store-certification/tests/ui/s4_5/mutation_coverage_cannot_be_plan_only.rs","014-certification-tests","move","complete","workspaces/worth-store/crates/worth-store-certification/tests/compile_fail/recovery/5/mutation_coverage_cannot_be_plan_only.rs","Inventory move realized at the reviewed target; the original source is absent and the resulting path exists."
"workspaces/worth-store/crates/worth-store-certification/tests/ui/s4_5/s5_dependency_evidence_cannot_be_struct_literal.rs","014-certification-tests","move","complete","workspaces/worth-store/crates/worth-store-certification/tests/compile_fail/physical_isolation/5/dependency_evidence_cannot_be_struct_literal.rs","Inventory move realized at the reviewed target; the original source is absent and the resulting path exists."
"workspaces/worth-store/crates/worth-store-certification/tests/ui/s4_5/s5_readiness_cannot_be_struct_literal.rs","014-certification-tests","move","complete","workspaces/worth-store/crates/worth-store-certification/tests/compile_fail/physical_isolation/5/readiness_cannot_be_struct_literal.rs","Inventory move realized at the reviewed target; the original source is absent and the resulting path exists."
"workspaces/worth-store/crates/worth-store-certification/tests/ui/s4_5/s5_readiness_from_generated_maturity_is_private.rs","014-certification-tests","move","complete","workspaces/worth-store/crates/worth-store-certification/tests/compile_fail/physical_isolation/5/readiness_from_generated_maturity_is_private.rs","Inventory move realized at the reviewed target; the original source is absent and the resulting path exists."
"workspaces/worth-store/crates/worth-store-certification/tests/ui/s4_5/terminal_json_cannot_satisfy_coverage.rs","014-certification-tests","move","complete","workspaces/worth-store/crates/worth-store-certification/tests/compile_fail/recovery/5/terminal_json_cannot_satisfy_coverage.rs","Inventory move realized at the reviewed target; the original source is absent and the resulting path exists."
"workspaces/worth-store/crates/worth-store-certification/tests/ui/s4_5_driver_contract_boundary/named_yieldpoint_authority_cannot_be_minted.rs","014-certification-tests","move","complete","workspaces/worth-store/crates/worth-store-certification/tests/compile_fail/recovery/driver_contract_boundary/named_yieldpoint_authority_cannot_be_minted.rs","Inventory move realized at the reviewed target; the original source is absent and the resulting path exists."
"workspaces/worth-store/crates/worth-store-certification/tests/ui/s4_5_driver_contract_boundary/physical_boundary_yieldpoint_fields_cannot_be_minted.rs","014-certification-tests","move","complete","workspaces/worth-store/crates/worth-store-certification/tests/compile_fail/recovery/driver_contract_boundary/physical_boundary_yieldpoint_fields_cannot_be_minted.rs","Inventory move realized at the reviewed target; the original source is absent and the resulting path exists."
"workspaces/worth-store/crates/worth-store-certification/tests/ui/s4_5_driver_contract_boundary/physical_simulation_driver_cannot_be_minted.rs","014-certification-tests","move","complete","workspaces/worth-store/crates/worth-store-certification/tests/compile_fail/recovery/driver_contract_boundary/physical_simulation_driver_cannot_be_minted.rs","Inventory move realized at the reviewed target; the original source is absent and the resulting path exists."
"workspaces/worth-store/crates/worth-store-certification/tests/ui/s4_5_driver_contract_boundary/yieldpoint_declaration_cannot_be_minted.rs","014-certification-tests","move","complete","workspaces/worth-store/crates/worth-store-certification/tests/compile_fail/recovery/driver_contract_boundary/yieldpoint_declaration_cannot_be_minted.rs","Inventory move realized at the reviewed target; the original source is absent and the resulting path exists."
"workspaces/worth-store/crates/worth-store-certification/tests/ui/s4_5_driver_contract_boundary/yieldpoint_pause_receipt_cannot_be_minted.rs","014-certification-tests","move","complete","workspaces/worth-store/crates/worth-store-certification/tests/compile_fail/recovery/driver_contract_boundary/yieldpoint_pause_receipt_cannot_be_minted.rs","Inventory move realized at the reviewed target; the original source is absent and the resulting path exists."
"workspaces/worth-store/crates/worth-store-certification/tests/ui/s4_5_driver_contract_boundary/yieldpoint_schedule_binding_cannot_be_minted.rs","014-certification-tests","move","complete","workspaces/worth-store/crates/worth-store-certification/tests/compile_fail/recovery/driver_contract_boundary/yieldpoint_schedule_binding_cannot_be_minted.rs","Inventory move realized at the reviewed target; the original source is absent and the resulting path exists."
"workspaces/worth-store/crates/worth-store-certification/tests/ui/s4_5_entry_boundary/copied_report_cannot_enter.rs","014-certification-tests","move","complete","workspaces/worth-store/crates/worth-store-certification/tests/compile_fail/recovery/entry_boundary/copied_report_cannot_enter.rs","Inventory move realized at the reviewed target; the original source is absent and the resulting path exists."
"workspaces/worth-store/crates/worth-store-certification/tests/ui/s4_5_entry_boundary/entry_identity_cannot_be_minted.rs","014-certification-tests","move","complete","workspaces/worth-store/crates/worth-store-certification/tests/compile_fail/recovery/entry_boundary/entry_identity_cannot_be_minted.rs","Inventory move realized at the reviewed target; the original source is absent and the resulting path exists."
"workspaces/worth-store/crates/worth-store-certification/tests/ui/s4_5_entry_boundary/entry_struct_literal_cannot_be_minted.rs","014-certification-tests","move","complete","workspaces/worth-store/crates/worth-store-certification/tests/compile_fail/recovery/entry_boundary/entry_struct_literal_cannot_be_minted.rs","Inventory move realized at the reviewed target; the original source is absent and the resulting path exists."
"workspaces/worth-store/crates/worth-store-certification/tests/ui/s4_5_entry_boundary/raw_inventory_surface_cannot_be_minted.rs","014-certification-tests","move","complete","workspaces/worth-store/crates/worth-store-certification/tests/compile_fail/recovery/entry_boundary/raw_inventory_surface_cannot_be_minted.rs","Inventory move realized at the reviewed target; the original source is absent and the resulting path exists."
"workspaces/worth-store/crates/worth-store-certification/tests/ui/s4_5_fixture_authority/fixture_builder_cannot_reopen_without_boundary.rs","014-certification-tests","move","complete","workspaces/worth-store/crates/worth-store-certification/tests/compile_fail/recovery/fixture_authority/fixture_builder_cannot_reopen_without_boundary.rs","Inventory move realized at the reviewed target; the original source is absent and the resulting path exists."
"workspaces/worth-store/crates/worth-store-certification/tests/ui/s4_5_fixture_authority/fixture_label_cannot_satisfy_fixture_materialization.rs","014-certification-tests","move","complete","workspaces/worth-store/crates/worth-store-certification/tests/compile_fail/recovery/fixture_authority/fixture_label_cannot_satisfy_fixture_materialization.rs","Inventory move realized at the reviewed target; the original source is absent and the resulting path exists."
"workspaces/worth-store/crates/worth-store-certification/tests/ui/s4_5_fixture_authority/fixture_receipt_cannot_be_cloned.rs","014-certification-tests","move","complete","workspaces/worth-store/crates/worth-store-certification/tests/compile_fail/recovery/fixture_authority/fixture_receipt_cannot_be_cloned.rs","Inventory move realized at the reviewed target; the original source is absent and the resulting path exists."
"workspaces/worth-store/crates/worth-store-certification/tests/ui/s4_5_fixture_authority/fixture_receipt_cannot_be_struct_literal.rs","014-certification-tests","move","complete","workspaces/worth-store/crates/worth-store-certification/tests/compile_fail/recovery/fixture_authority/fixture_receipt_cannot_be_struct_literal.rs","Inventory move realized at the reviewed target; the original source is absent and the resulting path exists."
"workspaces/worth-store/crates/worth-store-certification/tests/ui/s4_5_fixture_authority/production_fixture_cannot_be_cloned.rs","014-certification-tests","move","complete","workspaces/worth-store/crates/worth-store-certification/tests/compile_fail/recovery/fixture_authority/production_fixture_cannot_be_cloned.rs","Inventory move realized at the reviewed target; the original source is absent and the resulting path exists."
"workspaces/worth-store/crates/worth-store-certification/tests/ui/s4_5_fixture_authority/production_fixture_cannot_be_struct_literal.rs","014-certification-tests","move","complete","workspaces/worth-store/crates/worth-store-certification/tests/compile_fail/recovery/fixture_authority/production_fixture_cannot_be_struct_literal.rs","Inventory move realized at the reviewed target; the original source is absent and the resulting path exists."
"workspaces/worth-store/crates/worth-store-certification/tests/ui/s4_5_fixture_authority/raw_mutation_boundary_cannot_satisfy_capability_declaration.rs","014-certification-tests","move","complete","workspaces/worth-store/crates/worth-store-certification/tests/compile_fail/recovery/fixture_authority/raw_mutation_boundary_cannot_satisfy_capability_declaration.rs","Inventory move realized at the reviewed target; the original source is absent and the resulting path exists."
"workspaces/worth-store/crates/worth-store-certification/tests/ui/s4_5_fixture_authority/raw_persisted_layout_cannot_satisfy_fixture_materialization.rs","014-certification-tests","move","complete","workspaces/worth-store/crates/worth-store-certification/tests/compile_fail/layout/fixture_authority/raw_persisted_layout_cannot_satisfy_fixture_materialization.rs","Inventory move realized at the reviewed target; the original source is absent and the resulting path exists."
"workspaces/worth-store/crates/worth-store-certification/tests/ui/s4_5_fixture_authority/synthetic_in_memory_store_cannot_satisfy_fixture_materialization.rs","014-certification-tests","move","complete","workspaces/worth-store/crates/worth-store-certification/tests/compile_fail/recovery/fixture_authority/synthetic_in_memory_store_cannot_satisfy_fixture_materialization.rs","Inventory move realized at the reviewed target; the original source is absent and the resulting path exists."
"workspaces/worth-store/crates/worth-store-certification/tests/ui/s4_5_forbidden_shortcuts/closeout_report_constructor_is_private.rs","014-certification-tests","move","complete","workspaces/worth-store/crates/worth-store-certification/tests/compile_fail/recovery/forbidden_shortcuts/closeout_report_constructor_is_private.rs","Inventory move realized at the reviewed target; the original source is absent and the resulting path exists."
"workspaces/worth-store/crates/worth-store-certification/tests/ui/s4_5_forbidden_shortcuts/executed_acceptance_suite_constructor_is_private.rs","014-certification-tests","move","complete","workspaces/worth-store/crates/worth-store-certification/tests/compile_fail/recovery/forbidden_shortcuts/executed_acceptance_suite_constructor_is_private.rs","Inventory move realized at the reviewed target; the original source is absent and the resulting path exists."
"workspaces/worth-store/crates/worth-store-certification/tests/ui/s4_5_forbidden_shortcuts/executed_transcript_parts_cannot_be_struct_literal.rs","014-certification-tests","move","complete","workspaces/worth-store/crates/worth-store-certification/tests/compile_fail/recovery/forbidden_shortcuts/executed_transcript_parts_cannot_be_struct_literal.rs","Inventory move realized at the reviewed target; the original source is absent and the resulting path exists."
"workspaces/worth-store/crates/worth-store-certification/tests/ui/s4_5_forbidden_shortcuts/foundational_bundle_cannot_satisfy_store_shortcut_evidence.rs","014-certification-tests","move","complete","workspaces/worth-store/crates/worth-store-certification/tests/compile_fail/recovery/forbidden_shortcuts/foundational_bundle_cannot_satisfy_store_shortcut_evidence.rs","Inventory move realized at the reviewed target; the original source is absent and the resulting path exists."
"workspaces/worth-store/crates/worth-store-certification/tests/ui/s4_5_forbidden_shortcuts/proof_recipe_cannot_satisfy_lowered_plan.rs","014-certification-tests","move","complete","workspaces/worth-store/crates/worth-store-certification/tests/compile_fail/recovery/forbidden_shortcuts/proof_recipe_cannot_satisfy_lowered_plan.rs","Inventory move realized at the reviewed target; the original source is absent and the resulting path exists."
"workspaces/worth-store/crates/worth-store-certification/tests/ui/s4_5_forbidden_shortcuts/raw_json_cannot_satisfy_certified_scenario.rs","014-certification-tests","move","complete","workspaces/worth-store/crates/worth-store-certification/tests/compile_fail/recovery/forbidden_shortcuts/raw_json_cannot_satisfy_certified_scenario.rs","Inventory move realized at the reviewed target; the original source is absent and the resulting path exists."
"workspaces/worth-store/crates/worth-store-certification/tests/ui/s4_5_forbidden_shortcuts/schedule_cannot_be_struct_literal.rs","014-certification-tests","move","complete","workspaces/worth-store/crates/worth-store-certification/tests/compile_fail/recovery/forbidden_shortcuts/schedule_cannot_be_struct_literal.rs","Inventory move realized at the reviewed target; the original source is absent and the resulting path exists."
"workspaces/worth-store/crates/worth-store-certification/tests/ui/s4_5_forbidden_shortcuts/shortcut_receipt_cannot_be_struct_literal.rs","014-certification-tests","move","complete","workspaces/worth-store/crates/worth-store-certification/tests/compile_fail/recovery/forbidden_shortcuts/shortcut_receipt_cannot_be_struct_literal.rs","Inventory move realized at the reviewed target; the original source is absent and the resulting path exists."
"workspaces/worth-store/crates/worth-store-certification/tests/ui/s4_5_forbidden_shortcuts/shortcut_report_cannot_be_struct_literal.rs","014-certification-tests","move","complete","workspaces/worth-store/crates/worth-store-certification/tests/compile_fail/recovery/forbidden_shortcuts/shortcut_report_cannot_be_struct_literal.rs","Inventory move realized at the reviewed target; the original source is absent and the resulting path exists."
"workspaces/worth-store/crates/worth-store-certification/tests/ui/s4_5_forbidden_shortcuts/terminal_text_cannot_satisfy_evidence_bundle.rs","014-certification-tests","move","complete","workspaces/worth-store/crates/worth-store-certification/tests/compile_fail/recovery/forbidden_shortcuts/terminal_text_cannot_satisfy_evidence_bundle.rs","Inventory move realized at the reviewed target; the original source is absent and the resulting path exists."
"workspaces/worth-store/crates/worth-store-certification/tests/ui/s4_5_observer_oracle_boundary/expected_error_text_cannot_be_verdict.rs","014-certification-tests","move","complete","workspaces/worth-store/crates/worth-store-certification/tests/compile_fail/recovery/observer_oracle_boundary/expected_error_text_cannot_be_verdict.rs","Inventory move realized at the reviewed target; the original source is absent and the resulting path exists."
"workspaces/worth-store/crates/worth-store-certification/tests/ui/s4_5_observer_oracle_boundary/fixture_label_cannot_be_oracle.rs","014-certification-tests","move","complete","workspaces/worth-store/crates/worth-store-certification/tests/compile_fail/recovery/observer_oracle_boundary/fixture_label_cannot_be_oracle.rs","Inventory move realized at the reviewed target; the original source is absent and the resulting path exists."
"workspaces/worth-store/crates/worth-store-certification/tests/ui/s4_5_observer_oracle_boundary/log_text_cannot_be_oracle.rs","014-certification-tests","move","complete","workspaces/worth-store/crates/worth-store-certification/tests/compile_fail/recovery/observer_oracle_boundary/log_text_cannot_be_oracle.rs","Inventory move realized at the reviewed target; the original source is absent and the resulting path exists."
"workspaces/worth-store/crates/worth-store-certification/tests/ui/s4_5_observer_oracle_boundary/oracle_verdict_basis_cannot_be_struct_literal.rs","014-certification-tests","move","complete","workspaces/worth-store/crates/worth-store-certification/tests/compile_fail/recovery/observer_oracle_boundary/oracle_verdict_basis_cannot_be_struct_literal.rs","Inventory move realized at the reviewed target; the original source is absent and the resulting path exists."
"workspaces/worth-store/crates/worth-store-certification/tests/ui/s4_5_observer_oracle_boundary/oracle_verdict_cannot_be_struct_literal.rs","014-certification-tests","move","complete","workspaces/worth-store/crates/worth-store-certification/tests/compile_fail/recovery/observer_oracle_boundary/oracle_verdict_cannot_be_struct_literal.rs","Inventory move realized at the reviewed target; the original source is absent and the resulting path exists."
"workspaces/worth-store/crates/worth-store-certification/tests/ui/s4_5_observer_oracle_boundary/same_run_self_comparison_cannot_be_oracle.rs","014-certification-tests","move","complete","workspaces/worth-store/crates/worth-store-certification/tests/compile_fail/recovery/observer_oracle_boundary/same_run_self_comparison_cannot_be_oracle.rs","Inventory move realized at the reviewed target; the original source is absent and the resulting path exists."
"workspaces/worth-store/crates/worth-store-certification/tests/ui/s4_5_observer_oracle_boundary/test_support_oracle_cannot_implement_physical_oracle.rs","014-certification-tests","move","complete","workspaces/worth-store/crates/worth-store-certification/tests/compile_fail/recovery/observer_oracle_boundary/test_support_oracle_cannot_implement_physical_oracle.rs","Inventory move realized at the reviewed target; the original source is absent and the resulting path exists."
"workspaces/worth-store/crates/worth-store-certification/tests/ui/s4_5_s5_readiness/future_slot_cannot_be_s5_readiness.rs","014-certification-tests","move","complete","workspaces/worth-store/crates/worth-store-certification/tests/compile_fail/physical_isolation/readiness/future_slot_cannot_be_readiness.rs","Inventory move realized at the reviewed target; the original source is absent and the resulting path exists."
"workspaces/worth-store/crates/worth-store-certification/tests/ui/s4_5_s5_readiness/generic_runner_cannot_implement_s5_readiness_contract.rs","014-certification-tests","move","complete","workspaces/worth-store/crates/worth-store-certification/tests/compile_fail/physical_isolation/readiness/generic_runner_cannot_implement_readiness_contract.rs","Inventory move realized at the reviewed target; the original source is absent and the resulting path exists."
"workspaces/worth-store/crates/worth-store-certification/tests/ui/s4_5_s5_readiness/physical_isolation_cannot_accept_generic_runner.rs","014-certification-tests","move","complete","workspaces/worth-store/crates/worth-store-certification/tests/compile_fail/physical_isolation/readiness/physical_isolation_cannot_accept_generic_runner.rs","Inventory move realized at the reviewed target; the original source is absent and the resulting path exists."
"workspaces/worth-store/crates/worth-store-certification/tests/ui/s4_5_s5_readiness/s5_handoff_receipt_cannot_be_struct_literal.rs","014-certification-tests","move","complete","workspaces/worth-store/crates/worth-store-certification/tests/compile_fail/physical_isolation/readiness/handoff_receipt_cannot_be_struct_literal.rs","Inventory move realized at the reviewed target; the original source is absent and the resulting path exists."
"workspaces/worth-store/crates/worth-store-certification/tests/ui/s4_5_scenario_authority/authority_witness_cannot_be_minted.rs","014-certification-tests","move","complete","workspaces/worth-store/crates/worth-store-certification/tests/compile_fail/recovery/scenario_authority/authority_witness_cannot_be_minted.rs","Inventory move realized at the reviewed target; the original source is absent and the resulting path exists."
"workspaces/worth-store/crates/worth-store-certification/tests/ui/s4_5_scenario_authority/certified_scenario_struct_literal_cannot_be_minted.rs","014-certification-tests","move","complete","workspaces/worth-store/crates/worth-store-certification/tests/compile_fail/recovery/scenario_authority/certified_scenario_struct_literal_cannot_be_minted.rs","Inventory move realized at the reviewed target; the original source is absent and the resulting path exists."
"workspaces/worth-store/crates/worth-store-certification/tests/ui/s4_5_scenario_authority/copied_digest_cannot_be_identity.rs","014-certification-tests","move","complete","workspaces/worth-store/crates/worth-store-certification/tests/compile_fail/recovery/scenario_authority/copied_digest_cannot_be_identity.rs","Inventory move realized at the reviewed target; the original source is absent and the resulting path exists."
"workspaces/worth-store/crates/worth-store-certification/tests/ui/s4_5_scenario_authority/fixture_label_cannot_be_fixture.rs","014-certification-tests","move","complete","workspaces/worth-store/crates/worth-store-certification/tests/compile_fail/recovery/scenario_authority/fixture_label_cannot_be_fixture.rs","Inventory move realized at the reviewed target; the original source is absent and the resulting path exists."
"workspaces/worth-store/crates/worth-store-certification/tests/ui/s4_5_scenario_authority/json_value_cannot_define_scenario.rs","014-certification-tests","move","complete","workspaces/worth-store/crates/worth-store-certification/tests/compile_fail/recovery/scenario_authority/json_value_cannot_define_scenario.rs","Inventory move realized at the reviewed target; the original source is absent and the resulting path exists."
"workspaces/worth-store/crates/worth-store-certification/tests/ui/s4_5_scenario_authority/raw_string_cannot_certify_scenario.rs","014-certification-tests","move","complete","workspaces/worth-store/crates/worth-store-certification/tests/compile_fail/recovery/scenario_authority/raw_string_cannot_certify_scenario.rs","Inventory move realized at the reviewed target; the original source is absent and the resulting path exists."
"workspaces/worth-store/crates/worth-store-certification/tests/ui/s4_5_scenario_authority/scenario_identity_cannot_be_minted.rs","014-certification-tests","move","complete","workspaces/worth-store/crates/worth-store-certification/tests/compile_fail/recovery/scenario_authority/scenario_identity_cannot_be_minted.rs","Inventory move realized at the reviewed target; the original source is absent and the resulting path exists."
"workspaces/worth-store/crates/worth-store-certification/tests/ui/s4_5_scenario_authority/terminal_projection_cannot_be_fixture.rs","014-certification-tests","move","complete","workspaces/worth-store/crates/worth-store-certification/tests/compile_fail/recovery/scenario_authority/terminal_projection_cannot_be_fixture.rs","Inventory move realized at the reviewed target; the original source is absent and the resulting path exists."
"workspaces/worth-store/crates/worth-store-certification/tests/ui/s4_5_simulation_plan_boundary/certified_scenario_cannot_satisfy_lowered_plan.rs","014-certification-tests","move","complete","workspaces/worth-store/crates/worth-store-certification/tests/compile_fail/recovery/simulation_plan_boundary/certified_scenario_cannot_satisfy_lowered_plan.rs","Inventory move realized at the reviewed target; the original source is absent and the resulting path exists."
"workspaces/worth-store/crates/worth-store-certification/tests/ui/s4_5_simulation_plan_boundary/copied_plan_digest_cannot_be_identity.rs","014-certification-tests","move","complete","workspaces/worth-store/crates/worth-store-certification/tests/compile_fail/recovery/simulation_plan_boundary/copied_plan_digest_cannot_be_identity.rs","Inventory move realized at the reviewed target; the original source is absent and the resulting path exists."
"workspaces/worth-store/crates/worth-store-certification/tests/ui/s4_5_simulation_plan_boundary/fixture_label_cannot_satisfy_forbidden_shortcut_set.rs","014-certification-tests","move","complete","workspaces/worth-store/crates/worth-store-certification/tests/compile_fail/recovery/simulation_plan_boundary/fixture_label_cannot_satisfy_forbidden_shortcut_set.rs","Inventory move realized at the reviewed target; the original source is absent and the resulting path exists."
"workspaces/worth-store/crates/worth-store-certification/tests/ui/s4_5_simulation_plan_boundary/json_value_cannot_satisfy_lowered_plan.rs","014-certification-tests","move","complete","workspaces/worth-store/crates/worth-store-certification/tests/compile_fail/recovery/simulation_plan_boundary/json_value_cannot_satisfy_lowered_plan.rs","Inventory move realized at the reviewed target; the original source is absent and the resulting path exists."
"workspaces/worth-store/crates/worth-store-certification/tests/ui/s4_5_simulation_plan_boundary/lowered_plan_cannot_expose_scenario_definition.rs","014-certification-tests","move","complete","workspaces/worth-store/crates/worth-store-certification/tests/compile_fail/recovery/simulation_plan_boundary/lowered_plan_cannot_expose_scenario_definition.rs","Inventory move realized at the reviewed target; the original source is absent and the resulting path exists."
"workspaces/worth-store/crates/worth-store-certification/tests/ui/s4_5_simulation_plan_boundary/lowered_plan_cannot_expose_source_definition.rs","014-certification-tests","move","complete","workspaces/worth-store/crates/worth-store-certification/tests/compile_fail/recovery/simulation_plan_boundary/lowered_plan_cannot_expose_source_definition.rs","Inventory move realized at the reviewed target; the original source is absent and the resulting path exists."
"workspaces/worth-store/crates/worth-store-certification/tests/ui/s4_5_simulation_plan_boundary/lowered_plan_cannot_expose_source_expectation.rs","014-certification-tests","move","complete","workspaces/worth-store/crates/worth-store-certification/tests/compile_fail/recovery/simulation_plan_boundary/lowered_plan_cannot_expose_source_expectation.rs","Inventory move realized at the reviewed target; the original source is absent and the resulting path exists."
"workspaces/worth-store/crates/worth-store-certification/tests/ui/s4_5_simulation_plan_boundary/lowered_plan_cannot_expose_source_family.rs","014-certification-tests","move","complete","workspaces/worth-store/crates/worth-store-certification/tests/compile_fail/recovery/simulation_plan_boundary/lowered_plan_cannot_expose_source_family.rs","Inventory move realized at the reviewed target; the original source is absent and the resulting path exists."
"workspaces/worth-store/crates/worth-store-certification/tests/ui/s4_5_simulation_plan_boundary/lowered_plan_cannot_expose_source_fault.rs","014-certification-tests","move","complete","workspaces/worth-store/crates/worth-store-certification/tests/compile_fail/recovery/simulation_plan_boundary/lowered_plan_cannot_expose_source_fault.rs","Inventory move realized at the reviewed target; the original source is absent and the resulting path exists."
"workspaces/worth-store/crates/worth-store-certification/tests/ui/s4_5_simulation_plan_boundary/lowered_plan_cannot_expose_source_scenario.rs","014-certification-tests","move","complete","workspaces/worth-store/crates/worth-store-certification/tests/compile_fail/recovery/simulation_plan_boundary/lowered_plan_cannot_expose_source_scenario.rs","Inventory move realized at the reviewed target; the original source is absent and the resulting path exists."
"workspaces/worth-store/crates/worth-store-certification/tests/ui/s4_5_simulation_plan_boundary/lowered_plan_cannot_expose_source_schedule.rs","014-certification-tests","move","complete","workspaces/worth-store/crates/worth-store-certification/tests/compile_fail/recovery/simulation_plan_boundary/lowered_plan_cannot_expose_source_schedule.rs","Inventory move realized at the reviewed target; the original source is absent and the resulting path exists."
"workspaces/worth-store/crates/worth-store-certification/tests/ui/s4_5_simulation_plan_boundary/plan_struct_literal_cannot_be_minted.rs","014-certification-tests","move","complete","workspaces/worth-store/crates/worth-store-certification/tests/compile_fail/recovery/simulation_plan_boundary/plan_struct_literal_cannot_be_minted.rs","Inventory move realized at the reviewed target; the original source is absent and the resulting path exists."
"workspaces/worth-store/crates/worth-store-certification/tests/ui/s4_5_transcript_evidence/copied_digest_cannot_be_transcript_identity.rs","014-certification-tests","move","complete","workspaces/worth-store/crates/worth-store-certification/tests/compile_fail/recovery/transcript_evidence/copied_digest_cannot_be_transcript_identity.rs","Inventory move realized at the reviewed target; the original source is absent and the resulting path exists."
"workspaces/worth-store/crates/worth-store-certification/tests/ui/s4_5_transcript_evidence/copied_field_bag_cannot_construct_detached_replay_parts.rs","014-certification-tests","move","complete","workspaces/worth-store/crates/worth-store-certification/tests/compile_fail/recovery/transcript_evidence/copied_field_bag_cannot_construct_detached_replay_parts.rs","Inventory move realized at the reviewed target; the original source is absent and the resulting path exists."
"workspaces/worth-store/crates/worth-store-certification/tests/ui/s4_5_transcript_evidence/foundational_bundle_cannot_satisfy_store_evidence.rs","014-certification-tests","move","complete","workspaces/worth-store/crates/worth-store-certification/tests/compile_fail/recovery/transcript_evidence/foundational_bundle_cannot_satisfy_store_evidence.rs","Inventory move realized at the reviewed target; the original source is absent and the resulting path exists."
"workspaces/worth-store/crates/worth-store-certification/tests/ui/s4_5_transcript_evidence/loose_log_cannot_satisfy_replay_bundle.rs","014-certification-tests","move","complete","workspaces/worth-store/crates/worth-store-certification/tests/compile_fail/recovery/transcript_evidence/loose_log_cannot_satisfy_replay_bundle.rs","Inventory move realized at the reviewed target; the original source is absent and the resulting path exists."
"workspaces/worth-store/crates/worth-store-certification/tests/ui/s4_5_transcript_evidence/same_run_comparison_cannot_satisfy_evidence_bundle.rs","014-certification-tests","move","complete","workspaces/worth-store/crates/worth-store-certification/tests/compile_fail/recovery/transcript_evidence/same_run_comparison_cannot_satisfy_evidence_bundle.rs","Inventory move realized at the reviewed target; the original source is absent and the resulting path exists."
"workspaces/worth-store/crates/worth-store-certification/tests/ui/s4_5_transcript_evidence/terminal_json_cannot_satisfy_evidence_bundle.rs","014-certification-tests","move","complete","workspaces/worth-store/crates/worth-store-certification/tests/compile_fail/recovery/transcript_evidence/terminal_json_cannot_satisfy_evidence_bundle.rs","Inventory move realized at the reviewed target; the original source is absent and the resulting path exists."
"workspaces/worth-store/crates/worth-store-certification/tests/ui/s4_5_transcript_evidence/terminal_json_cannot_satisfy_replay_bundle.rs","014-certification-tests","move","complete","workspaces/worth-store/crates/worth-store-certification/tests/compile_fail/recovery/transcript_evidence/terminal_json_cannot_satisfy_replay_bundle.rs","Inventory move realized at the reviewed target; the original source is absent and the resulting path exists."
"workspaces/worth-store/crates/worth-store-certification/tests/ui/s4_5_transcript_evidence/transcript_cannot_be_struct_literal.rs","014-certification-tests","move","complete","workspaces/worth-store/crates/worth-store-certification/tests/compile_fail/recovery/transcript_evidence/transcript_cannot_be_struct_literal.rs","Inventory move realized at the reviewed target; the original source is absent and the resulting path exists."
"workspaces/worth-store/crates/worth-store-certification/tests/ui/s4_recovery_harness/direct_private_mutation_cannot_certify.rs","014-certification-tests","move","complete","workspaces/worth-store/crates/worth-store-certification/tests/compile_fail/recovery/recovery_harness/direct_private_mutation_cannot_certify.rs","Inventory move realized at the reviewed target; the original source is absent and the resulting path exists."
"workspaces/worth-store/crates/worth-store-certification/tests/ui/s4_recovery_harness/foundational_bundle_cannot_satisfy_recovered_state.rs","014-certification-tests","move","complete","workspaces/worth-store/crates/worth-store-certification/tests/compile_fail/recovery/recovery_harness/foundational_bundle_cannot_satisfy_recovered_state.rs","Inventory move realized at the reviewed target; the original source is absent and the resulting path exists."
"workspaces/worth-store/crates/worth-store-certification/tests/ui/s4_recovery_harness/performance_receipt_cannot_satisfy_durable_ack.rs","014-certification-tests","move","complete","workspaces/worth-store/crates/worth-store-certification/tests/compile_fail/recovery/recovery_harness/performance_receipt_cannot_satisfy_durable_ack.rs","Inventory move realized at the reviewed target; the original source is absent and the resulting path exists."
"workspaces/worth-store/crates/worth-store-certification/tests/ui/s4_recovery_harness/proof_trace_cannot_satisfy_redo_plan.rs","014-certification-tests","move","complete","workspaces/worth-store/crates/worth-store-certification/tests/compile_fail/recovery/recovery_harness/proof_trace_cannot_satisfy_redo_plan.rs","Inventory move realized at the reviewed target; the original source is absent and the resulting path exists."
"workspaces/worth-store/crates/worth-store-certification/tests/ui/s4_recovery_harness/same_run_self_comparison_cannot_certify.rs","014-certification-tests","move","complete","workspaces/worth-store/crates/worth-store-certification/tests/compile_fail/recovery/recovery_harness/same_run_self_comparison_cannot_certify.rs","Inventory move realized at the reviewed target; the original source is absent and the resulting path exists."
"workspaces/worth-store/crates/worth-store-certification/tests/ui/s5_1_certification_closeout/closeout_evidence_cannot_satisfy_readiness.rs","014-certification-tests","move","complete","workspaces/worth-store/crates/worth-store-certification/tests/compile_fail/security/certification_closeout/closeout_evidence_cannot_satisfy_readiness.rs","Inventory move realized at the reviewed target; the original source is absent and the resulting path exists."
"workspaces/worth-store/crates/worth-store-certification/tests/ui/s5_1_certification_closeout/closeout_input_cannot_be_struct_literal.rs","014-certification-tests","move","complete","workspaces/worth-store/crates/worth-store-certification/tests/compile_fail/security/certification_closeout/closeout_input_cannot_be_struct_literal.rs","Inventory move realized at the reviewed target; the original source is absent and the resulting path exists."
"workspaces/worth-store/crates/worth-store-certification/tests/ui/s5_1_certification_closeout/performance_rows_cannot_satisfy_closeout_input.rs","014-certification-tests","move","complete","workspaces/worth-store/crates/worth-store-certification/tests/compile_fail/security/certification_closeout/performance_rows_cannot_satisfy_closeout_input.rs","Inventory move realized at the reviewed target; the original source is absent and the resulting path exists."
"workspaces/worth-store/crates/worth-store-certification/tests/ui/s5_1_later_milestone_handoff/certification_row_cannot_satisfy_security_foundation_handoff.rs","014-certification-tests","delete","complete","","Inventory deletion realized; the original source is absent."
"workspaces/worth-store/crates/worth-store-certification/tests/ui/s5_1_later_milestone_handoff/copied_counters_cannot_satisfy_s7_handoff.rs","014-certification-tests","delete","complete","","Inventory deletion realized; the original source is absent."
"workspaces/worth-store/crates/worth-store-certification/tests/ui/s5_1_later_milestone_handoff/copied_proof_progression_identity_cannot_satisfy_s11_handoff.rs","014-certification-tests","delete","complete","","Inventory deletion realized; the original source is absent."
"workspaces/worth-store/crates/worth-store-certification/tests/ui/s5_1_later_milestone_handoff/raw_declaration_cannot_satisfy_s6_handoff.rs","014-certification-tests","delete","complete","","Inventory deletion realized; the original source is absent."
"workspaces/worth-store/crates/worth-store-certification/tests/ui/s5_1_later_milestone_handoff/receipt_id_cannot_satisfy_s11_handoff.rs","014-certification-tests","delete","complete","","Inventory deletion realized; the original source is absent."
"workspaces/worth-store/crates/worth-store-certification/tests/ui/s5_1_later_milestone_handoff/repair_handoff_cannot_satisfy_backup_handoff_api.rs","014-certification-tests","delete","complete","","Inventory deletion realized; the original source is absent."
"workspaces/worth-store/crates/worth-store-certification/tests/ui/s5_1_later_milestone_handoff/s7_handoff_cannot_satisfy_backup_handoff_api.rs","014-certification-tests","delete","complete","","Inventory deletion realized; the original source is absent."
"workspaces/worth-store/crates/worth-store-certification/tests/ui/s5_1_later_milestone_handoff/s7_handoff_cannot_satisfy_repair_handoff_api.rs","014-certification-tests","delete","complete","","Inventory deletion realized; the original source is absent."
"workspaces/worth-store/crates/worth-store-certification/tests/ui/s5_1_later_milestone_handoff/s7_handoff_cannot_satisfy_s6_handoff_api.rs","014-certification-tests","delete","complete","","Inventory deletion realized; the original source is absent."
"workspaces/worth-store/crates/worth-store-certification/tests/ui/s5_1_later_milestone_handoff/s7_handoff_cannot_satisfy_security_foundation_handoff_api.rs","014-certification-tests","delete","complete","","Inventory deletion realized; the original source is absent."
"workspaces/worth-store/crates/worth-store-certification/tests/ui/s5_1_later_milestone_handoff/terminal_projection_cannot_satisfy_repair_handoff.rs","014-certification-tests","delete","complete","","Inventory deletion realized; the original source is absent."
"workspaces/worth-store/crates/worth-store-certification/tests/ui/s5_1_security_scope_admission/admission_basis_cannot_satisfy_admitted_scope.rs","014-certification-tests","move","complete","workspaces/worth-store/crates/worth-store-certification/tests/compile_fail/security/security_scope_admission/admission_basis_cannot_satisfy_admitted_scope.rs","Inventory move realized at the reviewed target; the original source is absent and the resulting path exists."
"workspaces/worth-store/crates/worth-store-certification/tests/ui/s5_1_security_scope_admission/admission_counters_cannot_satisfy_key_witness.rs","014-certification-tests","move","complete","workspaces/worth-store/crates/worth-store-certification/tests/compile_fail/security/security_scope_admission/admission_counters_cannot_satisfy_key_witness.rs","Inventory move realized at the reviewed target; the original source is absent and the resulting path exists."
"workspaces/worth-store/crates/worth-store-certification/tests/ui/s5_1_security_scope_admission/admission_receipt_cannot_satisfy_key_witness.rs","014-certification-tests","move","complete","workspaces/worth-store/crates/worth-store-certification/tests/compile_fail/security/security_scope_admission/admission_receipt_cannot_satisfy_key_witness.rs","Inventory move realized at the reviewed target; the original source is absent and the resulting path exists."
"workspaces/worth-store/crates/worth-store-certification/tests/ui/s5_1_security_scope_admission/admission_receipt_id_cannot_satisfy_key_witness.rs","014-certification-tests","move","complete","workspaces/worth-store/crates/worth-store-certification/tests/compile_fail/security/security_scope_admission/admission_receipt_id_cannot_satisfy_key_witness.rs","Inventory move realized at the reviewed target; the original source is absent and the resulting path exists."
"workspaces/worth-store/crates/worth-store-certification/tests/ui/s5_1_security_scope_admission/authenticity_result_cannot_be_struct_literal.rs","014-certification-tests","move","complete","workspaces/worth-store/crates/worth-store-certification/tests/compile_fail/security/security_scope_admission/authenticity_result_cannot_be_struct_literal.rs","Inventory move realized at the reviewed target; the original source is absent and the resulting path exists."
"workspaces/worth-store/crates/worth-store-certification/tests/ui/s5_1_security_scope_admission/authenticity_result_cannot_satisfy_physical_security_metadata.rs","014-certification-tests","move","complete","workspaces/worth-store/crates/worth-store-certification/tests/compile_fail/security/security_scope_admission/authenticity_result_cannot_satisfy_physical_security_metadata.rs","Inventory move realized at the reviewed target; the original source is absent and the resulting path exists."
"workspaces/worth-store/crates/worth-store-certification/tests/ui/s5_1_security_scope_admission/authenticity_witness_cannot_be_struct_literal.rs","014-certification-tests","move","complete","workspaces/worth-store/crates/worth-store-certification/tests/compile_fail/security/security_scope_admission/authenticity_witness_cannot_be_struct_literal.rs","Inventory move realized at the reviewed target; the original source is absent and the resulting path exists."
"workspaces/worth-store/crates/worth-store-certification/tests/ui/s5_1_security_scope_admission/custody_witness_cannot_be_struct_literal.rs","014-certification-tests","move","complete","workspaces/worth-store/crates/worth-store-certification/tests/compile_fail/security/security_scope_admission/custody_witness_cannot_be_struct_literal.rs","Inventory move realized at the reviewed target; the original source is absent and the resulting path exists."
"workspaces/worth-store/crates/worth-store-certification/tests/ui/s5_1_security_scope_admission/declared_checksum_cannot_satisfy_authenticity_result.rs","014-certification-tests","move","complete","workspaces/worth-store/crates/worth-store-certification/tests/compile_fail/security/security_scope_admission/declared_checksum_cannot_satisfy_authenticity_result.rs","Inventory move realized at the reviewed target; the original source is absent and the resulting path exists."
"workspaces/worth-store/crates/worth-store-certification/tests/ui/s5_1_security_scope_admission/declared_checksum_cannot_satisfy_authenticity_witness.rs","014-certification-tests","move","complete","workspaces/worth-store/crates/worth-store-certification/tests/compile_fail/security/security_scope_admission/declared_checksum_cannot_satisfy_authenticity_witness.rs","Inventory move realized at the reviewed target; the original source is absent and the resulting path exists."
"workspaces/worth-store/crates/worth-store-certification/tests/ui/s5_1_security_scope_admission/foundational_surface_cannot_satisfy_key_witness.rs","014-certification-tests","move","complete","workspaces/worth-store/crates/worth-store-certification/tests/compile_fail/security/security_scope_admission/foundational_surface_cannot_satisfy_key_witness.rs","Inventory move realized at the reviewed target; the original source is absent and the resulting path exists."
"workspaces/worth-store/crates/worth-store-certification/tests/ui/s5_1_security_scope_admission/integrity_evidence_bundle_cannot_satisfy_authenticity_witness.rs","014-certification-tests","move","complete","workspaces/worth-store/crates/worth-store-certification/tests/compile_fail/security/security_scope_admission/integrity_evidence_bundle_cannot_satisfy_authenticity_witness.rs","Inventory move realized at the reviewed target; the original source is absent and the resulting path exists."
"workspaces/worth-store/crates/worth-store-certification/tests/ui/s5_1_security_scope_admission/key_scope_witness_cannot_be_struct_literal.rs","014-certification-tests","move","complete","workspaces/worth-store/crates/worth-store-certification/tests/compile_fail/security/security_scope_admission/key_scope_witness_cannot_be_struct_literal.rs","Inventory move realized at the reviewed target; the original source is absent and the resulting path exists."
"workspaces/worth-store/crates/worth-store-certification/tests/ui/s5_1_security_scope_admission/physical_security_metadata_carrier_cannot_be_struct_literal.rs","014-certification-tests","move","complete","workspaces/worth-store/crates/worth-store-certification/tests/compile_fail/security/security_scope_admission/physical_security_metadata_carrier_cannot_be_struct_literal.rs","Inventory move realized at the reviewed target; the original source is absent and the resulting path exists."
"workspaces/worth-store/crates/worth-store-certification/tests/ui/s5_1_security_scope_admission/physical_security_metadata_envelope_cannot_be_struct_literal.rs","014-certification-tests","move","complete","workspaces/worth-store/crates/worth-store-certification/tests/compile_fail/security/security_scope_admission/physical_security_metadata_envelope_cannot_be_struct_literal.rs","Inventory move realized at the reviewed target; the original source is absent and the resulting path exists."
"workspaces/worth-store/crates/worth-store-certification/tests/ui/s5_1_security_scope_admission/physical_security_metadata_envelope_rejects_lower_authority_constructor.rs","014-certification-tests","move","complete","workspaces/worth-store/crates/worth-store-certification/tests/compile_fail/security/security_scope_admission/physical_security_metadata_envelope_rejects_lower_authority_constructor.rs","Inventory move realized at the reviewed target; the original source is absent and the resulting path exists."
"workspaces/worth-store/crates/worth-store-certification/tests/ui/s5_1_security_scope_admission/proof_progression_identity_cannot_satisfy_admitted_scope.rs","014-certification-tests","move","complete","workspaces/worth-store/crates/worth-store-certification/tests/compile_fail/security/security_scope_admission/proof_progression_identity_cannot_satisfy_admitted_scope.rs","Inventory move realized at the reviewed target; the original source is absent and the resulting path exists."
"workspaces/worth-store/crates/worth-store-certification/tests/ui/s5_1_security_scope_admission/proof_recipe_cannot_satisfy_admitted_scope.rs","014-certification-tests","move","complete","workspaces/worth-store/crates/worth-store-certification/tests/compile_fail/security/security_scope_admission/proof_recipe_cannot_satisfy_admitted_scope.rs","Inventory move realized at the reviewed target; the original source is absent and the resulting path exists."
"workspaces/worth-store/crates/worth-store-certification/tests/ui/s5_1_security_scope_admission/raw_declaration_cannot_satisfy_admitted_scope.rs","014-certification-tests","move","complete","workspaces/worth-store/crates/worth-store-certification/tests/compile_fail/security/security_scope_admission/raw_declaration_cannot_satisfy_admitted_scope.rs","Inventory move realized at the reviewed target; the original source is absent and the resulting path exists."
"workspaces/worth-store/crates/worth-store-certification/tests/ui/s5_1_security_scope_admission/semantic_commit_visibility_cannot_satisfy_key_witness.rs","014-certification-tests","move","complete","workspaces/worth-store/crates/worth-store-certification/tests/compile_fail/security/security_scope_admission/semantic_commit_visibility_cannot_satisfy_key_witness.rs","Inventory move realized at the reviewed target; the original source is absent and the resulting path exists."
"workspaces/worth-store/crates/worth-store-certification/tests/ui/s5_1_security_scope_admission/serde_json_value_cannot_satisfy_admitted_scope.rs","014-certification-tests","move","complete","workspaces/worth-store/crates/worth-store-certification/tests/compile_fail/security/security_scope_admission/serde_json_value_cannot_satisfy_admitted_scope.rs","Inventory move realized at the reviewed target; the original source is absent and the resulting path exists."
"workspaces/worth-store/crates/worth-store-certification/tests/ui/s5_1_security_scope_admission/serde_loaded_physical_metadata_projection_cannot_satisfy_admitted_scope.rs","014-certification-tests","move","complete","workspaces/worth-store/crates/worth-store-certification/tests/compile_fail/security/security_scope_admission/serde_loaded_physical_metadata_projection_cannot_satisfy_admitted_scope.rs","Inventory move realized at the reviewed target; the original source is absent and the resulting path exists."
"workspaces/worth-store/crates/worth-store-certification/tests/ui/s5_1_security_scope_admission/store_current_authority_cannot_satisfy_admitted_scope.rs","014-certification-tests","move","complete","workspaces/worth-store/crates/worth-store-certification/tests/compile_fail/security/security_scope_admission/store_current_authority_cannot_satisfy_admitted_scope.rs","Inventory move realized at the reviewed target; the original source is absent and the resulting path exists."
"workspaces/worth-store/crates/worth-store-certification/tests/ui/s5_1_security_scope_admission/store_digest_evidence_cannot_satisfy_authenticity_witness.rs","014-certification-tests","move","complete","workspaces/worth-store/crates/worth-store-certification/tests/compile_fail/security/security_scope_admission/store_digest_evidence_cannot_satisfy_authenticity_witness.rs","Inventory move realized at the reviewed target; the original source is absent and the resulting path exists."
"workspaces/worth-store/crates/worth-store-certification/tests/ui/s5_1_security_scope_admission/tenant_scope_witness_cannot_be_struct_literal.rs","014-certification-tests","move","complete","workspaces/worth-store/crates/worth-store-certification/tests/compile_fail/security/security_scope_admission/tenant_scope_witness_cannot_be_struct_literal.rs","Inventory move realized at the reviewed target; the original source is absent and the resulting path exists."
"workspaces/worth-store/crates/worth-store-certification/tests/ui/s5_1_security_scope_admission/terminal_physical_metadata_projection_cannot_satisfy_admitted_scope.rs","014-certification-tests","move","complete","workspaces/worth-store/crates/worth-store-certification/tests/compile_fail/security/security_scope_admission/terminal_physical_metadata_projection_cannot_satisfy_admitted_scope.rs","Inventory move realized at the reviewed target; the original source is absent and the resulting path exists."
"workspaces/worth-store/crates/worth-store-certification/tests/ui/s5_1_security_scope_admission/terminal_projection_text_cannot_satisfy_key_witness.rs","014-certification-tests","move","complete","workspaces/worth-store/crates/worth-store-certification/tests/compile_fail/security/security_scope_admission/terminal_projection_text_cannot_satisfy_key_witness.rs","Inventory move realized at the reviewed target; the original source is absent and the resulting path exists."
"workspaces/worth-store/crates/worth-store-certification/tests/ui/s5_1_security_scope_vocabulary/app_org_id_cannot_satisfy_tenant_scope.rs","014-certification-tests","move","complete","workspaces/worth-store/crates/worth-store-certification/tests/compile_fail/security/security_scope_vocabulary/app_org_id_cannot_satisfy_tenant_scope.rs","Inventory move realized at the reviewed target; the original source is absent and the resulting path exists."
"workspaces/worth-store/crates/worth-store-certification/tests/ui/s5_1_security_scope_vocabulary/audit_record_cannot_satisfy_repair_readiness.rs","014-certification-tests","move","complete","workspaces/worth-store/crates/worth-store-certification/tests/compile_fail/security/security_scope_vocabulary/audit_record_cannot_satisfy_repair_readiness.rs","Inventory move realized at the reviewed target; the original source is absent and the resulting path exists."
"workspaces/worth-store/crates/worth-store-certification/tests/ui/s5_1_security_scope_vocabulary/authenticity_result_cannot_satisfy_authenticity_requirement.rs","014-certification-tests","move","complete","workspaces/worth-store/crates/worth-store-certification/tests/compile_fail/security/security_scope_vocabulary/authenticity_result_cannot_satisfy_authenticity_requirement.rs","Inventory move realized at the reviewed target; the original source is absent and the resulting path exists."
"workspaces/worth-store/crates/worth-store-certification/tests/ui/s5_1_security_scope_vocabulary/custody_posture_cannot_satisfy_tenant_scope.rs","014-certification-tests","move","complete","workspaces/worth-store/crates/worth-store-certification/tests/compile_fail/security/security_scope_vocabulary/custody_posture_cannot_satisfy_tenant_scope.rs","Inventory move realized at the reviewed target; the original source is absent and the resulting path exists."
"workspaces/worth-store/crates/worth-store-certification/tests/ui/s5_1_security_scope_vocabulary/foundational_surface_cannot_satisfy_key_scope.rs","014-certification-tests","move","complete","workspaces/worth-store/crates/worth-store-certification/tests/compile_fail/security/security_scope_vocabulary/foundational_surface_cannot_satisfy_key_scope.rs","Inventory move realized at the reviewed target; the original source is absent and the resulting path exists."
"workspaces/worth-store/crates/worth-store-certification/tests/ui/s5_1_security_scope_vocabulary/iam_role_cannot_satisfy_custody_posture.rs","014-certification-tests","move","complete","workspaces/worth-store/crates/worth-store-certification/tests/compile_fail/security/security_scope_vocabulary/iam_role_cannot_satisfy_custody_posture.rs","Inventory move realized at the reviewed target; the original source is absent and the resulting path exists."
"workspaces/worth-store/crates/worth-store-certification/tests/ui/s5_1_security_scope_vocabulary/iam_role_cannot_satisfy_repair_readiness.rs","014-certification-tests","move","complete","workspaces/worth-store/crates/worth-store-certification/tests/compile_fail/security/security_scope_vocabulary/iam_role_cannot_satisfy_repair_readiness.rs","Inventory move realized at the reviewed target; the original source is absent and the resulting path exists."
"workspaces/worth-store/crates/worth-store-certification/tests/ui/s5_1_security_scope_vocabulary/jwt_subject_cannot_satisfy_tenant_scope.rs","014-certification-tests","move","complete","workspaces/worth-store/crates/worth-store-certification/tests/compile_fail/security/security_scope_vocabulary/jwt_subject_cannot_satisfy_tenant_scope.rs","Inventory move realized at the reviewed target; the original source is absent and the resulting path exists."
"workspaces/worth-store/crates/worth-store-certification/tests/ui/s5_1_security_scope_vocabulary/key_version_posture_cannot_satisfy_key_scope.rs","014-certification-tests","move","complete","workspaces/worth-store/crates/worth-store-certification/tests/compile_fail/security/security_scope_vocabulary/key_version_posture_cannot_satisfy_key_scope.rs","Inventory move realized at the reviewed target; the original source is absent and the resulting path exists."
"workspaces/worth-store/crates/worth-store-certification/tests/ui/s5_1_security_scope_vocabulary/kms_key_id_cannot_satisfy_key_scope.rs","014-certification-tests","move","complete","workspaces/worth-store/crates/worth-store-certification/tests/compile_fail/security/security_scope_vocabulary/kms_key_id_cannot_satisfy_key_scope.rs","Inventory move realized at the reviewed target; the original source is absent and the resulting path exists."
"workspaces/worth-store/crates/worth-store-certification/tests/ui/s5_1_security_scope_vocabulary/legacy_posture_cannot_satisfy_custody_posture.rs","014-certification-tests","move","complete","workspaces/worth-store/crates/worth-store-certification/tests/compile_fail/security/security_scope_vocabulary/legacy_posture_cannot_satisfy_custody_posture.rs","Inventory move realized at the reviewed target; the original source is absent and the resulting path exists."
"workspaces/worth-store/crates/worth-store-certification/tests/ui/s5_1_security_scope_vocabulary/offline_repair_report_cannot_satisfy_repair_plan_declaration.rs","014-certification-tests","move","complete","workspaces/worth-store/crates/worth-store-certification/tests/compile_fail/security/security_scope_vocabulary/offline_repair_report_cannot_satisfy_repair_plan_declaration.rs","Inventory move realized at the reviewed target; the original source is absent and the resulting path exists."
"workspaces/worth-store/crates/worth-store-certification/tests/ui/s5_1_security_scope_vocabulary/operator_identity_cannot_satisfy_repair_authority.rs","014-certification-tests","move","complete","workspaces/worth-store/crates/worth-store-certification/tests/compile_fail/security/security_scope_vocabulary/operator_identity_cannot_satisfy_repair_authority.rs","Inventory move realized at the reviewed target; the original source is absent and the resulting path exists."
"workspaces/worth-store/crates/worth-store-certification/tests/ui/s5_1_security_scope_vocabulary/operator_identity_cannot_satisfy_repair_readiness.rs","014-certification-tests","move","complete","workspaces/worth-store/crates/worth-store-certification/tests/compile_fail/security/security_scope_vocabulary/operator_identity_cannot_satisfy_repair_readiness.rs","Inventory move realized at the reviewed target; the original source is absent and the resulting path exists."
"workspaces/worth-store/crates/worth-store-certification/tests/ui/s5_1_security_scope_vocabulary/physical_metadata_cannot_declare_authenticity_result.rs","014-certification-tests","move","complete","workspaces/worth-store/crates/worth-store-certification/tests/compile_fail/security/security_scope_vocabulary/physical_metadata_cannot_declare_authenticity_result.rs","Inventory move realized at the reviewed target; the original source is absent and the resulting path exists."
"workspaces/worth-store/crates/worth-store-certification/tests/ui/s5_1_security_scope_vocabulary/proof_recipe_cannot_satisfy_security_witness.rs","014-certification-tests","move","complete","workspaces/worth-store/crates/worth-store-certification/tests/compile_fail/security/security_scope_vocabulary/proof_recipe_cannot_satisfy_security_witness.rs","Inventory move realized at the reviewed target; the original source is absent and the resulting path exists."
"workspaces/worth-store/crates/worth-store-certification/tests/ui/s5_1_security_scope_vocabulary/raw_string_cannot_satisfy_tenant_scope.rs","014-certification-tests","move","complete","workspaces/worth-store/crates/worth-store-certification/tests/compile_fail/security/security_scope_vocabulary/raw_string_cannot_satisfy_tenant_scope.rs","Inventory move realized at the reviewed target; the original source is absent and the resulting path exists."
"workspaces/worth-store/crates/worth-store-certification/tests/ui/s5_1_security_scope_vocabulary/security_evidence_vocabulary_cannot_satisfy_security_witness.rs","014-certification-tests","move","complete","workspaces/worth-store/crates/worth-store-certification/tests/compile_fail/security/security_scope_vocabulary/security_evidence_vocabulary_cannot_satisfy_security_witness.rs","Inventory move realized at the reviewed target; the original source is absent and the resulting path exists."
"workspaces/worth-store/crates/worth-store-certification/tests/ui/s5_1_security_scope_vocabulary/security_readiness_vocabulary_cannot_be_struct_literal.rs","014-certification-tests","move","complete","workspaces/worth-store/crates/worth-store-certification/tests/compile_fail/security/security_scope_vocabulary/security_readiness_vocabulary_cannot_be_struct_literal.rs","Inventory move realized at the reviewed target; the original source is absent and the resulting path exists."
"workspaces/worth-store/crates/worth-store-certification/tests/ui/s5_1_security_scope_vocabulary/security_readiness_vocabulary_cannot_satisfy_security_witness.rs","014-certification-tests","move","complete","workspaces/worth-store/crates/worth-store-certification/tests/compile_fail/security/security_scope_vocabulary/security_readiness_vocabulary_cannot_satisfy_security_witness.rs","Inventory move realized at the reviewed target; the original source is absent and the resulting path exists."
"workspaces/worth-store/crates/worth-store-certification/tests/ui/s5_1_security_scope_vocabulary/security_witness_vocabulary_cannot_be_struct_literal.rs","014-certification-tests","move","complete","workspaces/worth-store/crates/worth-store-certification/tests/compile_fail/security/security_scope_vocabulary/security_witness_vocabulary_cannot_be_struct_literal.rs","Inventory move realized at the reviewed target; the original source is absent and the resulting path exists."
"workspaces/worth-store/crates/worth-store-certification/tests/ui/s5_1_security_scope_vocabulary/semantic_id_cannot_satisfy_key_scope.rs","014-certification-tests","move","complete","workspaces/worth-store/crates/worth-store-certification/tests/compile_fail/security/security_scope_vocabulary/semantic_id_cannot_satisfy_key_scope.rs","Inventory move realized at the reviewed target; the original source is absent and the resulting path exists."
"workspaces/worth-store/crates/worth-store-certification/tests/ui/s5_1_security_scope_vocabulary/serde_json_value_cannot_satisfy_tenant_scope.rs","014-certification-tests","move","complete","workspaces/worth-store/crates/worth-store-certification/tests/compile_fail/security/security_scope_vocabulary/serde_json_value_cannot_satisfy_tenant_scope.rs","Inventory move realized at the reviewed target; the original source is absent and the resulting path exists."
"workspaces/worth-store/crates/worth-store-certification/tests/ui/s5_1_security_scope_vocabulary/store_current_authority_cannot_satisfy_security_witness.rs","014-certification-tests","move","complete","workspaces/worth-store/crates/worth-store-certification/tests/compile_fail/security/security_scope_vocabulary/store_current_authority_cannot_satisfy_security_witness.rs","Inventory move realized at the reviewed target; the original source is absent and the resulting path exists."
"workspaces/worth-store/crates/worth-store-certification/tests/ui/s5_1_security_scope_vocabulary/tenant_scope_cannot_satisfy_key_scope.rs","014-certification-tests","move","complete","workspaces/worth-store/crates/worth-store-certification/tests/compile_fail/security/security_scope_vocabulary/tenant_scope_cannot_satisfy_key_scope.rs","Inventory move realized at the reviewed target; the original source is absent and the resulting path exists."
"workspaces/worth-store/crates/worth-store-certification/tests/ui/s5_1_security_scope_vocabulary/terminal_json_label_cannot_satisfy_authenticity_class.rs","014-certification-tests","move","complete","workspaces/worth-store/crates/worth-store-certification/tests/compile_fail/security/security_scope_vocabulary/terminal_json_label_cannot_satisfy_authenticity_class.rs","Inventory move realized at the reviewed target; the original source is absent and the resulting path exists."
"workspaces/worth-store/crates/worth-store-certification/tests/ui/s5_1_security_scope_vocabulary/terminal_projection_text_cannot_satisfy_authenticity_class.rs","014-certification-tests","move","complete","workspaces/worth-store/crates/worth-store-certification/tests/compile_fail/security/security_scope_vocabulary/terminal_projection_text_cannot_satisfy_authenticity_class.rs","Inventory move realized at the reviewed target; the original source is absent and the resulting path exists."
"workspaces/worth-store/crates/worth-store-certification/tests/ui/s5_copy_on_write_publication/checkpoint_receipt_cannot_publish.rs","014-certification-tests","move","complete","workspaces/worth-store/crates/worth-store-certification/tests/compile_fail/physical_isolation/copy_on_write_publication/checkpoint_receipt_cannot_publish.rs","Inventory move realized at the reviewed target; the original source is absent and the resulting path exists."
"workspaces/worth-store/crates/worth-store-certification/tests/ui/s5_copy_on_write_publication/foundational_evidence_cannot_publish.rs","014-certification-tests","move","complete","workspaces/worth-store/crates/worth-store-certification/tests/compile_fail/physical_isolation/copy_on_write_publication/foundational_evidence_cannot_publish.rs","Inventory move realized at the reviewed target; the original source is absent and the resulting path exists."
"workspaces/worth-store/crates/worth-store-certification/tests/ui/s5_copy_on_write_publication/lowered_plan_cannot_publish.rs","014-certification-tests","move","complete","workspaces/worth-store/crates/worth-store-certification/tests/compile_fail/physical_isolation/copy_on_write_publication/lowered_plan_cannot_publish.rs","Inventory move realized at the reviewed target; the original source is absent and the resulting path exists."
"workspaces/worth-store/crates/worth-store-certification/tests/ui/s5_copy_on_write_publication/publication_recovery_replay_requires_readiness.rs","014-certification-tests","move","complete","workspaces/worth-store/crates/worth-store-certification/tests/compile_fail/physical_isolation/copy_on_write_publication/publication_recovery_replay_requires_readiness.rs","Inventory move realized at the reviewed target; the original source is absent and the resulting path exists."
"workspaces/worth-store/crates/worth-store-certification/tests/ui/s5_copy_on_write_publication/raw_intent_cannot_publish.rs","014-certification-tests","move","complete","workspaces/worth-store/crates/worth-store-certification/tests/compile_fail/physical_isolation/copy_on_write_publication/raw_intent_cannot_publish.rs","Inventory move realized at the reviewed target; the original source is absent and the resulting path exists."
"workspaces/worth-store/crates/worth-store-certification/tests/ui/s5_copy_on_write_publication/raw_recovery_observation_cannot_publish.rs","014-certification-tests","move","complete","workspaces/worth-store/crates/worth-store-certification/tests/compile_fail/physical_isolation/copy_on_write_publication/raw_recovery_observation_cannot_publish.rs","Inventory move realized at the reviewed target; the original source is absent and the resulting path exists."
"workspaces/worth-store/crates/worth-store-certification/tests/ui/s5_epoch_scope_and_root_kind/checkpoint_root_cannot_admit_stable_read_plan.rs","014-certification-tests","move","complete","workspaces/worth-store/crates/worth-store-certification/tests/compile_fail/physical_isolation/epoch_scope_and_root_kind/checkpoint_root_cannot_admit_stable_read_plan.rs","Inventory move realized at the reviewed target; the original source is absent and the resulting path exists."
"workspaces/worth-store/crates/worth-store-certification/tests/ui/s5_epoch_scope_and_root_kind/checkpoint_root_requires_checkpoint_basis.rs","014-certification-tests","move","complete","workspaces/worth-store/crates/worth-store-certification/tests/compile_fail/physical_isolation/epoch_scope_and_root_kind/checkpoint_root_requires_checkpoint_basis.rs","Inventory move realized at the reviewed target; the original source is absent and the resulting path exists."
"workspaces/worth-store/crates/worth-store-certification/tests/ui/s5_epoch_scope_and_root_kind/generation_reference_cannot_mint_page_epoch.rs","014-certification-tests","move","complete","workspaces/worth-store/crates/worth-store-certification/tests/compile_fail/physical_isolation/epoch_scope_and_root_kind/generation_reference_cannot_mint_page_epoch.rs","Inventory move realized at the reviewed target; the original source is absent and the resulting path exists."
"workspaces/worth-store/crates/worth-store-certification/tests/ui/s5_epoch_scope_and_root_kind/manifest_locator_requires_locator_basis.rs","014-certification-tests","move","complete","workspaces/worth-store/crates/worth-store-certification/tests/compile_fail/physical_isolation/epoch_scope_and_root_kind/manifest_locator_requires_locator_basis.rs","Inventory move realized at the reviewed target; the original source is absent and the resulting path exists."
"workspaces/worth-store/crates/worth-store-certification/tests/ui/s5_epoch_scope_and_root_kind/page_epoch_cannot_be_compared_directly.rs","014-certification-tests","move","complete","workspaces/worth-store/crates/worth-store-certification/tests/compile_fail/physical_isolation/epoch_scope_and_root_kind/page_epoch_cannot_be_compared_directly.rs","Inventory move realized at the reviewed target; the original source is absent and the resulting path exists."
"workspaces/worth-store/crates/worth-store-certification/tests/ui/s5_epoch_scope_and_root_kind/physical_epoch_vector_cannot_be_compared_directly.rs","014-certification-tests","move","complete","workspaces/worth-store/crates/worth-store-certification/tests/compile_fail/physical_isolation/epoch_scope_and_root_kind/physical_epoch_vector_cannot_be_compared_directly.rs","Inventory move realized at the reviewed target; the original source is absent and the resulting path exists."
"workspaces/worth-store/crates/worth-store-certification/tests/ui/s5_epoch_scope_and_root_kind/raw_generation_reference_cannot_admit_publication_epoch.rs","014-certification-tests","move","complete","workspaces/worth-store/crates/worth-store-certification/tests/compile_fail/physical_isolation/epoch_scope_and_root_kind/raw_generation_reference_cannot_admit_publication_epoch.rs","Inventory move realized at the reviewed target; the original source is absent and the resulting path exists."
"workspaces/worth-store/crates/worth-store-certification/tests/ui/s5_epoch_scope_and_root_kind/raw_page_id_cannot_be_generation_counted_reference.rs","014-certification-tests","move","complete","workspaces/worth-store/crates/worth-store-certification/tests/compile_fail/physical_isolation/epoch_scope_and_root_kind/raw_page_id_cannot_be_generation_counted_reference.rs","Inventory move realized at the reviewed target; the original source is absent and the resulting path exists."
"workspaces/worth-store/crates/worth-store-certification/tests/ui/s5_epoch_scope_and_root_kind/raw_publication_ordinal_cannot_mint_page_epoch.rs","014-certification-tests","move","complete","workspaces/worth-store/crates/worth-store-certification/tests/compile_fail/physical_isolation/epoch_scope_and_root_kind/raw_publication_ordinal_cannot_mint_page_epoch.rs","Inventory move realized at the reviewed target; the original source is absent and the resulting path exists."
"workspaces/worth-store/crates/worth-store-certification/tests/ui/s5_epoch_scope_and_root_kind/root_epoch_cannot_be_compared_to_page_epoch.rs","014-certification-tests","move","complete","workspaces/worth-store/crates/worth-store-certification/tests/compile_fail/physical_isolation/epoch_scope_and_root_kind/root_epoch_cannot_be_compared_to_page_epoch.rs","Inventory move realized at the reviewed target; the original source is absent and the resulting path exists."
"workspaces/worth-store/crates/worth-store-certification/tests/ui/s5_epoch_scope_and_root_kind/root_epoch_cannot_be_publicly_constructed.rs","014-certification-tests","move","complete","workspaces/worth-store/crates/worth-store-certification/tests/compile_fail/physical_isolation/epoch_scope_and_root_kind/root_epoch_cannot_be_publicly_constructed.rs","Inventory move realized at the reviewed target; the original source is absent and the resulting path exists."
"workspaces/worth-store/crates/worth-store-certification/tests/ui/s5_latch_acquisition_order/latch_key_cannot_be_struct_literal.rs","014-certification-tests","move","complete","workspaces/worth-store/crates/worth-store-certification/tests/compile_fail/physical_isolation/latch_acquisition_order/latch_key_cannot_be_struct_literal.rs","Inventory move realized at the reviewed target; the original source is absent and the resulting path exists."
"workspaces/worth-store/crates/worth-store-certification/tests/ui/s5_latch_acquisition_order/raw_root_epoch_cannot_construct_latch_key.rs","014-certification-tests","move","complete","workspaces/worth-store/crates/worth-store-certification/tests/compile_fail/physical_isolation/latch_acquisition_order/raw_root_epoch_cannot_construct_latch_key.rs","Inventory move realized at the reviewed target; the original source is absent and the resulting path exists."
"workspaces/worth-store/crates/worth-store-certification/tests/ui/s5_latch_acquisition_order/raw_steps_cannot_execute_as_latch_plan.rs","014-certification-tests","move","complete","workspaces/worth-store/crates/worth-store-certification/tests/compile_fail/physical_isolation/latch_acquisition_order/raw_steps_cannot_execute_as_latch_plan.rs","Inventory move realized at the reviewed target; the original source is absent and the resulting path exists."
"workspaces/worth-store/crates/worth-store-certification/tests/ui/s5_latch_acquisition_order/upgrade_authority_cannot_be_struct_literal.rs","014-certification-tests","move","complete","workspaces/worth-store/crates/worth-store-certification/tests/compile_fail/physical_isolation/latch_acquisition_order/upgrade_authority_cannot_be_struct_literal.rs","Inventory move realized at the reviewed target; the original source is absent and the resulting path exists."
"workspaces/worth-store/crates/worth-store-certification/tests/ui/s5_physical_isolation_entry/copied_recovery_fields_cannot_admit_entry.rs","014-certification-tests","move","complete","workspaces/worth-store/crates/worth-store-certification/tests/compile_fail/physical_isolation/physical_isolation_entry/copied_recovery_fields_cannot_admit_entry.rs","Inventory move realized at the reviewed target; the original source is absent and the resulting path exists."
"workspaces/worth-store/crates/worth-store-certification/tests/ui/s5_physical_isolation_entry/copied_s45_rows_cannot_register_lane.rs","014-certification-tests","move","complete","workspaces/worth-store/crates/worth-store-certification/tests/compile_fail/physical_isolation/physical_isolation_entry/copied_rows_cannot_register_lane.rs","Inventory move realized at the reviewed target; the original source is absent and the resulting path exists."
"workspaces/worth-store/crates/worth-store-certification/tests/ui/s5_physical_isolation_entry/entry_admission_cannot_be_struct_literal.rs","014-certification-tests","move","complete","workspaces/worth-store/crates/worth-store-certification/tests/compile_fail/physical_isolation/physical_isolation_entry/entry_admission_cannot_be_struct_literal.rs","Inventory move realized at the reviewed target; the original source is absent and the resulting path exists."
"workspaces/worth-store/crates/worth-store-certification/tests/ui/s5_physical_isolation_entry/entry_evidence_cannot_register_lane.rs","014-certification-tests","move","complete","workspaces/worth-store/crates/worth-store-certification/tests/compile_fail/physical_isolation/physical_isolation_entry/entry_evidence_cannot_register_lane.rs","Inventory move realized at the reviewed target; the original source is absent and the resulting path exists."
"workspaces/worth-store/crates/worth-store-certification/tests/ui/s5_physical_isolation_entry/entry_identity_cannot_be_struct_literal.rs","014-certification-tests","move","complete","workspaces/worth-store/crates/worth-store-certification/tests/compile_fail/physical_isolation/physical_isolation_entry/entry_identity_cannot_be_struct_literal.rs","Inventory move realized at the reviewed target; the original source is absent and the resulting path exists."
"workspaces/worth-store/crates/worth-store-certification/tests/ui/s5_physical_isolation_entry/entry_request_cannot_be_struct_literal.rs","014-certification-tests","move","complete","workspaces/worth-store/crates/worth-store-certification/tests/compile_fail/physical_isolation/physical_isolation_entry/entry_request_cannot_be_struct_literal.rs","Inventory move realized at the reviewed target; the original source is absent and the resulting path exists."
"workspaces/worth-store/crates/worth-store-certification/tests/ui/s5_physical_isolation_entry/foundational_evidence_cannot_admit_entry.rs","014-certification-tests","move","complete","workspaces/worth-store/crates/worth-store-certification/tests/compile_fail/physical_isolation/physical_isolation_entry/foundational_evidence_cannot_admit_entry.rs","Inventory move realized at the reviewed target; the original source is absent and the resulting path exists."
"workspaces/worth-store/crates/worth-store-certification/tests/ui/s5_physical_isolation_entry/lane_registration_cannot_be_struct_literal.rs","014-certification-tests","move","complete","workspaces/worth-store/crates/worth-store-certification/tests/compile_fail/physical_isolation/physical_isolation_entry/lane_registration_cannot_be_struct_literal.rs","Inventory move realized at the reviewed target; the original source is absent and the resulting path exists."
"workspaces/worth-store/crates/worth-store-certification/tests/ui/s5_physical_isolation_entry/proof_progression_cannot_admit_entry.rs","014-certification-tests","move","complete","workspaces/worth-store/crates/worth-store-certification/tests/compile_fail/physical_isolation/physical_isolation_entry/proof_progression_cannot_admit_entry.rs","Inventory move realized at the reviewed target; the original source is absent and the resulting path exists."
"workspaces/worth-store/crates/worth-store-certification/tests/ui/s5_physical_isolation_entry/root_epoch_basis_cannot_be_struct_literal.rs","014-certification-tests","move","complete","workspaces/worth-store/crates/worth-store-certification/tests/compile_fail/physical_isolation/physical_isolation_entry/root_epoch_basis_cannot_be_struct_literal.rs","Inventory move realized at the reviewed target; the original source is absent and the resulting path exists."
"workspaces/worth-store/crates/worth-store-certification/tests/ui/s5_physical_isolation_entry/s5_readiness_alone_cannot_register_lane.rs","014-certification-tests","move","complete","workspaces/worth-store/crates/worth-store-certification/tests/compile_fail/physical_isolation/physical_isolation_entry/readiness_alone_cannot_register_lane.rs","Inventory move realized at the reviewed target; the original source is absent and the resulting path exists."
"workspaces/worth-store/crates/worth-store-certification/tests/ui/s5_physical_isolation_entry/semantic_snapshot_cannot_admit_entry.rs","014-certification-tests","move","complete","workspaces/worth-store/crates/worth-store-certification/tests/compile_fail/physical_isolation/physical_isolation_entry/semantic_snapshot_cannot_admit_entry.rs","Inventory move realized at the reviewed target; the original source is absent and the resulting path exists."
"workspaces/worth-store/crates/worth-store-certification/tests/ui/s5_physical_semantic_isolation/branch_id_cannot_satisfy_physical_authority.rs","014-certification-tests","move","complete","workspaces/worth-store/crates/worth-store-certification/tests/compile_fail/physical_isolation/physical_semantic_isolation/branch_id_cannot_satisfy_physical_authority.rs","Inventory move realized at the reviewed target; the original source is absent and the resulting path exists."
"workspaces/worth-store/crates/worth-store-certification/tests/ui/s5_physical_semantic_isolation/correlation_cannot_satisfy_physical_authority.rs","014-certification-tests","move","complete","workspaces/worth-store/crates/worth-store-certification/tests/compile_fail/physical_isolation/physical_semantic_isolation/correlation_cannot_satisfy_physical_authority.rs","Inventory move realized at the reviewed target; the original source is absent and the resulting path exists."
"workspaces/worth-store/crates/worth-store-certification/tests/ui/s5_physical_semantic_isolation/derived_role_claim_cannot_satisfy_physical_authority.rs","014-certification-tests","move","complete","workspaces/worth-store/crates/worth-store-certification/tests/compile_fail/physical_isolation/physical_semantic_isolation/derived_role_claim_cannot_satisfy_physical_authority.rs","Inventory move realized at the reviewed target; the original source is absent and the resulting path exists."
"workspaces/worth-store/crates/worth-store-certification/tests/ui/s5_physical_semantic_isolation/semantic_reference_cannot_satisfy_physical_authority.rs","014-certification-tests","move","complete","workspaces/worth-store/crates/worth-store-certification/tests/compile_fail/physical_isolation/physical_semantic_isolation/semantic_reference_cannot_satisfy_physical_authority.rs","Inventory move realized at the reviewed target; the original source is absent and the resulting path exists."
"workspaces/worth-store/crates/worth-store-certification/tests/ui/s5_physical_semantic_isolation/semantic_snapshot_scalar_cannot_admit_stable_read_plan.rs","014-certification-tests","move","complete","workspaces/worth-store/crates/worth-store-certification/tests/compile_fail/physical_isolation/physical_semantic_isolation/semantic_snapshot_scalar_cannot_admit_stable_read_plan.rs","Inventory move realized at the reviewed target; the original source is absent and the resulting path exists."
"workspaces/worth-store/crates/worth-store-certification/tests/ui/s5_physical_semantic_isolation/snapshot_handle_cannot_satisfy_physical_authority.rs","014-certification-tests","move","complete","workspaces/worth-store/crates/worth-store-certification/tests/compile_fail/physical_isolation/physical_semantic_isolation/snapshot_handle_cannot_satisfy_physical_authority.rs","Inventory move realized at the reviewed target; the original source is absent and the resulting path exists."
"workspaces/worth-store/crates/worth-store-certification/tests/ui/s5_physical_semantic_isolation/transaction_id_cannot_satisfy_physical_authority.rs","014-certification-tests","move","complete","workspaces/worth-store/crates/worth-store-certification/tests/compile_fail/physical_isolation/physical_semantic_isolation/transaction_id_cannot_satisfy_physical_authority.rs","Inventory move realized at the reviewed target; the original source is absent and the resulting path exists."
"workspaces/worth-store/crates/worth-store-certification/tests/ui/s5_stable_read_execution/byte_guard_does_not_expose_raw_bytes.rs","014-certification-tests","move","complete","workspaces/worth-store/crates/worth-store-certification/tests/compile_fail/physical_isolation/stable_read_execution/byte_guard_does_not_expose_raw_bytes.rs","Inventory move realized at the reviewed target; the original source is absent and the resulting path exists."
"workspaces/worth-store/crates/worth-store-certification/tests/ui/s5_stable_read_execution/guarded_bytes_cannot_outlive_execution_completion.rs","014-certification-tests","move","complete","workspaces/worth-store/crates/worth-store-certification/tests/compile_fail/physical_isolation/stable_read_execution/guarded_bytes_cannot_outlive_execution_completion.rs","Inventory move realized at the reviewed target; the original source is absent and the resulting path exists."
"workspaces/worth-store/crates/worth-store-certification/tests/ui/s5_stable_read_execution/logical_decode_scope_entry_cannot_be_constructed.rs","014-certification-tests","move","complete","workspaces/worth-store/crates/worth-store-certification/tests/compile_fail/physical_isolation/stable_read_execution/logical_decode_scope_entry_cannot_be_constructed.rs","Inventory move realized at the reviewed target; the original source is absent and the resulting path exists."
"workspaces/worth-store/crates/worth-store-certification/tests/ui/s5_stable_read_execution/plan_cannot_start_execution.rs","014-certification-tests","move","complete","workspaces/worth-store/crates/worth-store-certification/tests/compile_fail/physical_isolation/stable_read_execution/plan_cannot_start_execution.rs","Inventory move realized at the reviewed target; the original source is absent and the resulting path exists."
"workspaces/worth-store/crates/worth-store-certification/tests/ui/s5_stable_read_execution/raw_bytes_cannot_be_read_by_execution.rs","014-certification-tests","move","complete","workspaces/worth-store/crates/worth-store-certification/tests/compile_fail/physical_isolation/stable_read_execution/raw_bytes_cannot_be_read_by_execution.rs","Inventory move realized at the reviewed target; the original source is absent and the resulting path exists."
"workspaces/worth-store/crates/worth-store-certification/tests/ui/s5_stable_read_execution/raw_bytes_cannot_enter_scoped_logical_decode.rs","014-certification-tests","move","complete","workspaces/worth-store/crates/worth-store-certification/tests/compile_fail/physical_isolation/stable_read_execution/raw_bytes_cannot_enter_scoped_logical_decode.rs","Inventory move realized at the reviewed target; the original source is absent and the resulting path exists."
"workspaces/worth-store/crates/worth-store-certification/tests/ui/s5_stable_read_execution/raw_vec_cannot_mint_owned_read_buffer_guard.rs","014-certification-tests","move","complete","workspaces/worth-store/crates/worth-store-certification/tests/compile_fail/physical_isolation/stable_read_execution/raw_vec_cannot_mint_owned_read_buffer_guard.rs","Inventory move realized at the reviewed target; the original source is absent and the resulting path exists."
"workspaces/worth-store/crates/worth-store-certification/tests/ui/s5_stable_read_execution/reachability_barrier_is_not_byte_guard.rs","014-certification-tests","move","complete","workspaces/worth-store/crates/worth-store-certification/tests/compile_fail/physical_isolation/stable_read_execution/reachability_barrier_is_not_byte_guard.rs","Inventory move realized at the reviewed target; the original source is absent and the resulting path exists."
"workspaces/worth-store/crates/worth-store-certification/tests/ui/s5_stable_read_execution/root_witness_cannot_satisfy_logical_decode_scope.rs","014-certification-tests","move","complete","workspaces/worth-store/crates/worth-store-certification/tests/compile_fail/physical_isolation/stable_read_execution/root_witness_cannot_satisfy_logical_decode_scope.rs","Inventory move realized at the reviewed target; the original source is absent and the resulting path exists."
"workspaces/worth-store/crates/worth-store-certification/tests/ui/s5_stable_read_plan_admission/epoch_checked_plan_cannot_issue_handle.rs","014-certification-tests","move","complete","workspaces/worth-store/crates/worth-store-certification/tests/compile_fail/physical_isolation/stable_read_plan_admission/epoch_checked_plan_cannot_issue_handle.rs","Inventory move realized at the reviewed target; the original source is absent and the resulting path exists."
"workspaces/worth-store/crates/worth-store-certification/tests/ui/s5_stable_read_plan_admission/handle_cannot_be_struct_literal.rs","014-certification-tests","move","complete","workspaces/worth-store/crates/worth-store-certification/tests/compile_fail/physical_isolation/stable_read_plan_admission/handle_cannot_be_struct_literal.rs","Inventory move realized at the reviewed target; the original source is absent and the resulting path exists."
"workspaces/worth-store/crates/worth-store-certification/tests/ui/s5_stable_read_plan_admission/post_hazard_root_observation_cannot_be_minted_without_hazard.rs","014-certification-tests","move","complete","workspaces/worth-store/crates/worth-store-certification/tests/compile_fail/physical_isolation/stable_read_plan_admission/post_hazard_root_observation_cannot_be_minted_without_hazard.rs","Inventory move realized at the reviewed target; the original source is absent and the resulting path exists."
"workspaces/worth-store/crates/worth-store-certification/tests/ui/s5_stable_read_plan_admission/post_protection_observation_requires_published_hazard.rs","014-certification-tests","move","complete","workspaces/worth-store/crates/worth-store-certification/tests/compile_fail/physical_isolation/stable_read_plan_admission/post_protection_observation_requires_published_hazard.rs","Inventory move realized at the reviewed target; the original source is absent and the resulting path exists."
"workspaces/worth-store/crates/worth-store-certification/tests/ui/s5_stable_read_plan_admission/raw_epoch_vector_cannot_observe_after_hazard.rs","014-certification-tests","move","complete","workspaces/worth-store/crates/worth-store-certification/tests/compile_fail/physical_isolation/stable_read_plan_admission/raw_epoch_vector_cannot_observe_after_hazard.rs","Inventory move realized at the reviewed target; the original source is absent and the resulting path exists."
"workspaces/worth-store/crates/worth-store-certification/tests/ui/s5_stable_read_plan_admission/release_receipt_cannot_be_struct_literal.rs","014-certification-tests","move","complete","workspaces/worth-store/crates/worth-store-certification/tests/compile_fail/physical_isolation/stable_read_plan_admission/release_receipt_cannot_be_struct_literal.rs","Inventory move realized at the reviewed target; the original source is absent and the resulting path exists."
"workspaces/worth-store/crates/worth-store-certification/tests/ui/s5_tier_movement_future_chunk/future_chunk_constructor_is_not_public.rs","014-certification-tests","move","complete","workspaces/worth-store/crates/worth-store-certification/tests/compile_fail/blobs/tier_movement_future_chunk/future_chunk_constructor_is_not_public.rs","Inventory move realized at the reviewed target; the original source is absent and the resulting path exists."
"workspaces/worth-store/crates/worth-store-certification/tests/ui/s5_tier_movement_future_chunk/future_chunk_variant_cannot_be_constructed_directly.rs","014-certification-tests","move","complete","workspaces/worth-store/crates/worth-store-certification/tests/compile_fail/blobs/tier_movement_future_chunk/future_chunk_variant_cannot_be_constructed_directly.rs","Inventory move realized at the reviewed target; the original source is absent and the resulting path exists."
"workspaces/worth-store/crates/worth-store-certification/tests/ui/s6_evidence_materialization/bundle_fields_cannot_be_minted.rs","014-certification-tests","move","complete","workspaces/worth-store/crates/worth-store-certification/tests/compile_fail/scheduling/evidence_materialization/bundle_fields_cannot_be_minted.rs","Inventory move realized at the reviewed target; the original source is absent and the resulting path exists."
"workspaces/worth-store/crates/worth-store-certification/tests/ui/s6_evidence_materialization/closeout_rejects_canonical_basis.rs","014-certification-tests","move","complete","workspaces/worth-store/crates/worth-store-certification/tests/compile_fail/scheduling/evidence_materialization/closeout_rejects_canonical_basis.rs","Inventory move realized at the reviewed target; the original source is absent and the resulting path exists."
"workspaces/worth-store/crates/worth-store-certification/tests/ui/s6_evidence_materialization/closeout_rejects_foundational_boundary.rs","014-certification-tests","move","complete","workspaces/worth-store/crates/worth-store-certification/tests/compile_fail/scheduling/evidence_materialization/closeout_rejects_foundational_boundary.rs","Inventory move realized at the reviewed target; the original source is absent and the resulting path exists."
"workspaces/worth-store/crates/worth-store-certification/tests/ui/s6_evidence_materialization/closeout_rejects_foundational_receipt.rs","014-certification-tests","move","complete","workspaces/worth-store/crates/worth-store-certification/tests/compile_fail/scheduling/evidence_materialization/closeout_rejects_foundational_receipt.rs","Inventory move realized at the reviewed target; the original source is absent and the resulting path exists."
"workspaces/worth-store/crates/worth-store-certification/tests/ui/s6_evidence_materialization/closeout_rejects_profile_evidence.rs","014-certification-tests","move","complete","workspaces/worth-store/crates/worth-store-certification/tests/compile_fail/scheduling/evidence_materialization/closeout_rejects_profile_evidence.rs","Inventory move realized at the reviewed target; the original source is absent and the resulting path exists."
"workspaces/worth-store/crates/worth-store-certification/tests/ui/s6_evidence_materialization/closeout_rejects_proof_trace.rs","014-certification-tests","move","complete","workspaces/worth-store/crates/worth-store-certification/tests/compile_fail/scheduling/evidence_materialization/closeout_rejects_proof_trace.rs","Inventory move realized at the reviewed target; the original source is absent and the resulting path exists."
"workspaces/worth-store/crates/worth-store-certification/tests/ui/s6_evidence_materialization/legacy_scalar_closeout_evidence_is_unavailable.rs","014-certification-tests","move","complete","workspaces/worth-store/crates/worth-store-certification/tests/compile_fail/scheduling/evidence_materialization/legacy_scalar_closeout_evidence_is_unavailable.rs","Inventory move realized at the reviewed target; the original source is absent and the resulting path exists."
"workspaces/worth-store/crates/worth-store-certification/tests/ui/s6_evidence_materialization/source_fields_cannot_be_minted.rs","014-certification-tests","move","complete","workspaces/worth-store/crates/worth-store-certification/tests/compile_fail/scheduling/evidence_materialization/source_fields_cannot_be_minted.rs","Inventory move realized at the reviewed target; the original source is absent and the resulting path exists."
"workspaces/worth-store/crates/worth-store-certification/tests/ui/s6_io_qos_readiness_handoff/raw_counts_cannot_materialize_s6_readiness.rs","014-certification-tests","move","complete","workspaces/worth-store/crates/worth-store-certification/tests/compile_fail/scheduling/io_qos_readiness_handoff/raw_counts_cannot_materialize_readiness.rs","Inventory move realized at the reviewed target; the original source is absent and the resulting path exists."
"workspaces/worth-store/crates/worth-store-certification/tests/ui/s6_io_qos_readiness_handoff/raw_request_cannot_be_built_without_handoff_evidence.rs","014-certification-tests","move","complete","workspaces/worth-store/crates/worth-store-certification/tests/compile_fail/scheduling/io_qos_readiness_handoff/raw_request_cannot_be_built_without_handoff_evidence.rs","Inventory move realized at the reviewed target; the original source is absent and the resulting path exists."
"workspaces/worth-store/crates/worth-store-certification/tests/ui/s6_io_qos_readiness_handoff/raw_source_cannot_publish_s6_readiness.rs","014-certification-tests","move","complete","workspaces/worth-store/crates/worth-store-certification/tests/compile_fail/scheduling/io_qos_readiness_handoff/raw_source_cannot_publish_readiness.rs","Inventory move realized at the reviewed target; the original source is absent and the resulting path exists."
"workspaces/worth-store/crates/worth-store-certification/tests/ui/s6_production_readiness_closeout/certification_adoption_receipt_constructor_is_private.rs","014-certification-tests","delete","complete","","Reviewed action override: eff2aafe refactor(store): move scheduling adoption into courtroom removed or replaced the obsolete source; neither the source nor proposed target remains."
"workspaces/worth-store/crates/worth-store-certification/tests/ui/s6_production_readiness_closeout/closeout_fields_cannot_be_minted.rs","014-certification-tests","delete","complete","","Reviewed action override: eff2aafe refactor(store): move scheduling adoption into courtroom removed or replaced the obsolete source; neither the source nor proposed target remains."
"workspaces/worth-store/crates/worth-store-certification/tests/ui/s6_production_readiness_closeout/copied_counter_rows_cannot_close_s6.rs","014-certification-tests","delete","complete","","Reviewed action override: eff2aafe refactor(store): move scheduling adoption into courtroom removed or replaced the obsolete source; neither the source nor proposed target remains."
"workspaces/worth-store/crates/worth-store-certification/tests/ui/s6_production_readiness_closeout/foundational_receipt_cannot_close_s6.rs","014-certification-tests","delete","complete","","Reviewed action override: eff2aafe refactor(store): move scheduling adoption into courtroom removed or replaced the obsolete source; neither the source nor proposed target remains."
"workspaces/worth-store/crates/worth-store-certification/tests/ui/s6_production_readiness_closeout/proof_summary_cannot_close_s6.rs","014-certification-tests","delete","complete","","Reviewed action override: eff2aafe refactor(store): move scheduling adoption into courtroom removed or replaced the obsolete source; neither the source nor proposed target remains."
"workspaces/worth-store/crates/worth-store-certification/tests/ui/s6_production_readiness_closeout/public_adoption_receipt_cannot_be_constructed.rs","014-certification-tests","delete","complete","","Reviewed action override: eff2aafe refactor(store): move scheduling adoption into courtroom removed or replaced the obsolete source; neither the source nor proposed target remains."
"workspaces/worth-store/crates/worth-store-certification/tests/ui/s6_production_readiness_closeout/public_closeout_source_cannot_be_constructed.rs","014-certification-tests","delete","complete","","Reviewed action override: eff2aafe refactor(store): move scheduling adoption into courtroom removed or replaced the obsolete source; neither the source nor proposed target remains."
"workspaces/worth-store/crates/worth-store-certification/tests/ui/s6_production_readiness_closeout/public_closeout_trait_cannot_be_implemented.rs","014-certification-tests","delete","complete","","Reviewed action override: eff2aafe refactor(store): move scheduling adoption into courtroom removed or replaced the obsolete source; neither the source nor proposed target remains."
"workspaces/worth-store/crates/worth-store-certification/tests/ui/s6_production_readiness_closeout/public_non_claim_counts_cannot_be_attached_to_closeout.rs","014-certification-tests","delete","complete","","Reviewed action override: eff2aafe refactor(store): move scheduling adoption into courtroom removed or replaced the obsolete source; neither the source nor proposed target remains."
"workspaces/worth-store/crates/worth-store-certification/tests/ui/s6_production_readiness_closeout/public_proof_constructor_cannot_mint_closeout_proof.rs","014-certification-tests","delete","complete","","Reviewed action override: eff2aafe refactor(store): move scheduling adoption into courtroom removed or replaced the obsolete source; neither the source nor proposed target remains."
"workspaces/worth-store/crates/worth-store-certification/tests/ui/s6_production_readiness_closeout/public_residual_debt_rows_cannot_be_attached_to_closeout.rs","014-certification-tests","delete","complete","","Reviewed action override: eff2aafe refactor(store): move scheduling adoption into courtroom removed or replaced the obsolete source; neither the source nor proposed target remains."
"workspaces/worth-store/crates/worth-store-certification/tests/ui/s6_production_readiness_closeout/s10_backup_export_handoff_cannot_satisfy_s10_repair_seed.rs","014-certification-tests","delete","complete","","Inventory deletion realized; the original source is absent."
"workspaces/worth-store/crates/worth-store-certification/tests/ui/s6_production_readiness_closeout/s10_backup_export_handoff_cannot_satisfy_s11_secure_io_seed.rs","014-certification-tests","delete","complete","","Inventory deletion realized; the original source is absent."
"workspaces/worth-store/crates/worth-store-certification/tests/ui/s6_production_readiness_closeout/s10_backup_export_handoff_cannot_satisfy_s7_seed.rs","014-certification-tests","delete","complete","","Inventory deletion realized; the original source is absent."
"workspaces/worth-store/crates/worth-store-certification/tests/ui/s6_production_readiness_closeout/s10_repair_handoff_cannot_satisfy_s10_backup_export_seed.rs","014-certification-tests","delete","complete","","Inventory deletion realized; the original source is absent."
"workspaces/worth-store/crates/worth-store-certification/tests/ui/s6_production_readiness_closeout/s10_repair_handoff_cannot_satisfy_s11_secure_io_seed.rs","014-certification-tests","delete","complete","","Inventory deletion realized; the original source is absent."
"workspaces/worth-store/crates/worth-store-certification/tests/ui/s6_production_readiness_closeout/s10_repair_handoff_cannot_satisfy_s7_seed.rs","014-certification-tests","delete","complete","","Inventory deletion realized; the original source is absent."
"workspaces/worth-store/crates/worth-store-certification/tests/ui/s6_production_readiness_closeout/s11_secure_io_handoff_cannot_satisfy_s10_backup_export_seed.rs","014-certification-tests","delete","complete","","Inventory deletion realized; the original source is absent."
"workspaces/worth-store/crates/worth-store-certification/tests/ui/s6_production_readiness_closeout/s11_secure_io_handoff_cannot_satisfy_s10_repair_seed.rs","014-certification-tests","delete","complete","","Inventory deletion realized; the original source is absent."
"workspaces/worth-store/crates/worth-store-certification/tests/ui/s6_production_readiness_closeout/s11_secure_io_handoff_cannot_satisfy_s7_seed.rs","014-certification-tests","delete","complete","","Inventory deletion realized; the original source is absent."
"workspaces/worth-store/crates/worth-store-certification/tests/ui/s6_production_readiness_closeout/s7_handoff_cannot_satisfy_backup_export_seed.rs","014-certification-tests","delete","complete","","Inventory deletion realized; the original source is absent."
"workspaces/worth-store/crates/worth-store-certification/tests/ui/s6_production_readiness_closeout/s7_handoff_cannot_satisfy_s10_repair_seed.rs","014-certification-tests","delete","complete","","Inventory deletion realized; the original source is absent."
"workspaces/worth-store/crates/worth-store-certification/tests/ui/s6_production_readiness_closeout/s7_handoff_cannot_satisfy_s11_secure_io_seed.rs","014-certification-tests","delete","complete","","Inventory deletion realized; the original source is absent."
"workspaces/worth-store/crates/worth-store-certification/tests/ui/s6_production_readiness_closeout/terminal_projection_cannot_close_s6.rs","014-certification-tests","delete","complete","","Reviewed action override: eff2aafe refactor(store): move scheduling adoption into courtroom removed or replaced the obsolete source; neither the source nor proposed target remains."
"workspaces/worth-store/crates/worth-store-certification/tests/ui/s6_secure_io_authority/iam_role_cannot_satisfy_secure_io_scope.rs","014-certification-tests","move","complete","workspaces/worth-store/crates/worth-store-certification/tests/compile_fail/scheduling/secure_io_authority/iam_role_cannot_satisfy_secure_io_scope.rs","Inventory move realized at the reviewed target; the original source is absent and the resulting path exists."
"workspaces/worth-store/crates/worth-store-certification/tests/ui/s6_secure_io_authority/identity_provider_claim_cannot_satisfy_secure_io_scope.rs","014-certification-tests","move","complete","workspaces/worth-store/crates/worth-store-certification/tests/compile_fail/scheduling/secure_io_authority/identity_provider_claim_cannot_satisfy_secure_io_scope.rs","Inventory move realized at the reviewed target; the original source is absent and the resulting path exists."
"workspaces/worth-store/crates/worth-store-certification/tests/ui/s6_secure_io_authority/kms_key_id_cannot_satisfy_secure_io_scope.rs","014-certification-tests","move","complete","workspaces/worth-store/crates/worth-store-certification/tests/compile_fail/scheduling/secure_io_authority/kms_key_id_cannot_satisfy_secure_io_scope.rs","Inventory move realized at the reviewed target; the original source is absent and the resulting path exists."
"workspaces/worth-store/crates/worth-store-certification/tests/ui/s6_secure_io_authority/operator_identity_cannot_satisfy_secure_io_scope.rs","014-certification-tests","move","complete","workspaces/worth-store/crates/worth-store-certification/tests/compile_fail/scheduling/secure_io_authority/operator_identity_cannot_satisfy_secure_io_scope.rs","Inventory move realized at the reviewed target; the original source is absent and the resulting path exists."
"workspaces/worth-store/crates/worth-store-certification/tests/ui/s6_secure_io_authority/security_scope_identity_cannot_satisfy_secure_io_scope.rs","014-certification-tests","move","complete","workspaces/worth-store/crates/worth-store-certification/tests/compile_fail/security/secure_io_authority/security_scope_identity_cannot_satisfy_secure_io_scope.rs","Inventory move realized at the reviewed target; the original source is absent and the resulting path exists."
"workspaces/worth-store/crates/worth-store-certification/tests/ui/s6_secure_io_authority/terminal_projection_cannot_satisfy_secure_io_scope.rs","014-certification-tests","move","complete","workspaces/worth-store/crates/worth-store-certification/tests/compile_fail/scheduling/secure_io_authority/terminal_projection_cannot_satisfy_secure_io_scope.rs","Inventory move realized at the reviewed target; the original source is absent and the resulting path exists."
"workspaces/worth-store/crates/worth-store-certification/tests/ui/s8_layout_access_path_harness/adversarial_inputs_cannot_form_replay_bundle.rs","014-certification-tests","move","complete","workspaces/worth-store/crates/worth-store-certification/tests/compile_fail/layout/layout_access_path_harness/adversarial_inputs_cannot_form_replay_bundle.rs","Inventory move realized at the reviewed target; the original source is absent and the resulting path exists."
"workspaces/worth-store/crates/worth-store-certification/tests/ui/s8_layout_access_path_harness/closeout_suite_certificate_cannot_form_s9_handoff.rs","014-certification-tests","delete","complete","","Inventory deletion realized; the original source is absent."
"workspaces/worth-store/crates/worth-store-certification/tests/ui/s8_layout_access_path_harness/direct_executed_witness_construction_is_not_public.rs","014-certification-tests","move","complete","workspaces/worth-store/crates/worth-store-certification/tests/compile_fail/layout/layout_access_path_harness/direct_executed_witness_construction_is_not_public.rs","Inventory move realized at the reviewed target; the original source is absent and the resulting path exists."
"workspaces/worth-store/crates/worth-store-certification/tests/ui/s8_layout_access_path_harness/generic_machine_summary_cannot_form_s9_handoff.rs","014-certification-tests","delete","complete","","Inventory deletion realized; the original source is absent."
"workspaces/worth-store/crates/worth-store-certification/tests/ui/s8_layout_access_path_harness/machine_inventory_cannot_be_minted.rs","014-certification-tests","move","complete","workspaces/worth-store/crates/worth-store-certification/tests/compile_fail/layout/layout_access_path_harness/machine_inventory_cannot_be_minted.rs","Inventory move realized at the reviewed target; the original source is absent and the resulting path exists."
"workspaces/worth-store/crates/worth-store-certification/tests/ui/s8_layout_access_path_harness/scenario_certificate_cannot_form_replay_bundle.rs","014-certification-tests","move","complete","workspaces/worth-store/crates/worth-store-certification/tests/compile_fail/layout/layout_access_path_harness/scenario_certificate_cannot_form_replay_bundle.rs","Inventory move realized at the reviewed target; the original source is absent and the resulting path exists."
"workspaces/worth-store/crates/worth-store-certification/tests/ui/s8_layout_access_path_harness/static_grammar_cannot_use_certify_handoff_api.rs","014-certification-tests","delete","complete","","Inventory deletion realized; the original source is absent."
"workspaces/worth-store/crates/worth-store-contracts/src/s6_later_readiness_vocabulary.rs","001-shared-semantics-production","delete","complete","","Inventory deletion realized; the original source is absent."
"workspaces/worth-store/crates/worth-store-io-scheduler/src/layout_access/mod.rs","004-io-scheduler-production","delete","complete","","Inventory deletion realized; the original source is absent."
"workspaces/worth-store/crates/worth-store-io-scheduler/src/s6_later_readiness_handoff/backup_export.rs","004-io-scheduler-production","delete","complete","","Inventory deletion realized; the original source is absent."
"workspaces/worth-store/crates/worth-store-io-scheduler/src/s6_later_readiness_handoff/compaction.rs","004-io-scheduler-production","delete","complete","","Inventory deletion realized; the original source is absent."
"workspaces/worth-store/crates/worth-store-io-scheduler/src/s6_later_readiness_handoff/core.rs","004-io-scheduler-production","delete","complete","","Inventory deletion realized; the original source is absent."
"workspaces/worth-store/crates/worth-store-io-scheduler/src/s6_later_readiness_handoff/denial.rs","004-io-scheduler-production","delete","complete","","Inventory deletion realized; the original source is absent."
"workspaces/worth-store/crates/worth-store-io-scheduler/src/s6_later_readiness_handoff/mod.rs","004-io-scheduler-production","delete","complete","","Inventory deletion realized; the original source is absent."
"workspaces/worth-store/crates/worth-store-io-scheduler/src/s6_later_readiness_handoff/operator.rs","004-io-scheduler-production","delete","complete","","Inventory deletion realized; the original source is absent."
"workspaces/worth-store/crates/worth-store-io-scheduler/src/s6_later_readiness_handoff/placement.rs","004-io-scheduler-production","delete","complete","","Inventory deletion realized; the original source is absent."
"workspaces/worth-store/crates/worth-store-io-scheduler/src/s6_later_readiness_handoff/readmission.rs","004-io-scheduler-production","delete","complete","","Inventory deletion realized; the original source is absent."
"workspaces/worth-store/crates/worth-store-io-scheduler/src/s6_later_readiness_handoff/repair_scan.rs","004-io-scheduler-production","delete","complete","","Inventory deletion realized; the original source is absent."
"workspaces/worth-store/crates/worth-store-io-scheduler/src/s6_later_readiness_handoff/s10_pacing.rs","004-io-scheduler-production","delete","complete","","Inventory deletion realized; the original source is absent."
"workspaces/worth-store/crates/worth-store-io-scheduler/src/s6_later_readiness_handoff/test_authority.rs","004-io-scheduler-production","delete","complete","","Reviewed action override: 08f9e214 refactor(store): remove displaced readiness authority removed or replaced the obsolete source; neither the source nor proposed target remains."
"workspaces/worth-store/crates/worth-store-io-scheduler/src/s6_later_readiness_handoff/tests.rs","004-io-scheduler-production","delete","complete","","Reviewed action override: 08f9e214 refactor(store): remove displaced readiness authority removed or replaced the obsolete source; neither the source nor proposed target remains."
"workspaces/worth-store/crates/worth-store-io-scheduler/src/s6_later_readiness_handoff/tests/test_support.rs","004-io-scheduler-production","delete","complete","","Reviewed action override: 08f9e214 refactor(store): remove displaced readiness authority removed or replaced the obsolete source; neither the source nor proposed target remains."
"workspaces/worth-store/crates/worth-store-io-scheduler/tests/s6_later_readiness_handoff_compile_fail.rs","016-remaining-tests-and-support","delete","complete","","Inventory deletion realized; the original source is absent."
"workspaces/worth-store/crates/worth-store-io-scheduler/tests/ui/s6_later_readiness_handoff/backup_cannot_enter_compaction.rs","016-remaining-tests-and-support","delete","complete","","Inventory deletion realized; the original source is absent."
"workspaces/worth-store/crates/worth-store-io-scheduler/tests/ui/s6_later_readiness_handoff/backup_cannot_enter_operator.rs","016-remaining-tests-and-support","delete","complete","","Inventory deletion realized; the original source is absent."
"workspaces/worth-store/crates/worth-store-io-scheduler/tests/ui/s6_later_readiness_handoff/backup_cannot_enter_placement.rs","016-remaining-tests-and-support","delete","complete","","Inventory deletion realized; the original source is absent."
"workspaces/worth-store/crates/worth-store-io-scheduler/tests/ui/s6_later_readiness_handoff/backup_cannot_enter_repair.rs","016-remaining-tests-and-support","delete","complete","","Inventory deletion realized; the original source is absent."
"workspaces/worth-store/crates/worth-store-io-scheduler/tests/ui/s6_later_readiness_handoff/certification_backup_evidence_cannot_enter_backup.rs","016-remaining-tests-and-support","delete","complete","","Inventory deletion realized; the original source is absent."
"workspaces/worth-store/crates/worth-store-io-scheduler/tests/ui/s6_later_readiness_handoff/certification_compaction_evidence_cannot_enter_compaction.rs","016-remaining-tests-and-support","delete","complete","","Inventory deletion realized; the original source is absent."
"workspaces/worth-store/crates/worth-store-io-scheduler/tests/ui/s6_later_readiness_handoff/certification_operator_evidence_cannot_enter_operator.rs","016-remaining-tests-and-support","delete","complete","","Inventory deletion realized; the original source is absent."
"workspaces/worth-store/crates/worth-store-io-scheduler/tests/ui/s6_later_readiness_handoff/certification_placement_evidence_cannot_enter_placement.rs","016-remaining-tests-and-support","delete","complete","","Inventory deletion realized; the original source is absent."
"workspaces/worth-store/crates/worth-store-io-scheduler/tests/ui/s6_later_readiness_handoff/certification_repair_evidence_cannot_enter_repair.rs","016-remaining-tests-and-support","delete","complete","","Inventory deletion realized; the original source is absent."
"workspaces/worth-store/crates/worth-store-io-scheduler/tests/ui/s6_later_readiness_handoff/compaction_cannot_enter_operator.rs","016-remaining-tests-and-support","delete","complete","","Inventory deletion realized; the original source is absent."
"workspaces/worth-store/crates/worth-store-io-scheduler/tests/ui/s6_later_readiness_handoff/compaction_cannot_enter_placement.rs","016-remaining-tests-and-support","delete","complete","","Inventory deletion realized; the original source is absent."
"workspaces/worth-store/crates/worth-store-io-scheduler/tests/ui/s6_later_readiness_handoff/external_code_cannot_mint_backup_handoff.rs","016-remaining-tests-and-support","delete","complete","","Inventory deletion realized; the original source is absent."
"workspaces/worth-store/crates/worth-store-io-scheduler/tests/ui/s6_later_readiness_handoff/external_code_cannot_mint_backup_pacing.rs","016-remaining-tests-and-support","delete","complete","","Inventory deletion realized; the original source is absent."
"workspaces/worth-store/crates/worth-store-io-scheduler/tests/ui/s6_later_readiness_handoff/external_code_cannot_mint_compaction_handoff.rs","016-remaining-tests-and-support","delete","complete","","Inventory deletion realized; the original source is absent."
"workspaces/worth-store/crates/worth-store-io-scheduler/tests/ui/s6_later_readiness_handoff/external_code_cannot_mint_compaction_pacing.rs","016-remaining-tests-and-support","delete","complete","","Inventory deletion realized; the original source is absent."
"workspaces/worth-store/crates/worth-store-io-scheduler/tests/ui/s6_later_readiness_handoff/external_code_cannot_mint_operator_handoff.rs","016-remaining-tests-and-support","delete","complete","","Inventory deletion realized; the original source is absent."
"workspaces/worth-store/crates/worth-store-io-scheduler/tests/ui/s6_later_readiness_handoff/external_code_cannot_mint_placement_handoff.rs","016-remaining-tests-and-support","delete","complete","","Inventory deletion realized; the original source is absent."
"workspaces/worth-store/crates/worth-store-io-scheduler/tests/ui/s6_later_readiness_handoff/external_code_cannot_mint_repair_handoff.rs","016-remaining-tests-and-support","delete","complete","","Inventory deletion realized; the original source is absent."
"workspaces/worth-store/crates/worth-store-io-scheduler/tests/ui/s6_later_readiness_handoff/external_code_cannot_mint_repair_pacing.rs","016-remaining-tests-and-support","delete","complete","","Inventory deletion realized; the original source is absent."
"workspaces/worth-store/crates/worth-store-io-scheduler/tests/ui/s6_later_readiness_handoff/operator_cannot_enter_backup.rs","016-remaining-tests-and-support","delete","complete","","Inventory deletion realized; the original source is absent."
"workspaces/worth-store/crates/worth-store-io-scheduler/tests/ui/s6_later_readiness_handoff/operator_cannot_enter_compaction.rs","016-remaining-tests-and-support","delete","complete","","Inventory deletion realized; the original source is absent."
"workspaces/worth-store/crates/worth-store-io-scheduler/tests/ui/s6_later_readiness_handoff/operator_cannot_enter_placement.rs","016-remaining-tests-and-support","delete","complete","","Inventory deletion realized; the original source is absent."
"workspaces/worth-store/crates/worth-store-io-scheduler/tests/ui/s6_later_readiness_handoff/operator_cannot_enter_repair.rs","016-remaining-tests-and-support","delete","complete","","Inventory deletion realized; the original source is absent."
"workspaces/worth-store/crates/worth-store-io-scheduler/tests/ui/s6_later_readiness_handoff/placement_cannot_enter_backup.rs","016-remaining-tests-and-support","delete","complete","","Inventory deletion realized; the original source is absent."
"workspaces/worth-store/crates/worth-store-io-scheduler/tests/ui/s6_later_readiness_handoff/placement_cannot_enter_compaction.rs","016-remaining-tests-and-support","delete","complete","","Inventory deletion realized; the original source is absent."
"workspaces/worth-store/crates/worth-store-io-scheduler/tests/ui/s6_later_readiness_handoff/placement_cannot_enter_operator.rs","016-remaining-tests-and-support","delete","complete","","Inventory deletion realized; the original source is absent."
"workspaces/worth-store/crates/worth-store-io-scheduler/tests/ui/s6_later_readiness_handoff/placement_cannot_enter_repair.rs","016-remaining-tests-and-support","delete","complete","","Inventory deletion realized; the original source is absent."
"workspaces/worth-store/crates/worth-store-io-scheduler/tests/ui/s6_later_readiness_handoff/repair_cannot_enter_backup.rs","016-remaining-tests-and-support","delete","complete","","Inventory deletion realized; the original source is absent."
"workspaces/worth-store/crates/worth-store-io-scheduler/tests/ui/s6_later_readiness_handoff/repair_cannot_enter_compaction.rs","016-remaining-tests-and-support","delete","complete","","Inventory deletion realized; the original source is absent."
"workspaces/worth-store/crates/worth-store-io-scheduler/tests/ui/s6_later_readiness_handoff/repair_cannot_enter_operator.rs","016-remaining-tests-and-support","delete","complete","","Inventory deletion realized; the original source is absent."
"workspaces/worth-store/crates/worth-store-io-scheduler/tests/ui/s6_later_readiness_handoff/repair_cannot_enter_placement.rs","016-remaining-tests-and-support","delete","complete","","Inventory deletion realized; the original source is absent."
"workspaces/worth-store/crates/worth-store-layout-indexes/src/corruption/outcome.rs","","move","complete","workspaces/worth-store/crates/worth-store-layout-indexes/src/integrity/outcome.rs","Inventory move realized at the reviewed target; the original source is absent and the resulting path exists."
"workspaces/worth-store/crates/worth-store-layout-indexes/src/corruption/quarantine.rs","","move","complete","workspaces/worth-store/crates/worth-store-layout-indexes/src/integrity/quarantine.rs","Inventory move realized at the reviewed target; the original source is absent and the resulting path exists."
"workspaces/worth-store/crates/worth-store-layout-indexes/src/corruption/readmission.rs","","move","complete","workspaces/worth-store/crates/worth-store-layout-indexes/src/integrity/readmission.rs","Inventory move realized at the reviewed target; the original source is absent and the resulting path exists."
"workspaces/worth-store/crates/worth-store-layout-indexes/src/corruption/readmission_test_support.rs","","move","complete","workspaces/worth-store/crates/worth-store-layout-indexes/src/integrity/readmission_test_support.rs","Inventory move realized at the reviewed target; the original source is absent and the resulting path exists."
"workspaces/worth-store/crates/worth-store-layout-indexes/src/corruption/readmission_tests.rs","","move","complete","workspaces/worth-store/crates/worth-store-layout-indexes/src/integrity/readmission_tests.rs","Inventory move realized at the reviewed target; the original source is absent and the resulting path exists."
"workspaces/worth-store/crates/worth-store-layout-indexes/src/corruption/tests.rs","","move","complete","workspaces/worth-store/crates/worth-store-layout-indexes/src/integrity/tests.rs","Inventory move realized at the reviewed target; the original source is absent and the resulting path exists."
"workspaces/worth-store/crates/worth-store-layout-indexes/src/degraded_access/advisory_aid.rs","","move","complete","workspaces/worth-store/crates/worth-store-layout-indexes/src/access/degraded/advisory_aid.rs","Inventory move realized at the reviewed target; the original source is absent and the resulting path exists."
"workspaces/worth-store/crates/worth-store-layout-indexes/src/degraded_access/denial.rs","","move","complete","workspaces/worth-store/crates/worth-store-layout-indexes/src/access/degraded/denial.rs","Inventory move realized at the reviewed target; the original source is absent and the resulting path exists."
"workspaces/worth-store/crates/worth-store-layout-indexes/src/degraded_access/ephemeral_aid.rs","","move","complete","workspaces/worth-store/crates/worth-store-layout-indexes/src/access/degraded/ephemeral_aid.rs","Inventory move realized at the reviewed target; the original source is absent and the resulting path exists."
"workspaces/worth-store/crates/worth-store-layout-indexes/src/degraded_access/exact_scan.rs","","move","complete","workspaces/worth-store/crates/worth-store-layout-indexes/src/access/degraded/exact_scan.rs","Inventory move realized at the reviewed target; the original source is absent and the resulting path exists."
"workspaces/worth-store/crates/worth-store-layout-indexes/src/degraded_access/mod.rs","","move","complete","workspaces/worth-store/crates/worth-store-layout-indexes/src/access/degraded/mod.rs","Inventory move realized at the reviewed target; the original source is absent and the resulting path exists."
"workspaces/worth-store/crates/worth-store-layout-indexes/src/degraded_access/never_authority.rs","","move","complete","workspaces/worth-store/crates/worth-store-layout-indexes/src/access/degraded/never_authority.rs","Inventory move realized at the reviewed target; the original source is absent and the resulting path exists."
"workspaces/worth-store/crates/worth-store-layout-indexes/src/degraded_access/tests.rs","","move","complete","workspaces/worth-store/crates/worth-store-layout-indexes/src/access/degraded/tests.rs","Inventory move realized at the reviewed target; the original source is absent and the resulting path exists."
"workspaces/worth-store/crates/worth-store-layout-indexes/src/execution/admitted_counters.rs","","move","complete","workspaces/worth-store/crates/worth-store-layout-indexes/src/access/execution/admitted_counters.rs","Inventory move realized at the reviewed target; the original source is absent and the resulting path exists."
"workspaces/worth-store/crates/worth-store-layout-indexes/src/handoff/s9_layout_handoff.rs","005-layout-indexes-production","delete","complete","","Inventory deletion realized; the original source is absent."
"workspaces/worth-store/crates/worth-store-layout-indexes/src/phase23_rules.rs","005-layout-indexes-production","delete","complete","","Inventory deletion realized; the original source is absent."
"workspaces/worth-store/crates/worth-store-layout-indexes/src/phase24_rules.rs","005-layout-indexes-production","delete","complete","","Inventory deletion realized; the original source is absent."
"workspaces/worth-store/crates/worth-store-layout-indexes/src/phase25_rules.rs","005-layout-indexes-production","delete","complete","","Inventory deletion realized; the original source is absent."
"workspaces/worth-store/crates/worth-store-layout-indexes/src/phase26_layout_access.rs","005-layout-indexes-production","delete","complete","","Inventory deletion realized; the original source is absent."
"workspaces/worth-store/crates/worth-store-layout-indexes/src/phase26_rules.rs","005-layout-indexes-production","delete","complete","","Inventory deletion realized; the original source is absent."
"workspaces/worth-store/crates/worth-store-layout-indexes/src/phase27_layout_access.rs","005-layout-indexes-production","delete","complete","","Inventory deletion realized; the original source is absent."
"workspaces/worth-store/crates/worth-store-layout-indexes/src/phase28_layout_access.rs","005-layout-indexes-production","delete","complete","","Inventory deletion realized; the original source is absent."
"workspaces/worth-store/crates/worth-store-layout-indexes/src/phase28_rules.rs","005-layout-indexes-production","delete","complete","","Inventory deletion realized; the original source is absent."
"workspaces/worth-store/crates/worth-store-layout-indexes/src/production_transition/declaration.rs","005-layout-indexes-production","delete","complete","","Inventory deletion realized; the original source is absent."
"workspaces/worth-store/crates/worth-store-layout-indexes/src/production_transition/fact.rs","005-layout-indexes-production","delete","complete","","Inventory deletion realized; the original source is absent."
"workspaces/worth-store/crates/worth-store-layout-indexes/src/production_transition/issued_outcome.rs","005-layout-indexes-production","delete","complete","","Inventory deletion realized; the original source is absent."
"workspaces/worth-store/crates/worth-store-layout-indexes/src/production_transition/mod.rs","005-layout-indexes-production","delete","complete","","Inventory deletion realized; the original source is absent."
"workspaces/worth-store/crates/worth-store-layout-indexes/src/production_transition/observation.rs","005-layout-indexes-production","delete","complete","","Inventory deletion realized; the original source is absent."
"workspaces/worth-store/crates/worth-store-layout-indexes/src/production_transition/owner_case.rs","005-layout-indexes-production","delete","complete","","Inventory deletion realized; the original source is absent."
"workspaces/worth-store/crates/worth-store-layout-indexes/src/production_transition/owner_family.rs","005-layout-indexes-production","delete","complete","","Inventory deletion realized; the original source is absent."
"workspaces/worth-store/crates/worth-store-layout-indexes/src/skeleton/authority_flow.rs","005-layout-indexes-production","delete","complete","","Inventory deletion realized; the original source is absent."
"workspaces/worth-store/crates/worth-store-layout-indexes/src/skeleton/crate_role.rs","005-layout-indexes-production","delete","complete","","Inventory deletion realized; the original source is absent."
"workspaces/worth-store/crates/worth-store-layout-indexes/src/skeleton/mod.rs","005-layout-indexes-production","delete","complete","","Inventory deletion realized; the original source is absent."
"workspaces/worth-store/crates/worth-store-layout-indexes/src/skeleton/phase_obligation.rs","005-layout-indexes-production","delete","complete","","Inventory deletion realized; the original source is absent."
"workspaces/worth-store/crates/worth-store-layout-indexes/src/skeleton/responsibility_map.rs","005-layout-indexes-production","delete","complete","","Inventory deletion realized; the original source is absent."
"workspaces/worth-store/crates/worth-store-layout-indexes/src/skeleton/tests.rs","005-layout-indexes-production","delete","complete","","Inventory deletion realized; the original source is absent."
"workspaces/worth-store/crates/worth-store-layout-indexes/src/skeleton/topology_closeout.rs","005-layout-indexes-production","delete","complete","","Inventory deletion realized; the original source is absent."
"workspaces/worth-store/crates/worth-store-layout-indexes/tests/s8_phase19_layout_compile_fail.rs","015-layout-indexes-tests","delete","complete","","Reviewed action override: 9f0e7517 separate physical execution from layout strategy authority removed or replaced the obsolete source; neither the source nor proposed target remains."
"workspaces/worth-store/crates/worth-store-layout-indexes/tests/s8_phase20_layout_compile_fail.rs","015-layout-indexes-tests","delete","complete","","Reviewed action override: 9f0e7517 separate physical execution from layout strategy authority removed or replaced the obsolete source; neither the source nor proposed target remains."
"workspaces/worth-store/crates/worth-store-layout-indexes/tests/s8_phase23_layout_compile_fail.rs","015-layout-indexes-tests","delete","complete","","Reviewed action override: 04cbdba3 refactor(store): remove synthetic topology authority removed or replaced the obsolete source; neither the source nor proposed target remains."
"workspaces/worth-store/crates/worth-store-layout-indexes/tests/s8_phase24_layout_compile_fail.rs","015-layout-indexes-tests","delete","complete","","Reviewed action override: 04cbdba3 refactor(store): remove synthetic topology authority removed or replaced the obsolete source; neither the source nor proposed target remains."
"workspaces/worth-store/crates/worth-store-layout-indexes/tests/s8_phase25_layout_compile_fail.rs","015-layout-indexes-tests","delete","complete","","Reviewed action override: 04cbdba3 refactor(store): remove synthetic topology authority removed or replaced the obsolete source; neither the source nor proposed target remains."
"workspaces/worth-store/crates/worth-store-layout-indexes/tests/s8_phase26_layout_compile_fail.rs","015-layout-indexes-tests","delete","complete","","Reviewed action override: 04cbdba3 refactor(store): remove synthetic topology authority removed or replaced the obsolete source; neither the source nor proposed target remains."
"workspaces/worth-store/crates/worth-store-layout-indexes/tests/s8_phase27_layout_compile_fail.rs","015-layout-indexes-tests","delete","complete","","Reviewed action override: 04cbdba3 refactor(store): remove synthetic topology authority removed or replaced the obsolete source; neither the source nor proposed target remains."
"workspaces/worth-store/crates/worth-store-layout-indexes/tests/s8_phase27_runtime.rs","015-layout-indexes-tests","delete","complete","","Reviewed action override: 04cbdba3 refactor(store): remove synthetic topology authority removed or replaced the obsolete source; neither the source nor proposed target remains."
"workspaces/worth-store/crates/worth-store-layout-indexes/tests/s8_phase28_layout_compile_fail.rs","015-layout-indexes-tests","delete","complete","","Reviewed action override: 04cbdba3 refactor(store): remove synthetic topology authority removed or replaced the obsolete source; neither the source nor proposed target remains."
"workspaces/worth-store/crates/worth-store-layout-indexes/tests/s8_phase28_runtime.rs","015-layout-indexes-tests","delete","complete","","Reviewed action override: 04cbdba3 refactor(store): remove synthetic topology authority removed or replaced the obsolete source; neither the source nor proposed target remains."
"workspaces/worth-store/crates/worth-store-layout-indexes/tests/s8_phase29_compile_fail.rs","015-layout-indexes-tests","delete","complete","","Reviewed action override: 04cbdba3 refactor(store): remove synthetic topology authority removed or replaced the obsolete source; neither the source nor proposed target remains."
"workspaces/worth-store/crates/worth-store-layout-indexes/tests/s8_phase29_legacy_root_compile_fail.rs","015-layout-indexes-tests","delete","complete","","Reviewed action override: 04cbdba3 refactor(store): remove synthetic topology authority removed or replaced the obsolete source; neither the source nor proposed target remains."
"workspaces/worth-store/crates/worth-store-layout-indexes/tests/s8_phase29_legacy_root_residue.rs","015-layout-indexes-tests","delete","complete","","Reviewed action override: 04cbdba3 refactor(store): remove synthetic topology authority removed or replaced the obsolete source; neither the source nor proposed target remains."
"workspaces/worth-store/crates/worth-store-layout-indexes/tests/s8_phase29_runtime.rs","015-layout-indexes-tests","delete","complete","","Reviewed action override: 04cbdba3 refactor(store): remove synthetic topology authority removed or replaced the obsolete source; neither the source nor proposed target remains."
"workspaces/worth-store/crates/worth-store-layout-indexes/tests/s8_phase34_hazard_compile_fail.rs","015-layout-indexes-tests","delete","complete","","Reviewed action override: 04cbdba3 refactor(store): remove synthetic topology authority removed or replaced the obsolete source; neither the source nor proposed target remains."
"workspaces/worth-store/crates/worth-store-layout-indexes/tests/s8_phase34_internal_authority.rs","015-layout-indexes-tests","delete","complete","","Reviewed action override: 04cbdba3 refactor(store): remove synthetic topology authority removed or replaced the obsolete source; neither the source nor proposed target remains."
"workspaces/worth-store/crates/worth-store-layout-indexes/tests/ui/phase17/amplification_receipt_struct_literal_is_not_public.rs","015-layout-indexes-tests","delete","complete","","Reviewed action override: 9f0e7517 separate physical execution from layout strategy authority removed or replaced the obsolete source; neither the source nor proposed target remains."
"workspaces/worth-store/crates/worth-store-layout-indexes/tests/ui/phase17/executed_counter_rows_admission_is_not_public.rs","015-layout-indexes-tests","delete","complete","","Reviewed action override: 9f0e7517 separate physical execution from layout strategy authority removed or replaced the obsolete source; neither the source nor proposed target remains."
"workspaces/worth-store/crates/worth-store-layout-indexes/tests/ui/phase17/planned_snapshot_cannot_satisfy_execute_ready.rs","015-layout-indexes-tests","delete","complete","","Reviewed action override: 9f0e7517 separate physical execution from layout strategy authority removed or replaced the obsolete source; neither the source nor proposed target remains."
"workspaces/worth-store/crates/worth-store-layout-indexes/tests/ui/phase17/planned_vs_observed_receipt_struct_literal_is_not_public.rs","015-layout-indexes-tests","delete","complete","","Reviewed action override: 9f0e7517 separate physical execution from layout strategy authority removed or replaced the obsolete source; neither the source nor proposed target remains."
"workspaces/worth-store/crates/worth-store-layout-indexes/tests/ui/phase19/admitted_page_layout_rule_constructor_is_not_public.rs","015-layout-indexes-tests","delete","complete","","Reviewed action override: 9f0e7517 separate physical execution from layout strategy authority removed or replaced the obsolete source; neither the source nor proposed target remains."
"workspaces/worth-store/crates/worth-store-layout-indexes/tests/ui/phase19/caller_defined_rule_cannot_open_page_layout.rs","015-layout-indexes-tests","delete","complete","","Reviewed action override: 9f0e7517 separate physical execution from layout strategy authority removed or replaced the obsolete source; neither the source nor proposed target remains."
"workspaces/worth-store/crates/worth-store-layout-indexes/tests/ui/phase20/admitted_root_manifest_layout_rule_constructor_is_not_public.rs","015-layout-indexes-tests","delete","complete","","Reviewed action override: 9f0e7517 separate physical execution from layout strategy authority removed or replaced the obsolete source; neither the source nor proposed target remains."
"workspaces/worth-store/crates/worth-store-layout-indexes/tests/ui/phase20/caller_defined_rule_cannot_open_root_manifest_layout.rs","015-layout-indexes-tests","delete","complete","","Reviewed action override: 9f0e7517 separate physical execution from layout strategy authority removed or replaced the obsolete source; neither the source nor proposed target remains."
"workspaces/worth-store/crates/worth-store-layout-indexes/tests/ui/phase23/admitted_continuation_layout_rule_constructor_is_not_public.rs","015-layout-indexes-tests","delete","complete","","Reviewed action override: 04cbdba3 refactor(store): remove synthetic topology authority removed or replaced the obsolete source; neither the source nor proposed target remains."
"workspaces/worth-store/crates/worth-store-layout-indexes/tests/ui/phase23/admitted_snapshot_layout_rule_constructor_is_not_public.rs","015-layout-indexes-tests","delete","complete","","Reviewed action override: 04cbdba3 refactor(store): remove synthetic topology authority removed or replaced the obsolete source; neither the source nor proposed target remains."
"workspaces/worth-store/crates/worth-store-layout-indexes/tests/ui/phase23/branch_delta_layout_access_is_not_public.rs","015-layout-indexes-tests","delete","complete","","Reviewed action override: 04cbdba3 refactor(store): remove synthetic topology authority removed or replaced the obsolete source; neither the source nor proposed target remains."
"workspaces/worth-store/crates/worth-store-layout-indexes/tests/ui/phase23/caller_defined_rule_cannot_open_branch_delta_layout.rs","015-layout-indexes-tests","delete","complete","","Reviewed action override: 04cbdba3 refactor(store): remove synthetic topology authority removed or replaced the obsolete source; neither the source nor proposed target remains."
"workspaces/worth-store/crates/worth-store-layout-indexes/tests/ui/phase23/caller_defined_rule_cannot_open_snapshot_layout.rs","015-layout-indexes-tests","delete","complete","","Reviewed action override: 04cbdba3 refactor(store): remove synthetic topology authority removed or replaced the obsolete source; neither the source nor proposed target remains."
"workspaces/worth-store/crates/worth-store-layout-indexes/tests/ui/phase23/cursor_continuation_plan_constructor_is_not_public.rs","015-layout-indexes-tests","delete","complete","","Reviewed action override: 04cbdba3 refactor(store): remove synthetic topology authority removed or replaced the obsolete source; neither the source nor proposed target remains."
"workspaces/worth-store/crates/worth-store-layout-indexes/tests/ui/phase23/published_snapshot_handle_constructor_is_not_public.rs","015-layout-indexes-tests","delete","complete","","Reviewed action override: 04cbdba3 refactor(store): remove synthetic topology authority removed or replaced the obsolete source; neither the source nor proposed target remains."
"workspaces/worth-store/crates/worth-store-layout-indexes/tests/ui/phase23/same_branch_descendant_witness_constructor_is_not_public.rs","015-layout-indexes-tests","delete","complete","","Reviewed action override: 04cbdba3 refactor(store): remove synthetic topology authority removed or replaced the obsolete source; neither the source nor proposed target remains."
"workspaces/worth-store/crates/worth-store-layout-indexes/tests/ui/phase23/snapshot_layout_access_is_not_public.rs","015-layout-indexes-tests","delete","complete","","Reviewed action override: 04cbdba3 refactor(store): remove synthetic topology authority removed or replaced the obsolete source; neither the source nor proposed target remains."
"workspaces/worth-store/crates/worth-store-layout-indexes/tests/ui/phase23/stable_basis_read_plan_constructor_is_not_public.rs","015-layout-indexes-tests","delete","complete","","Reviewed action override: 04cbdba3 refactor(store): remove synthetic topology authority removed or replaced the obsolete source; neither the source nor proposed target remains."
"workspaces/worth-store/crates/worth-store-layout-indexes/tests/ui/phase24/admitted_streaming_layout_rule_constructor_is_not_public.rs","015-layout-indexes-tests","delete","complete","","Reviewed action override: 04cbdba3 refactor(store): remove synthetic topology authority removed or replaced the obsolete source; neither the source nor proposed target remains."
"workspaces/worth-store/crates/worth-store-layout-indexes/tests/ui/phase24/blob_chunks_layout_access_is_not_public.rs","015-layout-indexes-tests","delete","complete","","Reviewed action override: 04cbdba3 refactor(store): remove synthetic topology authority removed or replaced the obsolete source; neither the source nor proposed target remains."
"workspaces/worth-store/crates/worth-store-layout-indexes/tests/ui/phase24/caller_defined_rule_cannot_open_blob_object_layout.rs","015-layout-indexes-tests","delete","complete","","Reviewed action override: 04cbdba3 refactor(store): remove synthetic topology authority removed or replaced the obsolete source; neither the source nor proposed target remains."
"workspaces/worth-store/crates/worth-store-layout-indexes/tests/ui/phase24/caller_defined_rule_cannot_open_chunk_tree_layout.rs","015-layout-indexes-tests","delete","complete","","Reviewed action override: 04cbdba3 refactor(store): remove synthetic topology authority removed or replaced the obsolete source; neither the source nor proposed target remains."
"workspaces/worth-store/crates/worth-store-layout-indexes/tests/ui/phase24/caller_defined_rule_cannot_open_streaming_layout.rs","015-layout-indexes-tests","delete","complete","","Reviewed action override: 04cbdba3 refactor(store): remove synthetic topology authority removed or replaced the obsolete source; neither the source nor proposed target remains."
"workspaces/worth-store/crates/worth-store-layout-indexes/tests/ui/phase25/admitted_compaction_layout_rule_constructor_is_not_public.rs","015-layout-indexes-tests","delete","complete","","Reviewed action override: 04cbdba3 refactor(store): remove synthetic topology authority removed or replaced the obsolete source; neither the source nor proposed target remains."
"workspaces/worth-store/crates/worth-store-layout-indexes/tests/ui/phase25/blob_chunks_layout_access_is_not_public_for_phase25.rs","015-layout-indexes-tests","delete","complete","","Reviewed action override: 04cbdba3 refactor(store): remove synthetic topology authority removed or replaced the obsolete source; neither the source nor proposed target remains."
"workspaces/worth-store/crates/worth-store-layout-indexes/tests/ui/phase25/caller_defined_rule_cannot_open_dedupe_layout.rs","015-layout-indexes-tests","delete","complete","","Reviewed action override: 04cbdba3 refactor(store): remove synthetic topology authority removed or replaced the obsolete source; neither the source nor proposed target remains."
"workspaces/worth-store/crates/worth-store-layout-indexes/tests/ui/phase25/caller_defined_rule_cannot_open_quarantine_layout.rs","015-layout-indexes-tests","delete","complete","","Reviewed action override: 04cbdba3 refactor(store): remove synthetic topology authority removed or replaced the obsolete source; neither the source nor proposed target remains."
"workspaces/worth-store/crates/worth-store-layout-indexes/tests/ui/phase25/caller_defined_rule_cannot_open_reclaim_layout.rs","015-layout-indexes-tests","delete","complete","","Reviewed action override: 04cbdba3 refactor(store): remove synthetic topology authority removed or replaced the obsolete source; neither the source nor proposed target remains."
"workspaces/worth-store/crates/worth-store-layout-indexes/tests/ui/phase25/retention_disposition_authority_is_not_public.rs","015-layout-indexes-tests","delete","complete","","Reviewed action override: 04cbdba3 refactor(store): remove synthetic topology authority removed or replaced the obsolete source; neither the source nor proposed target remains."
"workspaces/worth-store/crates/worth-store-layout-indexes/tests/ui/phase26/admitted_background_pacing_layout_rule_constructor_is_not_public.rs","015-layout-indexes-tests","delete","complete","","Reviewed action override: 04cbdba3 refactor(store): remove synthetic topology authority removed or replaced the obsolete source; neither the source nor proposed target remains."
"workspaces/worth-store/crates/worth-store-layout-indexes/tests/ui/phase26/caller_defined_rule_cannot_open_background_pacing_layout.rs","015-layout-indexes-tests","delete","complete","","Reviewed action override: 04cbdba3 refactor(store): remove synthetic topology authority removed or replaced the obsolete source; neither the source nor proposed target remains."
"workspaces/worth-store/crates/worth-store-layout-indexes/tests/ui/phase26/caller_defined_rule_cannot_open_cold_recall_layout.rs","015-layout-indexes-tests","delete","complete","","Reviewed action override: 04cbdba3 refactor(store): remove synthetic topology authority removed or replaced the obsolete source; neither the source nor proposed target remains."
"workspaces/worth-store/crates/worth-store-layout-indexes/tests/ui/phase26/caller_defined_rule_cannot_open_foreground_interference_layout.rs","015-layout-indexes-tests","delete","complete","","Reviewed action override: 04cbdba3 refactor(store): remove synthetic topology authority removed or replaced the obsolete source; neither the source nor proposed target remains."
"workspaces/worth-store/crates/worth-store-layout-indexes/tests/ui/phase26/caller_defined_rule_cannot_open_maintenance_queue_layout.rs","015-layout-indexes-tests","delete","complete","","Reviewed action override: 04cbdba3 refactor(store): remove synthetic topology authority removed or replaced the obsolete source; neither the source nor proposed target remains."
"workspaces/worth-store/crates/worth-store-layout-indexes/tests/ui/phase26/caller_defined_rule_cannot_open_recall_amplification_layout.rs","015-layout-indexes-tests","delete","complete","","Reviewed action override: 04cbdba3 refactor(store): remove synthetic topology authority removed or replaced the obsolete source; neither the source nor proposed target remains."
"workspaces/worth-store/crates/worth-store-layout-indexes/tests/ui/phase26/caller_defined_rule_cannot_open_scheduler_reservation_layout.rs","015-layout-indexes-tests","delete","complete","","Reviewed action override: 04cbdba3 refactor(store): remove synthetic topology authority removed or replaced the obsolete source; neither the source nor proposed target remains."
"workspaces/worth-store/crates/worth-store-layout-indexes/tests/ui/phase26/caller_defined_rule_cannot_open_tier_placement_layout.rs","015-layout-indexes-tests","delete","complete","","Reviewed action override: 04cbdba3 refactor(store): remove synthetic topology authority removed or replaced the obsolete source; neither the source nor proposed target remains."
"workspaces/worth-store/crates/worth-store-layout-indexes/tests/ui/phase27/admitted_authenticity_layout_rule_constructor_is_not_public.rs","015-layout-indexes-tests","delete","complete","","Reviewed action override: 04cbdba3 refactor(store): remove synthetic topology authority removed or replaced the obsolete source; neither the source nor proposed target remains."
"workspaces/worth-store/crates/worth-store-layout-indexes/tests/ui/phase27/admitted_custody_layout_rule_constructor_is_not_public.rs","015-layout-indexes-tests","delete","complete","","Reviewed action override: 04cbdba3 refactor(store): remove synthetic topology authority removed or replaced the obsolete source; neither the source nor proposed target remains."
"workspaces/worth-store/crates/worth-store-layout-indexes/tests/ui/phase27/admitted_key_scope_layout_rule_constructor_is_not_public.rs","015-layout-indexes-tests","delete","complete","","Reviewed action override: 04cbdba3 refactor(store): remove synthetic topology authority removed or replaced the obsolete source; neither the source nor proposed target remains."
"workspaces/worth-store/crates/worth-store-layout-indexes/tests/ui/phase27/admitted_repair_blast_radius_layout_rule_constructor_is_not_public.rs","015-layout-indexes-tests","delete","complete","","Reviewed action override: 04cbdba3 refactor(store): remove synthetic topology authority removed or replaced the obsolete source; neither the source nor proposed target remains."
"workspaces/worth-store/crates/worth-store-layout-indexes/tests/ui/phase27/admitted_tenant_scope_layout_rule_constructor_is_not_public.rs","015-layout-indexes-tests","delete","complete","","Reviewed action override: 04cbdba3 refactor(store): remove synthetic topology authority removed or replaced the obsolete source; neither the source nor proposed target remains."
"workspaces/worth-store/crates/worth-store-layout-indexes/tests/ui/phase27/caller_defined_report_cannot_open_authenticity_layout.rs","015-layout-indexes-tests","delete","complete","","Reviewed action override: 04cbdba3 refactor(store): remove synthetic topology authority removed or replaced the obsolete source; neither the source nor proposed target remains."
"workspaces/worth-store/crates/worth-store-layout-indexes/tests/ui/phase27/caller_defined_report_cannot_open_custody_layout.rs","015-layout-indexes-tests","delete","complete","","Reviewed action override: 04cbdba3 refactor(store): remove synthetic topology authority removed or replaced the obsolete source; neither the source nor proposed target remains."
"workspaces/worth-store/crates/worth-store-layout-indexes/tests/ui/phase27/caller_defined_report_cannot_open_key_scope_layout.rs","015-layout-indexes-tests","delete","complete","","Reviewed action override: 04cbdba3 refactor(store): remove synthetic topology authority removed or replaced the obsolete source; neither the source nor proposed target remains."
"workspaces/worth-store/crates/worth-store-layout-indexes/tests/ui/phase27/caller_defined_report_cannot_open_repair_blast_radius_layout.rs","015-layout-indexes-tests","delete","complete","","Reviewed action override: 04cbdba3 refactor(store): remove synthetic topology authority removed or replaced the obsolete source; neither the source nor proposed target remains."
"workspaces/worth-store/crates/worth-store-layout-indexes/tests/ui/phase27/caller_defined_report_cannot_open_tenant_scope_layout.rs","015-layout-indexes-tests","delete","complete","","Reviewed action override: 04cbdba3 refactor(store): remove synthetic topology authority removed or replaced the obsolete source; neither the source nor proposed target remains."
"workspaces/worth-store/crates/worth-store-layout-indexes/tests/ui/phase27/caller_defined_rule_cannot_open_authenticity_layout.rs","015-layout-indexes-tests","delete","complete","","Reviewed action override: 04cbdba3 refactor(store): remove synthetic topology authority removed or replaced the obsolete source; neither the source nor proposed target remains."
"workspaces/worth-store/crates/worth-store-layout-indexes/tests/ui/phase27/caller_defined_rule_cannot_open_custody_layout.rs","015-layout-indexes-tests","delete","complete","","Reviewed action override: 04cbdba3 refactor(store): remove synthetic topology authority removed or replaced the obsolete source; neither the source nor proposed target remains."
"workspaces/worth-store/crates/worth-store-layout-indexes/tests/ui/phase27/caller_defined_rule_cannot_open_key_scope_layout.rs","015-layout-indexes-tests","delete","complete","","Reviewed action override: 04cbdba3 refactor(store): remove synthetic topology authority removed or replaced the obsolete source; neither the source nor proposed target remains."
"workspaces/worth-store/crates/worth-store-layout-indexes/tests/ui/phase27/caller_defined_rule_cannot_open_repair_blast_radius_layout.rs","015-layout-indexes-tests","delete","complete","","Reviewed action override: 04cbdba3 refactor(store): remove synthetic topology authority removed or replaced the obsolete source; neither the source nor proposed target remains."
"workspaces/worth-store/crates/worth-store-layout-indexes/tests/ui/phase27/caller_defined_rule_cannot_open_tenant_scope_layout.rs","015-layout-indexes-tests","delete","complete","","Reviewed action override: 04cbdba3 refactor(store): remove synthetic topology authority removed or replaced the obsolete source; neither the source nor proposed target remains."
"workspaces/worth-store/crates/worth-store-layout-indexes/tests/ui/phase28/admitted_capsule_manifest_layout_rule_constructor_is_not_public.rs","015-layout-indexes-tests","delete","complete","","Reviewed action override: 04cbdba3 refactor(store): remove synthetic topology authority removed or replaced the obsolete source; neither the source nor proposed target remains."
"workspaces/worth-store/crates/worth-store-layout-indexes/tests/ui/phase28/admitted_export_bundle_layout_rule_constructor_is_not_public.rs","015-layout-indexes-tests","delete","complete","","Reviewed action override: 04cbdba3 refactor(store): remove synthetic topology authority removed or replaced the obsolete source; neither the source nor proposed target remains."
"workspaces/worth-store/crates/worth-store-layout-indexes/tests/ui/phase28/admitted_import_readmission_layout_rule_constructor_is_not_public.rs","015-layout-indexes-tests","delete","complete","","Reviewed action override: 04cbdba3 refactor(store): remove synthetic topology authority removed or replaced the obsolete source; neither the source nor proposed target remains."
"workspaces/worth-store/crates/worth-store-layout-indexes/tests/ui/phase28/admitted_offline_verifier_layout_rule_constructor_is_not_public.rs","015-layout-indexes-tests","delete","complete","","Reviewed action override: 04cbdba3 refactor(store): remove synthetic topology authority removed or replaced the obsolete source; neither the source nor proposed target remains."
"workspaces/worth-store/crates/worth-store-layout-indexes/tests/ui/phase28/admitted_restore_evidence_layout_rule_constructor_is_not_public.rs","015-layout-indexes-tests","delete","complete","","Reviewed action override: 04cbdba3 refactor(store): remove synthetic topology authority removed or replaced the obsolete source; neither the source nor proposed target remains."
"workspaces/worth-store/crates/worth-store-layout-indexes/tests/ui/phase28/backup_export_custody_admission_constructor_is_not_public.rs","015-layout-indexes-tests","delete","complete","","Reviewed action override: 04cbdba3 refactor(store): remove synthetic topology authority removed or replaced the obsolete source; neither the source nor proposed target remains."
"workspaces/worth-store/crates/worth-store-layout-indexes/tests/ui/phase28/backup_export_custody_readiness_constructor_is_not_public.rs","015-layout-indexes-tests","delete","complete","","Reviewed action override: 04cbdba3 refactor(store): remove synthetic topology authority removed or replaced the obsolete source; neither the source nor proposed target remains."
"workspaces/worth-store/crates/worth-store-layout-indexes/tests/ui/phase28/backup_export_terminal_preparation_constructor_is_not_public.rs","015-layout-indexes-tests","delete","complete","","Reviewed action override: 04cbdba3 refactor(store): remove synthetic topology authority removed or replaced the obsolete source; neither the source nor proposed target remains."
"workspaces/worth-store/crates/worth-store-layout-indexes/tests/ui/phase28/backup_layout_report_cannot_open_capsule_layout.rs","015-layout-indexes-tests","delete","complete","","Reviewed action override: 04cbdba3 refactor(store): remove synthetic topology authority removed or replaced the obsolete source; neither the source nor proposed target remains."
"workspaces/worth-store/crates/worth-store-layout-indexes/tests/ui/phase28/blob_chunk_phase28_reports_are_no_longer_public.rs","015-layout-indexes-tests","delete","complete","","Reviewed action override: 04cbdba3 refactor(store): remove synthetic topology authority removed or replaced the obsolete source; neither the source nor proposed target remains."
"workspaces/worth-store/crates/worth-store-layout-indexes/tests/ui/phase28/caller_defined_report_cannot_open_capsule_manifest_layout.rs","015-layout-indexes-tests","delete","complete","","Reviewed action override: 04cbdba3 refactor(store): remove synthetic topology authority removed or replaced the obsolete source; neither the source nor proposed target remains."
"workspaces/worth-store/crates/worth-store-layout-indexes/tests/ui/phase28/caller_defined_report_cannot_open_export_bundle_layout.rs","015-layout-indexes-tests","delete","complete","","Reviewed action override: 04cbdba3 refactor(store): remove synthetic topology authority removed or replaced the obsolete source; neither the source nor proposed target remains."
"workspaces/worth-store/crates/worth-store-layout-indexes/tests/ui/phase28/caller_defined_report_cannot_open_import_readmission_layout.rs","015-layout-indexes-tests","delete","complete","","Reviewed action override: 04cbdba3 refactor(store): remove synthetic topology authority removed or replaced the obsolete source; neither the source nor proposed target remains."
"workspaces/worth-store/crates/worth-store-layout-indexes/tests/ui/phase28/caller_defined_report_cannot_open_offline_verifier_layout.rs","015-layout-indexes-tests","delete","complete","","Reviewed action override: 04cbdba3 refactor(store): remove synthetic topology authority removed or replaced the obsolete source; neither the source nor proposed target remains."
"workspaces/worth-store/crates/worth-store-layout-indexes/tests/ui/phase28/caller_defined_report_cannot_open_restore_evidence_layout.rs","015-layout-indexes-tests","delete","complete","","Reviewed action override: 04cbdba3 refactor(store): remove synthetic topology authority removed or replaced the obsolete source; neither the source nor proposed target remains."
"workspaces/worth-store/crates/worth-store-layout-indexes/tests/ui/phase28/caller_defined_rule_cannot_open_capsule_manifest_layout.rs","015-layout-indexes-tests","delete","complete","","Reviewed action override: 04cbdba3 refactor(store): remove synthetic topology authority removed or replaced the obsolete source; neither the source nor proposed target remains."
"workspaces/worth-store/crates/worth-store-layout-indexes/tests/ui/phase28/caller_defined_rule_cannot_open_export_bundle_layout.rs","015-layout-indexes-tests","delete","complete","","Reviewed action override: 04cbdba3 refactor(store): remove synthetic topology authority removed or replaced the obsolete source; neither the source nor proposed target remains."
"workspaces/worth-store/crates/worth-store-layout-indexes/tests/ui/phase28/caller_defined_rule_cannot_open_import_readmission_layout.rs","015-layout-indexes-tests","delete","complete","","Reviewed action override: 04cbdba3 refactor(store): remove synthetic topology authority removed or replaced the obsolete source; neither the source nor proposed target remains."
"workspaces/worth-store/crates/worth-store-layout-indexes/tests/ui/phase28/caller_defined_rule_cannot_open_offline_verifier_layout.rs","015-layout-indexes-tests","delete","complete","","Reviewed action override: 04cbdba3 refactor(store): remove synthetic topology authority removed or replaced the obsolete source; neither the source nor proposed target remains."
"workspaces/worth-store/crates/worth-store-layout-indexes/tests/ui/phase28/caller_defined_rule_cannot_open_restore_evidence_layout.rs","015-layout-indexes-tests","delete","complete","","Reviewed action override: 04cbdba3 refactor(store): remove synthetic topology authority removed or replaced the obsolete source; neither the source nor proposed target remains."
"workspaces/worth-store/crates/worth-store-layout-indexes/tests/ui/phase28/external_type_cannot_impl_phase28_capsule_layout_ext.rs","015-layout-indexes-tests","delete","complete","","Reviewed action override: 04cbdba3 refactor(store): remove synthetic topology authority removed or replaced the obsolete source; neither the source nor proposed target remains."
"workspaces/worth-store/crates/worth-store-layout-indexes/tests/ui/phase28/external_type_cannot_impl_phase28_export_layout_ext.rs","015-layout-indexes-tests","delete","complete","","Reviewed action override: 04cbdba3 refactor(store): remove synthetic topology authority removed or replaced the obsolete source; neither the source nor proposed target remains."
"workspaces/worth-store/crates/worth-store-layout-indexes/tests/ui/phase28/external_type_cannot_impl_phase28_import_layout_ext.rs","015-layout-indexes-tests","delete","complete","","Reviewed action override: 04cbdba3 refactor(store): remove synthetic topology authority removed or replaced the obsolete source; neither the source nor proposed target remains."
"workspaces/worth-store/crates/worth-store-layout-indexes/tests/ui/phase28/import_placement_plan_cannot_open_import_readmission_layout.rs","015-layout-indexes-tests","delete","complete","","Reviewed action override: 04cbdba3 refactor(store): remove synthetic topology authority removed or replaced the obsolete source; neither the source nor proposed target remains."
"workspaces/worth-store/crates/worth-store-layout-indexes/tests/ui/phase28/offline_capsule_observation_cannot_open_import_layout.rs","015-layout-indexes-tests","delete","complete","","Reviewed action override: 04cbdba3 refactor(store): remove synthetic topology authority removed or replaced the obsolete source; neither the source nor proposed target remains."
"workspaces/worth-store/crates/worth-store-layout-indexes/tests/ui/phase28/offline_layout_report_cannot_open_export_layout.rs","015-layout-indexes-tests","delete","complete","","Reviewed action override: 04cbdba3 refactor(store): remove synthetic topology authority removed or replaced the obsolete source; neither the source nor proposed target remains."
"workspaces/worth-store/crates/worth-store-layout-indexes/tests/ui/phase28/offline_verifier_phase28_helper_is_not_public_even_when_feature_enabled.rs","015-layout-indexes-tests","delete","complete","","Reviewed action override: 04cbdba3 refactor(store): remove synthetic topology authority removed or replaced the obsolete source; neither the source nor proposed target remains."
"workspaces/worth-store/crates/worth-store-layout-indexes/tests/ui/phase29/legacy_branch_delta_fallback_class_is_not_reexported_by_workspace_facade.rs","015-layout-indexes-tests","delete","complete","","Reviewed action override: 04cbdba3 refactor(store): remove synthetic topology authority removed or replaced the obsolete source; neither the source nor proposed target remains."
"workspaces/worth-store/crates/worth-store-layout-indexes/tests/ui/phase29/legacy_builder_is_not_reexported_by_workspace_facade.rs","015-layout-indexes-tests","delete","complete","","Reviewed action override: 04cbdba3 refactor(store): remove synthetic topology authority removed or replaced the obsolete source; neither the source nor proposed target remains."
"workspaces/worth-store/crates/worth-store-layout-indexes/tests/ui/phase29/legacy_chunk_model_export_is_not_reexported_by_workspace_facade.rs","015-layout-indexes-tests","delete","complete","","Reviewed action override: 04cbdba3 refactor(store): remove synthetic topology authority removed or replaced the obsolete source; neither the source nor proposed target remains."
"workspaces/worth-store/crates/worth-store-layout-indexes/tests/ui/phase29/legacy_compatibility_registry_is_not_reexported_by_workspace_facade.rs","015-layout-indexes-tests","delete","complete","","Reviewed action override: 04cbdba3 refactor(store): remove synthetic topology authority removed or replaced the obsolete source; neither the source nor proposed target remains."
"workspaces/worth-store/crates/worth-store-layout-indexes/tests/ui/phase29/legacy_compatibility_registry_snapshot_is_not_reexported_by_workspace_facade.rs","015-layout-indexes-tests","delete","complete","","Reviewed action override: 04cbdba3 refactor(store): remove synthetic topology authority removed or replaced the obsolete source; neither the source nor proposed target remains."
"workspaces/worth-store/crates/worth-store-layout-indexes/tests/ui/phase29/legacy_derived_rebuild_report_is_not_reexported_by_workspace_facade.rs","015-layout-indexes-tests","delete","complete","","Reviewed action override: 04cbdba3 refactor(store): remove synthetic topology authority removed or replaced the obsolete source; neither the source nor proposed target remains."
"workspaces/worth-store/crates/worth-store-layout-indexes/tests/ui/phase29/legacy_explicit_fallback_plan_is_not_reexported_by_workspace_facade.rs","015-layout-indexes-tests","delete","complete","","Reviewed action override: 04cbdba3 refactor(store): remove synthetic topology authority removed or replaced the obsolete source; neither the source nor proposed target remains."
"workspaces/worth-store/crates/worth-store-layout-indexes/tests/ui/phase29/legacy_facade_module_is_not_publicly_reachable.rs","015-layout-indexes-tests","delete","complete","","Reviewed action override: 04cbdba3 refactor(store): remove synthetic topology authority removed or replaced the obsolete source; neither the source nor proposed target remains."
"workspaces/worth-store/crates/worth-store-layout-indexes/tests/ui/phase29/legacy_fallback_class_is_not_reexported_by_workspace_facade.rs","015-layout-indexes-tests","delete","complete","","Reviewed action override: 04cbdba3 refactor(store): remove synthetic topology authority removed or replaced the obsolete source; neither the source nor proposed target remains."
"workspaces/worth-store/crates/worth-store-layout-indexes/tests/ui/phase29/legacy_layout_execution_decision_is_not_reexported_by_workspace_facade.rs","015-layout-indexes-tests","delete","complete","","Reviewed action override: 04cbdba3 refactor(store): remove synthetic topology authority removed or replaced the obsolete source; neither the source nor proposed target remains."
"workspaces/worth-store/crates/worth-store-layout-indexes/tests/ui/phase29/legacy_layout_execution_result_is_not_reexported_by_workspace_facade.rs","015-layout-indexes-tests","delete","complete","","Reviewed action override: 04cbdba3 refactor(store): remove synthetic topology authority removed or replaced the obsolete source; neither the source nor proposed target remains."
"workspaces/worth-store/crates/worth-store-layout-indexes/tests/ui/phase29/legacy_layout_module_is_not_publicly_reachable.rs","015-layout-indexes-tests","delete","complete","","Reviewed action override: 04cbdba3 refactor(store): remove synthetic topology authority removed or replaced the obsolete source; neither the source nor proposed target remains."
"workspaces/worth-store/crates/worth-store-layout-indexes/tests/ui/phase29/legacy_layout_plan_decision_is_not_reexported_by_workspace_facade.rs","015-layout-indexes-tests","delete","complete","","Reviewed action override: 04cbdba3 refactor(store): remove synthetic topology authority removed or replaced the obsolete source; neither the source nor proposed target remains."
"workspaces/worth-store/crates/worth-store-layout-indexes/tests/ui/phase29/legacy_layout_plan_is_not_reexported_by_workspace_facade.rs","015-layout-indexes-tests","delete","complete","","Reviewed action override: 04cbdba3 refactor(store): remove synthetic topology authority removed or replaced the obsolete source; neither the source nor proposed target remains."
"workspaces/worth-store/crates/worth-store-layout-indexes/tests/ui/phase29/legacy_layout_request_is_not_reexported_by_workspace_facade.rs","015-layout-indexes-tests","delete","complete","","Reviewed action override: 04cbdba3 refactor(store): remove synthetic topology authority removed or replaced the obsolete source; neither the source nor proposed target remains."
"workspaces/worth-store/crates/worth-store-layout-indexes/tests/ui/phase29/legacy_layout_support_materialization_is_not_reexported_by_workspace_facade.rs","015-layout-indexes-tests","delete","complete","","Reviewed action override: 04cbdba3 refactor(store): remove synthetic topology authority removed or replaced the obsolete source; neither the source nor proposed target remains."
"workspaces/worth-store/crates/worth-store-layout-indexes/tests/ui/phase29/legacy_maintenance_declaration_class_is_not_reexported_by_workspace_facade.rs","015-layout-indexes-tests","delete","complete","","Reviewed action override: 04cbdba3 refactor(store): remove synthetic topology authority removed or replaced the obsolete source; neither the source nor proposed target remains."
"workspaces/worth-store/crates/worth-store-layout-indexes/tests/ui/phase29/legacy_maintenance_declaration_id_is_not_reexported_by_workspace_facade.rs","015-layout-indexes-tests","delete","complete","","Reviewed action override: 04cbdba3 refactor(store): remove synthetic topology authority removed or replaced the obsolete source; neither the source nor proposed target remains."
"workspaces/worth-store/crates/worth-store-layout-indexes/tests/ui/phase29/legacy_maintenance_declaration_is_not_reexported_by_workspace_facade.rs","015-layout-indexes-tests","delete","complete","","Reviewed action override: 04cbdba3 refactor(store): remove synthetic topology authority removed or replaced the obsolete source; neither the source nor proposed target remains."
"workspaces/worth-store/crates/worth-store-layout-indexes/tests/ui/phase29/legacy_milestone6_access_structure_claim_is_not_reexported_by_workspace_facade.rs","015-layout-indexes-tests","delete","complete","","Reviewed action override: 04cbdba3 refactor(store): remove synthetic topology authority removed or replaced the obsolete source; neither the source nor proposed target remains."
"workspaces/worth-store/crates/worth-store-layout-indexes/tests/ui/phase29/legacy_milestone6_layout_read_report_is_not_reexported_by_workspace_facade.rs","015-layout-indexes-tests","delete","complete","","Reviewed action override: 04cbdba3 refactor(store): remove synthetic topology authority removed or replaced the obsolete source; neither the source nor proposed target remains."
"workspaces/worth-store/crates/worth-store-layout-indexes/tests/ui/phase29/legacy_milestone7_independent_reference_is_not_reexported_by_workspace_facade.rs","015-layout-indexes-tests","delete","complete","","Reviewed action override: 04cbdba3 refactor(store): remove synthetic topology authority removed or replaced the obsolete source; neither the source nor proposed target remains."
"workspaces/worth-store/crates/worth-store-layout-indexes/tests/ui/phase29/legacy_prepared_layout_support_is_not_reexported_by_workspace_facade.rs","015-layout-indexes-tests","delete","complete","","Reviewed action override: 04cbdba3 refactor(store): remove synthetic topology authority removed or replaced the obsolete source; neither the source nor proposed target remains."
"workspaces/worth-store/crates/worth-store-layout-indexes/tests/ui/phase29/legacy_rebuild_maintenance_declaration_is_not_reexported_by_workspace_facade.rs","015-layout-indexes-tests","delete","complete","","Reviewed action override: 04cbdba3 refactor(store): remove synthetic topology authority removed or replaced the obsolete source; neither the source nor proposed target remains."
"workspaces/worth-store/crates/worth-store-layout-indexes/tests/ui/phase29/legacy_store_is_not_reexported_by_workspace_facade.rs","015-layout-indexes-tests","delete","complete","","Reviewed action override: 04cbdba3 refactor(store): remove synthetic topology authority removed or replaced the obsolete source; neither the source nor proposed target remains."
"workspaces/worth-store/crates/worth-store-layout-indexes/tests/ui/phase29/legacy_support_access_structure_is_not_reexported_by_workspace_facade.rs","015-layout-indexes-tests","delete","complete","","Reviewed action override: 04cbdba3 refactor(store): remove synthetic topology authority removed or replaced the obsolete source; neither the source nor proposed target remains."
"workspaces/worth-store/crates/worth-store-layout-indexes/tests/ui/phase29/legacy_support_access_structure_report_is_not_reexported_by_workspace_facade.rs","015-layout-indexes-tests","delete","complete","","Reviewed action override: 04cbdba3 refactor(store): remove synthetic topology authority removed or replaced the obsolete source; neither the source nor proposed target remains."
"workspaces/worth-store/crates/worth-store-layout-indexes/tests/ui/phase29/legacy_support_trust_access_index_kind_is_not_reexported_by_workspace_facade.rs","015-layout-indexes-tests","delete","complete","","Reviewed action override: 04cbdba3 refactor(store): remove synthetic topology authority removed or replaced the obsolete source; neither the source nor proposed target remains."
"workspaces/worth-store/crates/worth-store-layout-indexes/tests/ui/phase29/legacy_support_trust_access_path_is_not_reexported_by_workspace_facade.rs","015-layout-indexes-tests","delete","complete","","Reviewed action override: 04cbdba3 refactor(store): remove synthetic topology authority removed or replaced the obsolete source; neither the source nor proposed target remains."
"workspaces/worth-store/crates/worth-store-layout-indexes/tests/ui/phase29_legacy_root/legacy_root_builder_is_not_public.rs","015-layout-indexes-tests","delete","complete","","Reviewed action override: 04cbdba3 refactor(store): remove synthetic topology authority removed or replaced the obsolete source; neither the source nor proposed target remains."
"workspaces/worth-store/crates/worth-store-layout-indexes/tests/ui/phase29_legacy_root/legacy_root_chunk_model_export_is_not_public.rs","015-layout-indexes-tests","delete","complete","","Reviewed action override: 04cbdba3 refactor(store): remove synthetic topology authority removed or replaced the obsolete source; neither the source nor proposed target remains."
"workspaces/worth-store/crates/worth-store-layout-indexes/tests/ui/phase29_legacy_root/legacy_root_facade_module_is_not_public.rs","015-layout-indexes-tests","delete","complete","","Reviewed action override: 04cbdba3 refactor(store): remove synthetic topology authority removed or replaced the obsolete source; neither the source nor proposed target remains."
"workspaces/worth-store/crates/worth-store-layout-indexes/tests/ui/phase29_legacy_root/legacy_root_layout_execution_result_is_not_public.rs","015-layout-indexes-tests","delete","complete","","Reviewed action override: 04cbdba3 refactor(store): remove synthetic topology authority removed or replaced the obsolete source; neither the source nor proposed target remains."
"workspaces/worth-store/crates/worth-store-layout-indexes/tests/ui/phase29_legacy_root/legacy_root_layout_module_is_not_public.rs","015-layout-indexes-tests","delete","complete","","Reviewed action override: 04cbdba3 refactor(store): remove synthetic topology authority removed or replaced the obsolete source; neither the source nor proposed target remains."
"workspaces/worth-store/crates/worth-store-layout-indexes/tests/ui/phase29_legacy_root/legacy_root_layout_plan_decision_is_not_public.rs","015-layout-indexes-tests","delete","complete","","Reviewed action override: 04cbdba3 refactor(store): remove synthetic topology authority removed or replaced the obsolete source; neither the source nor proposed target remains."
"workspaces/worth-store/crates/worth-store-layout-indexes/tests/ui/phase29_legacy_root/legacy_root_layout_request_is_not_public.rs","015-layout-indexes-tests","delete","complete","","Reviewed action override: 04cbdba3 refactor(store): remove synthetic topology authority removed or replaced the obsolete source; neither the source nor proposed target remains."
"workspaces/worth-store/crates/worth-store-layout-indexes/tests/ui/phase29_legacy_root/legacy_root_maintenance_declaration_is_not_public.rs","015-layout-indexes-tests","delete","complete","","Reviewed action override: 04cbdba3 refactor(store): remove synthetic topology authority removed or replaced the obsolete source; neither the source nor proposed target remains."
"workspaces/worth-store/crates/worth-store-layout-indexes/tests/ui/phase29_legacy_root/legacy_root_store_is_not_public.rs","015-layout-indexes-tests","delete","complete","","Reviewed action override: 04cbdba3 refactor(store): remove synthetic topology authority removed or replaced the obsolete source; neither the source nor proposed target remains."
"workspaces/worth-store/crates/worth-store-layout-indexes/tests/ui/phase29_legacy_root/legacy_root_support_access_structure_is_not_public.rs","015-layout-indexes-tests","delete","complete","","Reviewed action override: 04cbdba3 refactor(store): remove synthetic topology authority removed or replaced the obsolete source; neither the source nor proposed target remains."
"workspaces/worth-store/crates/worth-store-layout-indexes/tests/ui/phase34/caller_cannot_admit_loose_lsm_input_bag.rs","015-layout-indexes-tests","delete","complete","","Reviewed action override: 04cbdba3 refactor(store): remove synthetic topology authority removed or replaced the obsolete source; neither the source nor proposed target remains."
"workspaces/worth-store/crates/worth-store-layout-indexes/tests/ui/phase34/caller_cannot_admit_lsm_output_rows.rs","015-layout-indexes-tests","delete","complete","","Reviewed action override: 04cbdba3 refactor(store): remove synthetic topology authority removed or replaced the obsolete source; neither the source nor proposed target remains."
"workspaces/worth-store/crates/worth-store-layout-indexes/tests/ui/phase34/caller_cannot_assemble_lsm_durable_inputs.rs","015-layout-indexes-tests","delete","complete","","Reviewed action override: 04cbdba3 refactor(store): remove synthetic topology authority removed or replaced the obsolete source; neither the source nor proposed target remains."
"workspaces/worth-store/crates/worth-store-layout-indexes/tests/ui/phase34/caller_cannot_claim_raw_wal_as_executed.rs","015-layout-indexes-tests","delete","complete","","Reviewed action override: 04cbdba3 refactor(store): remove synthetic topology authority removed or replaced the obsolete source; neither the source nor proposed target remains."
"workspaces/worth-store/crates/worth-store-layout-indexes/tests/ui/phase34/caller_cannot_construct_raw_lsm_request.rs","015-layout-indexes-tests","delete","complete","","Reviewed action override: 04cbdba3 refactor(store): remove synthetic topology authority removed or replaced the obsolete source; neither the source nor proposed target remains."
"workspaces/worth-store/crates/worth-store-layout-indexes/tests/ui/phase34/caller_cannot_construct_transitioned_result.rs","015-layout-indexes-tests","delete","complete","","Reviewed action override: 04cbdba3 refactor(store): remove synthetic topology authority removed or replaced the obsolete source; neither the source nor proposed target remains."
"workspaces/worth-store/crates/worth-store-layout-indexes/tests/ui/phase34/caller_cannot_execute_seeded_lsm_compaction.rs","015-layout-indexes-tests","delete","complete","","Reviewed action override: 04cbdba3 refactor(store): remove synthetic topology authority removed or replaced the obsolete source; neither the source nor proposed target remains."
"workspaces/worth-store/crates/worth-store-layout-indexes/tests/ui/phase34/caller_cannot_mint_lsm_compaction_plan.rs","015-layout-indexes-tests","delete","complete","","Reviewed action override: 04cbdba3 refactor(store): remove synthetic topology authority removed or replaced the obsolete source; neither the source nor proposed target remains."
"workspaces/worth-store/crates/worth-store-layout-indexes/tests/ui/phase34/caller_cannot_mint_transition_fact.rs","015-layout-indexes-tests","delete","complete","","Reviewed action override: 04cbdba3 refactor(store): remove synthetic topology authority removed or replaced the obsolete source; neither the source nor proposed target remains."
"workspaces/worth-store/crates/worth-store-layout-indexes/tests/ui/phase34/caller_cannot_open_detached_lsm_index.rs","015-layout-indexes-tests","delete","complete","","Reviewed action override: 04cbdba3 refactor(store): remove synthetic topology authority removed or replaced the obsolete source; neither the source nor proposed target remains."
"workspaces/worth-store/crates/worth-store-layout-indexes/tests/ui/phase34/caller_cannot_relabel_durable_lsm_record_scope.rs","015-layout-indexes-tests","delete","complete","","Reviewed action override: 04cbdba3 refactor(store): remove synthetic topology authority removed or replaced the obsolete source; neither the source nor proposed target remains."
"workspaces/worth-store/crates/worth-store-layout-indexes/tests/ui/phase34/caller_cannot_seed_lsm_execution_witness.rs","015-layout-indexes-tests","delete","complete","","Reviewed action override: 04cbdba3 refactor(store): remove synthetic topology authority removed or replaced the obsolete source; neither the source nor proposed target remains."
"workspaces/worth-store/crates/worth-store-layout-indexes/tests/ui/phase34/caller_cannot_select_lsm_compaction_records.rs","015-layout-indexes-tests","delete","complete","","Reviewed action override: 04cbdba3 refactor(store): remove synthetic topology authority removed or replaced the obsolete source; neither the source nor proposed target remains."
"workspaces/worth-store/crates/worth-store-layout-indexes/tests/ui/phase34/caller_cannot_supply_durability_observation.rs","015-layout-indexes-tests","delete","complete","","Reviewed action override: 04cbdba3 refactor(store): remove synthetic topology authority removed or replaced the obsolete source; neither the source nor proposed target remains."
"workspaces/worth-store/crates/worth-store-layout-indexes/tests/ui/phase34/caller_cannot_wrap_raw_denial_as_owner_outcome.rs","015-layout-indexes-tests","delete","complete","","Reviewed action override: 04cbdba3 refactor(store): remove synthetic topology authority removed or replaced the obsolete source; neither the source nor proposed target remains."
"workspaces/worth-store/crates/worth-store-layout-indexes/tests/ui/phase34/lsm_compaction_product_fields_are_private.rs","015-layout-indexes-tests","delete","complete","","Reviewed action override: 04cbdba3 refactor(store): remove synthetic topology authority removed or replaced the obsolete source; neither the source nor proposed target remains."
"workspaces/worth-store/crates/worth-store-layout-indexes/tests/ui/phase34/physical_cutover_cannot_publish_without_lsm_receipt.rs","015-layout-indexes-tests","delete","complete","","Reviewed action override: 04cbdba3 refactor(store): remove synthetic topology authority removed or replaced the obsolete source; neither the source nor proposed target remains."
"workspaces/worth-store/crates/worth-store-layout-indexes/tests/ui/phase34/raw_denial_cannot_mint_transition_fact.rs","015-layout-indexes-tests","delete","complete","","Reviewed action override: 04cbdba3 refactor(store): remove synthetic topology authority removed or replaced the obsolete source; neither the source nor proposed target remains."
"workspaces/worth-store/crates/worth-store-operations/src/layout_access/capsule_operation_family.rs","008-live-maintenance-operations-production","delete","complete","","Reviewed action override: the obsolete or synthetic source was intentionally removed and has no surviving authority lane."
"workspaces/worth-store/crates/worth-store-operations/src/layout_access/operations_layout_closeout.rs","008-live-maintenance-operations-production","delete","complete","","Inventory deletion realized; the original source is absent."
"workspaces/worth-store/crates/worth-store-operations/src/layout_access/repair_family.rs","008-live-maintenance-operations-production","delete","complete","","Inventory deletion realized; the original source is absent."
"workspaces/worth-store/crates/worth-store-operations/src/s10_later_io_readiness.rs","008-live-maintenance-operations-production","delete","complete","","Inventory deletion realized; the original source is absent."
"workspaces/worth-store/crates/worth-store-physical-certification/src/harness/by_milestone/s8_layout_access/actors.rs","012-physical-certification-production","delete","complete","","Inventory deletion realized; the original source is absent."
"workspaces/worth-store/crates/worth-store-physical-certification/src/harness/by_milestone/s8_layout_access/coverage.rs","012-physical-certification-production","delete","complete","","Inventory deletion realized; the original source is absent."
"workspaces/worth-store/crates/worth-store-physical-certification/src/harness/by_milestone/s8_layout_access/drivers.rs","012-physical-certification-production","delete","complete","","Inventory deletion realized; the original source is absent."
"workspaces/worth-store/crates/worth-store-physical-certification/src/harness/by_milestone/s8_layout_access/faults.rs","012-physical-certification-production","delete","complete","","Inventory deletion realized; the original source is absent."
"workspaces/worth-store/crates/worth-store-physical-certification/src/harness/by_milestone/s8_layout_access/heavy_blob_profile.rs","012-physical-certification-production","delete","complete","","Inventory deletion realized; the original source is absent."
"workspaces/worth-store/crates/worth-store-physical-certification/src/harness/by_milestone/s8_layout_access/mod.rs","012-physical-certification-production","delete","complete","","Inventory deletion realized; the original source is absent."
"workspaces/worth-store/crates/worth-store-physical-certification/src/harness/by_milestone/s8_layout_access/observers.rs","012-physical-certification-production","delete","complete","","Inventory deletion realized; the original source is absent."
"workspaces/worth-store/crates/worth-store-physical-certification/src/harness/by_milestone/s8_layout_access/oracles.rs","012-physical-certification-production","delete","complete","","Inventory deletion realized; the original source is absent."
"workspaces/worth-store/crates/worth-store-physical-certification/src/harness/by_milestone/s8_layout_access/scenario.rs","012-physical-certification-production","delete","complete","","Inventory deletion realized; the original source is absent."
"workspaces/worth-store/crates/worth-store-physical-certification/src/harness/by_milestone/s8_layout_access/shortcut_denials.rs","012-physical-certification-production","delete","complete","","Inventory deletion realized; the original source is absent."
"workspaces/worth-store/crates/worth-store-physical-certification/src/harness/by_milestone/s8_layout_access/simulation.rs","012-physical-certification-production","delete","complete","","Inventory deletion realized; the original source is absent."
"workspaces/worth-store/crates/worth-store-physical-certification/src/harness/by_milestone/s8_layout_access/tests.rs","012-physical-certification-production","delete","complete","","Inventory deletion realized; the original source is absent."
"workspaces/worth-store/crates/worth-store-physical-certification/src/harness/by_milestone/s8_layout_access/transcript.rs","012-physical-certification-production","delete","complete","","Inventory deletion realized; the original source is absent."
"workspaces/worth-store/crates/worth-store-physical-format/scripts/phase3_restructure.py","016-remaining-tests-and-support","delete","complete","","Inventory deletion realized; the original source is absent."
"workspaces/worth-store/crates/worth-store-physical-format/src/layout_access/baseline_btree_counter_observation_tests.rs","002-buffer-backend-format-production","delete","complete","","Reviewed action override: 9f0e7517 separate physical execution from layout strategy authority removed or replaced the obsolete source; neither the source nor proposed target remains."
"workspaces/worth-store/crates/worth-store-physical-format/src/layout_access/baseline_btree_counter_support.rs","002-buffer-backend-format-production","delete","complete","","Reviewed action override: 9f0e7517 separate physical execution from layout strategy authority removed or replaced the obsolete source; neither the source nor proposed target remains."
"workspaces/worth-store/crates/worth-store-physical-format/src/layout_access/baseline_btree_exact_counter_witness.rs","002-buffer-backend-format-production","move","complete","workspaces/worth-store/crates/worth-store-layout-indexes/src/strategy/btree/execution/counters.rs","Reviewed ownership override: later architecture work placed the content at this permanent resulting path."
"workspaces/worth-store/crates/worth-store-physical-format/src/layout_access/baseline_btree_invariant_proof.rs","002-buffer-backend-format-production","delete","complete","","Reviewed action override: 9f0e7517 separate physical execution from layout strategy authority removed or replaced the obsolete source; neither the source nor proposed target remains."
"workspaces/worth-store/crates/worth-store-physical-format/src/layout_access/baseline_btree_invariant_witness.rs","002-buffer-backend-format-production","delete","complete","","Reviewed action override: 9f0e7517 separate physical execution from layout strategy authority removed or replaced the obsolete source; neither the source nor proposed target remains."
"workspaces/worth-store/crates/worth-store-physical-format/src/layout_access/baseline_btree_node_codec.rs","002-buffer-backend-format-production","move","complete","workspaces/worth-store/crates/worth-store-layout-indexes/src/strategy/btree/execution/node_codec.rs","Reviewed ownership override: later architecture work placed the content at this permanent resulting path."
"workspaces/worth-store/crates/worth-store-physical-format/src/layout_access/format_family_closeout.rs","002-buffer-backend-format-production","delete","complete","","Inventory deletion realized; the original source is absent."
"workspaces/worth-store/crates/worth-store-physical-format/tests/s8_phase17_counter_evidence.rs","016-remaining-tests-and-support","delete","complete","","Reviewed action override: 9f0e7517 separate physical execution from layout strategy authority removed or replaced the obsolete source; neither the source nor proposed target remains."
"workspaces/worth-store/crates/worth-store-physical-integrity/src/layout_access/checksum_family.rs","003-integrity-isolation-wal-production","delete","complete","","Inventory deletion realized; the original source is absent."
"workspaces/worth-store/crates/worth-store-physical-integrity/src/layout_access/damage_map_family.rs","003-integrity-isolation-wal-production","delete","complete","","Inventory deletion realized; the original source is absent."
"workspaces/worth-store/crates/worth-store-physical-integrity/src/layout_access/integrity_layout_closeout.rs","003-integrity-isolation-wal-production","delete","complete","","Inventory deletion realized; the original source is absent."
"workspaces/worth-store/crates/worth-store-physical-integrity/src/layout_access/mod.rs","003-integrity-isolation-wal-production","delete","complete","","Inventory deletion realized; the original source is absent."
"workspaces/worth-store/crates/worth-store-physical-integrity/src/layout_access/pre_decode_family.rs","003-integrity-isolation-wal-production","delete","complete","","Inventory deletion realized; the original source is absent."
"workspaces/worth-store/crates/worth-store-physical-integrity/src/layout_access/scrub_family.rs","003-integrity-isolation-wal-production","delete","complete","","Inventory deletion realized; the original source is absent."
"workspaces/worth-store/crates/worth-store-physical-isolation/src/layout_access/compaction_interlock_family.rs","003-integrity-isolation-wal-production","delete","complete","","Inventory deletion realized; the original source is absent."
"workspaces/worth-store/crates/worth-store-physical-isolation/src/layout_access/isolation_layout_closeout.rs","003-integrity-isolation-wal-production","delete","complete","","Inventory deletion realized; the original source is absent."
"workspaces/worth-store/crates/worth-store-physical-isolation/src/layout_access/mod.rs","003-integrity-isolation-wal-production","delete","complete","","Inventory deletion realized; the original source is absent."
"workspaces/worth-store/crates/worth-store-certification/src/courtroom/closeout/mod.rs","closeout-topology-refresh","split","complete","workspaces/worth-store/crates/worth-store-certification/src/courtroom/closeout/mod.rs|workspaces/worth-store/crates/worth-store-certification/src/courtroom/closeout/blobs|workspaces/worth-store/crates/worth-store-certification/src/courtroom/closeout/physical_integrity|workspaces/worth-store/crates/worth-store-certification/src/courtroom/closeout/physical_isolation|workspaces/worth-store/crates/worth-store-certification/src/courtroom/closeout/physical_substrate|workspaces/worth-store/crates/worth-store-certification/src/courtroom/closeout/recovery.rs|workspaces/worth-store/crates/worth-store-certification/src/courtroom/closeout/security_scope","Current lifecycle closeout modules supersede the removed milestone closeout destinations."
"workspaces/worth-store/crates/worth-store-certification/src/physical_container_integrity_tests.rs","certification-courtroom-refresh","move","complete","workspaces/worth-store/crates/worth-store-certification/src/courtroom/physical_integrity/physical_container_integrity_tests.rs","Physical integrity certification tests remain in their permanent courtroom."
"workspaces/worth-store/crates/worth-store-certification/src/s4_recovery_harness/mod.rs","recovery-courtroom-refresh","split","complete","workspaces/worth-store/crates/worth-store-certification/src/courtroom/recovery/harness/mod.rs|workspaces/worth-store/crates/worth-store-certification/src/courtroom/recovery/harness/scenario|workspaces/worth-store/crates/worth-store-certification/src/courtroom/recovery/harness/evidence|workspaces/worth-store/crates/worth-store-certification/src/courtroom/recovery/harness/mutation|workspaces/worth-store/crates/worth-store-certification/src/courtroom/recovery/harness/certification","Recovery harness judgments now live under the permanent recovery courtroom."
"workspaces/worth-store/crates/worth-store-certification/src/s6_backend_capability_admission_tests.rs","scheduling-courtroom-refresh","move","complete","workspaces/worth-store/crates/worth-store-certification/src/courtroom/scheduling/backend_capability_admission_tests.rs","Backend capability admission tests remain in the scheduling courtroom."
"workspaces/worth-store/crates/worth-store-certification/tests/s5_read_during_compaction.rs","certification-test-topology-refresh","split","complete","workspaces/worth-store/crates/worth-store-certification/tests/scenarios/physical_isolation/read_during_compaction/read_during_compaction.rs|workspaces/worth-store/crates/worth-store-certification/tests/scenarios/physical_isolation/read_during_compaction/cases","The scenario facade and focused cases now live under physical-isolation scenarios."
"workspaces/worth-store/crates/worth-store-layout-indexes/src/artifact_family/inventory_rows.rs","artifact-inventory-refresh","split","complete","workspaces/worth-store/crates/worth-store-layout-indexes/src/artifact_family/inventory_rows.rs|workspaces/worth-store/crates/worth-store-layout-indexes/src/artifact_family/inventory_rows","The former large table is now a small canonical aggregator over owner-specific row modules."
"workspaces/worth-store/crates/worth-store-layout-indexes/src/corruption/mod.rs","layout-integrity-refresh","move","complete","workspaces/worth-store/crates/worth-store-layout-indexes/src/integrity/mod.rs","Corruption classification and readmission now live in the permanent integrity domain."
"workspaces/worth-store/crates/worth-store-layout-indexes/src/legacy_disposition/rows.rs","legacy-disposition-refresh","split","complete","workspaces/worth-store/crates/worth-store-layout-indexes/src/legacy_disposition.rs|workspaces/worth-store/crates/worth-store-layout-indexes/src/legacy_disposition/rows.rs|workspaces/worth-store/crates/worth-store-layout-indexes/src/legacy_disposition/rows","Legacy disposition is split into a facade, row aggregator, and focused row families."
"workspaces/worth-store/crates/worth-store-layout-indexes/src/planning/selection_receipt.rs","planning-topology-refresh","split","complete","workspaces/worth-store/crates/worth-store-layout-indexes/src/planning/selection_receipt.rs|workspaces/worth-store/crates/worth-store-layout-indexes/src/planning/selection_decision.rs|workspaces/worth-store/crates/worth-store-layout-indexes/src/planning/selection_issuance.rs|workspaces/worth-store/crates/worth-store-layout-indexes/src/planning/selection_outcome.rs","Selection operation, decision, issuance, and outcome responsibilities are separate."
"workspaces/worth-store/crates/worth-store-operations/src/layout_projection/capsule_operation.rs","operations-projection-refresh","move","complete","workspaces/worth-store/crates/worth-store-operations/src/layout_projection/capsule_operation.rs","A later architecture pass retained this as a derived layout report, not admission authority."
"workspaces/worth-store/crates/worth-store-operations/src/layout_projection/export.rs","operations-projection-refresh","move","complete","workspaces/worth-store/crates/worth-store-operations/src/layout_projection/export.rs","A later architecture pass retained this as a derived export layout report, not admission authority."
"workspaces/worth-store/crates/worth-store-operations/src/layout_projection/import.rs","operations-projection-refresh","move","complete","workspaces/worth-store/crates/worth-store-operations/src/layout_projection/import.rs","A later architecture pass retained this as a derived import layout report, not admission authority."
"workspaces/worth-store/crates/worth-store-physical-format/src/layout_access/baseline_btree_counter_observation.rs","btree-owner-refresh","split","complete","workspaces/worth-store/crates/worth-store-layout-indexes/src/strategy/btree/execution/counters.rs|workspaces/worth-store/crates/worth-store-layout-indexes/src/strategy/btree/execution/outcome.rs|workspaces/worth-store/crates/worth-store-layout-indexes/src/strategy/btree/execution/witness.rs","B-tree execution evidence is owned by the strategy execution family."
"workspaces/worth-store/crates/worth-store-recovery-physics/src/layout_access/mod.rs","synthetic-topology-removal","delete","complete","","The synthetic layout-access authority family was removed; recovery physics no longer advertises layout strategy law."
"workspaces/worth-store/crates/worth-store-recovery-physics/src/layout_access/readmission_family.rs","synthetic-topology-removal","delete","complete","","The synthetic readmission layout family was removed with the displaced layout-access authority lane."
"workspaces/worth-store/crates/worth-store-security/src/layout_access/tests.rs","security-projection-refresh","split","complete","workspaces/worth-store/crates/worth-store-security/src/security_authority_source_tests.rs|workspaces/worth-store/crates/worth-store-layout-indexes/src/integrity/tests.rs","Security authority remains with security while layout-facing integrity behavior is tested beside layout ownership."
"workspaces/worth-store/crates/worth-store-test-support/src/harness/milestone/s4_recovery_physics/mod.rs","test-support-recovery-refresh","split","complete","workspaces/worth-store/crates/worth-store-test-support/src/harness/recovery/mod.rs|workspaces/worth-store/crates/worth-store-test-support/src/harness/recovery/drivers|workspaces/worth-store/crates/worth-store-test-support/src/harness/recovery/fixtures","Recovery test support is organized by permanent driver and fixture responsibilities."
"workspaces/worth-store/crates/worth-store-wal/src/layout_access/baseline_lsm_counter_observation.rs","lsm-owner-refresh","split","complete","workspaces/worth-store/crates/worth-store-layout-indexes/src/strategy/lsm/execution/mod.rs|workspaces/worth-store/crates/worth-store-layout-indexes/src/strategy/lsm/execution/binding.rs|workspaces/worth-store/crates/worth-store-layout-indexes/src/strategy/lsm/execution/request.rs|workspaces/worth-store/crates/worth-store-layout-indexes/src/strategy/lsm/compaction/execution.rs","LSM execution and compaction evidence are organized under the strategy owner."
"workspaces/worth-store/crates/worth-store-wal/src/layout_access/baseline_lsm_execution_witness.rs","lsm-owner-refresh","split","complete","workspaces/worth-store/crates/worth-store-layout-indexes/src/strategy/lsm/execution/witness.rs|workspaces/worth-store/crates/worth-store-layout-indexes/src/strategy/lsm/invariants/assessment.rs|workspaces/worth-store/crates/worth-store-layout-indexes/src/strategy/lsm/invariants/observation.rs","LSM execution witness and invariant assessment/observation are separate owner modules."
"workspaces/worth-store/crates/worth-store-certification/src/courtroom/closeout/mod.rs","closeout-topology-refresh","split","complete","workspaces/worth-store/crates/worth-store-certification/src/courtroom/closeout/mod.rs|workspaces/worth-store/crates/worth-store-certification/src/courtroom/closeout/blobs.rs|workspaces/worth-store/crates/worth-store-certification/src/courtroom/closeout/physical_integrity.rs|workspaces/worth-store/crates/worth-store-certification/src/courtroom/closeout/physical_isolation.rs|workspaces/worth-store/crates/worth-store-certification/src/courtroom/closeout/physical_substrate.rs|workspaces/worth-store/crates/worth-store-certification/src/courtroom/closeout/recovery.rs|workspaces/worth-store/crates/worth-store-certification/src/courtroom/closeout/security_scope.rs","Current lifecycle closeout modules supersede the removed milestone closeout destinations."
"workspaces/worth-store/crates/worth-store-blob-chunks/src/dedupe/reference_edges/accessors.rs","post-inventory-keep-reconciliation","delete","complete","","Keep disposition superseded by 684b64d8 refactor(store): split blob authority boundaries; the obsolete source was removed during later architecture work."
"workspaces/worth-store/crates/worth-store-blob-chunks/src/handoffs/blob_security_handoff.rs","post-inventory-keep-reconciliation","move","complete","workspaces/worth-store/crates/worth-store-blob-chunks/src/handoffs/security_admission.rs","Keep disposition superseded by a later permanent topology move; the resulting path exists."
"workspaces/worth-store/crates/worth-store-blob-chunks/src/handoffs/reclaim_handoff.rs","post-inventory-keep-reconciliation","move","complete","workspaces/worth-store/crates/worth-store-blob-chunks/src/handoffs/reclaim_policy_evidence.rs","Keep disposition superseded by a later permanent topology move; the resulting path exists."
"workspaces/worth-store/crates/worth-store-layout-indexes/src/facade/closeout.rs","post-inventory-keep-reconciliation","delete","complete","","Keep disposition superseded by 04cbdba3 refactor(store): remove synthetic topology authority; the obsolete source was removed during later architecture work."
"workspaces/worth-store/crates/worth-store-layout-indexes/src/handoff/compaction_cutover.rs","post-inventory-keep-reconciliation","delete","complete","","Keep disposition superseded by 04cbdba3 refactor(store): remove synthetic topology authority; the obsolete source was removed during later architecture work."
"workspaces/worth-store/crates/worth-store-layout-indexes/src/handoff/formal_model_targets.rs","post-inventory-keep-reconciliation","delete","complete","","Keep disposition superseded by 04cbdba3 refactor(store): remove synthetic topology authority; the obsolete source was removed during later architecture work."
"workspaces/worth-store/crates/worth-store-layout-indexes/src/handoff/hazard_catalog.rs","post-inventory-keep-reconciliation","delete","complete","","Keep disposition superseded by 04cbdba3 refactor(store): remove synthetic topology authority; the obsolete source was removed during later architecture work."
"workspaces/worth-store/crates/worth-store-layout-indexes/src/handoff/hazard_inventory.rs","post-inventory-keep-reconciliation","delete","complete","","Keep disposition superseded by 04cbdba3 refactor(store): remove synthetic topology authority; the obsolete source was removed during later architecture work."
"workspaces/worth-store/crates/worth-store-layout-indexes/src/handoff/hazard_targets.rs","post-inventory-keep-reconciliation","delete","complete","","Keep disposition superseded by 04cbdba3 refactor(store): remove synthetic topology authority; the obsolete source was removed during later architecture work."
"workspaces/worth-store/crates/worth-store-layout-indexes/src/handoff/mod.rs","post-inventory-keep-reconciliation","delete","complete","","Keep disposition superseded by 04cbdba3 refactor(store): remove synthetic topology authority; the obsolete source was removed during later architecture work."
"workspaces/worth-store/crates/worth-store-layout-indexes/src/handoff/owner_contract_tests.rs","post-inventory-keep-reconciliation","delete","complete","","Keep disposition superseded by 04cbdba3 refactor(store): remove synthetic topology authority; the obsolete source was removed during later architecture work."
"workspaces/worth-store/crates/worth-store-layout-indexes/src/handoff/runtime_proof_tests.rs","post-inventory-keep-reconciliation","delete","complete","","Keep disposition superseded by 04cbdba3 refactor(store): remove synthetic topology authority; the obsolete source was removed during later architecture work."
"workspaces/worth-store/crates/worth-store-layout-indexes/src/handoff/state_machine.rs","post-inventory-keep-reconciliation","delete","complete","","Keep disposition superseded by 04cbdba3 refactor(store): remove synthetic topology authority; the obsolete source was removed during later architecture work."
"workspaces/worth-store/crates/worth-store-layout-indexes/src/handoff/tests.rs","post-inventory-keep-reconciliation","delete","complete","","Keep disposition superseded by 04cbdba3 refactor(store): remove synthetic topology authority; the obsolete source was removed during later architecture work."
"workspaces/worth-store/crates/worth-store-layout-indexes/src/layout_certification.rs","post-inventory-keep-reconciliation","delete","complete","","Keep disposition superseded by 04cbdba3 refactor(store): remove synthetic topology authority; the obsolete source was removed during later architecture work."
"workspaces/worth-store/crates/worth-store-layout-indexes/src/layout_closeout.rs","post-inventory-keep-reconciliation","delete","complete","","Keep disposition superseded by 04cbdba3 refactor(store): remove synthetic topology authority; the obsolete source was removed during later architecture work."
"workspaces/worth-store/crates/worth-store-layout-indexes/src/physical_format_layout_access.rs","post-inventory-keep-reconciliation","delete","complete","","Keep disposition superseded by 04cbdba3 refactor(store): remove synthetic topology authority; the obsolete source was removed during later architecture work."
"workspaces/worth-store/crates/worth-store-layout-indexes/src/strategy/lsm/invariants.rs","post-inventory-keep-reconciliation","move","complete","workspaces/worth-store/crates/worth-store-layout-indexes/src/strategy/lsm/invariants/mod.rs","Keep disposition superseded by a later permanent topology move; the resulting path exists."
"workspaces/worth-store/crates/worth-store-layout-indexes/src/strategy/lsm/tests.rs","post-inventory-keep-reconciliation","delete","complete","","Keep disposition superseded by 095cbab1 move LSM authority out of WAL mechanics; the obsolete source was removed during later architecture work."
"workspaces/worth-store/crates/worth-store-layout-indexes/tests/compile_fail_support.rs","post-inventory-keep-reconciliation","move","complete","workspaces/worth-store/crates/worth-store-layout-indexes/tests/compile_fail/support.rs","Keep disposition superseded by a later permanent topology move; the resulting path exists."
"workspaces/worth-store/crates/worth-store-physical-certification/src/harness/by_milestone/mod.rs","post-inventory-keep-reconciliation","delete","complete","","Keep disposition superseded by 0ac5a21f refactor(store): replace physical certification milestone vocabulary; the obsolete source was removed during later architecture work."
"workspaces/worth-store/crates/worth-store-physical-certification/src/planning/requirements.rs","post-inventory-keep-reconciliation","move","complete","workspaces/worth-store/crates/worth-store-physical-certification/src/planning/requirements/mod.rs","Keep disposition superseded by a later permanent topology move; the resulting path exists."
"workspaces/worth-store/crates/worth-store-physical-format/src/security_metadata/carrier.rs","post-inventory-keep-reconciliation","delete","complete","","Keep disposition superseded by 931f024c separate Band 1 semantics from physical format; the obsolete source was removed during later architecture work."
"workspaces/worth-store/crates/worth-store-physical-format/src/security_metadata/denials.rs","post-inventory-keep-reconciliation","delete","complete","","Keep disposition superseded by 931f024c separate Band 1 semantics from physical format; the obsolete source was removed during later architecture work."
"workspaces/worth-store/crates/worth-store-physical-format/src/security_metadata/scope_propagation_denials.rs","post-inventory-keep-reconciliation","delete","complete","","Keep disposition superseded by 931f024c separate Band 1 semantics from physical format; the obsolete source was removed during later architecture work."
"workspaces/worth-store/crates/worth-store-physical-isolation/src/compaction_interlock/lsm_cutover.rs","post-inventory-keep-reconciliation","delete","complete","","Keep disposition superseded by 095cbab1 move LSM authority out of WAL mechanics; the obsolete source was removed during later architecture work."
"workspaces/worth-store/crates/worth-store-security/src/physical_security_metadata_tests/admission.rs","post-inventory-keep-reconciliation","move","complete","workspaces/worth-store/crates/worth-store-security/src/security_metadata_tests/admission.rs","Keep disposition superseded by a later permanent topology move; the resulting path exists."
"workspaces/worth-store/crates/worth-store-security/src/physical_security_metadata_tests/canonical.rs","post-inventory-keep-reconciliation","move","complete","workspaces/worth-store/crates/worth-store-security/src/security_metadata_tests/canonical.rs","Keep disposition superseded by a later permanent topology move; the resulting path exists."
"workspaces/worth-store/crates/worth-store-security/src/physical_security_metadata_tests/manifest.rs","post-inventory-keep-reconciliation","delete","complete","","Keep disposition superseded by 931f024c separate Band 1 semantics from physical format; the obsolete source was removed during later architecture work."
"workspaces/worth-store/crates/worth-store-security/src/physical_security_metadata_tests/page_frame.rs","post-inventory-keep-reconciliation","delete","complete","","Keep disposition superseded by 931f024c separate Band 1 semantics from physical format; the obsolete source was removed during later architecture work."
"workspaces/worth-store/crates/worth-store-security/src/physical_security_metadata_tests/projection.rs","post-inventory-keep-reconciliation","move","complete","workspaces/worth-store/crates/worth-store-security/src/security_metadata_tests/projection.rs","Keep disposition superseded by a later permanent topology move; the resulting path exists."
"workspaces/worth-store/crates/worth-store-security/src/physical_security_metadata_tests/support.rs","post-inventory-keep-reconciliation","delete","complete","","Keep disposition superseded by 931f024c separate Band 1 semantics from physical format; the obsolete source was removed during later architecture work."
"workspaces/worth-store/crates/worth-store-test-support/src/harness/milestone/mod.rs","post-inventory-keep-reconciliation","delete","complete","","Keep disposition superseded by 0ac5a21f refactor(store): replace physical certification milestone vocabulary; the obsolete source was removed during later architecture work."
"workspaces/worth-store/crates/worth-store-certification/src/background_envelope_evidence.rs","011-certification-production","move","complete","workspaces/worth-store/crates/worth-store-certification/src/evidence/scheduling/background_envelope_evidence.rs","Inventory move realized at the reviewed target; the original source is absent and the resulting path exists."
"workspaces/worth-store/crates/worth-store-certification/tests/ui/s4_5/coverage_row_cannot_be_struct_literal.rs","final-topology-reconciliation","move","complete","workspaces/worth-store/crates/worth-store-certification/tests/compile_fail/recovery/coverage/coverage_row_cannot_be_struct_literal.rs","Compile-fail fixture retained under the permanent recovery coverage domain after removing malformed milestone-number topology."
"workspaces/worth-store/crates/worth-store-certification/tests/ui/s4_5/generated_matrix_cannot_be_struct_literal.rs","final-topology-reconciliation","move","complete","workspaces/worth-store/crates/worth-store-certification/tests/compile_fail/recovery/coverage/generated_matrix_cannot_be_struct_literal.rs","Compile-fail fixture retained under the permanent recovery coverage domain after removing malformed milestone-number topology."
"workspaces/worth-store/crates/worth-store-certification/tests/ui/s4_5/mutation_coverage_cannot_be_label_minted.rs","final-topology-reconciliation","move","complete","workspaces/worth-store/crates/worth-store-certification/tests/compile_fail/recovery/coverage/mutation_coverage_cannot_be_label_minted.rs","Compile-fail fixture retained under the permanent recovery coverage domain after removing malformed milestone-number topology."
"workspaces/worth-store/crates/worth-store-certification/tests/ui/s4_5/mutation_coverage_cannot_be_plan_only.rs","final-topology-reconciliation","move","complete","workspaces/worth-store/crates/worth-store-certification/tests/compile_fail/recovery/coverage/mutation_coverage_cannot_be_plan_only.rs","Compile-fail fixture retained under the permanent recovery coverage domain after removing malformed milestone-number topology."
"workspaces/worth-store/crates/worth-store-certification/tests/ui/s4_5/terminal_json_cannot_satisfy_coverage.rs","final-topology-reconciliation","move","complete","workspaces/worth-store/crates/worth-store-certification/tests/compile_fail/recovery/coverage/terminal_json_cannot_satisfy_coverage.rs","Compile-fail fixture retained under the permanent recovery coverage domain after removing malformed milestone-number topology."
"workspaces/worth-store/crates/worth-store-certification/tests/ui/s4_5_fixture_authority/raw_persisted_layout_cannot_satisfy_fixture_materialization.rs","final-topology-reconciliation","move","complete","workspaces/worth-store/crates/worth-store-certification/tests/compile_fail/recovery/fixture_authority/raw_persisted_layout_cannot_satisfy_fixture_materialization.rs","Fixture-authority proof belongs to recovery rather than the former generic layout directory."
"workspaces/worth-store/crates/worth-store-certification/tests/ui/s6_secure_io_authority/security_scope_identity_cannot_satisfy_secure_io_scope.rs","final-topology-reconciliation","move","complete","workspaces/worth-store/crates/worth-store-certification/tests/compile_fail/scheduling/secure_io_authority/security_scope_identity_cannot_satisfy_secure_io_scope.rs","Secure IO authority is a scheduling admission boundary, so the fixture now lives with scheduling compile-fail proofs."
"workspaces/worth-store/crates/worth-store-certification/tests/ui/s4_5/s5_dependency_evidence_cannot_be_struct_literal.rs","final-topology-reconciliation","delete","complete","","Removed obsolete milestone-readiness fixture after the displaced wrapper API was eliminated; no production boundary remains for this synthetic proof."
"workspaces/worth-store/crates/worth-store-certification/tests/ui/s4_5/s5_readiness_cannot_be_struct_literal.rs","final-topology-reconciliation","delete","complete","","Removed obsolete milestone-readiness fixture after the displaced wrapper API was eliminated; no production boundary remains for this synthetic proof."
"workspaces/worth-store/crates/worth-store-certification/tests/ui/s4_5/s5_readiness_from_generated_maturity_is_private.rs","final-topology-reconciliation","delete","complete","","Removed obsolete generated-maturity fixture after the synthetic milestone authority lane was eliminated."
"workspaces/worth-store/crates/worth-store-certification/tests/ui/s5_1_security_scope_admission/admission_basis_cannot_satisfy_admitted_scope.rs","final-topology-reconciliation","delete","complete","","Removed obsolete wrapper-substitution fixture after security admission was expressed through the current owner-issued contract."
"workspaces/worth-store/crates/worth-store-certification/tests/ui/s5_1_security_scope_admission/physical_security_metadata_envelope_rejects_lower_authority_constructor.rs","final-topology-reconciliation","delete","complete","","Removed obsolete generic metadata-envelope fixture after physical security metadata ownership was split into its permanent domains."
"workspaces/worth-store/crates/worth-store-certification/tests/ui/s5_1_security_scope_admission/proof_progression_identity_cannot_satisfy_admitted_scope.rs","final-topology-reconciliation","delete","complete","","Removed obsolete wrapper-substitution fixture after security admission was expressed through the current owner-issued contract."
"workspaces/worth-store/crates/worth-store-certification/tests/ui/s5_1_security_scope_admission/proof_recipe_cannot_satisfy_admitted_scope.rs","final-topology-reconciliation","delete","complete","","Removed obsolete wrapper-substitution fixture after security admission was expressed through the current owner-issued contract."
"workspaces/worth-store/crates/worth-store-certification/tests/ui/s5_1_security_scope_admission/raw_declaration_cannot_satisfy_admitted_scope.rs","final-topology-reconciliation","delete","complete","","Removed obsolete wrapper-substitution fixture after security admission was expressed through the current owner-issued contract."
"workspaces/worth-store/crates/worth-store-certification/tests/ui/s5_1_security_scope_admission/serde_json_value_cannot_satisfy_admitted_scope.rs","final-topology-reconciliation","delete","complete","","Removed obsolete wrapper-substitution fixture after security admission was expressed through the current owner-issued contract."
"workspaces/worth-store/crates/worth-store-certification/tests/ui/s5_1_security_scope_admission/store_current_authority_cannot_satisfy_admitted_scope.rs","final-topology-reconciliation","delete","complete","","Removed obsolete wrapper-substitution fixture after security admission was expressed through the current owner-issued contract."
"workspaces/worth-store/crates/worth-store-certification/tests/ui/s5_epoch_scope_and_root_kind/page_epoch_cannot_be_compared_directly.rs","final-topology-reconciliation","delete","complete","","Removed an invalid prohibition: same-domain PageEpoch comparison is legitimate and the fixture did not protect a real authority boundary."
"workspaces/worth-store/crates/worth-store-certification/tests/ui/s8_layout_access_path_harness/adversarial_inputs_cannot_form_replay_bundle.rs","final-verification-reconciliation","delete","complete","","Removed obsolete compile-fail evidence after its synthetic test-authority constructor was eliminated; the fixture no longer reached a production type boundary."
"workspaces/worth-store/crates/worth-store-certification/tests/ui/s8_layout_access_path_harness/machine_inventory_cannot_be_minted.rs","final-verification-reconciliation","delete","complete","","Removed obsolete compile-fail evidence after the synthetic S9 machine-inventory authority was eliminated; the fixture no longer represented a live production boundary."
"workspaces/worth-store/crates/worth-store-test-support/tests/ui/harness_authority/adversarial_inputs_cannot_satisfy_production_execution.rs","final-verification-reconciliation","delete","complete","","Keep disposition superseded after the synthetic S8 layout-projection test authority was removed; the fixture no longer reached a live production execution boundary."
"workspaces/worth-store/crates/worth-store-test-support/tests/ui/harness_authority/fixtures_cannot_satisfy_production_execution.rs","final-verification-reconciliation","delete","complete","","Keep disposition superseded after the synthetic S8 layout-projection production facade was removed; the fixture no longer reached a live production execution boundary."
