warning: unused import: `crate::traits::*`
 --> crates/forge-math/src/prelude.rs:1:9
  |
1 | pub use crate::traits::*;
  |         ^^^^^^^^^^^^^^^^
  |
  = note: `#[warn(unused_imports)]` (part of `#[warn(unused)]`) on by default

warning: unnecessary parentheses around assigned value
  --> crates/forge-math/src/predicates/orient3d.rs:43:25
   |
43 | ...   let permanent = (adx.abs() * (bdy.abs() * cdz.abs() + bdz.abs() * cdy...
   |                       ^
44 | ...       + bdx.abs() * (ady.abs() * cdz.abs() + adz.abs() * cdy.abs())
45 | ...       + cdx.abs() * (ady.abs() * bdz.abs() + adz.abs() * bdy.abs()));
   |                                                                        ^
   |
   = note: `#[warn(unused_parens)]` (part of `#[warn(unused)]`) on by default
help: remove these parentheses
   |
43 ~         let permanent = adx.abs() * (bdy.abs() * cdz.abs() + bdz.abs() * cdy.abs())
44 |             + bdx.abs() * (ady.abs() * cdz.abs() + adz.abs() * cdy.abs())
45 ~             + cdx.abs() * (ady.abs() * bdz.abs() + adz.abs() * bdy.abs());
   |

warning: `forge-math` (lib) generated 2 warnings (run `cargo fix --lib -p forge-math` to apply 2 suggestions)
warning: unused import: `std::convert::TryFrom`
  --> crates/forge-geom/src/primitives/implicit_vertex.rs:72:5
   |
72 | use std::convert::TryFrom;
   |     ^^^^^^^^^^^^^^^^^^^^^
   |
   = note: `#[warn(unused_imports)]` (part of `#[warn(unused)]`) on by default

warning: unused import: `signed_distance`
  --> crates/forge-geom/src/primitives/implicit_vertex.rs:74:39
   |
74 | use crate::primitives::plane::{Plane, signed_distance, intersect_three_plan...
   |                                       ^^^^^^^^^^^^^^^

warning: field `cell_size` is never read
  --> crates/forge-geom/src/spatial/edge_match.rs:47:5
   |
46 | pub struct EdgeMatcher {
   |            ----------- field in this struct
47 |     cell_size: f64,
   |     ^^^^^^^^^
   |
   = note: `#[warn(dead_code)]` (part of `#[warn(unused)]`) on by default

warning: `forge-geom` (lib) generated 3 warnings (run `cargo fix --lib -p forge-geom` to apply 2 suggestions)
warning: unused import: `crate::topology::queries::traverse::FaceEdgeIterator`
  --> crates/forge-topo/src/topology/integrity/geometric.rs:17:5
   |
17 | use crate::topology::queries::traverse::FaceEdgeIterator;
   |     ^^^^^^^^^^^^^^^^^^^^^^^^^^^^^^^^^^^^^^^^^^^^^^^^^^^^
   |
   = note: `#[warn(unused_imports)]` (part of `#[warn(unused)]`) on by default

warning: associated function `new` is never used
  --> crates/forge-topo/src/topology/handles.rs:55:27
   |
53 |         impl $name {
   |         ---------- associated function in this implementation
54 |             /// Create a handle. Arena-internal only.
55 |             pub(crate) fn new(index: u32, generation: u32) -> Self {
   |                           ^^^
...
92 | define_handle!(SolidId);
   | ----------------------- in this macro invocation
   |
   = note: `#[warn(dead_code)]` (part of `#[warn(unused)]`) on by default
   = note: this warning originates in the macro `define_handle` (in Nightly builds, run with -Z macro-backtrace for more info)

warning: `forge-topo` (lib) generated 2 warnings (run `cargo fix --lib -p forge-topo` to apply 1 suggestion)
   Compiling forge-kernel v0.1.0 (/Users/spenstar/Documents/programming/Forge/crates/forge-kernel)
warning: unused import: `BTreeMap`
  --> crates/forge-kernel/src/operations/boolean/split/cut.rs:11:24
   |
11 | use std::collections::{BTreeMap, BTreeSet};
   |                        ^^^^^^^^
   |
   = note: `#[warn(unused_imports)]` (part of `#[warn(unused)]`) on by default

warning: unused import: `Plane`
  --> crates/forge-kernel/src/operations/boolean/split/bsp.rs:10:37
   |
10 | ...mitives::plane::{Plane, intersect_three...
   |                     ^^^^^

warning: unused import: `forge_math::GeometrySource`
  --> crates/forge-kernel/src/operations/boolean/split/bsp.rs:13:5
   |
13 | use forge_math::GeometrySource;
   |     ^^^^^^^^^^^^^^^^^^^^^^^^^^

warning: unused import: `SplitConfig`
  --> crates/forge-kernel/src/operations/boolean/split/mod.rs:24:36
   |
24 | ...tPhaseResult, SplitConfig};
   |                  ^^^^^^^^^^^

warning: unused import: `BTreeMap`
  --> crates/forge-kernel/src/operations/boolean/postprocess/polygon_extract.rs:14:34
   |
14 | ...ns::{BTreeSet, BTreeMap, VecDeque};
   |                   ^^^^^^^^

warning: unused import: `EntityRef`
  --> crates/forge-kernel/src/operations/boolean/postprocess/polygon_extract.rs:17:91
   |
17 | ...cisionContext, EntityRef};
   |                   ^^^^^^^^^

warning: unused import: `EntityRef`
  --> crates/forge-kernel/src/operations/boolean/postprocess/hole_splice.rs:17:91
   |
17 | ...cisionContext, EntityRef};
   |                   ^^^^^^^^^

warning: unused import: `hole_splice::splice_inner_holes`
  --> crates/forge-kernel/src/operations/boolean/postprocess/mod.rs:25:9
   |
25 | pub use hole_splice::splice_inner_holes;
   |         ^^^^^^^^^^^^^^^^^^^^^^^^^^^^^^^

warning: unused import: `EntityRef`
  --> crates/forge-kernel/src/operations/boolean/assemble/disjoint/assemble.rs:14:104
   |
14 | ...cisionContext, EntityRef};
   |                   ^^^^^^^^^

warning: unused import: `std::collections::BTreeMap`
 --> crates/forge-kernel/src/operations/boolean/assemble/merge/eval.rs:8:5
  |
8 | use std::collections::BTreeMap;
  |     ^^^^^^^^^^^^^^^^^^^^^^^^^^

warning: unused imports: `FaceId`, `HalfEdgeId`, and `VertexId`
  --> crates/forge-kernel/src/operations/boolean/assemble/merge/eval.rs:14:27
   |
14 | ...es::{FaceId, HalfEdgeId, VertexId};
   |         ^^^^^^  ^^^^^^^^^^  ^^^^^^^^

warning: unused import: `crate::operations::boolean::eval::VertexMatchKey`
  --> crates/forge-kernel/src/operations/boolean/assemble/merge/eval.rs:25:5
   |
25 | use crate::operations::boolean::eval::VertexMatchKey;
   |     ^^^^^^^^^^^^^^^^^^^^^^^^^^^^^^^^^^^^^^^^^^^^^^^^

warning: unused imports: `assemble_result` and `compute_characteristic_scale`
  --> crates/forge-kernel/src/operations/boolean/assemble/merge/eval.rs:31:23
   |
31 | ...::{assemble_result, compute_characteristic_scale};
   |       ^^^^^^^^^^^^^^^  ^^^^^^^^^^^^^^^^^^^^^^^^^^^^

warning: unused import: `BooleanOp`
  --> crates/forge-kernel/src/operations/ember_boolean/eval.rs:18:63
   |
18 | ...BooleanResult, BooleanOp, execute_boole...
   |                   ^^^^^^^^^

warning: unused import: `forge_topo::hashing::compute_arena_topology_hash`
  --> crates/forge-kernel/src/analysis/proof_validation/proof_invariants.rs:16:5
   |
16 | use forge_topo::hashing::compute_arena_topology_hash;
   |     ^^^^^^^^^^^^^^^^^^^^^^^^^^^^^^^^^^^^^^^^^^^^^^^^

warning: unused imports: `DecisionId` and `DecisionTier`
  --> crates/forge-kernel/src/analysis/counterfactual/eval.rs:12:35
   |
12 | ...t, DecisionId, DecisionLog, DecisionTier, K...
   |       ^^^^^^^^^^               ^^^^^^^^^^^^

warning: unused import: `build_cube`
 --> crates/forge-kernel/src/operations/boolean/tests/sector_classification_tests.rs:8:34
  |
8 | ...test_helpers::{build_cube, run_boolean, ...
  |                   ^^^^^^^^^^

warning: unused import: `FaceClassification`
   --> crates/forge-kernel/src/operations/boolean/brutality/integrity.rs:208:58
    |
208 | ...ceOrigin, FaceClassification};
    |              ^^^^^^^^^^^^^^^^^^

warning: unused import: `crate::geometry_store::GeometryStore`
   --> crates/forge-kernel/src/operations/boolean/brutality/integrity.rs:210:9
    |
210 | ...se crate::geometry_store::GeometryStore;
    |       ^^^^^^^^^^^^^^^^^^^^^^^^^^^^^^^^^^^^

warning: unused import: `run_boolean`
  --> crates/forge-kernel/src/operations/boolean/brutality/tier2_numerical.rs:46:37
   |
46 | ...convex_solid, run_boolean, try_boolean,
   |                  ^^^^^^^^^^^

warning: unused import: `predicates::*`
  --> crates/forge-kernel/src/operations/boolean/brutality/mod.rs:33:9
   |
33 | pub use predicates::*;
   |         ^^^^^^^^^^^^^

warning: unused import: `coincidence::*`
  --> crates/forge-kernel/src/operations/boolean/brutality/mod.rs:34:9
   |
34 | pub use coincidence::*;
   |         ^^^^^^^^^^^^^^

warning: unused import: `splitting::*`
  --> crates/forge-kernel/src/operations/boolean/brutality/mod.rs:35:9
   |
35 | pub use splitting::*;
   |         ^^^^^^^^^^^^

warning: unused import: `integrity::*`
  --> crates/forge-kernel/src/operations/boolean/brutality/mod.rs:36:9
   |
36 | pub use integrity::*;
   |         ^^^^^^^^^^^^

warning: unused import: `determinism::*`
  --> crates/forge-kernel/src/operations/boolean/brutality/mod.rs:37:9
   |
37 | pub use determinism::*;
   |         ^^^^^^^^^^^^^^

warning: unused import: `fuzzing::*`
  --> crates/forge-kernel/src/operations/boolean/brutality/mod.rs:38:9
   |
38 | pub use fuzzing::*;
   |         ^^^^^^^^^^

warning: unused import: `sliver::*`
  --> crates/forge-kernel/src/operations/boolean/brutality/mod.rs:39:9
   |
39 | pub use sliver::*;
   |         ^^^^^^^^^

warning: unused import: `features::*`
  --> crates/forge-kernel/src/operations/boolean/brutality/mod.rs:40:9
   |
40 | pub use features::*;
   |         ^^^^^^^^^^^

warning: unused import: `serialization::*`
  --> crates/forge-kernel/src/operations/boolean/brutality/mod.rs:41:9
   |
41 | pub use serialization::*;
   |         ^^^^^^^^^^^^^^^^

warning: unused import: `tracing::*`
  --> crates/forge-kernel/src/operations/boolean/brutality/mod.rs:42:9
   |
42 | pub use tracing::*;
   |         ^^^^^^^^^^

warning: unused import: `crate::geometry_store::GeometryStore`
   --> crates/forge-kernel/src/analysis/sliver.rs:135:9
    |
135 | ...se crate::geometry_store::GeometryStore;
    |       ^^^^^^^^^^^^^^^^^^^^^^^^^^^^^^^^^^^^

warning: unused import: `forge_topo::state::TopologyState`
   --> crates/forge-kernel/src/analysis/sliver.rs:136:9
    |
136 |     use forge_topo::state::TopologyState;
    |         ^^^^^^^^^^^^^^^^^^^^^^^^^^^^^^^^

warning: unused import: `super::analyze_slivers`
   --> crates/forge-kernel/src/analysis/sliver.rs:137:9
    |
137 |     use super::analyze_slivers;
    |         ^^^^^^^^^^^^^^^^^^^^^^

warning: unused import: `ValidationLevel`
  --> crates/forge-kernel/src/analysis/proof_validation/pv_p0_1_tests.rs:10:78
   |
10 | ...e_topology, ValidationLevel};
   |                ^^^^^^^^^^^^^^^

warning: unused imports: `KernelError` and `TopologyError`
 --> crates/forge-kernel/src/analysis/proof_validation/pv_p0_2_tests.rs:8:18
  |
8 | use forge_core::{KernelError, TopologyError};
  |                  ^^^^^^^^^^^  ^^^^^^^^^^^^^

warning: unused import: `forge_core::KernelError`
 --> crates/forge-kernel/src/analysis/proof_validation/pv_p0_3_tests.rs:6:5
  |
6 | use forge_core::KernelError;
  |     ^^^^^^^^^^^^^^^^^^^^^^^

warning: unused import: `HealingResult`
 --> crates/forge-kernel/src/analysis/proof_validation/pv_p0_3_tests.rs:8:51
  |
8 | ...orientation, HealingResult};
  |                 ^^^^^^^^^^^^^

warning: unused imports: `KernelError` and `TopologyError`
 --> crates/forge-kernel/src/analysis/proof_validation/pv_p0_4_tests.rs:7:18
  |
7 | use forge_core::{KernelError, TopologyError};
  |                  ^^^^^^^^^^^  ^^^^^^^^^^^^^

warning: unused import: `TopologyState`
 --> crates/forge-kernel/src/analysis/proof_validation/pv_p0_4_tests.rs:9:25
  |
9 | use forge_topo::state::{TopologyState, Draf...
  |                         ^^^^^^^^^^^^^

warning: unused imports: `FaceData`, `LoopData`, and `VertexData`
  --> crates/forge-kernel/src/analysis/proof_validation/pv_p0_4_tests.rs:10:25
   |
10 | ...::{FaceData, HalfEdgeData, VertexData, LoopData};
   |       ^^^^^^^^                ^^^^^^^^^^  ^^^^^^^^

warning: unused imports: `FaceId` and `HalfEdgeId`
  --> crates/forge-kernel/src/analysis/proof_validation/pv_p0_4_tests.rs:11:27
   |
11 | ...handles::{FaceId, HalfEdgeId};
   |              ^^^^^^  ^^^^^^^^^^

warning: unused import: `DecisionContext`
  --> crates/forge-kernel/src/analysis/proof_validation/pv_p3_3_tests.rs:18:22
   |
18 |     use forge_core::{DecisionContext, Enti...
   |                      ^^^^^^^^^^^^^^^

warning: unused imports: `DecisionId`, `DecisionKind`, and `DecisionTier`
  --> crates/forge-kernel/src/analysis/proof_validation/pv_p3_4_tests.rs:13:22
   |
13 | ...::{DecisionId, DecisionTier, DecisionKind};
   |       ^^^^^^^^^^  ^^^^^^^^^^^^  ^^^^^^^^^^^^

warning: unused import: `forge_topo::hashing::compute_arena_topology_hash`
  --> crates/forge-kernel/src/analysis/proof_validation/pv_p3_4_tests.rs:14:9
   |
14 | ...se forge_topo::hashing::compute_arena_topology_hash;
   |       ^^^^^^^^^^^^^^^^^^^^^^^^^^^^^^^^^^^^^^^^^^^^^^^^

warning: unused import: `euler_audit`
  --> crates/forge-kernel/src/analysis/proof_validation/pv_p3_4_tests.rs:17:45
   |
17 | ...olean_logged, euler_audit,
   |                  ^^^^^^^^^^^

warning: unused import: `forge_core::DecisionContext`
  --> crates/forge-kernel/src/analysis/proof_validation/pv_p3_6_tests.rs:25:9
   |
25 |     use forge_core::DecisionContext;
   |         ^^^^^^^^^^^^^^^^^^^^^^^^^^^

warning: unused import: `forge_topo::hashing::compute_arena_topology_hash`
  --> crates/forge-kernel/src/analysis/proof_validation/pv_p3_6_tests.rs:26:9
   |
26 | ...se forge_topo::hashing::compute_arena_topology_hash;
   |       ^^^^^^^^^^^^^^^^^^^^^^^^^^^^^^^^^^^^^^^^^^^^^^^^

warning: unused import: `execute_boolean`
  --> crates/forge-kernel/src/analysis/proof_validation/pv_p3_6_tests.rs:32:34
   |
32 | ... BooleanOp, execute_boolean,
   |                ^^^^^^^^^^^^^^^

warning: unused import: `FeatureOutput`
  --> crates/forge-kernel/src/analysis/proof_validation/pv_p3_6_tests.rs:35:61
   |
35 | ...tiveFeature, FeatureOutput};
   |                 ^^^^^^^^^^^^^

warning: unused import: `LocalCoordinateSpace`
  --> crates/forge-kernel/src/analysis/proof_validation/pv_p2_5_mb_n_tests.rs:22:40
   |
22 | ..._space::{LocalCoordinateSpace, ScaleAna...
   |             ^^^^^^^^^^^^^^^^^^^^

warning: unused variable: `he_id`
   --> crates/forge-kernel/src/operations/boolean/split/reconcile.rs:408:10
    |
408 |     for (he_id, he_data) in draft.arena()...
    |          ^^^^^ help: if this is intentional, prefix it with an underscore: `_he_id`
    |
    = note: `#[warn(unused_variables)]` (part of `#[warn(unused)]`) on by default

warning: unused variable: `v`
  --> crates/forge-kernel/src/operations/boolean/split/bsp.rs:70:21
   |
70 | ...       for (i, v) in self.vertices.iter...
   |                   ^ help: if this is intentional, prefix it with an underscore: `_v`

warning: unused variable: `vj`
  --> crates/forge-kernel/src/operations/boolean/split/bsp.rs:92:17
   |
92 |             let vj = &self.vertices[j];
   |                 ^^ help: if this is intentional, prefix it with an underscore: `_vj`

warning: unused variable: `h_max_vertex`
  --> crates/forge-kernel/src/operations/boolean/postprocess/hole_splice.rs:96:20
   |
96 |     let (h_max_he, h_max_vertex, h_max_pos) =
   |                    ^^^^^^^^^^^^ help: if this is intentional, prefix it with an underscore: `_h_max_vertex`

warning: variable does not need to be mutable
   --> crates/forge-kernel/src/operations/boolean/assemble/merge/eval.rs:265:9
    |
265 |     let mut result = BooleanResult::new(
    |         ----^^^^^^
    |         |
    |         help: remove this `mut`
    |
    = note: `#[warn(unused_mut)]` (part of `#[warn(unused)]`) on by default

warning: function `detect_coplanar_faces` is never used
  --> crates/forge-kernel/src/operations/boolean/classify/coplanar.rs:23:4
   |
23 | fn detect_coplanar_faces(
   |    ^^^^^^^^^^^^^^^^^^^^^
   |
   = note: `#[warn(dead_code)]` (part of `#[warn(unused)]`) on by default

warning: function `planes_are_coplanar_exact` is never used
  --> crates/forge-kernel/src/operations/boolean/classify/coplanar.rs:62:4
   |
62 | fn planes_are_coplanar_exact(p1: &forge_ge...
   |    ^^^^^^^^^^^^^^^^^^^^^^^^^

warning: function `normals_aligned_exact` is never used
  --> crates/forge-kernel/src/operations/boolean/classify/coplanar.rs:70:4
   |
70 | fn normals_aligned_exact(p1: &forge_geom::...
   |    ^^^^^^^^^^^^^^^^^^^^^

warning: function `merge_coplanar_faces_extracted` is never used
  --> crates/forge-kernel/src/operations/boolean/postprocess/mod.rs:30:8
   |
30 | pub fn merge_coplanar_faces_extracted(
   |        ^^^^^^^^^^^^^^^^^^^^^^^^^^^^^^

warning: function `extract_coplanar_regions` is never used
  --> crates/forge-kernel/src/operations/boolean/postprocess/polygon_extract.rs:31:8
   |
31 | pub fn extract_coplanar_regions(
   |        ^^^^^^^^^^^^^^^^^^^^^^^^

warning: function `discover_coplanar_groups` is never used
  --> crates/forge-kernel/src/operations/boolean/postprocess/polygon_extract.rs:80:4
   |
80 | fn discover_coplanar_groups(
   |    ^^^^^^^^^^^^^^^^^^^^^^^^

warning: function `bfs_coplanar_cluster` is never used
   --> crates/forge-kernel/src/operations/boolean/postprocess/polygon_extract.rs:102:4
    |
102 | fn bfs_coplanar_cluster(
    |    ^^^^^^^^^^^^^^^^^^^^

warning: function `collect_adjacent_faces` is never used
   --> crates/forge-kernel/src/operations/boolean/postprocess/polygon_extract.rs:145:4
    |
145 | fn collect_adjacent_faces(arena: &Topolog...
    |    ^^^^^^^^^^^^^^^^^^^^^^

warning: function `walk_boundary_perimeter` is never used
   --> crates/forge-kernel/src/operations/boolean/postprocess/polygon_extract.rs:191:4
    |
191 | fn walk_boundary_perimeter(
    |    ^^^^^^^^^^^^^^^^^^^^^^^

warning: function `find_boundary_edge` is never used
   --> crates/forge-kernel/src/operations/boolean/postprocess/polygon_extract.rs:224:4
    |
224 | fn find_boundary_edge(
    |    ^^^^^^^^^^^^^^^^^^

warning: function `is_boundary_edge` is never used
   --> crates/forge-kernel/src/operations/boolean/postprocess/polygon_extract.rs:255:4
    |
255 | fn is_boundary_edge(
    |    ^^^^^^^^^^^^^^^^

warning: function `advance_to_boundary` is never used
   --> crates/forge-kernel/src/operations/boolean/postprocess/polygon_extract.rs:272:4
    |
272 | fn advance_to_boundary(
    |    ^^^^^^^^^^^^^^^^^^^

warning: function `rebuild_face_from_perimeter` is never used
   --> crates/forge-kernel/src/operations/boolean/postprocess/polygon_extract.rs:299:4
    |
299 | fn rebuild_face_from_perimeter(
    |    ^^^^^^^^^^^^^^^^^^^^^^^^^^^

warning: function `collect_group_edges` is never used
   --> crates/forge-kernel/src/operations/boolean/postprocess/polygon_extract.rs:378:4
    |
378 | fn collect_group_edges(
    |    ^^^^^^^^^^^^^^^^^^^

warning: function `find_internal_vertices` is never used
   --> crates/forge-kernel/src/operations/boolean/postprocess/polygon_extract.rs:418:4
    |
418 | fn find_internal_vertices(
    |    ^^^^^^^^^^^^^^^^^^^^^^

warning: function `log_extraction` is never used
   --> crates/forge-kernel/src/operations/boolean/postprocess/polygon_extract.rs:448:4
    |
448 | fn log_extraction(
    |    ^^^^^^^^^^^^^^

warning: function `splice_inner_holes` is never used
  --> crates/forge-kernel/src/operations/boolean/postprocess/hole_splice.rs:31:8
   |
31 | pub fn splice_inner_holes(
   |        ^^^^^^^^^^^^^^^^^^

warning: function `find_faces_with_holes` is never used
  --> crates/forge-kernel/src/operations/boolean/postprocess/hole_splice.rs:64:4
   |
64 | fn find_faces_with_holes(
   |    ^^^^^^^^^^^^^^^^^^^^^

warning: function `get_face_inner_loops` is never used
  --> crates/forge-kernel/src/operations/boolean/postprocess/hole_splice.rs:74:4
   |
74 | fn get_face_inner_loops(
   |    ^^^^^^^^^^^^^^^^^^^^

warning: function `splice_one_hole` is never used
  --> crates/forge-kernel/src/operations/boolean/postprocess/hole_splice.rs:83:4
   |
83 | fn splice_one_hole(
   |    ^^^^^^^^^^^^^^^

warning: function `find_extremal_vertex` is never used
   --> crates/forge-kernel/src/operations/boolean/postprocess/hole_splice.rs:115:4
    |
115 | fn find_extremal_vertex(
    |    ^^^^^^^^^^^^^^^^^^^^

warning: function `raycast_to_outer_boundary` is never used
   --> crates/forge-kernel/src/operations/boolean/postprocess/hole_splice.rs:166:4
    |
166 | fn raycast_to_outer_boundary(
    |    ^^^^^^^^^^^^^^^^^^^^^^^^^

warning: function `compute_ray_edge_intersection` is never used
   --> crates/forge-kernel/src/operations/boolean/postprocess/hole_splice.rs:246:4
    |
246 | fn compute_ray_edge_intersection(
    |    ^^^^^^^^^^^^^^^^^^^^^^^^^^^^^

warning: function `pick_closer_vertex` is never used
   --> crates/forge-kernel/src/operations/boolean/postprocess/hole_splice.rs:272:4
    |
272 | fn pick_closer_vertex(
    |    ^^^^^^^^^^^^^^^^^^

warning: function `log_splice` is never used
   --> crates/forge-kernel/src/operations/boolean/postprocess/hole_splice.rs:307:4
    |
307 | fn log_splice(count: usize, delta: Topolo...
    |    ^^^^^^^^^^

warning: unused variable: `sp`
   --> crates/forge-kernel/src/operations/boolean/brutality/integrity.rs:227:26
    |
227 | ...t, sg, tt, tg, sp, tp) = split_result....
    |                   ^^ help: if this is intentional, prefix it with an underscore: `_sp`

warning: unused variable: `tp`
   --> crates/forge-kernel/src/operations/boolean/brutality/integrity.rs:227:30
    |
227 | ...g, tt, tg, sp, tp) = split_result.into...
    |                   ^^ help: if this is intentional, prefix it with an underscore: `_tp`

warning: unused variable: `e`
   --> crates/forge-kernel/src/operations/boolean/brutality/tier1_manifold.rs:101:13
    |
101 |     let (v, e, f, chi) = euler_audit(arena);
    |             ^ help: if this is intentional, prefix it with an underscore: `_e`

warning: unused variable: `total`
  --> crates/forge-kernel/src/operations/boolean/brutality/mb2_menger_graze.rs:34:9
   |
34 |     let total = subs.len();
   |         ^^^^^ help: if this is intentional, prefix it with an underscore: `_total`

warning: unused variable: `i`
  --> crates/forge-kernel/src/operations/boolean/brutality/mb2_menger_graze.rs:39:10
   |
39 |     for (i, (sub_center, sub_half)) in sub...
   |          ^ help: if this is intentional, prefix it with an underscore: `_i`

warning: unused variable: `e`
  --> crates/forge-kernel/src/operations/boolean/brutality/mb2_menger_graze.rs:56:17
   |
56 |             Err(e) => {
   |                 ^ help: if this is intentional, prefix it with an underscore: `_e`

warning: unused variable: `original_geom`
   --> crates/forge-kernel/src/operations/boolean/brutality/mb5_cancellation_chain.rs:182:25
    |
182 | ...al_topo, original_geom) = build_cube([...
    |             ^^^^^^^^^^^^^ help: if this is intentional, prefix it with an underscore: `_original_geom`

warning: variable does not need to be mutable
   --> crates/forge-kernel/src/analysis/proof_validation/pv_p0_2_tests.rs:205:9
    |
205 |     let mut build_face_loop = |arena: &mu...
    |         ----^^^^^^^^^^^^^^^
    |         |
    |         help: remove this `mut`

warning: unused variable: `target`
   --> crates/forge-kernel/src/analysis/proof_validation/pv_p0_2_tests.rs:224:17
    |
224 |             let target = verts[face_verts...
    |                 ^^^^^^ help: if this is intentional, prefix it with an underscore: `_target`

warning: unused variable: `top_inner_loop`
   --> crates/forge-kernel/src/analysis/proof_validation/pv_p0_2_tests.rs:257:9
    |
257 |     let top_inner_loop = {
    |         ^^^^^^^^^^^^^^ help: if this is intentional, prefix it with an underscore: `_top_inner_loop`

warning: unused variable: `bot_inner_loop`
   --> crates/forge-kernel/src/analysis/proof_validation/pv_p0_2_tests.rs:287:9
    |
287 |     let bot_inner_loop = {
    |         ^^^^^^^^^^^^^^ help: if this is intentional, prefix it with an underscore: `_bot_inner_loop`

warning: unused variable: `v`
   --> crates/forge-kernel/src/analysis/proof_validation/pv_p2_5_mb_n_tests.rs:320:18
    |
320 |             let (v, e, f, chi) = euler_au...
    |                  ^ help: if this is intentional, prefix it with an underscore: `_v`

warning: unused variable: `e`
   --> crates/forge-kernel/src/analysis/proof_validation/pv_p2_5_mb_n_tests.rs:320:21
    |
320 | ...       let (v, e, f, chi) = euler_audi...
    |                   ^ help: if this is intentional, prefix it with an underscore: `_e`

warning: unused variable: `original_sign`
   --> crates/forge-kernel/src/analysis/proof_validation/pv_p2_5_mb_n_tests.rs:349:9
    |
349 |     let original_sign = TriSign::Pos;
    |         ^^^^^^^^^^^^^ help: if this is intentional, prefix it with an underscore: `_original_sign`

warning: `forge-kernel` (lib) generated 46 warnings (run `cargo fix --lib -p forge-kernel` to apply 21 suggestions)
warning: `forge-kernel` (lib test) generated 94 warnings (46 duplicates) (run `cargo fix --lib -p forge-kernel --tests` to apply 48 suggestions)
    Finished `release` profile [optimized] target(s) in 9.88s
     Running unittests src/lib.rs (target/release/deps/forge_kernel-103fabae30e363bd)

running 1 test
[split] BVH pairs: 5, supplemented: 16, target faces with cuts: 5, tool faces with cuts: 5
[provenance] 8 vertices implicit (8 from symbolic planes), 0 fallback
[trace-bsp] Clipping BspPolygon by plane 8:
  [trace-bsp] v0 sign=Neg
  [trace-bsp] v1 sign=Neg
  [trace-bsp] v2 sign=Pos
  [trace-bsp] v3 sign=Pos
  [trace-bsp] has_pos=true, has_neg=true
[trace-bsp] Clipping BspPolygon by plane 8:
  [trace-bsp] v0 sign=Pos
  [trace-bsp] v1 sign=Pos
  [trace-bsp] v2 sign=Neg
  [trace-bsp] v3 sign=Neg
  [trace-bsp] has_pos=true, has_neg=true
[trace-bsp] Clipping BspPolygon by plane 7:
  [trace-bsp] v0 sign=Pos
  [trace-bsp] v1 sign=Pos
  [trace-bsp] v2 sign=Neg
  [trace-bsp] v3 sign=Neg
  [trace-bsp] has_pos=true, has_neg=true
[trace-bsp] Clipping BspPolygon by plane 7:
  [trace-bsp] v0 sign=Pos
  [trace-bsp] v1 sign=Pos
  [trace-bsp] v2 sign=Neg
  [trace-bsp] v3 sign=Neg
  [trace-bsp] has_pos=true, has_neg=true
[trace-bsp] Clipping BspPolygon by plane 7:
  [trace-bsp] v0 sign=Pos
  [trace-bsp] v1 sign=Neg
  [trace-bsp] v2 sign=Neg
  [trace-bsp] v3 sign=Pos
  [trace-bsp] has_pos=true, has_neg=true
[trace-bsp] Clipping BspPolygon by plane 8:
  [trace-bsp] v0 sign=Neg
  [trace-bsp] v1 sign=Neg
  [trace-bsp] v2 sign=Pos
  [trace-bsp] v3 sign=Pos
  [trace-bsp] has_pos=true, has_neg=true
[cut-diag] Face#4 by plane#6: 1 cut_points found, 1 unique after dedup
  [cut-diag]   resolved[0]: vid=VertexId(9:gen0) pos=[-3.500000,5.000000,5.000000]
[cut-diag] Face#4 by plane#7: 1 cut_points found, 1 unique after dedup
  [cut-diag]   resolved[0]: vid=VertexId(10:gen0) pos=[-4.500000,5.000000,5.000000]
[cut-diag] Face#4 by plane#8: 1 cut_points found, 1 unique after dedup
  [cut-diag]   resolved[0]: vid=VertexId(12:gen0) pos=[-4.500000,0.500000,5.000000]
[cut-diag] Face#8 by plane#8: 1 cut_points found, 1 unique after dedup
  [cut-diag]   resolved[0]: vid=VertexId(13:gen0) pos=[-5.000000,0.500000,5.000000]
[cut-diag] Face#8 by plane#9: 1 cut_points found, 1 unique after dedup
  [cut-diag]   resolved[0]: vid=VertexId(15:gen0) pos=[-4.500000,-0.500000,5.000000]
[cut-diag] Face#9 by plane#9: 1 cut_points found, 1 unique after dedup
  [cut-diag]   resolved[0]: vid=VertexId(14:gen0) pos=[-5.000000,-0.500000,5.000000]
[cut-diag] Face#7 by plane#7: 1 cut_points found, 1 unique after dedup
  [cut-diag]   resolved[0]: vid=VertexId(11:gen0) pos=[-4.500000,-5.000000,5.000000]
[cut-diag] Face#7 by plane#8: 1 cut_points found, 1 unique after dedup
  [cut-diag]   resolved[0]: vid=VertexId(16:gen0) pos=[-3.500000,0.500000,5.000000]
[cut-diag] Face#10 by plane#8: 1 cut_points found, 1 unique after dedup
  [cut-diag]   resolved[0]: vid=VertexId(12:gen0) pos=[-4.500000,0.500000,5.000000]
[cut-diag] Face#10 by plane#9: 1 cut_points found, 1 unique after dedup
  [cut-diag]   resolved[0]: vid=VertexId(17:gen0) pos=[-3.500000,-0.500000,5.000000]
[cut-diag] Face#11 by plane#9: 1 cut_points found, 1 unique after dedup
  [cut-diag]   resolved[0]: vid=VertexId(15:gen0) pos=[-4.500000,-0.500000,5.000000]
[cut-diag] Face#6 by plane#6: 1 cut_points found, 1 unique after dedup
  [cut-diag]   resolved[0]: vid=VertexId(8:gen0) pos=[-3.500000,-5.000000,5.000000]
[cut-diag] Face#6 by plane#8: 1 cut_points found, 1 unique after dedup
  [cut-diag]   resolved[0]: vid=VertexId(18:gen0) pos=[5.000000,0.500000,5.000000]
[cut-diag] Face#12 by plane#8: 1 cut_points found, 1 unique after dedup
  [cut-diag]   resolved[0]: vid=VertexId(16:gen0) pos=[-3.500000,0.500000,5.000000]
[cut-diag] Face#12 by plane#9: 1 cut_points found, 1 unique after dedup
  [cut-diag]   resolved[0]: vid=VertexId(19:gen0) pos=[5.000000,-0.500000,5.000000]
[cut-diag] Face#13 by plane#9: 1 cut_points found, 1 unique after dedup
  [cut-diag]   resolved[0]: vid=VertexId(17:gen0) pos=[-3.500000,-0.500000,5.000000]
[cut-diag] Face#3 by plane#4: 1 cut_points found, 1 unique after dedup
  [cut-diag]   resolved[0]: vid=VertexId(3:gen0) pos=[-5.000000,-5.000000,5.000000]
[cut-diag] Face#3 by plane#6: 1 cut_points found, 1 unique after dedup
  [cut-diag]   resolved[0]: vid=VertexId(8:gen0) pos=[-3.500000,-5.000000,5.000000]
[cut-diag] Face#3 by plane#7: 1 cut_points found, 1 unique after dedup
  [cut-diag]   resolved[0]: vid=VertexId(21:gen0) pos=[-4.500000,-5.000000,-5.000000]
[cut-diag] Face#3 by plane#10: 1 cut_points found, 1 unique after dedup
  [cut-diag]   resolved[0]: vid=VertexId(23:gen0) pos=[-3.500000,-5.000000,4.000000]
[cut-diag] Face#16 by plane#10: 1 cut_points found, 1 unique after dedup
  [cut-diag]   resolved[0]: vid=VertexId(22:gen0) pos=[-4.500000,-5.000000,4.000000]
[cut-diag] Face#15 by plane#7: 1 cut_points found, 1 unique after dedup
  [cut-diag]   resolved[0]: vid=VertexId(11:gen0) pos=[-4.500000,-5.000000,5.000000]
[cut-diag] Face#15 by plane#10: 1 cut_points found, 1 unique after dedup
  [cut-diag]   resolved[0]: vid=VertexId(22:gen0) pos=[-4.500000,-5.000000,4.000000]
[cut-diag] Face#17 by plane#10: 1 cut_points found, 1 unique after dedup
  [cut-diag]   resolved[0]: vid=VertexId(24:gen0) pos=[-5.000000,-5.000000,4.000000]
[cut-diag] Face#14 by plane#6: 1 cut_points found, 1 unique after dedup
  [cut-diag]   resolved[0]: vid=VertexId(20:gen0) pos=[-3.500000,-5.000000,-5.000000]
[cut-diag] Face#14 by plane#10: 1 cut_points found, 1 unique after dedup
  [cut-diag]   resolved[0]: vid=VertexId(25:gen0) pos=[5.000000,-5.000000,4.000000]
[cut-diag] Face#18 by plane#10: 1 cut_points found, 1 unique after dedup
  [cut-diag]   resolved[0]: vid=VertexId(23:gen0) pos=[-3.500000,-5.000000,4.000000]
[cut-diag] Face#2 by plane#4: 1 cut_points found, 1 unique after dedup
  [cut-diag]   resolved[0]: vid=VertexId(1:gen0) pos=[5.000000,5.000000,5.000000]
[cut-diag] Face#2 by plane#6: 1 cut_points found, 1 unique after dedup
  [cut-diag]   resolved[0]: vid=VertexId(26:gen0) pos=[-3.500000,5.000000,-5.000000]
[cut-diag] Face#2 by plane#7: 1 cut_points found, 1 unique after dedup
  [cut-diag]   resolved[0]: vid=VertexId(10:gen0) pos=[-4.500000,5.000000,5.000000]
[cut-diag] Face#2 by plane#10: 1 cut_points found, 1 unique after dedup
  [cut-diag]   resolved[0]: vid=VertexId(29:gen0) pos=[-3.500000,5.000000,4.000000]
[cut-diag] Face#21 by plane#10: 1 cut_points found, 1 unique after dedup
  [cut-diag]   resolved[0]: vid=VertexId(28:gen0) pos=[-4.500000,5.000000,4.000000]
[cut-diag] Face#20 by plane#7: 1 cut_points found, 1 unique after dedup
  [cut-diag]   resolved[0]: vid=VertexId(27:gen0) pos=[-4.500000,5.000000,-5.000000]
[cut-diag] Face#20 by plane#10: 1 cut_points found, 1 unique after dedup
  [cut-diag]   resolved[0]: vid=VertexId(28:gen0) pos=[-4.500000,5.000000,4.000000]
[cut-diag] Face#22 by plane#10: 1 cut_points found, 1 unique after dedup
  [cut-diag]   resolved[0]: vid=VertexId(30:gen0) pos=[-5.000000,5.000000,4.000000]
[cut-diag] Face#19 by plane#6: 1 cut_points found, 1 unique after dedup
  [cut-diag]   resolved[0]: vid=VertexId(9:gen0) pos=[-3.500000,5.000000,5.000000]
[cut-diag] Face#19 by plane#10: 1 cut_points found, 1 unique after dedup
  [cut-diag]   resolved[0]: vid=VertexId(31:gen0) pos=[5.000000,5.000000,4.000000]
[cut-diag] Face#23 by plane#10: 1 cut_points found, 1 unique after dedup
  [cut-diag]   resolved[0]: vid=VertexId(29:gen0) pos=[-3.500000,5.000000,4.000000]
[cut-diag] Face#1 by plane#4: 1 cut_points found, 1 unique after dedup
  [cut-diag]   resolved[0]: vid=VertexId(2:gen0) pos=[-5.000000,5.000000,5.000000]
[cut-diag] Face#1 by plane#8: 1 cut_points found, 1 unique after dedup
  [cut-diag]   resolved[0]: vid=VertexId(13:gen0) pos=[-5.000000,0.500000,5.000000]
[cut-diag] Face#1 by plane#10: 1 cut_points found, 1 unique after dedup
  [cut-diag]   resolved[0]: vid=VertexId(30:gen0) pos=[-5.000000,5.000000,4.000000]
[cut-diag] Face#25 by plane#10: 1 cut_points found, 1 unique after dedup
  [cut-diag]   resolved[0]: vid=VertexId(33:gen0) pos=[-5.000000,0.500000,4.000000]
[cut-diag] Face#24 by plane#8: 1 cut_points found, 1 unique after dedup
  [cut-diag]   resolved[0]: vid=VertexId(32:gen0) pos=[-5.000000,0.500000,-5.000000]
[cut-diag] Face#24 by plane#9: 1 cut_points found, 1 unique after dedup
  [cut-diag]   resolved[0]: vid=VertexId(14:gen0) pos=[-5.000000,-0.500000,5.000000]
[cut-diag] Face#24 by plane#10: 1 cut_points found, 1 unique after dedup
  [cut-diag]   resolved[0]: vid=VertexId(33:gen0) pos=[-5.000000,0.500000,4.000000]
[cut-diag] Face#27 by plane#10: 1 cut_points found, 1 unique after dedup
  [cut-diag]   resolved[0]: vid=VertexId(35:gen0) pos=[-5.000000,-0.500000,4.000000]
[cut-diag] Face#26 by plane#9: 1 cut_points found, 1 unique after dedup
  [cut-diag]   resolved[0]: vid=VertexId(34:gen0) pos=[-5.000000,-0.500000,-5.000000]
[cut-diag] Face#26 by plane#10: 1 cut_points found, 1 unique after dedup
  [cut-diag]   resolved[0]: vid=VertexId(24:gen0) pos=[-5.000000,-5.000000,4.000000]
[cut-diag] Face#28 by plane#10: 1 cut_points found, 1 unique after dedup
  [cut-diag]   resolved[0]: vid=VertexId(35:gen0) pos=[-5.000000,-0.500000,4.000000]
[cut-diag] Face#0 by plane#4: 1 cut_points found, 1 unique after dedup
  [cut-diag]   resolved[0]: vid=VertexId(0:gen0) pos=[5.000000,-5.000000,5.000000]
[cut-diag] Face#0 by plane#8: 1 cut_points found, 1 unique after dedup
  [cut-diag]   resolved[0]: vid=VertexId(18:gen0) pos=[5.000000,0.500000,5.000000]
[cut-diag] Face#0 by plane#9: 1 cut_points found, 1 unique after dedup
  [cut-diag]   resolved[0]: vid=VertexId(37:gen0) pos=[5.000000,-0.500000,-5.000000]
[cut-diag] Face#0 by plane#10: 1 cut_points found, 1 unique after dedup
  [cut-diag]   resolved[0]: vid=VertexId(39:gen0) pos=[5.000000,0.500000,4.000000]
[cut-diag] Face#31 by plane#10: 1 cut_points found, 1 unique after dedup
  [cut-diag]   resolved[0]: vid=VertexId(38:gen0) pos=[5.000000,-0.500000,4.000000]
[cut-diag] Face#30 by plane#9: 1 cut_points found, 1 unique after dedup
  [cut-diag]   resolved[0]: vid=VertexId(19:gen0) pos=[5.000000,-0.500000,5.000000]
[cut-diag] Face#30 by plane#10: 1 cut_points found, 1 unique after dedup
  [cut-diag]   resolved[0]: vid=VertexId(25:gen0) pos=[5.000000,-5.000000,4.000000]
[cut-diag] Face#32 by plane#10: 1 cut_points found, 1 unique after dedup
  [cut-diag]   resolved[0]: vid=VertexId(38:gen0) pos=[5.000000,-0.500000,4.000000]
[cut-diag] Face#29 by plane#8: 1 cut_points found, 1 unique after dedup
  [cut-diag]   resolved[0]: vid=VertexId(36:gen0) pos=[5.000000,0.500000,-5.000000]
[cut-diag] Face#29 by plane#10: 1 cut_points found, 1 unique after dedup
  [cut-diag]   resolved[0]: vid=VertexId(31:gen0) pos=[5.000000,5.000000,4.000000]
[cut-diag] Face#33 by plane#10: 1 cut_points found, 1 unique after dedup
  [cut-diag]   resolved[0]: vid=VertexId(39:gen0) pos=[5.000000,0.500000,4.000000]
[cut-diag] Face#8 by plane#9: 1 cut_points found, 1 unique after dedup
  [cut-diag]   resolved[0]: vid=VertexId(15:gen0) pos=[-4.500000,-0.500000,5.000000]
[cut-diag] Face#9 by plane#9: 1 cut_points found, 1 unique after dedup
  [cut-diag]   resolved[0]: vid=VertexId(14:gen0) pos=[-5.000000,-0.500000,5.000000]
[cut-diag] Face#10 by plane#9: 1 cut_points found, 1 unique after dedup
  [cut-diag]   resolved[0]: vid=VertexId(17:gen0) pos=[-3.500000,-0.500000,5.000000]
[cut-diag] Face#11 by plane#9: 1 cut_points found, 1 unique after dedup
  [cut-diag]   resolved[0]: vid=VertexId(15:gen0) pos=[-4.500000,-0.500000,5.000000]
[cut-diag] Face#12 by plane#9: 1 cut_points found, 1 unique after dedup
  [cut-diag]   resolved[0]: vid=VertexId(19:gen0) pos=[5.000000,-0.500000,5.000000]
[cut-diag] Face#13 by plane#9: 1 cut_points found, 1 unique after dedup
  [cut-diag]   resolved[0]: vid=VertexId(17:gen0) pos=[-3.500000,-0.500000,5.000000]
[cut-diag] Face#3 by plane#10: 1 cut_points found, 1 unique after dedup
  [cut-diag]   resolved[0]: vid=VertexId(23:gen0) pos=[-3.500000,-5.000000,4.000000]
[cut-diag] Face#16 by plane#10: 1 cut_points found, 1 unique after dedup
  [cut-diag]   resolved[0]: vid=VertexId(22:gen0) pos=[-4.500000,-5.000000,4.000000]
[cut-diag] Face#15 by plane#10: 1 cut_points found, 1 unique after dedup
  [cut-diag]   resolved[0]: vid=VertexId(22:gen0) pos=[-4.500000,-5.000000,4.000000]
[cut-diag] Face#17 by plane#10: 1 cut_points found, 1 unique after dedup
  [cut-diag]   resolved[0]: vid=VertexId(24:gen0) pos=[-5.000000,-5.000000,4.000000]
[cut-diag] Face#14 by plane#10: 1 cut_points found, 1 unique after dedup
  [cut-diag]   resolved[0]: vid=VertexId(25:gen0) pos=[5.000000,-5.000000,4.000000]
[cut-diag] Face#18 by plane#10: 1 cut_points found, 1 unique after dedup
  [cut-diag]   resolved[0]: vid=VertexId(23:gen0) pos=[-3.500000,-5.000000,4.000000]
[cut-diag] Face#2 by plane#10: 1 cut_points found, 1 unique after dedup
  [cut-diag]   resolved[0]: vid=VertexId(29:gen0) pos=[-3.500000,5.000000,4.000000]
[cut-diag] Face#21 by plane#10: 1 cut_points found, 1 unique after dedup
  [cut-diag]   resolved[0]: vid=VertexId(28:gen0) pos=[-4.500000,5.000000,4.000000]
[cut-diag] Face#20 by plane#10: 1 cut_points found, 1 unique after dedup
  [cut-diag]   resolved[0]: vid=VertexId(28:gen0) pos=[-4.500000,5.000000,4.000000]
[cut-diag] Face#22 by plane#10: 1 cut_points found, 1 unique after dedup
  [cut-diag]   resolved[0]: vid=VertexId(30:gen0) pos=[-5.000000,5.000000,4.000000]
[cut-diag] Face#19 by plane#10: 1 cut_points found, 1 unique after dedup
  [cut-diag]   resolved[0]: vid=VertexId(31:gen0) pos=[5.000000,5.000000,4.000000]
[cut-diag] Face#23 by plane#10: 1 cut_points found, 1 unique after dedup
  [cut-diag]   resolved[0]: vid=VertexId(29:gen0) pos=[-3.500000,5.000000,4.000000]
[cut-diag] Face#1 by plane#10: 1 cut_points found, 1 unique after dedup
  [cut-diag]   resolved[0]: vid=VertexId(30:gen0) pos=[-5.000000,5.000000,4.000000]
[cut-diag] Face#25 by plane#10: 1 cut_points found, 1 unique after dedup
  [cut-diag]   resolved[0]: vid=VertexId(33:gen0) pos=[-5.000000,0.500000,4.000000]
[cut-diag] Face#24 by plane#10: 1 cut_points found, 1 unique after dedup
  [cut-diag]   resolved[0]: vid=VertexId(33:gen0) pos=[-5.000000,0.500000,4.000000]
[cut-diag] Face#27 by plane#10: 1 cut_points found, 1 unique after dedup
  [cut-diag]   resolved[0]: vid=VertexId(35:gen0) pos=[-5.000000,-0.500000,4.000000]
[cut-diag] Face#26 by plane#10: 1 cut_points found, 1 unique after dedup
  [cut-diag]   resolved[0]: vid=VertexId(24:gen0) pos=[-5.000000,-5.000000,4.000000]
[cut-diag] Face#28 by plane#10: 1 cut_points found, 1 unique after dedup
  [cut-diag]   resolved[0]: vid=VertexId(35:gen0) pos=[-5.000000,-0.500000,4.000000]
[cut-diag] Face#0 by plane#10: 1 cut_points found, 1 unique after dedup
  [cut-diag]   resolved[0]: vid=VertexId(39:gen0) pos=[5.000000,0.500000,4.000000]
[cut-diag] Face#31 by plane#10: 1 cut_points found, 1 unique after dedup
  [cut-diag]   resolved[0]: vid=VertexId(38:gen0) pos=[5.000000,-0.500000,4.000000]
[cut-diag] Face#30 by plane#10: 1 cut_points found, 1 unique after dedup
  [cut-diag]   resolved[0]: vid=VertexId(25:gen0) pos=[5.000000,-5.000000,4.000000]
[cut-diag] Face#32 by plane#10: 1 cut_points found, 1 unique after dedup
  [cut-diag]   resolved[0]: vid=VertexId(38:gen0) pos=[5.000000,-0.500000,4.000000]
[cut-diag] Face#29 by plane#10: 1 cut_points found, 1 unique after dedup
  [cut-diag]   resolved[0]: vid=VertexId(31:gen0) pos=[5.000000,5.000000,4.000000]
[cut-diag] Face#33 by plane#10: 1 cut_points found, 1 unique after dedup
  [cut-diag]   resolved[0]: vid=VertexId(39:gen0) pos=[5.000000,0.500000,4.000000]
[provenance] 8 vertices implicit (8 from symbolic planes), 0 fallback
[trace-bsp] Clipping BspPolygon by plane 0:
  [trace-bsp] v0 sign=Neg
  [trace-bsp] v1 sign=Neg
  [trace-bsp] v2 sign=Neg
  [trace-bsp] v3 sign=Neg
  [trace-bsp] has_pos=false, has_neg=true
[cut-diag] Face#3 by plane#4: 1 cut_points found, 1 unique after dedup
  [cut-diag]   resolved[0]: vid=VertexId(3:gen0) pos=[-4.500000,-0.500000,5.000000]
[cut-diag] Face#2 by plane#4: 1 cut_points found, 1 unique after dedup
  [cut-diag]   resolved[0]: vid=VertexId(1:gen0) pos=[-3.500000,0.500000,5.000000]
[cut-diag] Face#1 by plane#4: 1 cut_points found, 1 unique after dedup
  [cut-diag]   resolved[0]: vid=VertexId(2:gen0) pos=[-4.500000,0.500000,5.000000]
[cut-diag] Face#0 by plane#4: 1 cut_points found, 1 unique after dedup
  [cut-diag]   resolved[0]: vid=VertexId(0:gen0) pos=[-3.500000,-0.500000,5.000000]
[cut-diag] Face#3 by plane#4: 1 cut_points found, 1 unique after dedup
  [cut-diag]   resolved[0]: vid=VertexId(3:gen0) pos=[-4.500000,-0.500000,5.000000]
[cut-diag] Face#2 by plane#4: 1 cut_points found, 1 unique after dedup
  [cut-diag]   resolved[0]: vid=VertexId(1:gen0) pos=[-3.500000,0.500000,5.000000]
[cut-diag] Face#1 by plane#4: 1 cut_points found, 1 unique after dedup
  [cut-diag]   resolved[0]: vid=VertexId(2:gen0) pos=[-4.500000,0.500000,5.000000]
[cut-diag] Face#0 by plane#4: 1 cut_points found, 1 unique after dedup
  [cut-diag]   resolved[0]: vid=VertexId(0:gen0) pos=[-3.500000,-0.500000,5.000000]
[reconcile] target cut-orphans: 28, tool cut-orphans: 0
[reconcile]   orphan NOT matched: pos=[-3.500000,-5.000000,5.000000] nearest_vtx_dist=4.50e0 nearest_edge_dist=4.50e0
[reconcile]   orphan NOT matched: pos=[-3.500000,5.000000,5.000000] nearest_vtx_dist=4.50e0 nearest_edge_dist=4.50e0
[reconcile]   orphan NOT matched: pos=[-4.500000,5.000000,5.000000] nearest_vtx_dist=4.50e0 nearest_edge_dist=4.50e0
[reconcile]   orphan NOT matched: pos=[-4.500000,-5.000000,5.000000] nearest_vtx_dist=4.50e0 nearest_edge_dist=4.50e0
[reconcile]   orphan NOT matched: pos=[-5.000000,0.500000,5.000000] nearest_vtx_dist=5.00e-1 nearest_edge_dist=5.00e-1
[reconcile]   orphan NOT matched: pos=[-5.000000,-0.500000,5.000000] nearest_vtx_dist=5.00e-1 nearest_edge_dist=5.00e-1
[reconcile]   orphan NOT matched: pos=[5.000000,0.500000,5.000000] nearest_vtx_dist=8.50e0 nearest_edge_dist=8.50e0
[reconcile]   orphan NOT matched: pos=[5.000000,-0.500000,5.000000] nearest_vtx_dist=8.50e0 nearest_edge_dist=8.50e0
[reconcile]   orphan NOT matched: pos=[-3.500000,-5.000000,-5.000000] nearest_vtx_dist=1.01e1 nearest_edge_dist=1.01e1
[reconcile]   orphan NOT matched: pos=[-4.500000,-5.000000,-5.000000] nearest_vtx_dist=1.01e1 nearest_edge_dist=1.01e1
[reconcile]   orphan NOT matched: pos=[-4.500000,-5.000000,4.000000] nearest_vtx_dist=4.50e0 nearest_edge_dist=4.50e0
[reconcile]   orphan NOT matched: pos=[-3.500000,-5.000000,4.000000] nearest_vtx_dist=4.50e0 nearest_edge_dist=4.50e0
[reconcile]   orphan NOT matched: pos=[-5.000000,-5.000000,4.000000] nearest_vtx_dist=4.53e0 nearest_edge_dist=4.53e0
[reconcile]   orphan NOT matched: pos=[5.000000,-5.000000,4.000000] nearest_vtx_dist=9.62e0 nearest_edge_dist=9.62e0
[reconcile]   orphan NOT matched: pos=[-3.500000,5.000000,-5.000000] nearest_vtx_dist=1.01e1 nearest_edge_dist=1.01e1
[reconcile]   orphan NOT matched: pos=[-4.500000,5.000000,-5.000000] nearest_vtx_dist=1.01e1 nearest_edge_dist=1.01e1
[reconcile]   orphan NOT matched: pos=[-4.500000,5.000000,4.000000] nearest_vtx_dist=4.50e0 nearest_edge_dist=4.50e0
[reconcile]   orphan NOT matched: pos=[-3.500000,5.000000,4.000000] nearest_vtx_dist=4.50e0 nearest_edge_dist=4.50e0
[reconcile]   orphan NOT matched: pos=[-5.000000,5.000000,4.000000] nearest_vtx_dist=4.53e0 nearest_edge_dist=4.53e0
[reconcile]   orphan NOT matched: pos=[5.000000,5.000000,4.000000] nearest_vtx_dist=9.62e0 nearest_edge_dist=9.62e0
[reconcile]   orphan NOT matched: pos=[-5.000000,0.500000,-5.000000] nearest_vtx_dist=9.01e0 nearest_edge_dist=9.01e0
[reconcile]   orphan NOT matched: pos=[-5.000000,0.500000,4.000000] nearest_vtx_dist=5.00e-1 nearest_edge_dist=5.00e-1
[reconcile]   orphan NOT matched: pos=[-5.000000,-0.500000,-5.000000] nearest_vtx_dist=9.01e0 nearest_edge_dist=9.01e0
[reconcile]   orphan NOT matched: pos=[-5.000000,-0.500000,4.000000] nearest_vtx_dist=5.00e-1 nearest_edge_dist=5.00e-1
[reconcile]   orphan NOT matched: pos=[5.000000,0.500000,-5.000000] nearest_vtx_dist=1.24e1 nearest_edge_dist=1.24e1
[reconcile]   orphan NOT matched: pos=[5.000000,-0.500000,-5.000000] nearest_vtx_dist=1.24e1 nearest_edge_dist=1.24e1
[reconcile]   orphan NOT matched: pos=[5.000000,-0.500000,4.000000] nearest_vtx_dist=8.50e0 nearest_edge_dist=8.50e0
[reconcile]   orphan NOT matched: pos=[5.000000,0.500000,4.000000] nearest_vtx_dist=8.50e0 nearest_edge_dist=8.50e0
[reconcile]   28 orphans could not be matched to any edge or vertex
[reconcile] injected 0 target orphans into tool
[reconcile] injected 0 tool orphans into target
[pipeline] 329 decisions (301 exact, 28 policy, 0 near-boundary, 0 ambiguous, 0 forced, min_margin=0.00e0)
  [decision-4] [deterministic] PolicyApplied(CoincidentGeometry, default=true) margin=1.00e0 span-1 entity=Face#4 | Degeneracy: Split face #4 by plane #6 -> new face #6
  [decision-4] [deterministic] Exact margin=1.00e0 span-1 entity=Face#4 | Degeneracy: Split face FaceId(4:gen0) by plane 6 → 2 new faces
  [decision-4] [deterministic] Exact margin=1.00e0 span-1 entity=Face#4 | Degeneracy: Face #4 1 resolved vertices after dedup (need >=2) (plane #6)
  [decision-4] [deterministic] PolicyApplied(CoincidentGeometry, default=true) margin=1.00e0 span-1 entity=Face#4 | Degeneracy: Split face #4 by plane #7 -> new face #7
  [decision-4] [deterministic] Exact margin=1.00e0 span-1 entity=Face#4 | Degeneracy: Split face FaceId(4:gen0) by plane 7 → 2 new faces
  [decision-4] [deterministic] Exact margin=1.00e0 span-1 entity=Face#4 | Degeneracy: Face #4 1 resolved vertices after dedup (need >=2) (plane #7)
  [decision-4] [deterministic] PolicyApplied(CoincidentGeometry, default=true) margin=1.00e0 span-1 entity=Face#4 | Degeneracy: Split face #4 by plane #8 -> new face #8
  [decision-4] [deterministic] Exact margin=1.00e0 span-1 entity=Face#4 | Degeneracy: Split face FaceId(4:gen0) by plane 8 → 2 new faces
  [decision-4] [deterministic] Exact margin=1.00e0 span-1 entity=Face#4 | Degeneracy: Face #4 1 resolved vertices after dedup (need >=2) (plane #8)
  [decision-4] [deterministic] Exact margin=1.00e0 span-1 entity=Face#4 | Degeneracy: Face #4 rejected by chord gate (plane #9)
  [decision-8] [deterministic] Exact margin=1.00e0 span-1 entity=Face#8 | Degeneracy: Face #8 1 resolved vertices after dedup (need >=2) (plane #8)
  [decision-8] [deterministic] PolicyApplied(CoincidentGeometry, default=true) margin=1.00e0 span-1 entity=Face#8 | Degeneracy: Split face #8 by plane #9 -> new face #9
  [decision-8] [deterministic] Exact margin=1.00e0 span-1 entity=Face#8 | Degeneracy: Split face FaceId(8:gen0) by plane 9 → 2 new faces
  [decision-8] [deterministic] Exact margin=1.00e0 span-1 entity=Face#8 | Degeneracy: Face #8 1 resolved vertices after dedup (need >=2) (plane #9)
  [decision-9] [deterministic] Exact margin=1.00e0 span-1 entity=Face#9 | Degeneracy: Face #9 1 resolved vertices after dedup (need >=2) (plane #9)
  [decision-7] [deterministic] Exact margin=1.00e0 span-1 entity=Face#7 | Degeneracy: Face #7 1 resolved vertices after dedup (need >=2) (plane #7)
  [decision-7] [deterministic] PolicyApplied(CoincidentGeometry, default=true) margin=1.00e0 span-1 entity=Face#7 | Degeneracy: Split face #7 by plane #8 -> new face #10
  [decision-7] [deterministic] Exact margin=1.00e0 span-1 entity=Face#7 | Degeneracy: Split face FaceId(7:gen0) by plane 8 → 2 new faces
  [decision-7] [deterministic] Exact margin=1.00e0 span-1 entity=Face#7 | Degeneracy: Face #7 1 resolved vertices after dedup (need >=2) (plane #8)
  [decision-7] [deterministic] Exact margin=1.00e0 span-1 entity=Face#7 | Degeneracy: Face #7 rejected by chord gate (plane #9)
  [decision-10] [deterministic] Exact margin=1.00e0 span-1 entity=Face#10 | Degeneracy: Face #10 1 resolved vertices after dedup (need >=2) (plane #8)
  [decision-10] [deterministic] PolicyApplied(CoincidentGeometry, default=true) margin=1.00e0 span-1 entity=Face#10 | Degeneracy: Split face #10 by plane #9 -> new face #11
  [decision-10] [deterministic] Exact margin=1.00e0 span-1 entity=Face#10 | Degeneracy: Split face FaceId(10:gen0) by plane 9 → 2 new faces
  [decision-10] [deterministic] Exact margin=1.00e0 span-1 entity=Face#10 | Degeneracy: Face #10 1 resolved vertices after dedup (need >=2) (plane #9)
  [decision-11] [deterministic] Exact margin=1.00e0 span-1 entity=Face#11 | Degeneracy: Face #11 1 resolved vertices after dedup (need >=2) (plane #9)
  [decision-6] [deterministic] Exact margin=1.00e0 span-1 entity=Face#6 | Degeneracy: Face #6 1 resolved vertices after dedup (need >=2) (plane #6)
  [decision-6] [deterministic] Exact margin=1.00e0 span-1 entity=Face#6 | Degeneracy: Face #6 rejected by chord gate (plane #7)
  [decision-6] [deterministic] PolicyApplied(CoincidentGeometry, default=true) margin=1.00e0 span-1 entity=Face#6 | Degeneracy: Split face #6 by plane #8 -> new face #12
  [decision-6] [deterministic] Exact margin=1.00e0 span-1 entity=Face#6 | Degeneracy: Split face FaceId(6:gen0) by plane 8 → 2 new faces
  [decision-6] [deterministic] Exact margin=1.00e0 span-1 entity=Face#6 | Degeneracy: Face #6 1 resolved vertices after dedup (need >=2) (plane #8)
  [decision-6] [deterministic] Exact margin=1.00e0 span-1 entity=Face#6 | Degeneracy: Face #6 rejected by chord gate (plane #9)
  [decision-12] [deterministic] Exact margin=1.00e0 span-1 entity=Face#12 | Degeneracy: Face #12 1 resolved vertices after dedup (need >=2) (plane #8)
  [decision-12] [deterministic] PolicyApplied(CoincidentGeometry, default=true) margin=1.00e0 span-1 entity=Face#12 | Degeneracy: Split face #12 by plane #9 -> new face #13
  [decision-12] [deterministic] Exact margin=1.00e0 span-1 entity=Face#12 | Degeneracy: Split face FaceId(12:gen0) by plane 9 → 2 new faces
  [decision-12] [deterministic] Exact margin=1.00e0 span-1 entity=Face#12 | Degeneracy: Face #12 1 resolved vertices after dedup (need >=2) (plane #9)
  [decision-13] [deterministic] Exact margin=1.00e0 span-1 entity=Face#13 | Degeneracy: Face #13 1 resolved vertices after dedup (need >=2) (plane #9)
  [decision-3] [deterministic] Exact margin=1.00e0 span-1 entity=Face#3 | Degeneracy: Face #3 1 resolved vertices after dedup (need >=2) (plane #4)
  [decision-3] [deterministic] PolicyApplied(CoincidentGeometry, default=true) margin=1.00e0 span-1 entity=Face#3 | Degeneracy: Split face #3 by plane #6 -> new face #14
  [decision-3] [deterministic] Exact margin=1.00e0 span-1 entity=Face#3 | Degeneracy: Split face FaceId(3:gen0) by plane 6 → 2 new faces
  [decision-3] [deterministic] Exact margin=1.00e0 span-1 entity=Face#3 | Degeneracy: Face #3 1 resolved vertices after dedup (need >=2) (plane #6)
  [decision-3] [deterministic] PolicyApplied(CoincidentGeometry, default=true) margin=1.00e0 span-1 entity=Face#3 | Degeneracy: Split face #3 by plane #7 -> new face #15
  [decision-3] [deterministic] Exact margin=1.00e0 span-1 entity=Face#3 | Degeneracy: Split face FaceId(3:gen0) by plane 7 → 2 new faces
  [decision-3] [deterministic] Exact margin=1.00e0 span-1 entity=Face#3 | Degeneracy: Face #3 1 resolved vertices after dedup (need >=2) (plane #7)
  [decision-3] [deterministic] PolicyApplied(CoincidentGeometry, default=true) margin=1.00e0 span-1 entity=Face#3 | Degeneracy: Split face #3 by plane #10 -> new face #16
  [decision-3] [deterministic] Exact margin=1.00e0 span-1 entity=Face#3 | Degeneracy: Split face FaceId(3:gen0) by plane 10 → 2 new faces
  [decision-3] [deterministic] Exact margin=1.00e0 span-1 entity=Face#3 | Degeneracy: Face #3 1 resolved vertices after dedup (need >=2) (plane #10)
  [decision-16] [deterministic] Exact margin=1.00e0 span-1 entity=Face#16 | Degeneracy: Face #16 1 resolved vertices after dedup (need >=2) (plane #10)
  [decision-15] [deterministic] Exact margin=1.00e0 span-1 entity=Face#15 | Degeneracy: Face #15 1 resolved vertices after dedup (need >=2) (plane #7)
  [decision-15] [deterministic] PolicyApplied(CoincidentGeometry, default=true) margin=1.00e0 span-1 entity=Face#15 | Degeneracy: Split face #15 by plane #10 -> new face #17
  [decision-15] [deterministic] Exact margin=1.00e0 span-1 entity=Face#15 | Degeneracy: Split face FaceId(15:gen0) by plane 10 → 2 new faces
  [decision-15] [deterministic] Exact margin=1.00e0 span-1 entity=Face#15 | Degeneracy: Face #15 1 resolved vertices after dedup (need >=2) (plane #10)
  [decision-17] [deterministic] Exact margin=1.00e0 span-1 entity=Face#17 | Degeneracy: Face #17 1 resolved vertices after dedup (need >=2) (plane #10)
  [decision-14] [deterministic] Exact margin=1.00e0 span-1 entity=Face#14 | Degeneracy: Face #14 1 resolved vertices after dedup (need >=2) (plane #6)
  [decision-14] [deterministic] Exact margin=1.00e0 span-1 entity=Face#14 | Degeneracy: Face #14 rejected by chord gate (plane #7)
  [decision-14] [deterministic] PolicyApplied(CoincidentGeometry, default=true) margin=1.00e0 span-1 entity=Face#14 | Degeneracy: Split face #14 by plane #10 -> new face #18
  [decision-14] [deterministic] Exact margin=1.00e0 span-1 entity=Face#14 | Degeneracy: Split face FaceId(14:gen0) by plane 10 → 2 new faces
  [decision-14] [deterministic] Exact margin=1.00e0 span-1 entity=Face#14 | Degeneracy: Face #14 1 resolved vertices after dedup (need >=2) (plane #10)
  [decision-18] [deterministic] Exact margin=1.00e0 span-1 entity=Face#18 | Degeneracy: Face #18 1 resolved vertices after dedup (need >=2) (plane #10)
  [decision-2] [deterministic] Exact margin=1.00e0 span-1 entity=Face#2 | Degeneracy: Face #2 1 resolved vertices after dedup (need >=2) (plane #4)
  [decision-2] [deterministic] PolicyApplied(CoincidentGeometry, default=true) margin=1.00e0 span-1 entity=Face#2 | Degeneracy: Split face #2 by plane #6 -> new face #19
  [decision-2] [deterministic] Exact margin=1.00e0 span-1 entity=Face#2 | Degeneracy: Split face FaceId(2:gen0) by plane 6 → 2 new faces
  [decision-2] [deterministic] Exact margin=1.00e0 span-1 entity=Face#2 | Degeneracy: Face #2 1 resolved vertices after dedup (need >=2) (plane #6)
  [decision-2] [deterministic] PolicyApplied(CoincidentGeometry, default=true) margin=1.00e0 span-1 entity=Face#2 | Degeneracy: Split face #2 by plane #7 -> new face #20
  [decision-2] [deterministic] Exact margin=1.00e0 span-1 entity=Face#2 | Degeneracy: Split face FaceId(2:gen0) by plane 7 → 2 new faces
  [decision-2] [deterministic] Exact margin=1.00e0 span-1 entity=Face#2 | Degeneracy: Face #2 1 resolved vertices after dedup (need >=2) (plane #7)
  [decision-2] [deterministic] PolicyApplied(CoincidentGeometry, default=true) margin=1.00e0 span-1 entity=Face#2 | Degeneracy: Split face #2 by plane #10 -> new face #21
  [decision-2] [deterministic] Exact margin=1.00e0 span-1 entity=Face#2 | Degeneracy: Split face FaceId(2:gen0) by plane 10 → 2 new faces
  [decision-2] [deterministic] Exact margin=1.00e0 span-1 entity=Face#2 | Degeneracy: Face #2 1 resolved vertices after dedup (need >=2) (plane #10)
  [decision-21] [deterministic] Exact margin=1.00e0 span-1 entity=Face#21 | Degeneracy: Face #21 1 resolved vertices after dedup (need >=2) (plane #10)
  [decision-20] [deterministic] Exact margin=1.00e0 span-1 entity=Face#20 | Degeneracy: Face #20 1 resolved vertices after dedup (need >=2) (plane #7)
  [decision-20] [deterministic] PolicyApplied(CoincidentGeometry, default=true) margin=1.00e0 span-1 entity=Face#20 | Degeneracy: Split face #20 by plane #10 -> new face #22
  [decision-20] [deterministic] Exact margin=1.00e0 span-1 entity=Face#20 | Degeneracy: Split face FaceId(20:gen0) by plane 10 → 2 new faces
  [decision-20] [deterministic] Exact margin=1.00e0 span-1 entity=Face#20 | Degeneracy: Face #20 1 resolved vertices after dedup (need >=2) (plane #10)
  [decision-22] [deterministic] Exact margin=1.00e0 span-1 entity=Face#22 | Degeneracy: Face #22 1 resolved vertices after dedup (need >=2) (plane #10)
  [decision-19] [deterministic] Exact margin=1.00e0 span-1 entity=Face#19 | Degeneracy: Face #19 1 resolved vertices after dedup (need >=2) (plane #6)
  [decision-19] [deterministic] Exact margin=1.00e0 span-1 entity=Face#19 | Degeneracy: Face #19 rejected by chord gate (plane #7)
  [decision-19] [deterministic] PolicyApplied(CoincidentGeometry, default=true) margin=1.00e0 span-1 entity=Face#19 | Degeneracy: Split face #19 by plane #10 -> new face #23
  [decision-19] [deterministic] Exact margin=1.00e0 span-1 entity=Face#19 | Degeneracy: Split face FaceId(19:gen0) by plane 10 → 2 new faces
  [decision-19] [deterministic] Exact margin=1.00e0 span-1 entity=Face#19 | Degeneracy: Face #19 1 resolved vertices after dedup (need >=2) (plane #10)
  [decision-23] [deterministic] Exact margin=1.00e0 span-1 entity=Face#23 | Degeneracy: Face #23 1 resolved vertices after dedup (need >=2) (plane #10)
  [decision-1] [deterministic] Exact margin=1.00e0 span-1 entity=Face#1 | Degeneracy: Face #1 1 resolved vertices after dedup (need >=2) (plane #4)
  [decision-1] [deterministic] PolicyApplied(CoincidentGeometry, default=true) margin=1.00e0 span-1 entity=Face#1 | Degeneracy: Split face #1 by plane #8 -> new face #24
  [decision-1] [deterministic] Exact margin=1.00e0 span-1 entity=Face#1 | Degeneracy: Split face FaceId(1:gen0) by plane 8 → 2 new faces
  [decision-1] [deterministic] Exact margin=1.00e0 span-1 entity=Face#1 | Degeneracy: Face #1 1 resolved vertices after dedup (need >=2) (plane #8)
  [decision-1] [deterministic] Exact margin=1.00e0 span-1 entity=Face#1 | Degeneracy: Face #1 rejected by chord gate (plane #9)
  [decision-1] [deterministic] PolicyApplied(CoincidentGeometry, default=true) margin=1.00e0 span-1 entity=Face#1 | Degeneracy: Split face #1 by plane #10 -> new face #25
  [decision-1] [deterministic] Exact margin=1.00e0 span-1 entity=Face#1 | Degeneracy: Split face FaceId(1:gen0) by plane 10 → 2 new faces
  [decision-1] [deterministic] Exact margin=1.00e0 span-1 entity=Face#1 | Degeneracy: Face #1 1 resolved vertices after dedup (need >=2) (plane #10)
  [decision-25] [deterministic] Exact margin=1.00e0 span-1 entity=Face#25 | Degeneracy: Face #25 1 resolved vertices after dedup (need >=2) (plane #10)
  [decision-24] [deterministic] Exact margin=1.00e0 span-1 entity=Face#24 | Degeneracy: Face #24 1 resolved vertices after dedup (need >=2) (plane #8)
  [decision-24] [deterministic] PolicyApplied(CoincidentGeometry, default=true) margin=1.00e0 span-1 entity=Face#24 | Degeneracy: Split face #24 by plane #9 -> new face #26
  [decision-24] [deterministic] Exact margin=1.00e0 span-1 entity=Face#24 | Degeneracy: Split face FaceId(24:gen0) by plane 9 → 2 new faces
  [decision-24] [deterministic] Exact margin=1.00e0 span-1 entity=Face#24 | Degeneracy: Face #24 1 resolved vertices after dedup (need >=2) (plane #9)
  [decision-24] [deterministic] PolicyApplied(CoincidentGeometry, default=true) margin=1.00e0 span-1 entity=Face#24 | Degeneracy: Split face #24 by plane #10 -> new face #27
  [decision-24] [deterministic] Exact margin=1.00e0 span-1 entity=Face#24 | Degeneracy: Split face FaceId(24:gen0) by plane 10 → 2 new faces
  [decision-24] [deterministic] Exact margin=1.00e0 span-1 entity=Face#24 | Degeneracy: Face #24 1 resolved vertices after dedup (need >=2) (plane #10)
  [decision-27] [deterministic] Exact margin=1.00e0 span-1 entity=Face#27 | Degeneracy: Face #27 1 resolved vertices after dedup (need >=2) (plane #10)
  [decision-26] [deterministic] Exact margin=1.00e0 span-1 entity=Face#26 | Degeneracy: Face #26 1 resolved vertices after dedup (need >=2) (plane #9)
  [decision-26] [deterministic] PolicyApplied(CoincidentGeometry, default=true) margin=1.00e0 span-1 entity=Face#26 | Degeneracy: Split face #26 by plane #10 -> new face #28
  [decision-26] [deterministic] Exact margin=1.00e0 span-1 entity=Face#26 | Degeneracy: Split face FaceId(26:gen0) by plane 10 → 2 new faces
  [decision-26] [deterministic] Exact margin=1.00e0 span-1 entity=Face#26 | Degeneracy: Face #26 1 resolved vertices after dedup (need >=2) (plane #10)
  [decision-28] [deterministic] Exact margin=1.00e0 span-1 entity=Face#28 | Degeneracy: Face #28 1 resolved vertices after dedup (need >=2) (plane #10)
  [decision-0] [deterministic] Exact margin=1.00e0 span-1 entity=Face#0 | Degeneracy: Face #0 1 resolved vertices after dedup (need >=2) (plane #4)
  [decision-0] [deterministic] PolicyApplied(CoincidentGeometry, default=true) margin=1.00e0 span-1 entity=Face#0 | Degeneracy: Split face #0 by plane #8 -> new face #29
  [decision-0] [deterministic] Exact margin=1.00e0 span-1 entity=Face#0 | Degeneracy: Split face FaceId(0:gen0) by plane 8 → 2 new faces
  [decision-0] [deterministic] Exact margin=1.00e0 span-1 entity=Face#0 | Degeneracy: Face #0 1 resolved vertices after dedup (need >=2) (plane #8)
  [decision-0] [deterministic] PolicyApplied(CoincidentGeometry, default=true) margin=1.00e0 span-1 entity=Face#0 | Degeneracy: Split face #0 by plane #9 -> new face #30
  [decision-0] [deterministic] Exact margin=1.00e0 span-1 entity=Face#0 | Degeneracy: Split face FaceId(0:gen0) by plane 9 → 2 new faces
  [decision-0] [deterministic] Exact margin=1.00e0 span-1 entity=Face#0 | Degeneracy: Face #0 1 resolved vertices after dedup (need >=2) (plane #9)
  [decision-0] [deterministic] PolicyApplied(CoincidentGeometry, default=true) margin=1.00e0 span-1 entity=Face#0 | Degeneracy: Split face #0 by plane #10 -> new face #31
  [decision-0] [deterministic] Exact margin=1.00e0 span-1 entity=Face#0 | Degeneracy: Split face FaceId(0:gen0) by plane 10 → 2 new faces
  [decision-0] [deterministic] Exact margin=1.00e0 span-1 entity=Face#0 | Degeneracy: Face #0 1 resolved vertices after dedup (need >=2) (plane #10)
  [decision-31] [deterministic] Exact margin=1.00e0 span-1 entity=Face#31 | Degeneracy: Face #31 1 resolved vertices after dedup (need >=2) (plane #10)
  [decision-30] [deterministic] Exact margin=1.00e0 span-1 entity=Face#30 | Degeneracy: Face #30 1 resolved vertices after dedup (need >=2) (plane #9)
  [decision-30] [deterministic] PolicyApplied(CoincidentGeometry, default=true) margin=1.00e0 span-1 entity=Face#30 | Degeneracy: Split face #30 by plane #10 -> new face #32
  [decision-30] [deterministic] Exact margin=1.00e0 span-1 entity=Face#30 | Degeneracy: Split face FaceId(30:gen0) by plane 10 → 2 new faces
  [decision-30] [deterministic] Exact margin=1.00e0 span-1 entity=Face#30 | Degeneracy: Face #30 1 resolved vertices after dedup (need >=2) (plane #10)
  [decision-32] [deterministic] Exact margin=1.00e0 span-1 entity=Face#32 | Degeneracy: Face #32 1 resolved vertices after dedup (need >=2) (plane #10)
  [decision-29] [deterministic] Exact margin=1.00e0 span-1 entity=Face#29 | Degeneracy: Face #29 1 resolved vertices after dedup (need >=2) (plane #8)
  [decision-29] [deterministic] Exact margin=1.00e0 span-1 entity=Face#29 | Degeneracy: Face #29 rejected by chord gate (plane #9)
  [decision-29] [deterministic] PolicyApplied(CoincidentGeometry, default=true) margin=1.00e0 span-1 entity=Face#29 | Degeneracy: Split face #29 by plane #10 -> new face #33
  [decision-29] [deterministic] Exact margin=1.00e0 span-1 entity=Face#29 | Degeneracy: Split face FaceId(29:gen0) by plane 10 → 2 new faces
  [decision-29] [deterministic] Exact margin=1.00e0 span-1 entity=Face#29 | Degeneracy: Face #29 1 resolved vertices after dedup (need >=2) (plane #10)
  [decision-33] [deterministic] Exact margin=1.00e0 span-1 entity=Face#33 | Degeneracy: Face #33 1 resolved vertices after dedup (need >=2) (plane #10)
  [decision-4] [deterministic] Exact margin=1.00e0 span-1 entity=Face#4 | Degeneracy: Face #4 rejected by chord gate (plane #9)
  [decision-8] [deterministic] Exact margin=1.00e0 span-1 entity=Face#8 | Degeneracy: Face #8 1 resolved vertices after dedup (need >=2) (plane #9)
  [decision-9] [deterministic] Exact margin=1.00e0 span-1 entity=Face#9 | Degeneracy: Face #9 1 resolved vertices after dedup (need >=2) (plane #9)
  [decision-7] [deterministic] Exact margin=1.00e0 span-1 entity=Face#7 | Degeneracy: Face #7 rejected by chord gate (plane #9)
  [decision-10] [deterministic] Exact margin=1.00e0 span-1 entity=Face#10 | Degeneracy: Face #10 1 resolved vertices after dedup (need >=2) (plane #9)
  [decision-11] [deterministic] Exact margin=1.00e0 span-1 entity=Face#11 | Degeneracy: Face #11 1 resolved vertices after dedup (need >=2) (plane #9)
  [decision-6] [deterministic] Exact margin=1.00e0 span-1 entity=Face#6 | Degeneracy: Face #6 rejected by chord gate (plane #9)
  [decision-12] [deterministic] Exact margin=1.00e0 span-1 entity=Face#12 | Degeneracy: Face #12 1 resolved vertices after dedup (need >=2) (plane #9)
  [decision-13] [deterministic] Exact margin=1.00e0 span-1 entity=Face#13 | Degeneracy: Face #13 1 resolved vertices after dedup (need >=2) (plane #9)
  [decision-3] [deterministic] Exact margin=1.00e0 span-1 entity=Face#3 | Degeneracy: Face #3 1 resolved vertices after dedup (need >=2) (plane #10)
  [decision-16] [deterministic] Exact margin=1.00e0 span-1 entity=Face#16 | Degeneracy: Face #16 1 resolved vertices after dedup (need >=2) (plane #10)
  [decision-15] [deterministic] Exact margin=1.00e0 span-1 entity=Face#15 | Degeneracy: Face #15 1 resolved vertices after dedup (need >=2) (plane #10)
  [decision-17] [deterministic] Exact margin=1.00e0 span-1 entity=Face#17 | Degeneracy: Face #17 1 resolved vertices after dedup (need >=2) (plane #10)
  [decision-14] [deterministic] Exact margin=1.00e0 span-1 entity=Face#14 | Degeneracy: Face #14 1 resolved vertices after dedup (need >=2) (plane #10)
  [decision-18] [deterministic] Exact margin=1.00e0 span-1 entity=Face#18 | Degeneracy: Face #18 1 resolved vertices after dedup (need >=2) (plane #10)
  [decision-2] [deterministic] Exact margin=1.00e0 span-1 entity=Face#2 | Degeneracy: Face #2 1 resolved vertices after dedup (need >=2) (plane #10)
  [decision-21] [deterministic] Exact margin=1.00e0 span-1 entity=Face#21 | Degeneracy: Face #21 1 resolved vertices after dedup (need >=2) (plane #10)
  [decision-20] [deterministic] Exact margin=1.00e0 span-1 entity=Face#20 | Degeneracy: Face #20 1 resolved vertices after dedup (need >=2) (plane #10)
  [decision-22] [deterministic] Exact margin=1.00e0 span-1 entity=Face#22 | Degeneracy: Face #22 1 resolved vertices after dedup (need >=2) (plane #10)
  [decision-19] [deterministic] Exact margin=1.00e0 span-1 entity=Face#19 | Degeneracy: Face #19 1 resolved vertices after dedup (need >=2) (plane #10)
  [decision-23] [deterministic] Exact margin=1.00e0 span-1 entity=Face#23 | Degeneracy: Face #23 1 resolved vertices after dedup (need >=2) (plane #10)
  [decision-1] [deterministic] Exact margin=1.00e0 span-1 entity=Face#1 | Degeneracy: Face #1 1 resolved vertices after dedup (need >=2) (plane #10)
  [decision-25] [deterministic] Exact margin=1.00e0 span-1 entity=Face#25 | Degeneracy: Face #25 1 resolved vertices after dedup (need >=2) (plane #10)
  [decision-24] [deterministic] Exact margin=1.00e0 span-1 entity=Face#24 | Degeneracy: Face #24 1 resolved vertices after dedup (need >=2) (plane #10)
  [decision-27] [deterministic] Exact margin=1.00e0 span-1 entity=Face#27 | Degeneracy: Face #27 1 resolved vertices after dedup (need >=2) (plane #10)
  [decision-26] [deterministic] Exact margin=1.00e0 span-1 entity=Face#26 | Degeneracy: Face #26 1 resolved vertices after dedup (need >=2) (plane #10)
  [decision-28] [deterministic] Exact margin=1.00e0 span-1 entity=Face#28 | Degeneracy: Face #28 1 resolved vertices after dedup (need >=2) (plane #10)
  [decision-0] [deterministic] Exact margin=1.00e0 span-1 entity=Face#0 | Degeneracy: Face #0 1 resolved vertices after dedup (need >=2) (plane #10)
  [decision-31] [deterministic] Exact margin=1.00e0 span-1 entity=Face#31 | Degeneracy: Face #31 1 resolved vertices after dedup (need >=2) (plane #10)
  [decision-30] [deterministic] Exact margin=1.00e0 span-1 entity=Face#30 | Degeneracy: Face #30 1 resolved vertices after dedup (need >=2) (plane #10)
  [decision-32] [deterministic] Exact margin=1.00e0 span-1 entity=Face#32 | Degeneracy: Face #32 1 resolved vertices after dedup (need >=2) (plane #10)
  [decision-29] [deterministic] Exact margin=1.00e0 span-1 entity=Face#29 | Degeneracy: Face #29 1 resolved vertices after dedup (need >=2) (plane #10)
  [decision-33] [deterministic] Exact margin=1.00e0 span-1 entity=Face#33 | Degeneracy: Face #33 1 resolved vertices after dedup (need >=2) (plane #10)
  [decision-3] [deterministic] Exact margin=1.00e0 span-1 entity=Face#3 | Degeneracy: Face #3 1 resolved vertices after dedup (need >=2) (plane #4)
  [decision-2] [deterministic] Exact margin=1.00e0 span-1 entity=Face#2 | Degeneracy: Face #2 1 resolved vertices after dedup (need >=2) (plane #4)
  [decision-1] [deterministic] Exact margin=1.00e0 span-1 entity=Face#1 | Degeneracy: Face #1 1 resolved vertices after dedup (need >=2) (plane #4)
  [decision-0] [deterministic] Exact margin=1.00e0 span-1 entity=Face#0 | Degeneracy: Face #0 1 resolved vertices after dedup (need >=2) (plane #4)
  [decision-3] [deterministic] Exact margin=1.00e0 span-1 entity=Face#3 | Degeneracy: Face #3 1 resolved vertices after dedup (need >=2) (plane #4)
  [decision-2] [deterministic] Exact margin=1.00e0 span-1 entity=Face#2 | Degeneracy: Face #2 1 resolved vertices after dedup (need >=2) (plane #4)
  [decision-1] [deterministic] Exact margin=1.00e0 span-1 entity=Face#1 | Degeneracy: Face #1 1 resolved vertices after dedup (need >=2) (plane #4)
  [decision-0] [deterministic] Exact margin=1.00e0 span-1 entity=Face#0 | Degeneracy: Face #0 1 resolved vertices after dedup (need >=2) (plane #4)
  [decision-0] [deterministic] Exact margin=1.00e0 span-2 entity=Face#0 | Classification [0.0000, 0.0000, 0.0000] → Target:Face#0 → Outside
  [decision-1] [deterministic] Exact margin=1.00e0 span-2 entity=Face#1 | Classification [0.0000, 0.0000, 0.0000] → Target:Face#1 → Outside
  [decision-2] [deterministic] Exact margin=1.00e0 span-2 entity=Face#2 | Classification [0.0000, 0.0000, 0.0000] → Target:Face#2 → Outside
  [decision-3] [deterministic] Exact margin=1.00e0 span-2 entity=Face#3 | Classification [0.0000, 0.0000, 0.0000] → Target:Face#3 → Outside
  [decision-4] [deterministic] Exact margin=1.00e0 span-2 entity=Face#4 | Classification [0.0000, 0.0000, 0.0000] → Target:Face#4 → Outside
  [decision-5] [deterministic] Exact margin=1.00e0 span-2 entity=Face#5 | Classification [0.0000, 0.0000, 0.0000] → Target:Face#5 → Outside
  [decision-6] [deterministic] Exact margin=1.00e0 span-2 entity=Face#6 | Classification [0.0000, 0.0000, 0.0000] → Target:Face#6 → Outside
  [decision-7] [deterministic] Exact margin=1.00e0 span-2 entity=Face#7 | Classification [0.0000, 0.0000, 0.0000] → Target:Face#7 → Outside
  [decision-1] [escalated] Exact margin=0.00e0 span-2 | Escalation to Double: Δ=0.00e0 [aarch64-macos]
  [decision-8] [deterministic] Exact margin=1.00e0 span-2 entity=Face#8 | Classification [0.0000, 0.0000, 0.0000] → Target:Face#8 → Outside
  [decision-9] [deterministic] Exact margin=1.00e0 span-2 entity=Face#9 | Classification [0.0000, 0.0000, 0.0000] → Target:Face#9 → Outside
  [decision-10] [deterministic] Exact margin=1.00e0 span-2 entity=Face#10 | Classification [0.0000, 0.0000, 0.0000] → Target:Face#10 → OnBoundary(aligned)
  [decision-11] [deterministic] Exact margin=1.00e0 span-2 entity=Face#11 | Classification [0.0000, 0.0000, 0.0000] → Target:Face#11 → Outside
  [decision-12] [deterministic] Exact margin=1.00e0 span-2 entity=Face#12 | Classification [0.0000, 0.0000, 0.0000] → Target:Face#12 → Outside
  [decision-13] [deterministic] Exact margin=1.00e0 span-2 entity=Face#13 | Classification [0.0000, 0.0000, 0.0000] → Target:Face#13 → Outside
  [decision-14] [deterministic] Exact margin=1.00e0 span-2 entity=Face#14 | Classification [0.0000, 0.0000, 0.0000] → Target:Face#14 → Outside
  [decision-15] [deterministic] Exact margin=1.00e0 span-2 entity=Face#15 | Classification [0.0000, 0.0000, 0.0000] → Target:Face#15 → Outside
  [decision-16] [deterministic] Exact margin=1.00e0 span-2 entity=Face#16 | Classification [0.0000, 0.0000, 0.0000] → Target:Face#16 → Outside
  [decision-17] [deterministic] Exact margin=1.00e0 span-2 entity=Face#17 | Classification [0.0000, 0.0000, 0.0000] → Target:Face#17 → Outside
  [decision-18] [deterministic] Exact margin=1.00e0 span-2 entity=Face#18 | Classification [0.0000, 0.0000, 0.0000] → Target:Face#18 → Outside
  [decision-19] [deterministic] Exact margin=1.00e0 span-2 entity=Face#19 | Classification [0.0000, 0.0000, 0.0000] → Target:Face#19 → Outside
  [decision-20] [deterministic] Exact margin=1.00e0 span-2 entity=Face#20 | Classification [0.0000, 0.0000, 0.0000] → Target:Face#20 → Outside
  [decision-21] [deterministic] Exact margin=1.00e0 span-2 entity=Face#21 | Classification [0.0000, 0.0000, 0.0000] → Target:Face#21 → Outside
  [decision-22] [deterministic] Exact margin=1.00e0 span-2 entity=Face#22 | Classification [0.0000, 0.0000, 0.0000] → Target:Face#22 → Outside
  [decision-23] [deterministic] Exact margin=1.00e0 span-2 entity=Face#23 | Classification [0.0000, 0.0000, 0.0000] → Target:Face#23 → Outside
  [decision-24] [deterministic] Exact margin=1.00e0 span-2 entity=Face#24 | Classification [0.0000, 0.0000, 0.0000] → Target:Face#24 → Outside
  [decision-25] [deterministic] Exact margin=1.00e0 span-2 entity=Face#25 | Classification [0.0000, 0.0000, 0.0000] → Target:Face#25 → Outside
  [decision-26] [deterministic] Exact margin=1.00e0 span-2 entity=Face#26 | Classification [0.0000, 0.0000, 0.0000] → Target:Face#26 → Outside
  [decision-27] [deterministic] Exact margin=1.00e0 span-2 entity=Face#27 | Classification [0.0000, 0.0000, 0.0000] → Target:Face#27 → Outside
  [decision-28] [deterministic] Exact margin=1.00e0 span-2 entity=Face#28 | Classification [0.0000, 0.0000, 0.0000] → Target:Face#28 → Outside
  [decision-29] [deterministic] Exact margin=1.00e0 span-2 entity=Face#29 | Classification [0.0000, 0.0000, 0.0000] → Target:Face#29 → Outside
  [decision-30] [deterministic] Exact margin=1.00e0 span-2 entity=Face#30 | Classification [0.0000, 0.0000, 0.0000] → Target:Face#30 → Outside
  [decision-31] [deterministic] Exact margin=1.00e0 span-2 entity=Face#31 | Classification [0.0000, 0.0000, 0.0000] → Target:Face#31 → Outside
  [decision-32] [deterministic] Exact margin=1.00e0 span-2 entity=Face#32 | Classification [0.0000, 0.0000, 0.0000] → Target:Face#32 → Outside
  [decision-33] [deterministic] Exact margin=1.00e0 span-2 entity=Face#33 | Classification [0.0000, 0.0000, 0.0000] → Target:Face#33 → Outside
  [decision-0] [deterministic] Exact margin=1.00e0 span-2 entity=Face#0 | Classification [0.0000, 0.0000, 0.0000] → Tool:Face#0 → Inside
  [decision-1] [deterministic] Exact margin=1.00e0 span-2 entity=Face#1 | Classification [0.0000, 0.0000, 0.0000] → Tool:Face#1 → Inside
  [decision-2] [escalated] Exact margin=0.00e0 span-2 | Escalation to Double: Δ=0.00e0 [aarch64-macos]
  [decision-2] [deterministic] Exact margin=1.00e0 span-2 entity=Face#2 | Classification [0.0000, 0.0000, 0.0000] → Tool:Face#2 → Inside
  [decision-3] [escalated] Exact margin=0.00e0 span-2 | Escalation to Double: Δ=0.00e0 [aarch64-macos]
  [decision-3] [deterministic] Exact margin=1.00e0 span-2 entity=Face#3 | Classification [0.0000, 0.0000, 0.0000] → Tool:Face#3 → Inside
  [decision-4] [deterministic] Exact margin=1.00e0 span-2 entity=Face#4 | Classification [0.0000, 0.0000, 0.0000] → Tool:Face#4 → OnBoundary(aligned)
  [decision-4] [escalated] Exact margin=0.00e0 span-2 | Escalation to Double: Δ=0.00e0 [aarch64-macos]
  [decision-5] [deterministic] Exact margin=1.00e0 span-2 entity=Face#5 | Classification [0.0000, 0.0000, 0.0000] → Tool:Face#5 → Inside
  [decision-1000] [deterministic] Exact margin=1.00e0 span-3 entity=Face#0 | Classification [0.0000, 0.0000, 0.0000] → Select Target:Face#0 Outside for Subtraction → Keep
  [decision-1001] [deterministic] Exact margin=1.00e0 span-3 entity=Face#1 | Classification [0.0000, 0.0000, 0.0000] → Select Target:Face#1 Outside for Subtraction → Keep
  [decision-1002] [deterministic] Exact margin=1.00e0 span-3 entity=Face#2 | Classification [0.0000, 0.0000, 0.0000] → Select Target:Face#2 Outside for Subtraction → Keep
  [decision-1003] [deterministic] Exact margin=1.00e0 span-3 entity=Face#3 | Classification [0.0000, 0.0000, 0.0000] → Select Target:Face#3 Outside for Subtraction → Keep
  [decision-1004] [deterministic] Exact margin=1.00e0 span-3 entity=Face#4 | Classification [0.0000, 0.0000, 0.0000] → Select Target:Face#4 Outside for Subtraction → Keep
  [decision-1005] [deterministic] Exact margin=1.00e0 span-3 entity=Face#5 | Classification [0.0000, 0.0000, 0.0000] → Select Target:Face#5 Outside for Subtraction → Keep
  [decision-1006] [deterministic] Exact margin=1.00e0 span-3 entity=Face#6 | Classification [0.0000, 0.0000, 0.0000] → Select Target:Face#6 Outside for Subtraction → Keep
  [decision-1007] [deterministic] Exact margin=1.00e0 span-3 entity=Face#7 | Classification [0.0000, 0.0000, 0.0000] → Select Target:Face#7 Outside for Subtraction → Keep
  [decision-1008] [deterministic] Exact margin=1.00e0 span-3 entity=Face#8 | Classification [0.0000, 0.0000, 0.0000] → Select Target:Face#8 Outside for Subtraction → Keep
  [decision-1009] [deterministic] Exact margin=1.00e0 span-3 entity=Face#9 | Classification [0.0000, 0.0000, 0.0000] → Select Target:Face#9 Outside for Subtraction → Keep
  [decision-1010] [deterministic] Exact margin=1.00e0 span-3 entity=Face#10 | Classification [0.0000, 0.0000, 0.0000] → Select Target:Face#10 OnBoundary for Subtraction → Drop
  [decision-1011] [deterministic] Exact margin=1.00e0 span-3 entity=Face#11 | Classification [0.0000, 0.0000, 0.0000] → Select Target:Face#11 Outside for Subtraction → Keep
  [decision-1012] [deterministic] Exact margin=1.00e0 span-3 entity=Face#12 | Classification [0.0000, 0.0000, 0.0000] → Select Target:Face#12 Outside for Subtraction → Keep
  [decision-1013] [deterministic] Exact margin=1.00e0 span-3 entity=Face#13 | Classification [0.0000, 0.0000, 0.0000] → Select Target:Face#13 Outside for Subtraction → Keep
  [decision-1014] [deterministic] Exact margin=1.00e0 span-3 entity=Face#14 | Classification [0.0000, 0.0000, 0.0000] → Select Target:Face#14 Outside for Subtraction → Keep
  [decision-1015] [deterministic] Exact margin=1.00e0 span-3 entity=Face#15 | Classification [0.0000, 0.0000, 0.0000] → Select Target:Face#15 Outside for Subtraction → Keep
  [decision-1016] [deterministic] Exact margin=1.00e0 span-3 entity=Face#16 | Classification [0.0000, 0.0000, 0.0000] → Select Target:Face#16 Outside for Subtraction → Keep
  [decision-1017] [deterministic] Exact margin=1.00e0 span-3 entity=Face#17 | Classification [0.0000, 0.0000, 0.0000] → Select Target:Face#17 Outside for Subtraction → Keep
  [decision-1018] [deterministic] Exact margin=1.00e0 span-3 entity=Face#18 | Classification [0.0000, 0.0000, 0.0000] → Select Target:Face#18 Outside for Subtraction → Keep
  [decision-1019] [deterministic] Exact margin=1.00e0 span-3 entity=Face#19 | Classification [0.0000, 0.0000, 0.0000] → Select Target:Face#19 Outside for Subtraction → Keep
  [decision-1020] [deterministic] Exact margin=1.00e0 span-3 entity=Face#20 | Classification [0.0000, 0.0000, 0.0000] → Select Target:Face#20 Outside for Subtraction → Keep
  [decision-1021] [deterministic] Exact margin=1.00e0 span-3 entity=Face#21 | Classification [0.0000, 0.0000, 0.0000] → Select Target:Face#21 Outside for Subtraction → Keep
  [decision-1022] [deterministic] Exact margin=1.00e0 span-3 entity=Face#22 | Classification [0.0000, 0.0000, 0.0000] → Select Target:Face#22 Outside for Subtraction → Keep
  [decision-1023] [deterministic] Exact margin=1.00e0 span-3 entity=Face#23 | Classification [0.0000, 0.0000, 0.0000] → Select Target:Face#23 Outside for Subtraction → Keep
  [decision-1024] [deterministic] Exact margin=1.00e0 span-3 entity=Face#24 | Classification [0.0000, 0.0000, 0.0000] → Select Target:Face#24 Outside for Subtraction → Keep
  [decision-1025] [deterministic] Exact margin=1.00e0 span-3 entity=Face#25 | Classification [0.0000, 0.0000, 0.0000] → Select Target:Face#25 Outside for Subtraction → Keep
  [decision-1026] [deterministic] Exact margin=1.00e0 span-3 entity=Face#26 | Classification [0.0000, 0.0000, 0.0000] → Select Target:Face#26 Outside for Subtraction → Keep
  [decision-1027] [deterministic] Exact margin=1.00e0 span-3 entity=Face#27 | Classification [0.0000, 0.0000, 0.0000] → Select Target:Face#27 Outside for Subtraction → Keep
  [decision-1028] [deterministic] Exact margin=1.00e0 span-3 entity=Face#28 | Classification [0.0000, 0.0000, 0.0000] → Select Target:Face#28 Outside for Subtraction → Keep
  [decision-1029] [deterministic] Exact margin=1.00e0 span-3 entity=Face#29 | Classification [0.0000, 0.0000, 0.0000] → Select Target:Face#29 Outside for Subtraction → Keep
  [decision-1030] [deterministic] Exact margin=1.00e0 span-3 entity=Face#30 | Classification [0.0000, 0.0000, 0.0000] → Select Target:Face#30 Outside for Subtraction → Keep
  [decision-1031] [deterministic] Exact margin=1.00e0 span-3 entity=Face#31 | Classification [0.0000, 0.0000, 0.0000] → Select Target:Face#31 Outside for Subtraction → Keep
  [decision-1032] [deterministic] Exact margin=1.00e0 span-3 entity=Face#32 | Classification [0.0000, 0.0000, 0.0000] → Select Target:Face#32 Outside for Subtraction → Keep
  [decision-1033] [deterministic] Exact margin=1.00e0 span-3 entity=Face#33 | Classification [0.0000, 0.0000, 0.0000] → Select Target:Face#33 Outside for Subtraction → Keep
  [decision-1000] [deterministic] Exact margin=1.00e0 span-3 entity=Face#0 | Classification [0.0000, 0.0000, 0.0000] → Select Tool:Face#0 Inside for Subtraction → Keep
  [decision-1001] [deterministic] Exact margin=1.00e0 span-3 entity=Face#1 | Classification [0.0000, 0.0000, 0.0000] → Select Tool:Face#1 Inside for Subtraction → Keep
  [decision-1002] [deterministic] Exact margin=1.00e0 span-3 entity=Face#2 | Classification [0.0000, 0.0000, 0.0000] → Select Tool:Face#2 Inside for Subtraction → Keep
  [decision-1003] [deterministic] Exact margin=1.00e0 span-3 entity=Face#3 | Classification [0.0000, 0.0000, 0.0000] → Select Tool:Face#3 Inside for Subtraction → Keep
  [decision-1004] [deterministic] Exact margin=1.00e0 span-3 entity=Face#4 | Classification [0.0000, 0.0000, 0.0000] → Select Tool:Face#4 OnBoundary for Subtraction → Drop
  [decision-1005] [deterministic] Exact margin=1.00e0 span-3 entity=Face#5 | Classification [0.0000, 0.0000, 0.0000] → Select Tool:Face#5 Inside for Subtraction → Keep
  [decision-0] [deterministic] Exact margin=1.00e0 span-4 entity=HalfEdge#0 | Degeneracy: Stitched HalfEdgeId(0:gen0) <-> HalfEdgeId(128:gen0)
  [decision-1] [deterministic] Exact margin=1.00e0 span-4 entity=HalfEdge#1 | Degeneracy: Stitched HalfEdgeId(1:gen0) <-> HalfEdgeId(123:gen0)
  [decision-2] [deterministic] Exact margin=1.00e0 span-4 entity=HalfEdge#2 | Degeneracy: Stitched HalfEdgeId(2:gen0) <-> HalfEdgeId(53:gen0)
  [decision-3] [deterministic] Exact margin=1.00e0 span-4 entity=HalfEdge#3 | Degeneracy: Stitched HalfEdgeId(3:gen0) <-> HalfEdgeId(133:gen0)
  [decision-4] [deterministic] Exact margin=1.00e0 span-4 entity=HalfEdge#4 | Degeneracy: Stitched HalfEdgeId(4:gen0) <-> HalfEdgeId(104:gen0)
  [decision-5] [deterministic] Exact margin=1.00e0 span-4 entity=HalfEdge#5 | Degeneracy: Stitched HalfEdgeId(5:gen0) <-> HalfEdgeId(87:gen0)
  [decision-6] [deterministic] Exact margin=1.00e0 span-4 entity=HalfEdge#6 | Degeneracy: Stitched HalfEdgeId(6:gen0) <-> HalfEdgeId(26:gen0)
  [decision-7] [deterministic] Exact margin=1.00e0 span-4 entity=HalfEdge#7 | Degeneracy: Stitched HalfEdgeId(7:gen0) <-> HalfEdgeId(101:gen0)
  [decision-8] [deterministic] Exact margin=1.00e0 span-4 entity=HalfEdge#8 | Degeneracy: Stitched HalfEdgeId(8:gen0) <-> HalfEdgeId(88:gen0)
  [decision-9] [deterministic] Exact margin=1.00e0 span-4 entity=HalfEdge#9 | Degeneracy: Stitched HalfEdgeId(9:gen0) <-> HalfEdgeId(83:gen0)
  [decision-10] [deterministic] Exact margin=1.00e0 span-4 entity=HalfEdge#10 | Degeneracy: Stitched HalfEdgeId(10:gen0) <-> HalfEdgeId(28:gen0)
  [decision-11] [deterministic] Exact margin=1.00e0 span-4 entity=HalfEdge#11 | Degeneracy: Stitched HalfEdgeId(11:gen0) <-> HalfEdgeId(85:gen0)
  [decision-12] [deterministic] Exact margin=1.00e0 span-4 entity=HalfEdge#12 | Degeneracy: Stitched HalfEdgeId(12:gen0) <-> HalfEdgeId(68:gen0)
  [decision-13] [deterministic] Exact margin=1.00e0 span-4 entity=HalfEdge#13 | Degeneracy: Stitched HalfEdgeId(13:gen0) <-> HalfEdgeId(63:gen0)
  [decision-14] [deterministic] Exact margin=1.00e0 span-4 entity=HalfEdge#14 | Degeneracy: Stitched HalfEdgeId(14:gen0) <-> HalfEdgeId(50:gen0)
  [decision-15] [deterministic] Exact margin=1.00e0 span-4 entity=HalfEdge#15 | Degeneracy: Stitched HalfEdgeId(15:gen0) <-> HalfEdgeId(65:gen0)
  [decision-16] [deterministic] Exact margin=1.00e0 span-4 entity=HalfEdge#16 | Degeneracy: Stitched HalfEdgeId(16:gen0) <-> HalfEdgeId(42:gen0)
  [decision-17] [deterministic] Exact margin=1.00e0 span-4 entity=HalfEdge#17 | Degeneracy: Stitched HalfEdgeId(17:gen0) <-> HalfEdgeId(39:gen0)
  [decision-18] [deterministic] Exact margin=1.00e0 span-4 entity=HalfEdge#18 | Degeneracy: Stitched HalfEdgeId(18:gen0) <-> HalfEdgeId(94:gen0)
  [decision-19] [deterministic] Exact margin=1.00e0 span-4 entity=HalfEdge#19 | Degeneracy: Stitched HalfEdgeId(19:gen0) <-> HalfEdgeId(106:gen0)
  [decision-20] [deterministic] Exact margin=1.00e0 span-4 entity=HalfEdge#20 | Degeneracy: Stitched HalfEdgeId(20:gen0) <-> HalfEdgeId(126:gen0)
  [decision-21] [deterministic] Exact margin=1.00e0 span-4 entity=HalfEdge#21 | Degeneracy: Stitched HalfEdgeId(21:gen0) <-> HalfEdgeId(78:gen0)
  [decision-22] [deterministic] Exact margin=1.00e0 span-4 entity=HalfEdge#22 | Degeneracy: Stitched HalfEdgeId(22:gen0) <-> HalfEdgeId(70:gen0)
  [decision-23] [deterministic] Exact margin=1.00e0 span-4 entity=HalfEdge#23 | Degeneracy: Stitched HalfEdgeId(23:gen0) <-> HalfEdgeId(74:gen0)
  [decision-24] [deterministic] Exact margin=1.00e0 span-4 entity=HalfEdge#24 | Degeneracy: Stitched HalfEdgeId(24:gen0) <-> HalfEdgeId(118:gen0)
  [decision-25] [deterministic] Exact margin=1.00e0 span-4 entity=HalfEdge#25 | Degeneracy: Stitched HalfEdgeId(25:gen0) <-> HalfEdgeId(102:gen0)
  [decision-27] [deterministic] Exact margin=1.00e0 span-4 entity=HalfEdge#27 | Degeneracy: Stitched HalfEdgeId(27:gen0) <-> HalfEdgeId(86:gen0)
  [decision-29] [deterministic] Exact margin=1.00e0 span-4 entity=HalfEdge#29 | Degeneracy: Stitched HalfEdgeId(29:gen0) <-> HalfEdgeId(82:gen0)
  [decision-30] [deterministic] Exact margin=1.00e0 span-4 entity=HalfEdge#30 | Degeneracy: Stitched HalfEdgeId(30:gen0) <-> HalfEdgeId(138:gen0)
  [decision-31] [deterministic] Exact margin=1.00e0 span-4 entity=HalfEdge#31 | Degeneracy: Stitched HalfEdgeId(31:gen0) <-> HalfEdgeId(130:gen0)
  [decision-32] [deterministic] Exact margin=1.00e0 span-4 entity=HalfEdge#32 | Degeneracy: Stitched HalfEdgeId(32:gen0) <-> HalfEdgeId(54:gen0)
  [decision-33] [deterministic] Exact margin=1.00e0 span-4 entity=HalfEdge#33 | Degeneracy: Stitched HalfEdgeId(33:gen0) <-> HalfEdgeId(122:gen0)
  [decision-34] [deterministic] Exact margin=1.00e0 span-4 entity=HalfEdge#34 | Degeneracy: Stitched HalfEdgeId(34:gen0) <-> HalfEdgeId(98:gen0)
  [decision-35] [deterministic] Exact margin=1.00e0 span-4 entity=HalfEdge#35 | Degeneracy: Stitched HalfEdgeId(35:gen0) <-> HalfEdgeId(37:gen0)
  [decision-36] [deterministic] Exact margin=1.00e0 span-4 entity=HalfEdge#36 | Degeneracy: Stitched HalfEdgeId(36:gen0) <-> HalfEdgeId(149:gen0)
  [decision-38] [deterministic] Exact margin=1.00e0 span-4 entity=HalfEdge#38 | Degeneracy: Stitched HalfEdgeId(38:gen0) <-> HalfEdgeId(90:gen0)
  [decision-40] [deterministic] Exact margin=1.00e0 span-4 entity=HalfEdge#40 | Degeneracy: Stitched HalfEdgeId(40:gen0) <-> HalfEdgeId(44:gen0)
  [decision-41] [deterministic] Exact margin=1.00e0 span-4 entity=HalfEdge#41 | Degeneracy: Stitched HalfEdgeId(41:gen0) <-> HalfEdgeId(147:gen0)
  [decision-43] [deterministic] Exact margin=1.00e0 span-4 entity=HalfEdge#43 | Degeneracy: Stitched HalfEdgeId(43:gen0) <-> HalfEdgeId(114:gen0)
  [decision-45] [deterministic] Exact margin=1.00e0 span-4 entity=HalfEdge#45 | Degeneracy: Stitched HalfEdgeId(45:gen0) <-> HalfEdgeId(110:gen0)
  [decision-46] [deterministic] Exact margin=1.00e0 span-4 entity=HalfEdge#46 | Degeneracy: Stitched HalfEdgeId(46:gen0) <-> HalfEdgeId(66:gen0)
  [decision-47] [deterministic] Exact margin=1.00e0 span-4 entity=HalfEdge#47 | Degeneracy: Stitched HalfEdgeId(47:gen0) <-> HalfEdgeId(49:gen0)
  [decision-48] [deterministic] Exact margin=1.00e0 span-4 entity=HalfEdge#48 | Degeneracy: Stitched HalfEdgeId(48:gen0) <-> HalfEdgeId(155:gen0)
  [decision-51] [deterministic] Exact margin=1.00e0 span-4 entity=HalfEdge#51 | Degeneracy: Stitched HalfEdgeId(51:gen0) <-> HalfEdgeId(57:gen0)
  [decision-52] [deterministic] Exact margin=1.00e0 span-4 entity=HalfEdge#52 | Degeneracy: Stitched HalfEdgeId(52:gen0) <-> HalfEdgeId(56:gen0)
  [decision-55] [deterministic] Exact margin=1.00e0 span-4 entity=HalfEdge#55 | Degeneracy: Stitched HalfEdgeId(55:gen0) <-> HalfEdgeId(143:gen0)
  [decision-58] [deterministic] Exact margin=1.00e0 span-4 entity=HalfEdge#58 | Degeneracy: Stitched HalfEdgeId(58:gen0) <-> HalfEdgeId(62:gen0)
  [decision-59] [deterministic] Exact margin=1.00e0 span-4 entity=HalfEdge#59 | Degeneracy: Stitched HalfEdgeId(59:gen0) <-> HalfEdgeId(134:gen0)
  [decision-60] [deterministic] Exact margin=1.00e0 span-4 entity=HalfEdge#60 | Degeneracy: Stitched HalfEdgeId(60:gen0) <-> HalfEdgeId(76:gen0)
  [decision-61] [deterministic] Exact margin=1.00e0 span-4 entity=HalfEdge#61 | Degeneracy: Stitched HalfEdgeId(61:gen0) <-> HalfEdgeId(135:gen0)
  [decision-64] [deterministic] Exact margin=1.00e0 span-4 entity=HalfEdge#64 | Degeneracy: Stitched HalfEdgeId(64:gen0) <-> HalfEdgeId(72:gen0)
  [decision-67] [deterministic] Exact margin=1.00e0 span-4 entity=HalfEdge#67 | Degeneracy: Stitched HalfEdgeId(67:gen0) <-> HalfEdgeId(109:gen0)
  [decision-69] [deterministic] Exact margin=1.00e0 span-4 entity=HalfEdge#69 | Degeneracy: Stitched HalfEdgeId(69:gen0) <-> HalfEdgeId(75:gen0)
  [decision-71] [deterministic] Exact margin=1.00e0 span-4 entity=HalfEdge#71 | Degeneracy: Stitched HalfEdgeId(71:gen0) <-> HalfEdgeId(77:gen0)
  [decision-73] [deterministic] Exact margin=1.00e0 span-4 entity=HalfEdge#73 | Degeneracy: Stitched HalfEdgeId(73:gen0) <-> HalfEdgeId(119:gen0)
  [decision-79] [deterministic] Exact margin=1.00e0 span-4 entity=HalfEdge#79 | Degeneracy: Stitched HalfEdgeId(79:gen0) <-> HalfEdgeId(125:gen0)
  [decision-80] [deterministic] Exact margin=1.00e0 span-4 entity=HalfEdge#80 | Degeneracy: Stitched HalfEdgeId(80:gen0) <-> HalfEdgeId(96:gen0)
  [decision-81] [deterministic] Exact margin=1.00e0 span-4 entity=HalfEdge#81 | Degeneracy: Stitched HalfEdgeId(81:gen0) <-> HalfEdgeId(139:gen0)
  [decision-84] [deterministic] Exact margin=1.00e0 span-4 entity=HalfEdge#84 | Degeneracy: Stitched HalfEdgeId(84:gen0) <-> HalfEdgeId(92:gen0)
  [decision-89] [deterministic] Exact margin=1.00e0 span-4 entity=HalfEdge#89 | Degeneracy: Stitched HalfEdgeId(89:gen0) <-> HalfEdgeId(95:gen0)
  [decision-91] [deterministic] Exact margin=1.00e0 span-4 entity=HalfEdge#91 | Degeneracy: Stitched HalfEdgeId(91:gen0) <-> HalfEdgeId(97:gen0)
  [decision-93] [deterministic] Exact margin=1.00e0 span-4 entity=HalfEdge#93 | Degeneracy: Stitched HalfEdgeId(93:gen0) <-> HalfEdgeId(107:gen0)
  [decision-99] [deterministic] Exact margin=1.00e0 span-4 entity=HalfEdge#99 | Degeneracy: Stitched HalfEdgeId(99:gen0) <-> HalfEdgeId(121:gen0)
  [decision-100] [deterministic] Exact margin=1.00e0 span-4 entity=HalfEdge#100 | Degeneracy: Stitched HalfEdgeId(100:gen0) <-> HalfEdgeId(112:gen0)
  [decision-103] [deterministic] Exact margin=1.00e0 span-4 entity=HalfEdge#103 | Degeneracy: Stitched HalfEdgeId(103:gen0) <-> HalfEdgeId(117:gen0)
  [decision-105] [deterministic] Exact margin=1.00e0 span-4 entity=HalfEdge#105 | Degeneracy: Stitched HalfEdgeId(105:gen0) <-> HalfEdgeId(115:gen0)
  [decision-108] [deterministic] Exact margin=1.00e0 span-4 entity=HalfEdge#108 | Degeneracy: Stitched HalfEdgeId(108:gen0) <-> HalfEdgeId(116:gen0)
  [decision-111] [deterministic] Exact margin=1.00e0 span-4 entity=HalfEdge#111 | Degeneracy: Stitched HalfEdgeId(111:gen0) <-> HalfEdgeId(113:gen0)
  [decision-120] [deterministic] Exact margin=1.00e0 span-4 entity=HalfEdge#120 | Degeneracy: Stitched HalfEdgeId(120:gen0) <-> HalfEdgeId(136:gen0)
  [decision-124] [deterministic] Exact margin=1.00e0 span-4 entity=HalfEdge#124 | Degeneracy: Stitched HalfEdgeId(124:gen0) <-> HalfEdgeId(132:gen0)
  [decision-127] [deterministic] Exact margin=1.00e0 span-4 entity=HalfEdge#127 | Degeneracy: Stitched HalfEdgeId(127:gen0) <-> HalfEdgeId(129:gen0)
  [decision-131] [deterministic] Exact margin=1.00e0 span-4 entity=HalfEdge#131 | Degeneracy: Stitched HalfEdgeId(131:gen0) <-> HalfEdgeId(137:gen0)
  [decision-140] [deterministic] Exact margin=1.00e0 span-4 entity=HalfEdge#140 | Degeneracy: Stitched HalfEdgeId(140:gen0) <-> HalfEdgeId(148:gen0)
  [decision-141] [deterministic] Exact margin=1.00e0 span-4 entity=HalfEdge#141 | Degeneracy: Stitched HalfEdgeId(141:gen0) <-> HalfEdgeId(158:gen0)
  [decision-142] [deterministic] Exact margin=1.00e0 span-4 entity=HalfEdge#142 | Degeneracy: Stitched HalfEdgeId(142:gen0) <-> HalfEdgeId(152:gen0)
  [decision-144] [deterministic] Exact margin=1.00e0 span-4 entity=HalfEdge#144 | Degeneracy: Stitched HalfEdgeId(144:gen0) <-> HalfEdgeId(154:gen0)
  [decision-145] [deterministic] Exact margin=1.00e0 span-4 entity=HalfEdge#145 | Degeneracy: Stitched HalfEdgeId(145:gen0) <-> HalfEdgeId(156:gen0)
  [decision-146] [deterministic] Exact margin=1.00e0 span-4 entity=HalfEdge#146 | Degeneracy: Stitched HalfEdgeId(146:gen0) <-> HalfEdgeId(150:gen0)
  [decision-151] [deterministic] Exact margin=1.00e0 span-4 entity=HalfEdge#151 | Degeneracy: Stitched HalfEdgeId(151:gen0) <-> HalfEdgeId(159:gen0)
  [decision-153] [deterministic] Exact margin=1.00e0 span-4 entity=HalfEdge#153 | Degeneracy: Stitched HalfEdgeId(153:gen0) <-> HalfEdgeId(157:gen0)

[pipeline] replay:   5 entries, hashes chain-valid ✓
[pipeline] lineage:  242 entities tracked, 242 created, 0 deleted
[split] BVH pairs: 32, supplemented: 31, target faces with cuts: 19, tool faces with cuts: 6
[provenance] 36 vertices implicit (32 from symbolic planes), 8 fallback
[cut-diag] Face#37 by plane#12: 1 cut_points found, 1 unique after dedup
  [cut-diag]   resolved[0]: vid=VertexId(45:gen0) pos=[-3.600000,0.500000,4.000000]
[cut-diag] Face#38 by plane#12: 1 cut_points found, 1 unique after dedup
  [cut-diag]   resolved[0]: vid=VertexId(44:gen0) pos=[-3.600000,-0.500000,4.000000]
[cut-diag] Face#36 by plane#4: 1 cut_points found, 1 unique after dedup
  [cut-diag]   resolved[0]: vid=VertexId(34:gen0) pos=[-3.500000,-0.500000,5.000000]
[cut-diag] Face#36 by plane#12: 1 cut_points found, 1 unique after dedup
  [cut-diag]   resolved[0]: vid=VertexId(46:gen0) pos=[-3.600000,-0.500000,5.000000]
[cut-diag] Face#39 by plane#12: 1 cut_points found, 1 unique after dedup
  [cut-diag]   resolved[0]: vid=VertexId(44:gen0) pos=[-3.600000,-0.500000,4.000000]
[cut-diag] Face#35 by plane#4: 1 cut_points found, 1 unique after dedup
  [cut-diag]   resolved[0]: vid=VertexId(17:gen0) pos=[-4.500000,0.500000,5.000000]
[cut-diag] Face#35 by plane#12: 1 cut_points found, 1 unique after dedup
  [cut-diag]   resolved[0]: vid=VertexId(45:gen0) pos=[-3.600000,0.500000,4.000000]
[cut-diag] Face#40 by plane#12: 1 cut_points found, 1 unique after dedup
  [cut-diag]   resolved[0]: vid=VertexId(47:gen0) pos=[-3.600000,0.500000,5.000000]
[trace-cut] Face34 Edge vVertexId(32:gen0)->vVertexId(42:gen0): 
  vO pos=[-4.500,-0.500,5.000] sign=Zero
  vD pos=[-4.500,-0.500,4.000] sign=Neg
[trace-cut] Face34 Edge vVertexId(42:gen0)->vVertexId(43:gen0): 
  vO pos=[-4.500,-0.500,4.000] sign=Neg
  vD pos=[-4.500,0.500,4.000] sign=Neg
[trace-cut] Face34 Edge vVertexId(43:gen0)->vVertexId(17:gen0): 
  vO pos=[-4.500,0.500,4.000] sign=Neg
  vD pos=[-4.500,0.500,5.000] sign=Zero
[trace-cut] Face34 Edge vVertexId(17:gen0)->vVertexId(32:gen0): 
  vO pos=[-4.500,0.500,5.000] sign=Zero
  vD pos=[-4.500,-0.500,5.000] sign=Zero
[trace-cut] Face34 total cut points found: 1
[cut-diag] Face#34 by plane#4: 1 cut_points found, 1 unique after dedup
  [cut-diag]   resolved[0]: vid=VertexId(32:gen0) pos=[-4.500000,-0.500000,5.000000]
[cut-diag] Face#33 by plane#4: 1 cut_points found, 1 unique after dedup
  [cut-diag]   resolved[0]: vid=VertexId(28:gen0) pos=[-3.500000,0.500000,5.000000]
[cut-diag] Face#31 by plane#4: 1 cut_points found, 1 unique after dedup
  [cut-diag]   resolved[0]: vid=VertexId(35:gen0) pos=[5.000000,-5.000000,5.000000]
[cut-diag] Face#28 by plane#4: 1 cut_points found, 1 unique after dedup
  [cut-diag]   resolved[0]: vid=VertexId(2:gen0) pos=[5.000000,0.500000,5.000000]
[cut-diag] Face#22 by plane#4: 1 cut_points found, 1 unique after dedup
  [cut-diag]   resolved[0]: vid=VertexId(29:gen0) pos=[5.000000,5.000000,5.000000]
[cut-diag] Face#20 by plane#4: 1 cut_points found, 1 unique after dedup
  [cut-diag]   resolved[0]: vid=VertexId(30:gen0) pos=[-3.500000,5.000000,5.000000]
[cut-diag] Face#13 by plane#4: 1 cut_points found, 1 unique after dedup
  [cut-diag]   resolved[0]: vid=VertexId(14:gen0) pos=[-3.500000,-5.000000,5.000000]
[cut-diag] Face#10 by plane#12: 1 cut_points found, 1 unique after dedup
  [cut-diag]   resolved[0]: vid=VertexId(46:gen0) pos=[-3.600000,-0.500000,5.000000]
[cut-diag] Face#41 by plane#12: 1 cut_points found, 1 unique after dedup
  [cut-diag]   resolved[0]: vid=VertexId(48:gen0) pos=[-3.600000,-5.000000,5.000000]
[cut-diag] Face#7 by plane#12: 1 cut_points found, 1 unique after dedup
  [cut-diag]   resolved[0]: vid=VertexId(49:gen0) pos=[-3.600000,5.000000,5.000000]
[cut-diag] Face#42 by plane#12: 1 cut_points found, 1 unique after dedup
  [cut-diag]   resolved[0]: vid=VertexId(47:gen0) pos=[-3.600000,0.500000,5.000000]
[cut-diag] Face#3 by plane#4: 1 cut_points found, 1 unique after dedup
  [cut-diag]   resolved[0]: vid=VertexId(15:gen0) pos=[-4.500000,-5.000000,5.000000]
[cut-diag] Face#0 by plane#4: 1 cut_points found, 1 unique after dedup
  [cut-diag]   resolved[0]: vid=VertexId(3:gen0) pos=[5.000000,-0.500000,5.000000]
[cut-diag] Face#37 by plane#12: 1 cut_points found, 1 unique after dedup
  [cut-diag]   resolved[0]: vid=VertexId(45:gen0) pos=[-3.600000,0.500000,4.000000]
[cut-diag] Face#38 by plane#12: 1 cut_points found, 1 unique after dedup
  [cut-diag]   resolved[0]: vid=VertexId(44:gen0) pos=[-3.600000,-0.500000,4.000000]
[cut-diag] Face#36 by plane#12: 1 cut_points found, 1 unique after dedup
  [cut-diag]   resolved[0]: vid=VertexId(46:gen0) pos=[-3.600000,-0.500000,5.000000]
[cut-diag] Face#39 by plane#12: 1 cut_points found, 1 unique after dedup
  [cut-diag]   resolved[0]: vid=VertexId(44:gen0) pos=[-3.600000,-0.500000,4.000000]
[cut-diag] Face#35 by plane#12: 1 cut_points found, 1 unique after dedup
  [cut-diag]   resolved[0]: vid=VertexId(45:gen0) pos=[-3.600000,0.500000,4.000000]
[cut-diag] Face#40 by plane#12: 1 cut_points found, 1 unique after dedup
  [cut-diag]   resolved[0]: vid=VertexId(47:gen0) pos=[-3.600000,0.500000,5.000000]
[trace-cut] Face34 Edge vVertexId(32:gen0)->vVertexId(42:gen0): 
  vO pos=[-4.500,-0.500,5.000] sign=Zero
  vD pos=[-4.500,-0.500,4.000] sign=Neg
[trace-cut] Face34 Edge vVertexId(42:gen0)->vVertexId(43:gen0): 
  vO pos=[-4.500,-0.500,4.000] sign=Neg
  vD pos=[-4.500,0.500,4.000] sign=Neg
[trace-cut] Face34 Edge vVertexId(43:gen0)->vVertexId(17:gen0): 
  vO pos=[-4.500,0.500,4.000] sign=Neg
  vD pos=[-4.500,0.500,5.000] sign=Zero
[trace-cut] Face34 Edge vVertexId(17:gen0)->vVertexId(32:gen0): 
  vO pos=[-4.500,0.500,5.000] sign=Zero
  vD pos=[-4.500,-0.500,5.000] sign=Zero
[trace-cut] Face34 total cut points found: 1
[cut-diag] Face#34 by plane#4: 1 cut_points found, 1 unique after dedup
  [cut-diag]   resolved[0]: vid=VertexId(32:gen0) pos=[-4.500000,-0.500000,5.000000]
[cut-diag] Face#33 by plane#4: 1 cut_points found, 1 unique after dedup
  [cut-diag]   resolved[0]: vid=VertexId(28:gen0) pos=[-3.500000,0.500000,5.000000]
[cut-diag] Face#31 by plane#4: 1 cut_points found, 1 unique after dedup
  [cut-diag]   resolved[0]: vid=VertexId(35:gen0) pos=[5.000000,-5.000000,5.000000]
[cut-diag] Face#28 by plane#4: 1 cut_points found, 1 unique after dedup
  [cut-diag]   resolved[0]: vid=VertexId(2:gen0) pos=[5.000000,0.500000,5.000000]
[cut-diag] Face#22 by plane#4: 1 cut_points found, 1 unique after dedup
  [cut-diag]   resolved[0]: vid=VertexId(29:gen0) pos=[5.000000,5.000000,5.000000]
[cut-diag] Face#20 by plane#4: 1 cut_points found, 1 unique after dedup
  [cut-diag]   resolved[0]: vid=VertexId(30:gen0) pos=[-3.500000,5.000000,5.000000]
[cut-diag] Face#13 by plane#4: 1 cut_points found, 1 unique after dedup
  [cut-diag]   resolved[0]: vid=VertexId(14:gen0) pos=[-3.500000,-5.000000,5.000000]
[cut-diag] Face#10 by plane#12: 1 cut_points found, 1 unique after dedup
  [cut-diag]   resolved[0]: vid=VertexId(46:gen0) pos=[-3.600000,-0.500000,5.000000]
[cut-diag] Face#41 by plane#12: 1 cut_points found, 1 unique after dedup
  [cut-diag]   resolved[0]: vid=VertexId(48:gen0) pos=[-3.600000,-5.000000,5.000000]
[cut-diag] Face#7 by plane#12: 1 cut_points found, 1 unique after dedup
  [cut-diag]   resolved[0]: vid=VertexId(49:gen0) pos=[-3.600000,5.000000,5.000000]
[cut-diag] Face#42 by plane#12: 1 cut_points found, 1 unique after dedup
  [cut-diag]   resolved[0]: vid=VertexId(47:gen0) pos=[-3.600000,0.500000,5.000000]
[cut-diag] Face#3 by plane#4: 1 cut_points found, 1 unique after dedup
  [cut-diag]   resolved[0]: vid=VertexId(15:gen0) pos=[-4.500000,-5.000000,5.000000]
[cut-diag] Face#0 by plane#4: 1 cut_points found, 1 unique after dedup
  [cut-diag]   resolved[0]: vid=VertexId(3:gen0) pos=[5.000000,-0.500000,5.000000]
[provenance] 8 vertices implicit (8 from symbolic planes), 0 fallback
[trace-bsp] Clipping BspPolygon by plane 8:
  [trace-bsp] v0 sign=Pos
  [trace-bsp] v1 sign=Pos
  [trace-bsp] v2 sign=Zero
  [trace-bsp] v3 sign=Zero
  [trace-bsp] has_pos=true, has_neg=false
[trace-bsp] Clipping BspPolygon by plane 8:
  [trace-bsp] v0 sign=Zero
  [trace-bsp] v1 sign=Zero
  [trace-bsp] v2 sign=Pos
  [trace-bsp] v3 sign=Pos
  [trace-bsp] has_pos=true, has_neg=false
[trace-bsp] Clipping BspPolygon by plane 0:
  [trace-bsp] v0 sign=Neg
  [trace-bsp] v1 sign=Neg
  [trace-bsp] v2 sign=Neg
  [trace-bsp] v3 sign=Neg
  [trace-bsp] has_pos=false, has_neg=true
[trace-bsp] Clipping BspPolygon by plane 8:
  [trace-bsp] v0 sign=Pos
  [trace-bsp] v1 sign=Pos
  [trace-bsp] v2 sign=Zero
  [trace-bsp] v3 sign=Zero
  [trace-bsp] has_pos=true, has_neg=false
[trace-bsp] Clipping BspPolygon by plane 8:
  [trace-bsp] v0 sign=Zero
  [trace-bsp] v1 sign=Pos
  [trace-bsp] v2 sign=Pos
  [trace-bsp] v3 sign=Zero
  [trace-bsp] has_pos=true, has_neg=false
[cut-diag] Face#5 by plane#6: 1 cut_points found, 1 unique after dedup
  [cut-diag]   resolved[0]: vid=VertexId(9:gen0) pos=[-3.500000,0.500000,4.000000]
[cut-diag] Face#6 by plane#6: 1 cut_points found, 1 unique after dedup
  [cut-diag]   resolved[0]: vid=VertexId(8:gen0) pos=[-3.500000,-0.500000,4.000000]
[cut-diag] Face#4 by plane#6: 1 cut_points found, 1 unique after dedup
  [cut-diag]   resolved[0]: vid=VertexId(11:gen0) pos=[-3.500000,0.500000,5.000000]
[cut-diag] Face#7 by plane#6: 1 cut_points found, 1 unique after dedup
  [cut-diag]   resolved[0]: vid=VertexId(10:gen0) pos=[-3.500000,-0.500000,5.000000]
[cut-diag] Face#3 by plane#4: 1 cut_points found, 1 unique after dedup
  [cut-diag]   resolved[0]: vid=VertexId(3:gen0) pos=[-3.600000,-0.500000,5.000000]
[cut-diag] Face#3 by plane#6: 1 cut_points found, 1 unique after dedup
  [cut-diag]   resolved[0]: vid=VertexId(10:gen0) pos=[-3.500000,-0.500000,5.000000]
[cut-diag] Face#8 by plane#6: 1 cut_points found, 1 unique after dedup
  [cut-diag]   resolved[0]: vid=VertexId(8:gen0) pos=[-3.500000,-0.500000,4.000000]
[cut-diag] Face#2 by plane#4: 1 cut_points found, 1 unique after dedup
  [cut-diag]   resolved[0]: vid=VertexId(1:gen0) pos=[-2.600000,0.500000,5.000000]
[cut-diag] Face#2 by plane#6: 1 cut_points found, 1 unique after dedup
  [cut-diag]   resolved[0]: vid=VertexId(9:gen0) pos=[-3.500000,0.500000,4.000000]
[cut-diag] Face#9 by plane#6: 1 cut_points found, 1 unique after dedup
  [cut-diag]   resolved[0]: vid=VertexId(11:gen0) pos=[-3.500000,0.500000,5.000000]
[cut-diag] Face#1 by plane#4: 1 cut_points found, 1 unique after dedup
  [cut-diag]   resolved[0]: vid=VertexId(2:gen0) pos=[-3.600000,0.500000,5.000000]
[cut-diag] Face#0 by plane#4: 1 cut_points found, 1 unique after dedup
  [cut-diag]   resolved[0]: vid=VertexId(0:gen0) pos=[-2.600000,-0.500000,5.000000]
[cut-diag] Face#5 by plane#6: 1 cut_points found, 1 unique after dedup
  [cut-diag]   resolved[0]: vid=VertexId(9:gen0) pos=[-3.500000,0.500000,4.000000]
[cut-diag] Face#6 by plane#6: 1 cut_points found, 1 unique after dedup
  [cut-diag]   resolved[0]: vid=VertexId(8:gen0) pos=[-3.500000,-0.500000,4.000000]
[cut-diag] Face#4 by plane#6: 1 cut_points found, 1 unique after dedup
  [cut-diag]   resolved[0]: vid=VertexId(11:gen0) pos=[-3.500000,0.500000,5.000000]
[cut-diag] Face#7 by plane#6: 1 cut_points found, 1 unique after dedup
  [cut-diag]   resolved[0]: vid=VertexId(10:gen0) pos=[-3.500000,-0.500000,5.000000]
[cut-diag] Face#3 by plane#6: 1 cut_points found, 1 unique after dedup
  [cut-diag]   resolved[0]: vid=VertexId(10:gen0) pos=[-3.500000,-0.500000,5.000000]
[cut-diag] Face#8 by plane#6: 1 cut_points found, 1 unique after dedup
  [cut-diag]   resolved[0]: vid=VertexId(8:gen0) pos=[-3.500000,-0.500000,4.000000]
[cut-diag] Face#2 by plane#6: 1 cut_points found, 1 unique after dedup
  [cut-diag]   resolved[0]: vid=VertexId(9:gen0) pos=[-3.500000,0.500000,4.000000]
[cut-diag] Face#9 by plane#6: 1 cut_points found, 1 unique after dedup
  [cut-diag]   resolved[0]: vid=VertexId(11:gen0) pos=[-3.500000,0.500000,5.000000]
[cut-diag] Face#1 by plane#4: 1 cut_points found, 1 unique after dedup
  [cut-diag]   resolved[0]: vid=VertexId(2:gen0) pos=[-3.600000,0.500000,5.000000]
[cut-diag] Face#0 by plane#4: 1 cut_points found, 1 unique after dedup
  [cut-diag]   resolved[0]: vid=VertexId(0:gen0) pos=[-2.600000,-0.500000,5.000000]
[reconcile] target cut-orphans: 2, tool cut-orphans: 0
[reconcile]   orphan NOT matched: pos=[-3.600000,-5.000000,5.000000] nearest_vtx_dist=4.50e0 nearest_edge_dist=4.50e0
[reconcile]   orphan NOT matched: pos=[-3.600000,5.000000,5.000000] nearest_vtx_dist=4.50e0 nearest_edge_dist=4.50e0
[reconcile]   2 orphans could not be matched to any edge or vertex
[reconcile] injected 0 target orphans into tool
[reconcile] injected 0 tool orphans into target
[pipeline] ❌ ERROR: Topology violation: Halfedge index 56 is missing its twin
[pipeline]   detail: [assemble] 16 halfedges remain unpaired after stitching
  HalfEdge#56 (Face#11)
    [deterministic] Exact margin=1.00e0 | Classification [0.0000, 0.0000, 0.0000] → Target:Face#11 → Outside
    [deterministic] Exact margin=1.00e0 | Classification [0.0000, 0.0000, 0.0000] → Select Target:Face#11 Outside for Subtraction → Keep
  2-ring: 11F 57HE 20V
    Face#0: n=[1.00,0.00,0.00] d=-5.00
    Face#6: n=[0.00,0.00,1.00] d=-5.00
    Face#11: n=[0.00,0.00,1.00] d=-5.00
    Face#12: n=[0.00,0.00,1.00] d=-5.00
    Face#13: n=[0.00,-1.00,0.00] d=-5.00
    Face#22: n=[0.00,1.00,0.00] d=-5.00
    Face#28: n=[1.00,0.00,0.00] d=-5.00
    Face#30: n=[1.00,0.00,0.00] d=-5.00
    Face#31: n=[1.00,0.00,0.00] d=-5.00
    Face#36: n=[0.00,0.00,1.00] d=-5.00
    Face#37: n=[0.00,0.00,1.00] d=-5.00
  HalfEdge#143 (Face#33)
    [deterministic] Exact margin=1.00e0 | Degeneracy: Face #33 1 resolved vertices after dedup (need >=2) (plane #4)
    [deterministic] Exact margin=1.00e0 | Degeneracy: Face #33 1 resolved vertices after dedup (need >=2) (plane #4)
    [deterministic] Exact margin=1.00e0 | Classification [0.0000, 0.0000, 0.0000] → Target:Face#33 → Inside
    [deterministic] Exact margin=1.00e0 | Classification [0.0000, 0.0000, 0.0000] → Select Target:Face#33 Inside for Subtraction → Drop
  2-ring: 9F 47HE 18V
    Face#4: n=[0.00,0.00,1.00] d=-5.00
    Face#7: n=[0.00,0.00,1.00] d=-5.00
    Face#8: n=[0.00,0.00,1.00] d=-5.00
    Face#9: n=[0.00,0.00,1.00] d=-5.00
    Face#10: n=[0.00,0.00,1.00] d=-5.00
    Face#26: n=[-1.00,0.00,0.00] d=-5.00
    Face#33: n=[1.00,-0.00,-0.00] d=4.50
    Face#34: n=[-0.00,1.00,-0.00] d=0.50
    Face#35: n=[-0.00,-1.00,-0.00] d=0.50
  HalfEdge#146 (Face#34)
    [deterministic] Exact margin=1.00e0 | Degeneracy: Face #34 1 resolved vertices after dedup (need >=2) (plane #4)
    [deterministic] Exact margin=1.00e0 | Degeneracy: Face #34 1 resolved vertices after dedup (need >=2) (plane #4)
    [deterministic] Exact margin=1.00e0 | Classification [0.0000, 0.0000, 0.0000] → Target:Face#34 → Outside
    [deterministic] Exact margin=1.00e0 | Classification [0.0000, 0.0000, 0.0000] → Select Target:Face#34 Outside for Subtraction → Keep
  2-ring: 8F 42HE 17V
    Face#3: n=[0.00,-1.00,0.00] d=-5.00
    Face#8: n=[0.00,0.00,1.00] d=-5.00
    Face#9: n=[0.00,0.00,1.00] d=-5.00
    Face#10: n=[0.00,0.00,1.00] d=-5.00
    Face#33: n=[1.00,-0.00,-0.00] d=4.50
    Face#34: n=[-0.00,1.00,-0.00] d=0.50
    Face#35: n=[-0.00,-1.00,-0.00] d=0.50
    Face#36: n=[0.00,0.00,1.00] d=-5.00
  HalfEdge#147 (Face#34)
    [deterministic] Exact margin=1.00e0 | Degeneracy: Face #34 1 resolved vertices after dedup (need >=2) (plane #4)
    [deterministic] Exact margin=1.00e0 | Degeneracy: Face #34 1 resolved vertices after dedup (need >=2) (plane #4)
    [deterministic] Exact margin=1.00e0 | Classification [0.0000, 0.0000, 0.0000] → Target:Face#34 → Outside
    [deterministic] Exact margin=1.00e0 | Classification [0.0000, 0.0000, 0.0000] → Select Target:Face#34 Outside for Subtraction → Keep
  2-ring: 8F 42HE 17V
    Face#3: n=[0.00,-1.00,0.00] d=-5.00
    Face#8: n=[0.00,0.00,1.00] d=-5.00
    Face#9: n=[0.00,0.00,1.00] d=-5.00
    Face#10: n=[0.00,0.00,1.00] d=-5.00
    Face#33: n=[1.00,-0.00,-0.00] d=4.50
    Face#34: n=[-0.00,1.00,-0.00] d=0.50
    Face#35: n=[-0.00,-1.00,-0.00] d=0.50
    Face#36: n=[0.00,0.00,1.00] d=-5.00
  HalfEdge#150 (Face#35)
    [deterministic] Exact margin=1.00e0 | Degeneracy: Face #35 1 resolved vertices after dedup (need >=2) (plane #4)
    [deterministic] PolicyApplied(CoincidentGeometry, default=true) margin=1.00e0 | Degeneracy: Split face #35 by plane #12 -> new face #40
    [deterministic] Exact margin=1.00e0 | Degeneracy: Split face FaceId(35:gen0) by plane 12 → 2 new faces
    [deterministic] Exact margin=1.00e0 | Degeneracy: Face #35 1 resolved vertices after dedup (need >=2) (plane #12)
    [deterministic] Exact margin=1.00e0 | Degeneracy: Face #35 1 resolved vertices after dedup (need >=2) (plane #12)
    [deterministic] Exact margin=1.00e0 | Classification [0.0000, 0.0000, 0.0000] → Target:Face#35 → OnBoundary(aligned)
    [deterministic] Exact margin=1.00e0 | Classification [0.0000, 0.0000, 0.0000] → Select Target:Face#35 OnBoundary for Subtraction → Drop
  2-ring: 8F 42HE 17V
    Face#4: n=[0.00,0.00,1.00] d=-5.00
    Face#7: n=[0.00,0.00,1.00] d=-5.00
    Face#8: n=[0.00,0.00,1.00] d=-5.00
    Face#20: n=[0.00,1.00,0.00] d=-5.00
    Face#33: n=[1.00,-0.00,-0.00] d=4.50
    Face#34: n=[-0.00,1.00,-0.00] d=0.50
    Face#35: n=[-0.00,-1.00,-0.00] d=0.50
    Face#37: n=[0.00,0.00,1.00] d=-5.00
  ... and 11 more

thread 'operations::boolean::brutality::deep_chains::minimal_overlapping_notches' (31862521) panicked at crates/forge-kernel/src/operations/boolean/brutality/deep_chains.rs:270:58:
Step 1 failed (overlapping notch): TopologyViolation { err: MissingTwin { halfedge_index: 56 }, context: Some(ErrorContext { scope: Global, suggested_fixes: [], detail: "[assemble] 16 halfedges remain unpaired after stitching\n  HalfEdge#56 (Face#11)\n    [deterministic] Exact margin=1.00e0 | Classification [0.0000, 0.0000, 0.0000] → Target:Face#11 → Outside\n    [deterministic] Exact margin=1.00e0 | Classification [0.0000, 0.0000, 0.0000] → Select Target:Face#11 Outside for Subtraction → Keep\n  2-ring: 11F 57HE 20V\n    Face#0: n=[1.00,0.00,0.00] d=-5.00\n    Face#6: n=[0.00,0.00,1.00] d=-5.00\n    Face#11: n=[0.00,0.00,1.00] d=-5.00\n    Face#12: n=[0.00,0.00,1.00] d=-5.00\n    Face#13: n=[0.00,-1.00,0.00] d=-5.00\n    Face#22: n=[0.00,1.00,0.00] d=-5.00\n    Face#28: n=[1.00,0.00,0.00] d=-5.00\n    Face#30: n=[1.00,0.00,0.00] d=-5.00\n    Face#31: n=[1.00,0.00,0.00] d=-5.00\n    Face#36: n=[0.00,0.00,1.00] d=-5.00\n    Face#37: n=[0.00,0.00,1.00] d=-5.00\n  HalfEdge#143 (Face#33)\n    [deterministic] Exact margin=1.00e0 | Degeneracy: Face #33 1 resolved vertices after dedup (need >=2) (plane #4)\n    [deterministic] Exact margin=1.00e0 | Degeneracy: Face #33 1 resolved vertices after dedup (need >=2) (plane #4)\n    [deterministic] Exact margin=1.00e0 | Classification [0.0000, 0.0000, 0.0000] → Target:Face#33 → Inside\n    [deterministic] Exact margin=1.00e0 | Classification [0.0000, 0.0000, 0.0000] → Select Target:Face#33 Inside for Subtraction → Drop\n  2-ring: 9F 47HE 18V\n    Face#4: n=[0.00,0.00,1.00] d=-5.00\n    Face#7: n=[0.00,0.00,1.00] d=-5.00\n    Face#8: n=[0.00,0.00,1.00] d=-5.00\n    Face#9: n=[0.00,0.00,1.00] d=-5.00\n    Face#10: n=[0.00,0.00,1.00] d=-5.00\n    Face#26: n=[-1.00,0.00,0.00] d=-5.00\n    Face#33: n=[1.00,-0.00,-0.00] d=4.50\n    Face#34: n=[-0.00,1.00,-0.00] d=0.50\n    Face#35: n=[-0.00,-1.00,-0.00] d=0.50\n  HalfEdge#146 (Face#34)\n    [deterministic] Exact margin=1.00e0 | Degeneracy: Face #34 1 resolved vertices after dedup (need >=2) (plane #4)\n    [deterministic] Exact margin=1.00e0 | Degeneracy: Face #34 1 resolved vertices after dedup (need >=2) (plane #4)\n    [deterministic] Exact margin=1.00e0 | Classification [0.0000, 0.0000, 0.0000] → Target:Face#34 → Outside\n    [deterministic] Exact margin=1.00e0 | Classification [0.0000, 0.0000, 0.0000] → Select Target:Face#34 Outside for Subtraction → Keep\n  2-ring: 8F 42HE 17V\n    Face#3: n=[0.00,-1.00,0.00] d=-5.00\n    Face#8: n=[0.00,0.00,1.00] d=-5.00\n    Face#9: n=[0.00,0.00,1.00] d=-5.00\n    Face#10: n=[0.00,0.00,1.00] d=-5.00\n    Face#33: n=[1.00,-0.00,-0.00] d=4.50\n    Face#34: n=[-0.00,1.00,-0.00] d=0.50\n    Face#35: n=[-0.00,-1.00,-0.00] d=0.50\n    Face#36: n=[0.00,0.00,1.00] d=-5.00\n  HalfEdge#147 (Face#34)\n    [deterministic] Exact margin=1.00e0 | Degeneracy: Face #34 1 resolved vertices after dedup (need >=2) (plane #4)\n    [deterministic] Exact margin=1.00e0 | Degeneracy: Face #34 1 resolved vertices after dedup (need >=2) (plane #4)\n    [deterministic] Exact margin=1.00e0 | Classification [0.0000, 0.0000, 0.0000] → Target:Face#34 → Outside\n    [deterministic] Exact margin=1.00e0 | Classification [0.0000, 0.0000, 0.0000] → Select Target:Face#34 Outside for Subtraction → Keep\n  2-ring: 8F 42HE 17V\n    Face#3: n=[0.00,-1.00,0.00] d=-5.00\n    Face#8: n=[0.00,0.00,1.00] d=-5.00\n    Face#9: n=[0.00,0.00,1.00] d=-5.00\n    Face#10: n=[0.00,0.00,1.00] d=-5.00\n    Face#33: n=[1.00,-0.00,-0.00] d=4.50\n    Face#34: n=[-0.00,1.00,-0.00] d=0.50\n    Face#35: n=[-0.00,-1.00,-0.00] d=0.50\n    Face#36: n=[0.00,0.00,1.00] d=-5.00\n  HalfEdge#150 (Face#35)\n    [deterministic] Exact margin=1.00e0 | Degeneracy: Face #35 1 resolved vertices after dedup (need >=2) (plane #4)\n    [deterministic] PolicyApplied(CoincidentGeometry, default=true) margin=1.00e0 | Degeneracy: Split face #35 by plane #12 -> new face #40\n    [deterministic] Exact margin=1.00e0 | Degeneracy: Split face FaceId(35:gen0) by plane 12 → 2 new faces\n    [deterministic] Exact margin=1.00e0 | Degeneracy: Face #35 1 resolved vertices after dedup (need >=2) (plane #12)\n    [deterministic] Exact margin=1.00e0 | Degeneracy: Face #35 1 resolved vertices after dedup (need >=2) (plane #12)\n    [deterministic] Exact margin=1.00e0 | Classification [0.0000, 0.0000, 0.0000] → Target:Face#35 → OnBoundary(aligned)\n    [deterministic] Exact margin=1.00e0 | Classification [0.0000, 0.0000, 0.0000] → Select Target:Face#35 OnBoundary for Subtraction → Drop\n  2-ring: 8F 42HE 17V\n    Face#4: n=[0.00,0.00,1.00] d=-5.00\n    Face#7: n=[0.00,0.00,1.00] d=-5.00\n    Face#8: n=[0.00,0.00,1.00] d=-5.00\n    Face#20: n=[0.00,1.00,0.00] d=-5.00\n    Face#33: n=[1.00,-0.00,-0.00] d=4.50\n    Face#34: n=[-0.00,1.00,-0.00] d=0.50\n    Face#35: n=[-0.00,-1.00,-0.00] d=0.50\n    Face#37: n=[0.00,0.00,1.00] d=-5.00\n  ... and 11 more" }) }
stack backtrace:
   0: __rustc::rust_begin_unwind
   1: core::panicking::panic_fmt
   2: core::result::unwrap_failed
   3: forge_kernel::operations::boolean::brutality::deep_chains::minimal_overlapping_notches
   4: core::ops::function::FnOnce::call_once
note: Some details are omitted, run with `RUST_BACKTRACE=full` for a verbose backtrace.
test operations::boolean::brutality::deep_chains::minimal_overlapping_notches ... FAILED

failures:

failures:
    operations::boolean::brutality::deep_chains::minimal_overlapping_notches

test result: FAILED. 0 passed; 1 failed; 0 ignored; 0 measured; 278 filtered out; finished in 0.03s

error: test failed, to rerun pass `-p forge-kernel --lib`
