phase,requirement,owner,production_boundary,world_identity,world_version,proof_kind,evidence_schema,baseline_digest,scenario_delta,generated_seed,authority_provenance,production_entry,independent_oracle,mutation_control,fault_injection_boundary,retained_failure_artifact,teardown_result,construction_cost,execution_cost,exact_command,matched_test_count,command_result,retained_result_artifact,source_revision,source_digest,source_state_digest,run_nonce,source_identity,font_profile_identity,font_profile_digest,native_profile_identity,native_profile_digest,platform_versions,structural_counters,presented_source_readback,client_area_observation,result,reopen_lineage,final_source,result_artifact_digest
1,P1-AFFINITY-01,worth-ui-runtime,initial delta unchanged affinity,mounted-presentation-world,1,runtime-model,worth-ui-ledger-evidence-v3,1500dfdd4dae40ae38aab3f951756d4d780b70792fea1d70c29e2917c9abca16,stale-predecessor,not-applicable,worth_ui_runtime::mounting::presentation,workspaces/worth-ui/crates/worth-ui-runtime/src/mounting/presentation/work_producer.rs::issue_successor,workspaces/worth-ui/crates/worth-ui-runtime/src/mounting/presentation/work_producer_tests.rs::one_replacement_carries_one_change_and_exact_predecessor_successor_damage,family=affinity;case=stale-predecessor,not-applicable,_docs/worth-ui/milestone-3.14.1-evidence/p1-affinity-01.json,not-applicable,main-tests=1;hostile-controls=0;product-processes=0;compile-sessions=0;courtroom-worlds=0,executed-tests=1;presentations=0,python scripts/ci/run_worth_ui_ledger_test.py --manifest-path workspaces/worth-ui/Cargo.toml --package worth-ui-runtime --lib --test-name mounting::presentation::work_producer_tests::one_replacement_carries_one_change_and_exact_predecessor_successor_damage --requirement P1-AFFINITY-01 --source workspaces/worth-ui/crates/worth-ui-runtime/src/mounting/presentation/work_producer.rs --source workspaces/worth-ui/crates/worth-ui-runtime/src/mounting/presentation/work_producer_tests.rs --artifact _docs/worth-ui/milestone-3.14.1-evidence/p1-affinity-01.json,1,passed,_docs/worth-ui/milestone-3.14.1-evidence/p1-affinity-01.json,9d5c7c0de252c0826f8685ac1dee7cbe19058e7f,a6a4d482804f2c6c0b73e931df71aa319e63645fa50b47c76c8233d4dbb88eb8,d01c98b246d960db60cf04024124c592d535668358467b2370ea884fac965ce8,7a17aa77c54b8bb1032c578dec70105a,workspaces/worth-ui/crates/worth-ui-runtime/src/mounting/presentation/work_producer.rs;workspaces/worth-ui/crates/worth-ui-runtime/src/mounting/presentation/work_producer_tests.rs,worth-ui-body-default-v1,6f140249866e6815e9284fe1c8c959a8bb1b8cab252cfbe8c7c397f9a7eb9b01,worth-ui-windows-dx12-v1,1c937a22f42660267480a055e48256b25decf0c4cd5d4d7b493e5df034c6c65b,protocol=4,work=3,not-applicable,not-applicable,PROVED,none,true,67369a30a1d0dfcf427161b7fc6058228a678e45ab72d9633dcb36fc59a9c07a
1,P1-AUTHORITY-01,worth-ui-runtime,native application preparation types,native-application-world,1,compile-runtime,worth-ui-ledger-evidence-v3,e9db3047b532fcefc7ed3d3d84e4d1cb092d50d3dd08f7590a2b24a4467e613d,public-construction,not-applicable,worth_ui_runtime::native_platform::application,workspaces/worth-ui/crates/worth-ui-runtime/src/native_platform/application.rs::complete,workspaces/worth-ui/crates/worth-ui-certification/tests/milestone_3141_phase1_topology/compile_contract_artifact.rs::phase_one_compile_contract_artifact_matches_every_executed_case,family=construction;case=public-construction,not-applicable,_docs/worth-ui/milestone-3.14.1-evidence/p1-authority-01.json,not-applicable,main-tests=1;hostile-controls=0;product-processes=0;compile-sessions=2;courtroom-worlds=0,executed-tests=1;presentations=0,python scripts/ci/run_worth_ui_ledger_test.py --manifest-path workspaces/worth-ui/Cargo.toml --package worth-ui-certification --test topology_contracts --test-name milestone_3141_phase1_topology::compile_contract_artifact::phase_one_compile_contract_artifact_matches_every_executed_case --requirement P1-AUTHORITY-01 --source workspaces/worth-ui/crates/worth-ui-runtime/src/native_platform/application.rs --source workspaces/worth-ui/crates/worth-ui-certification/tests/milestone_3141_phase1_topology/compile_contract_artifact.rs --source _docs/worth-ui/milestone-3.14.1-evidence/compile-contracts.json --source scripts/ci/run_worth_ui_compile_contracts.py --artifact _docs/worth-ui/milestone-3.14.1-evidence/p1-authority-01.json,1,passed,_docs/worth-ui/milestone-3.14.1-evidence/p1-authority-01.json,9d5c7c0de252c0826f8685ac1dee7cbe19058e7f,8a99c9c7f4dbc1fc83cc593880b37f35c41c7e343b7d4a652c7b197f8f5cd711,d01c98b246d960db60cf04024124c592d535668358467b2370ea884fac965ce8,b5dc9264cd2a21922bb8b2bd6692d138,workspaces/worth-ui/crates/worth-ui-runtime/src/native_platform/application.rs;workspaces/worth-ui/crates/worth-ui-certification/tests/milestone_3141_phase1_topology/compile_contract_artifact.rs;_docs/worth-ui/milestone-3.14.1-evidence/compile-contracts.json;scripts/ci/run_worth_ui_compile_contracts.py,worth-ui-body-default-v1,6f140249866e6815e9284fe1c8c959a8bb1b8cab252cfbe8c7c397f9a7eb9b01,worth-ui-windows-dx12-v1,1c937a22f42660267480a055e48256b25decf0c4cd5d4d7b493e5df034c6c65b,protocol=4,preparation=2,not-applicable,not-applicable,PROVED,none,true,11c044c02414469dccf0456db43cf8c51fed5fc701b0b741a07cad8ccf059974
1,P1-BACKEND-FEATURES-01,worth-ui-host-native,resolved native backend feature posture,host-retirement-topology-world,1,resolved-topology,worth-ui-ledger-evidence-v3,1c937a22f42660267480a055e48256b25decf0c4cd5d4d7b493e5df034c6c65b,vulkan-default,not-applicable,worth_ui_host_native::qualified_profile,workspaces/worth-ui/crates/worth-ui-host-native/src/qualification_tests/qualified_dependencies.rs::assert_qualified_dependencies,workspaces/worth-ui/crates/worth-ui-certification/tests/milestone_3141_phase1_topology/resolved_graphs.rs::default_all_feature_and_windows_resolved_graphs_are_exact_and_mutation_sensitive,family=backend-feature;case=vulkan-default,not-applicable,_docs/worth-ui/milestone-3.14.1-evidence/p1-backend-features-01.json,not-applicable,main-tests=1;hostile-controls=0;product-processes=0;compile-sessions=0;courtroom-worlds=0,executed-tests=1;presentations=0,python scripts/ci/run_worth_ui_ledger_test.py --manifest-path workspaces/worth-ui/Cargo.toml --package worth-ui-certification --test topology_contracts --test-name milestone_3141_phase1_topology::resolved_graphs::default_all_feature_and_windows_resolved_graphs_are_exact_and_mutation_sensitive --requirement P1-BACKEND-FEATURES-01 --source workspaces/worth-ui/crates/worth-ui-host-native/src/qualification_tests/qualified_dependencies.rs --source workspaces/worth-ui/crates/worth-ui-certification/tests/milestone_3141_phase1_topology/resolved_graphs.rs --artifact _docs/worth-ui/milestone-3.14.1-evidence/p1-backend-features-01.json,1,passed,_docs/worth-ui/milestone-3.14.1-evidence/p1-backend-features-01.json,9d5c7c0de252c0826f8685ac1dee7cbe19058e7f,9b30013db55d2f79159b186e5c4959c07195866267aa87893172c96297e4028f,d01c98b246d960db60cf04024124c592d535668358467b2370ea884fac965ce8,61976d000d94314985f06ae9dbb07778,workspaces/worth-ui/crates/worth-ui-host-native/src/qualification_tests/qualified_dependencies.rs;workspaces/worth-ui/crates/worth-ui-certification/tests/milestone_3141_phase1_topology/resolved_graphs.rs,worth-ui-body-default-v1,6f140249866e6815e9284fe1c8c959a8bb1b8cab252cfbe8c7c397f9a7eb9b01,worth-ui-windows-dx12-v1,1c937a22f42660267480a055e48256b25decf0c4cd5d4d7b493e5df034c6c65b,protocol=4,resolved-feature=1,not-applicable,not-applicable,PROVED,none,true,8a9313ac2149f87c5d0bb3dde538b2bbe6997fbb123458dfd05993c1cfe56e73
1,P1-BASELINE-01,worth-ui-runtime,transparent surface baseline,mounted-presentation-world,1,compile-runtime,worth-ui-ledger-evidence-v3,1500dfdd4dae40ae38aab3f951756d4d780b70792fea1d70c29e2917c9abca16,forged-known-empty,not-applicable,worth_ui_runtime::mounting::host_truth,workspaces/worth-ui/crates/worth-ui-runtime/src/mounting/presentation/coordinator/admission.rs::baseline_requirement_denial,workspaces/worth-ui/crates/worth-ui-runtime/src/mounting/presentation/coordinator/admission.rs::actual_baseline_registration_gates_the_presentation_admission_transition,family=baseline;case=forged-known-empty,not-applicable,_docs/worth-ui/milestone-3.14.1-evidence/p1-baseline-01.json,not-applicable,main-tests=1;hostile-controls=0;product-processes=0;compile-sessions=0;courtroom-worlds=0,executed-tests=1;presentations=0,python scripts/ci/run_worth_ui_ledger_test.py --manifest-path workspaces/worth-ui/Cargo.toml --package worth-ui-runtime --lib --test-name mounting::presentation::coordinator::admission::tests::actual_baseline_registration_gates_the_presentation_admission_transition --requirement P1-BASELINE-01 --source workspaces/worth-ui/crates/worth-ui-runtime/src/mounting/presentation/coordinator/admission.rs --artifact _docs/worth-ui/milestone-3.14.1-evidence/p1-baseline-01.json,1,passed,_docs/worth-ui/milestone-3.14.1-evidence/p1-baseline-01.json,9d5c7c0de252c0826f8685ac1dee7cbe19058e7f,f46bc8cd4701bcdfa36eca561d1d8b1a15f1362af157e7db6be09080e9b02d81,d01c98b246d960db60cf04024124c592d535668358467b2370ea884fac965ce8,0f852c089eb6366bef84a544fa4cc6fe,workspaces/worth-ui/crates/worth-ui-runtime/src/mounting/presentation/coordinator/admission.rs,worth-ui-body-default-v1,6f140249866e6815e9284fe1c8c959a8bb1b8cab252cfbe8c7c397f9a7eb9b01,worth-ui-windows-dx12-v1,1c937a22f42660267480a055e48256b25decf0c4cd5d4d7b493e5df034c6c65b,protocol=4,baseline=1,not-applicable,not-applicable,PROVED,none,true,4fa6303b3313a7f1ddd8b385b01ce32d07828eb1313e54234561782388e9e505
1,P1-CLOSE-01,worth-ui-certification,phase one final source closure,phase-one-ledger-world,1,ledger-closure,worth-ui-ledger-evidence-v3,d5e58e1dbd819fa299b1222c09b9aabcc0b81faf8225fb2ea043f8b0c96f8942,open-requirement,not-applicable,worth_ui_certification::phase_one_ledger,workspaces/worth-ui/crates/worth-ui-certification/tests/milestone_3141_phase1_ledger.rs::validate_phase_closure,workspaces/worth-ui/crates/worth-ui-certification/tests/milestone_3141_phase1_ledger.rs::phase_one_closure_prerequisites_are_final_source,family=ledger;case=open-requirement,not-applicable,_docs/worth-ui/milestone-3.14.1-evidence/p1-close-01.json,not-applicable,main-tests=1;hostile-controls=0;product-processes=0;compile-sessions=0;courtroom-worlds=0,executed-tests=1;presentations=0,python scripts/ci/run_worth_ui_ledger_test.py --manifest-path workspaces/worth-ui/Cargo.toml --package worth-ui-certification --test topology_contracts --test-name milestone_3141_phase1_ledger::phase_one_closure_prerequisites_are_final_source --requirement P1-CLOSE-01 --source workspaces/worth-ui/crates/worth-ui-certification/tests/milestone_3141_phase1_ledger.rs --artifact _docs/worth-ui/milestone-3.14.1-evidence/p1-close-01.json,1,passed,_docs/worth-ui/milestone-3.14.1-evidence/p1-close-01.json,9d5c7c0de252c0826f8685ac1dee7cbe19058e7f,22105de4feafbe8dd1de57da81762793ddd6d3c789e0b68593da0c77f544fdf2,d01c98b246d960db60cf04024124c592d535668358467b2370ea884fac965ce8,00e0340824f7769e3a19f3c381e16a7b,workspaces/worth-ui/crates/worth-ui-certification/tests/milestone_3141_phase1_ledger.rs,worth-ui-body-default-v1,6f140249866e6815e9284fe1c8c959a8bb1b8cab252cfbe8c7c397f9a7eb9b01,worth-ui-windows-dx12-v1,1c937a22f42660267480a055e48256b25decf0c4cd5d4d7b493e5df034c6c65b,protocol=4,requirements=20,not-applicable,not-applicable,PROVED,none,true,5093d61b55425ccdf1568ddf1b33d3f389e3d93779e8b2c1b38ef60f06702f84
1,P1-CONSUMERS-01,egui-headless-certification,revision 4 consumers,mounted-presentation-world,1,integration,worth-ui-ledger-evidence-v3,1500dfdd4dae40ae38aab3f951756d4d780b70792fea1d70c29e2917c9abca16,agreement-validation-bypass,not-applicable,worth_ui_runtime::host_composition,workspaces/worth-ui/crates/worth-ui-host-headless/src/headless_translation/static_paint.rs::validate_protocol,workspaces/worth-ui/crates/worth-ui-host-headless/src/headless_static_paint_tests.rs::validated_agreement_static_paint_consumes_and_mixed_contract_stops_before_consumer,family=validated-agreement;case=agreement-validation-bypass,not-applicable,_docs/worth-ui/milestone-3.14.1-evidence/p1-consumers-01.json,not-applicable,main-tests=1;hostile-controls=1;product-processes=0;compile-sessions=0;courtroom-worlds=0,executed-tests=2;presentations=0,python scripts/ci/run_worth_ui_ledger_test.py --manifest-path workspaces/worth-ui/Cargo.toml --package worth-ui-host-headless --lib --test-name headless_static_paint_tests::validated_agreement_static_paint_consumes_and_mixed_contract_stops_before_consumer --control-package worth-ui-host-egui --control-lib --control-test-name adapter::semantic_text::tests::validated_agreement_semantic_text_consumes_and_mixed_contract_stops_before_consumer --requirement P1-CONSUMERS-01 --source workspaces/worth-ui/crates/worth-ui-host-headless/src/headless_translation/static_paint.rs --source workspaces/worth-ui/crates/worth-ui-host-headless/src/headless_static_paint_tests.rs --source workspaces/worth-ui/crates/worth-ui-host-contract/src/mounted_frame/protocol.rs --source workspaces/worth-ui/crates/worth-ui-host-egui/src/adapter/native_paint.rs --source workspaces/worth-ui/crates/worth-ui-host-egui/src/adapter/semantic_text_tests.rs --artifact _docs/worth-ui/milestone-3.14.1-evidence/p1-consumers-01.json,1,passed,_docs/worth-ui/milestone-3.14.1-evidence/p1-consumers-01.json,9d5c7c0de252c0826f8685ac1dee7cbe19058e7f,daa77727a001f339511984d6635aa5b16e00e5672b867934032094047f7390a4,d01c98b246d960db60cf04024124c592d535668358467b2370ea884fac965ce8,7bce85895d1c5577159529af64e28ed4,workspaces/worth-ui/crates/worth-ui-host-headless/src/headless_translation/static_paint.rs;workspaces/worth-ui/crates/worth-ui-host-headless/src/headless_static_paint_tests.rs;workspaces/worth-ui/crates/worth-ui-host-contract/src/mounted_frame/protocol.rs;workspaces/worth-ui/crates/worth-ui-host-egui/src/adapter/native_paint.rs;workspaces/worth-ui/crates/worth-ui-host-egui/src/adapter/semantic_text_tests.rs,worth-ui-body-default-v1,6f140249866e6815e9284fe1c8c959a8bb1b8cab252cfbe8c7c397f9a7eb9b01,worth-ui-windows-dx12-v1,1c937a22f42660267480a055e48256b25decf0c4cd5d4d7b493e5df034c6c65b,protocol=4,consumer=2,not-applicable,not-applicable,PROVED,none,true,a14e421ab97c536471794b8d8aa66dbe45b97b1d9a9ee3882552bce68ae4f05b
1,P1-DAMAGE-01,worth-ui-runtime,runtime issued logical damage,mounted-presentation-world,1,runtime-model,worth-ui-ledger-evidence-v3,1500dfdd4dae40ae38aab3f951756d4d780b70792fea1d70c29e2917c9abca16,widened-damage,not-applicable,worth_ui_runtime::mounting::presentation,workspaces/worth-ui/crates/worth-ui-runtime/src/mounting/presentation/work_producer/delta_diff.rs::append_damage,workspaces/worth-ui/crates/worth-ui-runtime/src/mounting/presentation/work_producer_tests.rs::replacement_damage_is_clipped_to_predecessor_and_successor_visibility,family=damage;case=widened-damage,not-applicable,_docs/worth-ui/milestone-3.14.1-evidence/p1-damage-01.json,not-applicable,main-tests=1;hostile-controls=0;product-processes=0;compile-sessions=0;courtroom-worlds=0,executed-tests=1;presentations=0,python scripts/ci/run_worth_ui_ledger_test.py --manifest-path workspaces/worth-ui/Cargo.toml --package worth-ui-runtime --lib --test-name mounting::presentation::work_producer_tests::replacement_damage_is_clipped_to_predecessor_and_successor_visibility --requirement P1-DAMAGE-01 --source workspaces/worth-ui/crates/worth-ui-runtime/src/mounting/presentation/work_producer/delta_diff.rs --source workspaces/worth-ui/crates/worth-ui-runtime/src/mounting/presentation/work_producer_tests.rs --artifact _docs/worth-ui/milestone-3.14.1-evidence/p1-damage-01.json,1,passed,_docs/worth-ui/milestone-3.14.1-evidence/p1-damage-01.json,9d5c7c0de252c0826f8685ac1dee7cbe19058e7f,f22a150faffd444f50ff5c6e2c73b5e55e08d191714befb07660d2aaf2009b4d,d01c98b246d960db60cf04024124c592d535668358467b2370ea884fac965ce8,7e73b93f7af4fc779aa4f8b620f3ae57,workspaces/worth-ui/crates/worth-ui-runtime/src/mounting/presentation/work_producer/delta_diff.rs;workspaces/worth-ui/crates/worth-ui-runtime/src/mounting/presentation/work_producer_tests.rs,worth-ui-body-default-v1,6f140249866e6815e9284fe1c8c959a8bb1b8cab252cfbe8c7c397f9a7eb9b01,worth-ui-windows-dx12-v1,1c937a22f42660267480a055e48256b25decf0c4cd5d4d7b493e5df034c6c65b,protocol=4,damage=2,not-applicable,not-applicable,PROVED,none,true,1450048d8265cdf7f40bb3b49575dce69e56c1e60740ad46c5bd9608bdcabc45
1,P1-HEADLESS-01,worth-ui-host-headless,contract only headless mechanics,mounted-presentation-world,1,dependency-integration,worth-ui-ledger-evidence-v3,1500dfdd4dae40ae38aab3f951756d4d780b70792fea1d70c29e2917c9abca16,performed-external-effect,not-applicable,worth_ui_host_headless::adapter,workspaces/worth-ui/crates/worth-ui-host-headless/src/headless_recorder/presentation.rs::prepare_candidate,workspaces/worth-ui/crates/worth-ui-certification/tests/application_contracts/mounted_headless_recorder.rs::real_cross_lane_recording_preserves_exact_unperformed_external_mechanics,family=mechanics-substitution;case=performed-external-effect,not-applicable,_docs/worth-ui/milestone-3.14.1-evidence/p1-headless-01.json,not-applicable,main-tests=1;hostile-controls=0;product-processes=0;compile-sessions=0;courtroom-worlds=0,executed-tests=1;presentations=0,python scripts/ci/run_worth_ui_ledger_test.py --manifest-path workspaces/worth-ui/Cargo.toml --package worth-ui-certification --test application_contracts --test-name mounted_headless_recorder::real_cross_lane_recording_preserves_exact_unperformed_external_mechanics --requirement P1-HEADLESS-01 --source workspaces/worth-ui/crates/worth-ui-host-headless/src/headless_recorder/presentation.rs --source workspaces/worth-ui/crates/worth-ui-certification/tests/application_contracts/mounted_headless_recorder.rs --artifact _docs/worth-ui/milestone-3.14.1-evidence/p1-headless-01.json,1,passed,_docs/worth-ui/milestone-3.14.1-evidence/p1-headless-01.json,9d5c7c0de252c0826f8685ac1dee7cbe19058e7f,b082aa5bc912d17370046bda4fe3eb8d825105a357de7b98562879e61a07a2a9,d01c98b246d960db60cf04024124c592d535668358467b2370ea884fac965ce8,3fcd18f307898730a4424974bf33246f,workspaces/worth-ui/crates/worth-ui-host-headless/src/headless_recorder/presentation.rs;workspaces/worth-ui/crates/worth-ui-certification/tests/application_contracts/mounted_headless_recorder.rs,worth-ui-body-default-v1,6f140249866e6815e9284fe1c8c959a8bb1b8cab252cfbe8c7c397f9a7eb9b01,worth-ui-windows-dx12-v1,1c937a22f42660267480a055e48256b25decf0c4cd5d4d7b493e5df034c6c65b,protocol=4,headless=1,not-applicable,not-applicable,PROVED,none,true,429ec0c9b383d8a77eda228a05733c14f1e249239ca86c4e9753931c99796ea7
1,P1-HEADLESS-COST-01,worth-ui-host-headless,sparse headless carrier consumption,mounted-presentation-world,1,carrier-model,worth-ui-ledger-evidence-v3,1500dfdd4dae40ae38aab3f951756d4d780b70792fea1d70c29e2917c9abca16,unchanged-carriage,not-applicable,worth_ui_host_headless::retained_presentation,workspaces/worth-ui/crates/worth-ui-host-headless/src/headless_recorder/presentation.rs::work_cost,workspaces/worth-ui/crates/worth-ui-certification/tests/application_contracts/host_platform/mod.rs::maximum_overlap_removals_cross_public_runtime_and_headless_with_exact_work,family=carrier-inflation;case=unchanged-carriage,not-applicable,_docs/worth-ui/milestone-3.14.1-evidence/p1-headless-cost-01.json,not-applicable,main-tests=0;hostile-controls=0;product-processes=0;compile-sessions=0;courtroom-worlds=0;shared-mounted-worlds=1,executed-tests=0;presentations=0;shared-presentations=7,python scripts/ci/run_worth_ui_shared_ledger_control.py --manifest-path workspaces/worth-ui/Cargo.toml --package worth-ui-certification --test application_contracts --test-name host_platform::maximum_overlap_removals_cross_public_runtime_and_headless_with_exact_work --requirement P1-HEADLESS-COST-01 --source workspaces/worth-ui/crates/worth-ui-host-headless/src/headless_recorder/presentation.rs --source workspaces/worth-ui/crates/worth-ui-certification/tests/application_contracts/host_platform/mod.rs --source _docs/worth-ui/milestone-3.14.1-evidence/p1-worlds-01.json --source scripts/ci/run_worth_ui_shared_ledger_control.py --artifact _docs/worth-ui/milestone-3.14.1-evidence/p1-headless-cost-01.json,1,passed,_docs/worth-ui/milestone-3.14.1-evidence/p1-headless-cost-01.json,9d5c7c0de252c0826f8685ac1dee7cbe19058e7f,92de31f84e114fd7919a87457940d6a13e4eea01ea16718d7ac1962ede6f5e4b,d01c98b246d960db60cf04024124c592d535668358467b2370ea884fac965ce8,18c270589c45f2923d253286b225eb1d,workspaces/worth-ui/crates/worth-ui-host-headless/src/headless_recorder/presentation.rs;workspaces/worth-ui/crates/worth-ui-certification/tests/application_contracts/host_platform/mod.rs;_docs/worth-ui/milestone-3.14.1-evidence/p1-worlds-01.json;scripts/ci/run_worth_ui_shared_ledger_control.py,worth-ui-body-default-v1,6f140249866e6815e9284fe1c8c959a8bb1b8cab252cfbe8c7c397f9a7eb9b01,worth-ui-windows-dx12-v1,1c937a22f42660267480a055e48256b25decf0c4cd5d4d7b493e5df034c6c65b,protocol=4,carrier-cost=0,not-applicable,not-applicable,PROVED,none,true,30b546e80895fe288fc61d0f87b9a68f9f13bd7940d4005be20a03a0dafe6926
1,P1-ORDER-01,worth-ui-runtime,runtime issued total paint order,mounted-presentation-world,1,runtime-model,worth-ui-ledger-evidence-v3,1500dfdd4dae40ae38aab3f951756d4d780b70792fea1d70c29e2917c9abca16,identity-tie-break,not-applicable,worth_ui_runtime::mounting::presentation,workspaces/worth-ui/crates/worth-ui-runtime/src/mounting/presentation/work_producer/order_source.rs::commands_and_total_order,workspaces/worth-ui/crates/worth-ui-runtime/src/mounting/presentation/work_producer_tests.rs::equal_layer_total_order_follows_authored_node_order_not_command_identity,family=paint-order;case=identity-tie-break,not-applicable,_docs/worth-ui/milestone-3.14.1-evidence/p1-order-01.json,not-applicable,main-tests=1;hostile-controls=0;product-processes=0;compile-sessions=0;courtroom-worlds=0,executed-tests=1;presentations=0,python scripts/ci/run_worth_ui_ledger_test.py --manifest-path workspaces/worth-ui/Cargo.toml --package worth-ui-runtime --lib --test-name mounting::presentation::work_producer_tests::equal_layer_total_order_follows_authored_node_order_not_command_identity --requirement P1-ORDER-01 --source workspaces/worth-ui/crates/worth-ui-runtime/src/mounting/presentation/work_producer/order_source.rs --source workspaces/worth-ui/crates/worth-ui-runtime/src/mounting/presentation/work_producer_tests.rs --artifact _docs/worth-ui/milestone-3.14.1-evidence/p1-order-01.json,1,passed,_docs/worth-ui/milestone-3.14.1-evidence/p1-order-01.json,9d5c7c0de252c0826f8685ac1dee7cbe19058e7f,69923f526558b1fac25350e8d5778af0d0f5696fab1c3f9493e76fc07f65f6a2,d01c98b246d960db60cf04024124c592d535668358467b2370ea884fac965ce8,3fa8be0caf0260d795f143307dc76630,workspaces/worth-ui/crates/worth-ui-runtime/src/mounting/presentation/work_producer/order_source.rs;workspaces/worth-ui/crates/worth-ui-runtime/src/mounting/presentation/work_producer_tests.rs,worth-ui-body-default-v1,6f140249866e6815e9284fe1c8c959a8bb1b8cab252cfbe8c7c397f9a7eb9b01,worth-ui-windows-dx12-v1,1c937a22f42660267480a055e48256b25decf0c4cd5d4d7b493e5df034c6c65b,protocol=4,order=2,not-applicable,not-applicable,PROVED,none,true,f9e5660166e90f1f8491a155f4f51c9ee6c6807c5cdb443355e0e3f3bdca4cef
1,P1-ORDER-SOURCE-01,worth-ui-runtime,stable order identity provenance,mounted-presentation-world,1,compile-runtime,worth-ui-ledger-evidence-v3,1500dfdd4dae40ae38aab3f951756d4d780b70792fea1d70c29e2917c9abca16,public-ordering,not-applicable,worth_ui_runtime::mounting::order,workspaces/worth-ui/crates/worth-ui-runtime/src/mounting/presentation/work_producer/order_source.rs::commands_and_total_order,workspaces/worth-ui/crates/worth-ui-certification/tests/milestone_3141_phase1_topology/compile_contract_artifact.rs::phase_one_compile_contract_artifact_matches_every_executed_case,family=identity-perturbation;case=public-ordering,not-applicable,_docs/worth-ui/milestone-3.14.1-evidence/p1-order-source-01.json,not-applicable,main-tests=1;hostile-controls=0;product-processes=0;compile-sessions=2;courtroom-worlds=0,executed-tests=1;presentations=0,python scripts/ci/run_worth_ui_ledger_test.py --manifest-path workspaces/worth-ui/Cargo.toml --package worth-ui-certification --test topology_contracts --test-name milestone_3141_phase1_topology::compile_contract_artifact::phase_one_compile_contract_artifact_matches_every_executed_case --requirement P1-ORDER-SOURCE-01 --source workspaces/worth-ui/crates/worth-ui-runtime/src/mounting/presentation/work_producer/order_source.rs --source workspaces/worth-ui/crates/worth-ui-certification/tests/milestone_3141_phase1_topology/compile_contract_artifact.rs --source _docs/worth-ui/milestone-3.14.1-evidence/compile-contracts.json --source scripts/ci/run_worth_ui_compile_contracts.py --artifact _docs/worth-ui/milestone-3.14.1-evidence/p1-order-source-01.json,1,passed,_docs/worth-ui/milestone-3.14.1-evidence/p1-order-source-01.json,9d5c7c0de252c0826f8685ac1dee7cbe19058e7f,2bde45518b14c6bd896461e22feb5a617ad8813e22ecf12131cfc7ebb3e7d3f7,d01c98b246d960db60cf04024124c592d535668358467b2370ea884fac965ce8,b90ceff0f44703bb4042ec492d7a0eb7,workspaces/worth-ui/crates/worth-ui-runtime/src/mounting/presentation/work_producer/order_source.rs;workspaces/worth-ui/crates/worth-ui-certification/tests/milestone_3141_phase1_topology/compile_contract_artifact.rs;_docs/worth-ui/milestone-3.14.1-evidence/compile-contracts.json;scripts/ci/run_worth_ui_compile_contracts.py,worth-ui-body-default-v1,6f140249866e6815e9284fe1c8c959a8bb1b8cab252cfbe8c7c397f9a7eb9b01,worth-ui-windows-dx12-v1,1c937a22f42660267480a055e48256b25decf0c4cd5d4d7b493e5df034c6c65b,protocol=4,order-source=2,not-applicable,not-applicable,PROVED,none,true,ae739fa3228a3ffe71633b123c4c22d8ec56826914ea509ce67155212b26ab11
1,P1-PLATFORM-AUTHORITY-01,worth-ui-runtime,affine native platform binding,native-application-world,1,compile-runtime,worth-ui-ledger-evidence-v3,59bada3aed04ded6ff1e99c013f385a8ba2c35171419a0e5eb8c8788dc85d666,downstream-bind,not-applicable,worth_ui_runtime::native_platform::binding,workspaces/worth-ui/crates/worth-ui-runtime/src/native_platform/native_platform_binding.rs::issue,workspaces/worth-ui/crates/worth-ui-certification/tests/milestone_3141_phase1_topology/compile_contract_artifact.rs::phase_one_compile_contract_artifact_matches_every_executed_case,family=grant-forgery;case=downstream-bind,not-applicable,_docs/worth-ui/milestone-3.14.1-evidence/p1-platform-authority-01.json,not-applicable,main-tests=1;hostile-controls=0;product-processes=0;compile-sessions=2;courtroom-worlds=0,executed-tests=1;presentations=0,python scripts/ci/run_worth_ui_ledger_test.py --manifest-path workspaces/worth-ui/Cargo.toml --package worth-ui-certification --test topology_contracts --test-name milestone_3141_phase1_topology::compile_contract_artifact::phase_one_compile_contract_artifact_matches_every_executed_case --requirement P1-PLATFORM-AUTHORITY-01 --source workspaces/worth-ui/crates/worth-ui-runtime/src/native_platform/native_platform_binding.rs --source workspaces/worth-ui/crates/worth-ui-certification/tests/milestone_3141_phase1_topology/compile_contract_artifact.rs --source _docs/worth-ui/milestone-3.14.1-evidence/compile-contracts.json --source scripts/ci/run_worth_ui_compile_contracts.py --artifact _docs/worth-ui/milestone-3.14.1-evidence/p1-platform-authority-01.json,1,passed,_docs/worth-ui/milestone-3.14.1-evidence/p1-platform-authority-01.json,9d5c7c0de252c0826f8685ac1dee7cbe19058e7f,b95b2f7cfa56bf318e6630d461ae4c7fa8f6f38eb03a5c4c2b9f9cba7c4f35b1,d01c98b246d960db60cf04024124c592d535668358467b2370ea884fac965ce8,e6473d163c4abaad463d04eb8b950e93,workspaces/worth-ui/crates/worth-ui-runtime/src/native_platform/native_platform_binding.rs;workspaces/worth-ui/crates/worth-ui-certification/tests/milestone_3141_phase1_topology/compile_contract_artifact.rs;_docs/worth-ui/milestone-3.14.1-evidence/compile-contracts.json;scripts/ci/run_worth_ui_compile_contracts.py,worth-ui-body-default-v1,6f140249866e6815e9284fe1c8c959a8bb1b8cab252cfbe8c7c397f9a7eb9b01,worth-ui-windows-dx12-v1,1c937a22f42660267480a055e48256b25decf0c4cd5d4d7b493e5df034c6c65b,protocol=4,grant=2,not-applicable,not-applicable,PROVED,none,true,ef6861423b895e3f32875cc9706a0c6de49aa936d8bc1f3c34a7dd5ace60c79e
1,P1-PREPARATION-LIFECYCLE-01,worth-ui-runtime,effect-free host-neutral product preparation,native-application-world,1,compile-runtime,worth-ui-ledger-evidence-v3,ee518c6cb7c64eed22352571668a6c5422dd8f05d59bb2481e02dc18b8b46e9c,host-during-prepare,not-applicable,worth_ui_runtime::native_platform::preparation,workspaces/worth-ui/crates/worth-ui-runtime/src/native_platform/platform/preparation.rs::prepare,workspaces/worth-ui/crates/worth-ui-certification/tests/milestone_3141_phase1_topology.rs::phase_one_product_preparation_is_effect_free_and_host_neutral,family=premature-runtime-effect;case=host-during-prepare,not-applicable,_docs/worth-ui/milestone-3.14.1-evidence/p1-preparation-lifecycle-01.json,not-applicable,main-tests=1;hostile-controls=0;product-processes=0;compile-sessions=0;courtroom-worlds=0,executed-tests=1;presentations=0,python scripts/ci/run_worth_ui_ledger_test.py --manifest-path workspaces/worth-ui/Cargo.toml --package worth-ui-certification --test topology_contracts --test-name milestone_3141_phase1_topology::phase_one_product_preparation_is_effect_free_and_host_neutral --requirement P1-PREPARATION-LIFECYCLE-01 --source workspaces/worth-ui/crates/worth-ui-runtime/src/native_platform/platform/preparation.rs --source workspaces/worth-ui/crates/worth-ui-runtime/src/native_platform/profile.rs --source workspaces/worth-ui/crates/worth-ui-runtime/src/native_platform/application.rs --source workspaces/worth-ui/crates/worth-ui-host-native/src/native_profile.rs --source workspaces/worth-ui/crates/worth-ui-native-platform/src/lib.rs --source workspaces/worth-ui/crates/worth-ui-certification/tests/milestone_3141_phase1_topology.rs --source workspaces/worth-ui/crates/worth-ui-certification/tests/milestone_3141_phase1_topology/preparation_call_graph.rs --artifact _docs/worth-ui/milestone-3.14.1-evidence/p1-preparation-lifecycle-01.json,1,passed,_docs/worth-ui/milestone-3.14.1-evidence/p1-preparation-lifecycle-01.json,9d5c7c0de252c0826f8685ac1dee7cbe19058e7f,dce7f03ce5691b5711d1fd03e2f6e115ecc301c832a11efa49c49af46cf24e7f,d01c98b246d960db60cf04024124c592d535668358467b2370ea884fac965ce8,77d1ef0e883bf38739dc0241b35a211f,workspaces/worth-ui/crates/worth-ui-runtime/src/native_platform/platform/preparation.rs;workspaces/worth-ui/crates/worth-ui-runtime/src/native_platform/profile.rs;workspaces/worth-ui/crates/worth-ui-runtime/src/native_platform/application.rs;workspaces/worth-ui/crates/worth-ui-host-native/src/native_profile.rs;workspaces/worth-ui/crates/worth-ui-native-platform/src/lib.rs;workspaces/worth-ui/crates/worth-ui-certification/tests/milestone_3141_phase1_topology.rs;workspaces/worth-ui/crates/worth-ui-certification/tests/milestone_3141_phase1_topology/preparation_call_graph.rs,worth-ui-body-default-v1,6f140249866e6815e9284fe1c8c959a8bb1b8cab252cfbe8c7c397f9a7eb9b01,worth-ui-windows-dx12-v1,1c937a22f42660267480a055e48256b25decf0c4cd5d4d7b493e5df034c6c65b,protocol=4,effect-surface=0,not-applicable,not-applicable,PROVED,none,true,873ca26e55d6c33a15b712e1f4255deebc8b6a4358413a625d83e641ae0dbbf0
1,P1-PRESENTATION-AUTHORITY-01,worth-ui-runtime,runtime private presentation issuance,mounted-presentation-world,1,compile-runtime,worth-ui-ledger-evidence-v3,1500dfdd4dae40ae38aab3f951756d4d780b70792fea1d70c29e2917c9abca16,external-work-issue,not-applicable,worth_ui_runtime::mounting::presentation::authority,workspaces/worth-ui/crates/worth-ui-runtime/src/mounting/presentation/authority/work.rs::issue_delta,workspaces/worth-ui/crates/worth-ui-certification/tests/milestone_3141_phase1_topology/compile_contract_artifact.rs::phase_one_compile_contract_artifact_matches_every_executed_case,family=work-forgery;case=external-work-issue,not-applicable,_docs/worth-ui/milestone-3.14.1-evidence/p1-presentation-authority-01.json,not-applicable,main-tests=1;hostile-controls=0;product-processes=0;compile-sessions=2;courtroom-worlds=0,executed-tests=1;presentations=0,python scripts/ci/run_worth_ui_ledger_test.py --manifest-path workspaces/worth-ui/Cargo.toml --package worth-ui-certification --test topology_contracts --test-name milestone_3141_phase1_topology::compile_contract_artifact::phase_one_compile_contract_artifact_matches_every_executed_case --requirement P1-PRESENTATION-AUTHORITY-01 --source workspaces/worth-ui/crates/worth-ui-runtime/src/mounting/presentation/authority/work.rs --source workspaces/worth-ui/crates/worth-ui-certification/tests/milestone_3141_phase1_topology/compile_contract_artifact.rs --source _docs/worth-ui/milestone-3.14.1-evidence/compile-contracts.json --source scripts/ci/run_worth_ui_compile_contracts.py --artifact _docs/worth-ui/milestone-3.14.1-evidence/p1-presentation-authority-01.json,1,passed,_docs/worth-ui/milestone-3.14.1-evidence/p1-presentation-authority-01.json,9d5c7c0de252c0826f8685ac1dee7cbe19058e7f,d6f0d63f24b7aac65ea13ffaa2d1ae63713899abcf396ea538550c33825579db,d01c98b246d960db60cf04024124c592d535668358467b2370ea884fac965ce8,8be618b433016d111bb34886f25dfc8a,workspaces/worth-ui/crates/worth-ui-runtime/src/mounting/presentation/authority/work.rs;workspaces/worth-ui/crates/worth-ui-certification/tests/milestone_3141_phase1_topology/compile_contract_artifact.rs;_docs/worth-ui/milestone-3.14.1-evidence/compile-contracts.json;scripts/ci/run_worth_ui_compile_contracts.py,worth-ui-body-default-v1,6f140249866e6815e9284fe1c8c959a8bb1b8cab252cfbe8c7c397f9a7eb9b01,worth-ui-windows-dx12-v1,1c937a22f42660267480a055e48256b25decf0c4cd5d4d7b493e5df034c6c65b,protocol=4,authority=2,not-applicable,not-applicable,PROVED,none,true,d4cc2bb64a2041f307c3961b707f03f6de225806932a0cfe78f73ff7c06b09ec
1,P1-PRODUCER-01,worth-ui-runtime,mounted presentation work producer,mounted-presentation-world,1,integration,worth-ui-ledger-evidence-v3,1500dfdd4dae40ae38aab3f951756d4d780b70792fea1d70c29e2917c9abca16,dropped-removal,not-applicable,worth_ui_runtime::mounting::presentation,workspaces/worth-ui/crates/worth-ui-runtime/src/mounting/presentation/work_producer.rs::issue_successor,workspaces/worth-ui/crates/worth-ui-runtime/src/mounting/presentation/work_producer_tests.rs::removal_and_insert_carry_exact_identities_vacated_damage_and_total_order,family=delta-carriage;case=dropped-removal,not-applicable,_docs/worth-ui/milestone-3.14.1-evidence/p1-producer-01.json,not-applicable,main-tests=1;hostile-controls=0;product-processes=0;compile-sessions=0;courtroom-worlds=0,executed-tests=1;presentations=0,python scripts/ci/run_worth_ui_ledger_test.py --manifest-path workspaces/worth-ui/Cargo.toml --package worth-ui-runtime --lib --test-name mounting::presentation::work_producer_tests::removal_and_insert_carry_exact_identities_vacated_damage_and_total_order --requirement P1-PRODUCER-01 --source workspaces/worth-ui/crates/worth-ui-runtime/src/mounting/presentation/work_producer.rs --source workspaces/worth-ui/crates/worth-ui-runtime/src/mounting/presentation/work_producer_tests.rs --artifact _docs/worth-ui/milestone-3.14.1-evidence/p1-producer-01.json,1,passed,_docs/worth-ui/milestone-3.14.1-evidence/p1-producer-01.json,9d5c7c0de252c0826f8685ac1dee7cbe19058e7f,a6a4d482804f2c6c0b73e931df71aa319e63645fa50b47c76c8233d4dbb88eb8,d01c98b246d960db60cf04024124c592d535668358467b2370ea884fac965ce8,4b6b47c84f05a5ad4f21c962825af0cd,workspaces/worth-ui/crates/worth-ui-runtime/src/mounting/presentation/work_producer.rs;workspaces/worth-ui/crates/worth-ui-runtime/src/mounting/presentation/work_producer_tests.rs,worth-ui-body-default-v1,6f140249866e6815e9284fe1c8c959a8bb1b8cab252cfbe8c7c397f9a7eb9b01,worth-ui-windows-dx12-v1,1c937a22f42660267480a055e48256b25decf0c4cd5d4d7b493e5df034c6c65b,protocol=4,producer=2,not-applicable,not-applicable,PROVED,none,true,ee4fd3dc8f399110cffad15ed941b51f75bcc9db2395b14b383f882111dee0e9
1,P1-PRODUCER-COST-01,worth-ui-runtime,sparse presentation work carrier,mounted-presentation-world,1,carrier-model,worth-ui-ledger-evidence-v3,1500dfdd4dae40ae38aab3f951756d4d780b70792fea1d70c29e2917c9abca16,unchanged-payload,not-applicable,worth_ui_runtime::mounting::presentation,workspaces/worth-ui/crates/worth-ui-runtime/src/mounting/presentation/work_producer.rs::issue_successor,workspaces/worth-ui/crates/worth-ui-runtime/src/mounting/presentation/work_producer_tests.rs::unchanged_successor_carries_zero_command_order_and_damage_work,family=carrier-inflation;case=unchanged-payload,not-applicable,_docs/worth-ui/milestone-3.14.1-evidence/p1-producer-cost-01.json,not-applicable,main-tests=1;hostile-controls=0;product-processes=0;compile-sessions=0;courtroom-worlds=0,executed-tests=1;presentations=0,python scripts/ci/run_worth_ui_ledger_test.py --manifest-path workspaces/worth-ui/Cargo.toml --package worth-ui-runtime --lib --test-name mounting::presentation::work_producer_tests::unchanged_successor_carries_zero_command_order_and_damage_work --requirement P1-PRODUCER-COST-01 --source workspaces/worth-ui/crates/worth-ui-runtime/src/mounting/presentation/work_producer.rs --source workspaces/worth-ui/crates/worth-ui-runtime/src/mounting/presentation/work_producer_tests.rs --artifact _docs/worth-ui/milestone-3.14.1-evidence/p1-producer-cost-01.json,1,passed,_docs/worth-ui/milestone-3.14.1-evidence/p1-producer-cost-01.json,9d5c7c0de252c0826f8685ac1dee7cbe19058e7f,a6a4d482804f2c6c0b73e931df71aa319e63645fa50b47c76c8233d4dbb88eb8,d01c98b246d960db60cf04024124c592d535668358467b2370ea884fac965ce8,c31f6524fd9cb2c6b18cf2a026dd9358,workspaces/worth-ui/crates/worth-ui-runtime/src/mounting/presentation/work_producer.rs;workspaces/worth-ui/crates/worth-ui-runtime/src/mounting/presentation/work_producer_tests.rs,worth-ui-body-default-v1,6f140249866e6815e9284fe1c8c959a8bb1b8cab252cfbe8c7c397f9a7eb9b01,worth-ui-windows-dx12-v1,1c937a22f42660267480a055e48256b25decf0c4cd5d4d7b493e5df034c6c65b,protocol=4,carrier-cost=0,not-applicable,not-applicable,PROVED,none,true,9bc68036657b15c2ffb2a5f28b0c2af29e172ed8377934b843da1017d006b945
1,P1-PROFILE-01,worth-ui-host-native,qualified profile manifests,profile-qualification,1,manifest-qualification,worth-ui-ledger-evidence-v3,1c937a22f42660267480a055e48256b25decf0c4cd5d4d7b493e5df034c6c65b,qualified-capacity-drift,not-applicable,worth_ui_host_native::qualified_profile,workspaces/worth-ui/crates/worth-ui-host-native/src/qualification_tests/qualified_dependencies.rs::assert_qualified_dependencies,workspaces/worth-ui/crates/worth-ui-host-native/src/qualification_tests.rs::every_qualified_semantic_and_dependency_pin_matches_the_closed_record,family=manifest-field;case=qualified-capacity-drift,not-applicable,_docs/worth-ui/milestone-3.14.1-evidence/p1-profile-01.json,not-applicable,main-tests=1;hostile-controls=0;product-processes=0;compile-sessions=0;courtroom-worlds=0,executed-tests=1;presentations=0,python scripts/ci/run_worth_ui_ledger_test.py --manifest-path workspaces/worth-ui/Cargo.toml --package worth-ui-host-native --lib --test-name qualification_tests::every_qualified_semantic_and_dependency_pin_matches_the_closed_record --requirement P1-PROFILE-01 --source workspaces/worth-ui/crates/worth-ui-host-native/src/qualification_tests/qualified_dependencies.rs --source workspaces/worth-ui/crates/worth-ui-host-native/src/qualification_tests.rs --artifact _docs/worth-ui/milestone-3.14.1-evidence/p1-profile-01.json,1,passed,_docs/worth-ui/milestone-3.14.1-evidence/p1-profile-01.json,9d5c7c0de252c0826f8685ac1dee7cbe19058e7f,a66aa3207f5c9b30dfd95f55fc0ed6a5797e112ebf89cc9d3e7e3bfcb307b001,d01c98b246d960db60cf04024124c592d535668358467b2370ea884fac965ce8,8bc20c242f4bae0c6df543fdd1569527,workspaces/worth-ui/crates/worth-ui-host-native/src/qualification_tests/qualified_dependencies.rs;workspaces/worth-ui/crates/worth-ui-host-native/src/qualification_tests.rs,worth-ui-body-default-v1,6f140249866e6815e9284fe1c8c959a8bb1b8cab252cfbe8c7c397f9a7eb9b01,worth-ui-windows-dx12-v1,1c937a22f42660267480a055e48256b25decf0c4cd5d4d7b493e5df034c6c65b,pollster=0.4.0;winit=0.30.13;winit-features=rwh_06;wgpu=29.0.4;wgpu-features=std+parking_lot+dx12+wgsl;rustybuzz=0.20.1;swash=0.2.10;protocol=4,profile=2,not-applicable,not-applicable,PROVED,none,true,730d2d9c1aa251ebe8473885c1620c1027cd1b5e7a70fb5d6b9a28d3000b3b5c
1,P1-PROTOCOL-01,worth-ui-host-contract,mounted presentation protocol,mounted-presentation-world,1,compile-runtime,worth-ui-ledger-evidence-v3,1500dfdd4dae40ae38aab3f951756d4d780b70792fea1d70c29e2917c9abca16,mixed-revision,not-applicable,worth_ui_host_contract::mounted_protocol,workspaces/worth-ui/crates/worth-ui-host-contract/src/mounted_frame/presentation_work/delta.rs::from_inert_mechanics,workspaces/worth-ui/crates/worth-ui-certification/tests/milestone_3141_phase1_topology/compile_contract_artifact.rs::phase_one_compile_contract_artifact_matches_every_executed_case,family=protocol-revision;case=mixed-revision,not-applicable,_docs/worth-ui/milestone-3.14.1-evidence/p1-protocol-01.json,not-applicable,main-tests=1;hostile-controls=0;product-processes=0;compile-sessions=2;courtroom-worlds=0,executed-tests=1;presentations=0,python scripts/ci/run_worth_ui_ledger_test.py --manifest-path workspaces/worth-ui/Cargo.toml --package worth-ui-certification --test topology_contracts --test-name milestone_3141_phase1_topology::compile_contract_artifact::phase_one_compile_contract_artifact_matches_every_executed_case --requirement P1-PROTOCOL-01 --source workspaces/worth-ui/crates/worth-ui-host-contract/src/mounted_frame/presentation_work/delta.rs --source workspaces/worth-ui/crates/worth-ui-certification/tests/milestone_3141_phase1_topology/compile_contract_artifact.rs --source _docs/worth-ui/milestone-3.14.1-evidence/compile-contracts.json --source scripts/ci/run_worth_ui_compile_contracts.py --artifact _docs/worth-ui/milestone-3.14.1-evidence/p1-protocol-01.json,1,passed,_docs/worth-ui/milestone-3.14.1-evidence/p1-protocol-01.json,9d5c7c0de252c0826f8685ac1dee7cbe19058e7f,419ea2a25a669ee21e05f563d0ae2f7103e676cb71c99743f04db2f302161e54,d01c98b246d960db60cf04024124c592d535668358467b2370ea884fac965ce8,4341a1cbf6f09065e49fa962cf82252e,workspaces/worth-ui/crates/worth-ui-host-contract/src/mounted_frame/presentation_work/delta.rs;workspaces/worth-ui/crates/worth-ui-certification/tests/milestone_3141_phase1_topology/compile_contract_artifact.rs;_docs/worth-ui/milestone-3.14.1-evidence/compile-contracts.json;scripts/ci/run_worth_ui_compile_contracts.py,worth-ui-body-default-v1,6f140249866e6815e9284fe1c8c959a8bb1b8cab252cfbe8c7c397f9a7eb9b01,worth-ui-windows-dx12-v1,1c937a22f42660267480a055e48256b25decf0c4cd5d4d7b493e5df034c6c65b,protocol=4,protocol=4,not-applicable,not-applicable,PROVED,none,true,77ab0a474abd97a530534dcf57031d5e05ca56efcdbf14b04cacd78e732ff1fd
1,P1-TOPOLOGY-01,worth-ui-certification,dependency and compiler enforcement,host-retirement-topology-world,1,repository-topology,worth-ui-ledger-evidence-v3,68e6550fff6e482bba81e4950f5112c68de052d0881aba0f931abbbe0e1580ca,target-dependency-alias,not-applicable,worth_ui_certification::host_topology,workspaces/worth-ui/crates/worth-ui-certification/tests/milestone_3141_phase1_topology/topology_verdict.rs::validate_topology,workspaces/worth-ui/crates/worth-ui-certification/tests/milestone_3141_phase1_topology.rs::phase_one_host_platform_topology_verdict_covers_every_workspace_manifest,family=hidden-edge;case=target-dependency-alias,not-applicable,_docs/worth-ui/milestone-3.14.1-evidence/p1-topology-01.json,not-applicable,main-tests=1;hostile-controls=0;product-processes=0;compile-sessions=0;courtroom-worlds=0,executed-tests=1;presentations=0,python scripts/ci/run_worth_ui_ledger_test.py --manifest-path workspaces/worth-ui/Cargo.toml --package worth-ui-certification --test topology_contracts --test-name milestone_3141_phase1_topology::phase_one_host_platform_topology_verdict_covers_every_workspace_manifest --requirement P1-TOPOLOGY-01 --source workspaces/worth-ui/crates/worth-ui-certification/tests/milestone_3141_phase1_topology/topology_verdict.rs --source workspaces/worth-ui/crates/worth-ui-certification/tests/milestone_3141_phase1_topology.rs --artifact _docs/worth-ui/milestone-3.14.1-evidence/p1-topology-01.json,1,passed,_docs/worth-ui/milestone-3.14.1-evidence/p1-topology-01.json,9d5c7c0de252c0826f8685ac1dee7cbe19058e7f,642845e90780d98e8a657881ef99dda74930c6d1525e5aef32ab940d77150c8f,d01c98b246d960db60cf04024124c592d535668358467b2370ea884fac965ce8,cbbb176f37d1c95fc6be30f1958e0aef,workspaces/worth-ui/crates/worth-ui-certification/tests/milestone_3141_phase1_topology/topology_verdict.rs;workspaces/worth-ui/crates/worth-ui-certification/tests/milestone_3141_phase1_topology.rs,worth-ui-body-default-v1,6f140249866e6815e9284fe1c8c959a8bb1b8cab252cfbe8c7c397f9a7eb9b01,worth-ui-windows-dx12-v1,1c937a22f42660267480a055e48256b25decf0c4cd5d4d7b493e5df034c6c65b,protocol=4,inventory=25,not-applicable,not-applicable,PROVED,none,true,2ca15c0072f772fc377fa59d8120dfb3b82ffebdd224aec202f524977247ac19
1,P1-WORLDS-01,worth-ui-certification,governed worlds and independent oracles,mounted-presentation-world,1,production-courtroom,worth-ui-ledger-evidence-v3,1500dfdd4dae40ae38aab3f951756d4d780b70792fea1d70c29e2917c9abca16,damage-and-order-mutants,not-applicable,worth_ui_certification::mounted_world,workspaces/worth-ui/crates/worth-ui-certification/tests/application_contracts/host_platform/world/production.rs::produce_maximum_overlap,workspaces/worth-ui/crates/worth-ui-certification/tests/application_contracts/host_platform/mod.rs::maximum_overlap_removals_cross_public_runtime_and_headless_with_exact_work,family=oracle-substitution;case=damage-and-order-mutants,not-applicable,_docs/worth-ui/milestone-3.14.1-evidence/p1-worlds-01.json,terminal,main-tests=1;hostile-controls=0;product-processes=0;compile-sessions=0;courtroom-worlds=1,executed-tests=1;presentations=7,python scripts/ci/run_worth_ui_ledger_test.py --manifest-path workspaces/worth-ui/Cargo.toml --package worth-ui-certification --test application_contracts --test-name host_platform::maximum_overlap_removals_cross_public_runtime_and_headless_with_exact_work --requirement P1-WORLDS-01 --source workspaces/worth-ui/crates/worth-ui-certification/tests/application_contracts/host_platform/world/production.rs --source workspaces/worth-ui/crates/worth-ui-certification/tests/application_contracts/host_platform/mod.rs --artifact _docs/worth-ui/milestone-3.14.1-evidence/p1-worlds-01.json,1,passed,_docs/worth-ui/milestone-3.14.1-evidence/p1-worlds-01.json,9d5c7c0de252c0826f8685ac1dee7cbe19058e7f,f26c3d564005bce661b346facf1546b72b71cb74fa6ba1f190151b04fca86ed4,d01c98b246d960db60cf04024124c592d535668358467b2370ea884fac965ce8,2a1604983f27f11703f32a6157b2e82d,workspaces/worth-ui/crates/worth-ui-certification/tests/application_contracts/host_platform/world/production.rs;workspaces/worth-ui/crates/worth-ui-certification/tests/application_contracts/host_platform/mod.rs,worth-ui-body-default-v1,6f140249866e6815e9284fe1c8c959a8bb1b8cab252cfbe8c7c397f9a7eb9b01,worth-ui-windows-dx12-v1,1c937a22f42660267480a055e48256b25decf0c4cd5d4d7b493e5df034c6c65b,protocol=4,world=2048,not-applicable,not-applicable,PROVED,none,true,d7287e9a8b23c0793ab22e0e5c1f0922ca308ac41f0600c78c891ce18ec47520
2,P2-APPLICATION-01,worth-ui-runtime,prepared application driver handoff,windows-native-boundary-world,1,windows-integration,worth-ui-ledger-evidence-v3,1c937a22f42660267480a055e48256b25decf0c4cd5d4d7b493e5df034c6c65b,fake-client,not-applicable,worth_ui_runtime::native_platform::application_driver,workspaces/worth-ui/crates/worth-ui-runtime/src/native_platform/application_driver.rs::run,workspaces/worth-ui/apps/platform-pulse/tests/executable_world/courtroom/native_phase2.rs::windows_native_boundary_world_presents_quiesces_and_closes_without_residue,family=driver-substitution;case=fake-client,before-effects,_docs/worth-ui/milestone-3.14.1-evidence/p2-application-01.json,terminal,main-tests=0;hostile-controls=1;product-processes=0;compile-sessions=0;courtroom-worlds=0;shared-native-worlds=1,executed-tests=1;presentations=0;shared-presentations=1,python scripts/ci/run_worth_ui_shared_ledger_control.py --manifest-path workspaces/worth-ui/Cargo.toml --package worth-ui-platform-pulse --test executable_world --features executable-world --test-name courtroom::native_phase2::windows_native_boundary_world_presents_quiesces_and_closes_without_residue --control-package worth-ui-certification --control-test topology_contracts --control-test-name milestone_3141_phase1_topology::compile_contract_artifact::product_native_driver_substitution_is_compiler_rejected --requirement P2-APPLICATION-01 --source workspaces/worth-ui/crates/worth-ui-runtime/src/native_platform/application_driver.rs --source workspaces/worth-ui/apps/platform-pulse/tests/executable_world/courtroom/native_phase2.rs --source workspaces/worth-ui/crates/worth-ui-certification/tests/milestone_3141_phase1_topology/compile_contract_artifact.rs --source _docs/worth-ui/milestone-3.14.1-evidence/p2-world-01.json --source scripts/ci/run_worth_ui_shared_ledger_control.py --artifact _docs/worth-ui/milestone-3.14.1-evidence/p2-application-01.json,1,passed,_docs/worth-ui/milestone-3.14.1-evidence/p2-application-01.json,9d5c7c0de252c0826f8685ac1dee7cbe19058e7f,ce5248b9663cc61782bc5b39ba5efa600ae48b22448004a900f6caac566386d5,d01c98b246d960db60cf04024124c592d535668358467b2370ea884fac965ce8,b78ceaf2546822f013646bac55dce3c0,workspaces/worth-ui/crates/worth-ui-runtime/src/native_platform/application_driver.rs;workspaces/worth-ui/apps/platform-pulse/tests/executable_world/courtroom/native_phase2.rs;workspaces/worth-ui/crates/worth-ui-certification/tests/milestone_3141_phase1_topology/compile_contract_artifact.rs;_docs/worth-ui/milestone-3.14.1-evidence/p2-world-01.json;scripts/ci/run_worth_ui_shared_ledger_control.py,worth-ui-body-default-v1,6f140249866e6815e9284fe1c8c959a8bb1b8cab252cfbe8c7c397f9a7eb9b01,worth-ui-windows-dx12-v1,1c937a22f42660267480a055e48256b25decf0c4cd5d4d7b493e5df034c6c65b,pollster=0.4.0;winit=0.30.13;winit-features=rwh_06;wgpu=29.0.4;wgpu-features=std+parking_lot+dx12+wgsl;xcap=0.9.7;xcap-features=wgc;winsafe=0.0.28;winsafe-features=dwm+kernel+user;uiautomation=0.25.0;uiautomation-features=control+input+screenshot;win32job=2.0.3;protocol=4,application=1,not-applicable,not-applicable,PROVED,none,true,70f5656a95c2c8dd84a88413e3a262bd31e0463d152379409deba9f3162c6464
2,P2-CLOSE-01,worth-ui-host-native,terminal native resource cleanup,windows-native-boundary-world,1,windows-integration,worth-ui-ledger-evidence-v3,1c937a22f42660267480a055e48256b25decf0c4cd5d4d7b493e5df034c6c65b,held-readback,not-applicable,worth_ui_host_native::shutdown,workspaces/worth-ui/crates/worth-ui-host-native/src/native/event_loop/terminal_cleanup.rs::terminal_cleanup_complete,workspaces/worth-ui/apps/platform-pulse/tests/executable_world/courtroom/native_phase2.rs::windows_native_boundary_world_presents_quiesces_and_closes_without_residue,family=resource-leak;case=held-readback,after-effects-may-have-begun,_docs/worth-ui/milestone-3.14.1-evidence/p2-close-01.json,terminal,main-tests=0;hostile-controls=1;product-processes=0;compile-sessions=0;courtroom-worlds=0;shared-native-worlds=1,executed-tests=1;presentations=0;shared-presentations=1,python scripts/ci/run_worth_ui_shared_ledger_control.py --manifest-path workspaces/worth-ui/Cargo.toml --package worth-ui-platform-pulse --test executable_world --features executable-world --test-name courtroom::native_phase2::windows_native_boundary_world_presents_quiesces_and_closes_without_residue --control-package worth-ui-host-native --control-lib --control-test-name native::event_loop::tests::indeterminate_external_work_moves_into_retryable_cleanup_authority --requirement P2-CLOSE-01 --source workspaces/worth-ui/crates/worth-ui-host-native/src/native/event_loop/terminal_cleanup.rs --source workspaces/worth-ui/apps/platform-pulse/tests/executable_world/courtroom/native_phase2.rs --source workspaces/worth-ui/crates/worth-ui-host-native/src/native/event_loop/tests.rs --source _docs/worth-ui/milestone-3.14.1-evidence/p2-world-01.json --source scripts/ci/run_worth_ui_shared_ledger_control.py --artifact _docs/worth-ui/milestone-3.14.1-evidence/p2-close-01.json,1,passed,_docs/worth-ui/milestone-3.14.1-evidence/p2-close-01.json,9d5c7c0de252c0826f8685ac1dee7cbe19058e7f,b50434eefb8ecfb3c89156300bd089743f341470e139eee3edf95fed2fbfd30a,d01c98b246d960db60cf04024124c592d535668358467b2370ea884fac965ce8,75dd19613aaf74fd19de9e79de656733,workspaces/worth-ui/crates/worth-ui-host-native/src/native/event_loop/terminal_cleanup.rs;workspaces/worth-ui/apps/platform-pulse/tests/executable_world/courtroom/native_phase2.rs;workspaces/worth-ui/crates/worth-ui-host-native/src/native/event_loop/tests.rs;_docs/worth-ui/milestone-3.14.1-evidence/p2-world-01.json;scripts/ci/run_worth_ui_shared_ledger_control.py,worth-ui-body-default-v1,6f140249866e6815e9284fe1c8c959a8bb1b8cab252cfbe8c7c397f9a7eb9b01,worth-ui-windows-dx12-v1,1c937a22f42660267480a055e48256b25decf0c4cd5d4d7b493e5df034c6c65b,pollster=0.4.0;winit=0.30.13;winit-features=rwh_06;wgpu=29.0.4;wgpu-features=std+parking_lot+dx12+wgsl;xcap=0.9.7;xcap-features=wgc;winsafe=0.0.28;winsafe-features=dwm+kernel+user;uiautomation=0.25.0;uiautomation-features=control+input+screenshot;win32job=2.0.3;protocol=4,resource-census=0,not-applicable,not-applicable,PROVED,none,true,8883645228760dc80bbf76179709c225c2d18a63d7fcfa6c38c61bdd297df405
2,P2-EVENT-LOOP-01,worth-ui-host-native,event loop thread ownership,windows-native-boundary-world,1,windows-integration,worth-ui-ledger-evidence-v3,1c937a22f42660267480a055e48256b25decf0c4cd5d4d7b493e5df034c6c65b,off-thread-run,not-applicable,worth_ui_host_native::event_loop,workspaces/worth-ui/crates/worth-ui-host-native/src/native/event_loop.rs::transition_callback_thread,workspaces/worth-ui/apps/platform-pulse/tests/executable_world/courtroom/native_phase2.rs::windows_native_boundary_world_presents_quiesces_and_closes_without_residue,family=thread-substitution;case=off-thread-run,before-effects,_docs/worth-ui/milestone-3.14.1-evidence/p2-event-loop-01.json,terminal,main-tests=0;hostile-controls=1;product-processes=0;compile-sessions=0;courtroom-worlds=0;shared-native-worlds=1,executed-tests=1;presentations=0;shared-presentations=1,python scripts/ci/run_worth_ui_shared_ledger_control.py --manifest-path workspaces/worth-ui/Cargo.toml --package worth-ui-platform-pulse --test executable_world --features executable-world --test-name courtroom::native_phase2::windows_native_boundary_world_presents_quiesces_and_closes_without_residue --control-package worth-ui-host-native --control-lib --control-test-name native::event_loop::tests::callback_thread_transition_rejects_off_thread_run --requirement P2-EVENT-LOOP-01 --source workspaces/worth-ui/crates/worth-ui-host-native/src/native/event_loop.rs --source workspaces/worth-ui/apps/platform-pulse/tests/executable_world/courtroom/native_phase2.rs --source workspaces/worth-ui/crates/worth-ui-host-native/src/native/event_loop/tests.rs --source _docs/worth-ui/milestone-3.14.1-evidence/p2-world-01.json --source scripts/ci/run_worth_ui_shared_ledger_control.py --artifact _docs/worth-ui/milestone-3.14.1-evidence/p2-event-loop-01.json,1,passed,_docs/worth-ui/milestone-3.14.1-evidence/p2-event-loop-01.json,9d5c7c0de252c0826f8685ac1dee7cbe19058e7f,d5217c105c80a5816bbf393871f95368e698a0322ecc207fa11220275ae1c7ca,d01c98b246d960db60cf04024124c592d535668358467b2370ea884fac965ce8,f1b3e8bae80890342e47b1d20d41a247,workspaces/worth-ui/crates/worth-ui-host-native/src/native/event_loop.rs;workspaces/worth-ui/apps/platform-pulse/tests/executable_world/courtroom/native_phase2.rs;workspaces/worth-ui/crates/worth-ui-host-native/src/native/event_loop/tests.rs;_docs/worth-ui/milestone-3.14.1-evidence/p2-world-01.json;scripts/ci/run_worth_ui_shared_ledger_control.py,worth-ui-body-default-v1,6f140249866e6815e9284fe1c8c959a8bb1b8cab252cfbe8c7c397f9a7eb9b01,worth-ui-windows-dx12-v1,1c937a22f42660267480a055e48256b25decf0c4cd5d4d7b493e5df034c6c65b,pollster=0.4.0;winit=0.30.13;winit-features=rwh_06;wgpu=29.0.4;wgpu-features=std+parking_lot+dx12+wgsl;xcap=0.9.7;xcap-features=wgc;winsafe=0.0.28;winsafe-features=dwm+kernel+user;uiautomation=0.25.0;uiautomation-features=control+input+screenshot;win32job=2.0.3;protocol=4,event-loop=1,not-applicable,not-applicable,PROVED,none,true,d6c7e26a40a7dac3fa3acfef2e0abc46d6b5e748864e5bb389d278a6de06b736
2,P2-GRAPHICS-01,worth-ui-host-native,device queue and retained target ownership,windows-native-boundary-world,1,windows-integration,worth-ui-ledger-evidence-v3,1c937a22f42660267480a055e48256b25decf0c4cd5d4d7b493e5df034c6c65b,vulkan-or-small-limit,not-applicable,worth_ui_host_native::graphics,workspaces/worth-ui/crates/worth-ui-host-native/src/native/graphics/adapter_selection.rs::select_eligible_adapter,workspaces/worth-ui/apps/platform-pulse/tests/executable_world/courtroom/native_phase2.rs::windows_native_boundary_world_presents_quiesces_and_closes_without_residue,family=backend-substitution;case=vulkan-or-small-limit,before-effects,_docs/worth-ui/milestone-3.14.1-evidence/p2-graphics-01.json,terminal,main-tests=0;hostile-controls=1;product-processes=0;compile-sessions=0;courtroom-worlds=0;shared-native-worlds=1,executed-tests=1;presentations=0;shared-presentations=1,python scripts/ci/run_worth_ui_shared_ledger_control.py --manifest-path workspaces/worth-ui/Cargo.toml --package worth-ui-platform-pulse --test executable_world --features executable-world --test-name courtroom::native_phase2::windows_native_boundary_world_presents_quiesces_and_closes_without_residue --control-package worth-ui-host-native --control-lib --control-test-name native::graphics::tests::adapter_selection_returns_the_exact_qualified_candidate_and_rejects_substitutes --requirement P2-GRAPHICS-01 --source workspaces/worth-ui/crates/worth-ui-host-native/src/native/graphics/adapter_selection.rs --source workspaces/worth-ui/apps/platform-pulse/tests/executable_world/courtroom/native_phase2.rs --source workspaces/worth-ui/crates/worth-ui-host-native/src/native/graphics.rs --source _docs/worth-ui/milestone-3.14.1-evidence/p2-world-01.json --source scripts/ci/run_worth_ui_shared_ledger_control.py --artifact _docs/worth-ui/milestone-3.14.1-evidence/p2-graphics-01.json,1,passed,_docs/worth-ui/milestone-3.14.1-evidence/p2-graphics-01.json,9d5c7c0de252c0826f8685ac1dee7cbe19058e7f,d3ad062fdc741b816569760ab6cb9b4c6498d3b61fee43cbc63e1b2752dea9bf,d01c98b246d960db60cf04024124c592d535668358467b2370ea884fac965ce8,d119557837fd65c5229c86004bd56e71,workspaces/worth-ui/crates/worth-ui-host-native/src/native/graphics/adapter_selection.rs;workspaces/worth-ui/apps/platform-pulse/tests/executable_world/courtroom/native_phase2.rs;workspaces/worth-ui/crates/worth-ui-host-native/src/native/graphics.rs;_docs/worth-ui/milestone-3.14.1-evidence/p2-world-01.json;scripts/ci/run_worth_ui_shared_ledger_control.py,worth-ui-body-default-v1,6f140249866e6815e9284fe1c8c959a8bb1b8cab252cfbe8c7c397f9a7eb9b01,worth-ui-windows-dx12-v1,1c937a22f42660267480a055e48256b25decf0c4cd5d4d7b493e5df034c6c65b,pollster=0.4.0;winit=0.30.13;winit-features=rwh_06;wgpu=29.0.4;wgpu-features=std+parking_lot+dx12+wgsl;xcap=0.9.7;xcap-features=wgc;winsafe=0.0.28;winsafe-features=dwm+kernel+user;uiautomation=0.25.0;uiautomation-features=control+input+screenshot;win32job=2.0.3;protocol=4,graphics=1,observed:retained-rgba-47-129-247-255,not-applicable,PROVED,none,true,f9ae94b6f963bc0e4c3f036fd28f4230a9e120c14459af412ae3573dfc42feff
2,P2-PIXELS-01,worth-ui-certification,independent client area pixel observation,windows-native-boundary-world,1,external-observation,worth-ui-ledger-evidence-v3,1c937a22f42660267480a055e48256b25decf0c4cd5d4d7b493e5df034c6c65b,wrong-client-pixel,not-applicable,worth_ui_certification::windows_pixels,workspaces/worth-ui/apps/platform-pulse/tests/executable_world/native_platform/windows.rs::capture_exposed_client_area,workspaces/worth-ui/apps/platform-pulse/tests/executable_world/courtroom/native_phase2.rs::windows_native_boundary_world_presents_quiesces_and_closes_without_residue,family=expected-pixel-substitution;case=wrong-client-pixel,after-effects-may-have-begun,_docs/worth-ui/milestone-3.14.1-evidence/p2-pixels-01.json,terminal,main-tests=0;hostile-controls=1;product-processes=0;compile-sessions=0;courtroom-worlds=0;shared-native-worlds=1,executed-tests=1;presentations=0;shared-presentations=1,python scripts/ci/run_worth_ui_shared_ledger_control.py --manifest-path workspaces/worth-ui/Cargo.toml --package worth-ui-platform-pulse --test executable_world --features executable-world --test-name courtroom::native_phase2::windows_native_boundary_world_presents_quiesces_and_closes_without_residue --control-package worth-ui-platform-pulse --control-test executable_world --control-features executable-world --control-test-name native_platform::windows::independent_window_capture_rejects_monitor_pixel_substitution --requirement P2-PIXELS-01 --source workspaces/worth-ui/apps/platform-pulse/tests/executable_world/native_platform/windows.rs --source workspaces/worth-ui/apps/platform-pulse/tests/executable_world/courtroom/native_phase2.rs --source _docs/worth-ui/milestone-3.14.1-evidence/p2-world-01.json --source scripts/ci/run_worth_ui_shared_ledger_control.py --artifact _docs/worth-ui/milestone-3.14.1-evidence/p2-pixels-01.json,1,passed,_docs/worth-ui/milestone-3.14.1-evidence/p2-pixels-01.json,9d5c7c0de252c0826f8685ac1dee7cbe19058e7f,1cdce303a9d155ac2f7851b4acd2eca0f7b4d11cf23f88d9f9eb6260ae9f6f74,d01c98b246d960db60cf04024124c592d535668358467b2370ea884fac965ce8,a70aa10e7daaa0626ae8317036618722,workspaces/worth-ui/apps/platform-pulse/tests/executable_world/native_platform/windows.rs;workspaces/worth-ui/apps/platform-pulse/tests/executable_world/courtroom/native_phase2.rs;_docs/worth-ui/milestone-3.14.1-evidence/p2-world-01.json;scripts/ci/run_worth_ui_shared_ledger_control.py,worth-ui-body-default-v1,6f140249866e6815e9284fe1c8c959a8bb1b8cab252cfbe8c7c397f9a7eb9b01,worth-ui-windows-dx12-v1,1c937a22f42660267480a055e48256b25decf0c4cd5d4d7b493e5df034c6c65b,pollster=0.4.0;winit=0.30.13;winit-features=rwh_06;wgpu=29.0.4;wgpu-features=std+parking_lot+dx12+wgsl;xcap=0.9.7;xcap-features=wgc;winsafe=0.0.28;winsafe-features=dwm+kernel+user;uiautomation=0.25.0;uiautomation-features=control+input+screenshot;win32job=2.0.3;protocol=4,pixels=3,observed:retained-rgba-47-129-247-255,observed:three-client-pixels-47-129-247-255,PROVED,none,true,d2f1d7e00580908ff982ac4f710c8ed1ac28935989eda26c991b195f1f030f65
2,P2-PORTS-01,worth-ui-host-native,production external effect ports,windows-native-boundary-world,1,windows-integration,worth-ui-ledger-evidence-v3,1c937a22f42660267480a055e48256b25decf0c4cd5d4d7b493e5df034c6c65b,indeterminate-as-before-effects,not-applicable,worth_ui_host_native::external_ports,workspaces/worth-ui/crates/worth-ui-host-native/src/native/presentation.rs::settle_port_result,workspaces/worth-ui/apps/platform-pulse/tests/executable_world/courtroom/native_phase2.rs::windows_native_boundary_world_presents_quiesces_and_closes_without_residue,family=scripted-port-substitution;case=indeterminate-as-before-effects,after-effects-may-have-begun,_docs/worth-ui/milestone-3.14.1-evidence/p2-ports-01.json,terminal,main-tests=0;hostile-controls=1;product-processes=0;compile-sessions=0;courtroom-worlds=0;shared-native-worlds=1,executed-tests=1;presentations=0;shared-presentations=1,python scripts/ci/run_worth_ui_shared_ledger_control.py --manifest-path workspaces/worth-ui/Cargo.toml --package worth-ui-platform-pulse --test executable_world --features executable-world --test-name courtroom::native_phase2::windows_native_boundary_world_presents_quiesces_and_closes_without_residue --control-package worth-ui-host-native --control-lib --control-test-name native::presentation::tests::external_port_failures_cross_the_real_framework_settlement_transition --requirement P2-PORTS-01 --source workspaces/worth-ui/crates/worth-ui-host-native/src/native/presentation.rs --source workspaces/worth-ui/apps/platform-pulse/tests/executable_world/courtroom/native_phase2.rs --source workspaces/worth-ui/crates/worth-ui-host-native/src/native/event_loop/window_port.rs --source workspaces/worth-ui/crates/worth-ui-host-native/src/native/graphics/port.rs --source workspaces/worth-ui/crates/worth-ui-host-native/src/native/presentation/port.rs --source workspaces/worth-ui/crates/worth-ui-host-native/src/native/presentation/readback_port.rs --source workspaces/worth-ui/crates/worth-ui-host-native/src/native/event_loop.rs --source _docs/worth-ui/milestone-3.14.1-evidence/p2-world-01.json --source scripts/ci/run_worth_ui_shared_ledger_control.py --artifact _docs/worth-ui/milestone-3.14.1-evidence/p2-ports-01.json,1,passed,_docs/worth-ui/milestone-3.14.1-evidence/p2-ports-01.json,9d5c7c0de252c0826f8685ac1dee7cbe19058e7f,90fe91617c2b663656ebc3249086c06bf172e44e2857b74070c700626805f59f,d01c98b246d960db60cf04024124c592d535668358467b2370ea884fac965ce8,ae4639f1aa6262cd69bc40f141b53aad,workspaces/worth-ui/crates/worth-ui-host-native/src/native/presentation.rs;workspaces/worth-ui/apps/platform-pulse/tests/executable_world/courtroom/native_phase2.rs;workspaces/worth-ui/crates/worth-ui-host-native/src/native/event_loop/window_port.rs;workspaces/worth-ui/crates/worth-ui-host-native/src/native/graphics/port.rs;workspaces/worth-ui/crates/worth-ui-host-native/src/native/presentation/port.rs;workspaces/worth-ui/crates/worth-ui-host-native/src/native/presentation/readback_port.rs;workspaces/worth-ui/crates/worth-ui-host-native/src/native/event_loop.rs;_docs/worth-ui/milestone-3.14.1-evidence/p2-world-01.json;scripts/ci/run_worth_ui_shared_ledger_control.py,worth-ui-body-default-v1,6f140249866e6815e9284fe1c8c959a8bb1b8cab252cfbe8c7c397f9a7eb9b01,worth-ui-windows-dx12-v1,1c937a22f42660267480a055e48256b25decf0c4cd5d4d7b493e5df034c6c65b,pollster=0.4.0;winit=0.30.13;winit-features=rwh_06;wgpu=29.0.4;wgpu-features=std+parking_lot+dx12+wgsl;xcap=0.9.7;xcap-features=wgc;winsafe=0.0.28;winsafe-features=dwm+kernel+user;uiautomation=0.25.0;uiautomation-features=control+input+screenshot;win32job=2.0.3;protocol=4,ports=4,not-applicable,not-applicable,PROVED,none,true,3fd071fbaaec500fd0972f8da0f7d51afc5c3b774ebcd4e6875c32e22848288c
2,P2-PRESENT-01,worth-ui-host-native,attributed initial filled rectangle,windows-native-boundary-world,1,windows-integration,worth-ui-ledger-evidence-v3,1c937a22f42660267480a055e48256b25decf0c4cd5d4d7b493e5df034c6c65b,geometry-or-color-drift,not-applicable,worth_ui_host_native::presentation,workspaces/worth-ui/crates/worth-ui-host-native/src/native/presentation.rs::present_initial,workspaces/worth-ui/apps/platform-pulse/tests/executable_world/courtroom/native_phase2.rs::windows_native_boundary_world_presents_quiesces_and_closes_without_residue,family=geometry-color-substitution;case=geometry-or-color-drift,after-effects-may-have-begun,_docs/worth-ui/milestone-3.14.1-evidence/p2-present-01.json,terminal,main-tests=0;hostile-controls=1;product-processes=0;compile-sessions=0;courtroom-worlds=0;shared-native-worlds=1,executed-tests=1;presentations=0;shared-presentations=1,python scripts/ci/run_worth_ui_shared_ledger_control.py --manifest-path workspaces/worth-ui/Cargo.toml --package worth-ui-platform-pulse --test executable_world --features executable-world --test-name courtroom::native_phase2::windows_native_boundary_world_presents_quiesces_and_closes_without_residue --control-package worth-ui-host-native --control-lib --control-test-name native::presentation::raster::tests::geometry_and_color_are_derived_from_the_admitted_command --requirement P2-PRESENT-01 --source workspaces/worth-ui/crates/worth-ui-host-native/src/native/presentation.rs --source workspaces/worth-ui/apps/platform-pulse/tests/executable_world/courtroom/native_phase2.rs --source workspaces/worth-ui/crates/worth-ui-host-native/src/native/presentation/raster.rs --source _docs/worth-ui/milestone-3.14.1-evidence/p2-world-01.json --source scripts/ci/run_worth_ui_shared_ledger_control.py --artifact _docs/worth-ui/milestone-3.14.1-evidence/p2-present-01.json,1,passed,_docs/worth-ui/milestone-3.14.1-evidence/p2-present-01.json,9d5c7c0de252c0826f8685ac1dee7cbe19058e7f,8f165084c75aaffb3e5cb8ce1a51f096670e8df83db9d99981cf7f50d8b550d9,d01c98b246d960db60cf04024124c592d535668358467b2370ea884fac965ce8,25f0de40a2fc2da425e24c8ed838e45f,workspaces/worth-ui/crates/worth-ui-host-native/src/native/presentation.rs;workspaces/worth-ui/apps/platform-pulse/tests/executable_world/courtroom/native_phase2.rs;workspaces/worth-ui/crates/worth-ui-host-native/src/native/presentation/raster.rs;_docs/worth-ui/milestone-3.14.1-evidence/p2-world-01.json;scripts/ci/run_worth_ui_shared_ledger_control.py,worth-ui-body-default-v1,6f140249866e6815e9284fe1c8c959a8bb1b8cab252cfbe8c7c397f9a7eb9b01,worth-ui-windows-dx12-v1,1c937a22f42660267480a055e48256b25decf0c4cd5d4d7b493e5df034c6c65b,pollster=0.4.0;winit=0.30.13;winit-features=rwh_06;wgpu=29.0.4;wgpu-features=std+parking_lot+dx12+wgsl;xcap=0.9.7;xcap-features=wgc;winsafe=0.0.28;winsafe-features=dwm+kernel+user;uiautomation=0.25.0;uiautomation-features=control+input+screenshot;win32job=2.0.3;protocol=4,presentation=1,observed:retained-rgba-47-129-247-255,not-applicable,PROVED,none,true,afbaaab88da99510f474886aefecf8929af7459c3e35b0df56055175f7b2c2b1
2,P2-READINESS-01,worth-ui-host-native,level triggered scheduling and quiescence,windows-native-boundary-world,1,lifecycle-model,worth-ui-ledger-evidence-v3,1c937a22f42660267480a055e48256b25decf0c4cd5d4d7b493e5df034c6c65b,duplicate-generation,not-applicable,worth_ui_host_native::readiness,workspaces/worth-ui/crates/worth-ui-host-native/src/native/readiness.rs::commit_latest,workspaces/worth-ui/apps/platform-pulse/tests/executable_world/courtroom/native_phase2.rs::windows_native_boundary_world_presents_quiesces_and_closes_without_residue,family=wake-drop-duplicate;case=duplicate-generation,before-effects,_docs/worth-ui/milestone-3.14.1-evidence/p2-readiness-01.json,terminal,main-tests=0;hostile-controls=1;product-processes=0;compile-sessions=0;courtroom-worlds=0;shared-native-worlds=1,executed-tests=1;presentations=0;shared-presentations=1,python scripts/ci/run_worth_ui_shared_ledger_control.py --manifest-path workspaces/worth-ui/Cargo.toml --package worth-ui-platform-pulse --test executable_world --features executable-world --test-name courtroom::native_phase2::windows_native_boundary_world_presents_quiesces_and_closes_without_residue --control-package worth-ui-host-native --control-lib --control-test-name native::readiness::tests::committed_readiness_requests_exactly_one_redraw_and_preserves_the_latest_generation --requirement P2-READINESS-01 --source workspaces/worth-ui/crates/worth-ui-host-native/src/native/readiness.rs --source workspaces/worth-ui/apps/platform-pulse/tests/executable_world/courtroom/native_phase2.rs --source _docs/worth-ui/milestone-3.14.1-evidence/p2-world-01.json --source scripts/ci/run_worth_ui_shared_ledger_control.py --artifact _docs/worth-ui/milestone-3.14.1-evidence/p2-readiness-01.json,1,passed,_docs/worth-ui/milestone-3.14.1-evidence/p2-readiness-01.json,9d5c7c0de252c0826f8685ac1dee7cbe19058e7f,21d57806511dd42c89dfe4d78f65966e1222f52aabcd8936c5d250460dc502ca,d01c98b246d960db60cf04024124c592d535668358467b2370ea884fac965ce8,b7bd088aa93817e04508b0355da28c44,workspaces/worth-ui/crates/worth-ui-host-native/src/native/readiness.rs;workspaces/worth-ui/apps/platform-pulse/tests/executable_world/courtroom/native_phase2.rs;_docs/worth-ui/milestone-3.14.1-evidence/p2-world-01.json;scripts/ci/run_worth_ui_shared_ledger_control.py,worth-ui-body-default-v1,6f140249866e6815e9284fe1c8c959a8bb1b8cab252cfbe8c7c397f9a7eb9b01,worth-ui-windows-dx12-v1,1c937a22f42660267480a055e48256b25decf0c4cd5d4d7b493e5df034c6c65b,pollster=0.4.0;winit=0.30.13;winit-features=rwh_06;wgpu=29.0.4;wgpu-features=std+parking_lot+dx12+wgsl;xcap=0.9.7;xcap-features=wgc;winsafe=0.0.28;winsafe-features=dwm+kernel+user;uiautomation=0.25.0;uiautomation-features=control+input+screenshot;win32job=2.0.3;protocol=4,readiness=1,not-applicable,not-applicable,PROVED,none,true,04a816241fc641093b11d27c2104ffb3867a786a1175077e4f52610261ff43d4
2,P2-WINDOW-01,worth-ui-host-native,windows window surface and dpi lifecycle,windows-native-boundary-world,1,windows-integration,worth-ui-ledger-evidence-v3,1c937a22f42660267480a055e48256b25decf0c4cd5d4d7b493e5df034c6c65b,dpi-basis-drift,not-applicable,worth_ui_host_native::window,workspaces/worth-ui/crates/worth-ui-host-native/src/native/graphics.rs::basis_changed,workspaces/worth-ui/apps/platform-pulse/tests/executable_world/courtroom/native_phase2.rs::windows_native_boundary_world_presents_quiesces_and_closes_without_residue,family=window-substitution;case=dpi-basis-drift,before-effects,_docs/worth-ui/milestone-3.14.1-evidence/p2-window-01.json,terminal,main-tests=0;hostile-controls=1;product-processes=0;compile-sessions=0;courtroom-worlds=0;shared-native-worlds=1,executed-tests=1;presentations=0;shared-presentations=1,python scripts/ci/run_worth_ui_shared_ledger_control.py --manifest-path workspaces/worth-ui/Cargo.toml --package worth-ui-platform-pulse --test executable_world --features executable-world --test-name courtroom::native_phase2::windows_native_boundary_world_presents_quiesces_and_closes_without_residue --control-package worth-ui-host-native --control-lib --control-test-name native::graphics::tests::window_basis_classifier_rearms_only_for_new_scale_or_nonzero_extent --requirement P2-WINDOW-01 --source workspaces/worth-ui/crates/worth-ui-host-native/src/native/graphics.rs --source workspaces/worth-ui/apps/platform-pulse/tests/executable_world/courtroom/native_phase2.rs --source _docs/worth-ui/milestone-3.14.1-evidence/p2-world-01.json --source scripts/ci/run_worth_ui_shared_ledger_control.py --artifact _docs/worth-ui/milestone-3.14.1-evidence/p2-window-01.json,1,passed,_docs/worth-ui/milestone-3.14.1-evidence/p2-window-01.json,9d5c7c0de252c0826f8685ac1dee7cbe19058e7f,f296f647ab76887adc1815f0a62c3bcc097fb267396083a7e5e29b8522494996,d01c98b246d960db60cf04024124c592d535668358467b2370ea884fac965ce8,693a484d13e5116b7c76277db3b4be6e,workspaces/worth-ui/crates/worth-ui-host-native/src/native/graphics.rs;workspaces/worth-ui/apps/platform-pulse/tests/executable_world/courtroom/native_phase2.rs;_docs/worth-ui/milestone-3.14.1-evidence/p2-world-01.json;scripts/ci/run_worth_ui_shared_ledger_control.py,worth-ui-body-default-v1,6f140249866e6815e9284fe1c8c959a8bb1b8cab252cfbe8c7c397f9a7eb9b01,worth-ui-windows-dx12-v1,1c937a22f42660267480a055e48256b25decf0c4cd5d4d7b493e5df034c6c65b,pollster=0.4.0;winit=0.30.13;winit-features=rwh_06;wgpu=29.0.4;wgpu-features=std+parking_lot+dx12+wgsl;xcap=0.9.7;xcap-features=wgc;winsafe=0.0.28;winsafe-features=dwm+kernel+user;uiautomation=0.25.0;uiautomation-features=control+input+screenshot;win32job=2.0.3;protocol=4,window=1,not-applicable,not-applicable,PROVED,none,true,702c4d234598ede6bfda38cb75cba2d9710ad0dd5c3c466923ff4fc779921f31
2,P2-WORLD-01,worth-ui-certification,environment qualified windows boundary world,windows-native-boundary-world,1,production-courtroom,worth-ui-ledger-evidence-v3,1c937a22f42660267480a055e48256b25decf0c4cd5d4d7b493e5df034c6c65b,os-backend-client-or-close,not-applicable,worth_ui_certification::windows_native_world,workspaces/worth-ui/apps/platform-pulse/src/main.rs::run_native_phase2_world,workspaces/worth-ui/apps/platform-pulse/tests/executable_world/courtroom/native_phase2.rs::windows_native_boundary_world_presents_quiesces_and_closes_without_residue,family=world-substitution;case=os-backend-client-or-close,after-effects-may-have-begun,_docs/worth-ui/milestone-3.14.1-evidence/p2-world-01.json,terminal,main-tests=1;hostile-controls=1;product-processes=1;compile-sessions=0;courtroom-worlds=1,executed-tests=2;presentations=1,python scripts/ci/run_worth_ui_ledger_test.py --manifest-path workspaces/worth-ui/Cargo.toml --package worth-ui-platform-pulse --test executable_world --features executable-world --test-name courtroom::native_phase2::windows_native_boundary_world_presents_quiesces_and_closes_without_residue --control-package worth-ui-certification --control-test topology_contracts --control-test-name milestone_3141_phase1_ledger::result_artifact::mutation_tests::phase_two_boundary_observation_rejects_each_causal_mutation --requirement P2-WORLD-01 --source workspaces/worth-ui/apps/platform-pulse/src/main.rs --source workspaces/worth-ui/apps/platform-pulse/tests/executable_world/courtroom/native_phase2.rs --source workspaces/worth-ui/crates/worth-ui-certification/tests/milestone_3141_phase1_ledger/result_artifact_mutation.rs --source workspaces/worth-ui/apps/platform-pulse/src/native_seed_application.rs --artifact _docs/worth-ui/milestone-3.14.1-evidence/p2-world-01.json,1,passed,_docs/worth-ui/milestone-3.14.1-evidence/p2-world-01.json,9d5c7c0de252c0826f8685ac1dee7cbe19058e7f,81558e160bb5c93af00a6eca5b106a93291eeb6c908166e863c0ba9a38d85cf8,d01c98b246d960db60cf04024124c592d535668358467b2370ea884fac965ce8,33dbd7a4dd389c62df9d013002b7338c,workspaces/worth-ui/apps/platform-pulse/src/main.rs;workspaces/worth-ui/apps/platform-pulse/tests/executable_world/courtroom/native_phase2.rs;workspaces/worth-ui/crates/worth-ui-certification/tests/milestone_3141_phase1_ledger/result_artifact_mutation.rs;workspaces/worth-ui/apps/platform-pulse/src/native_seed_application.rs,worth-ui-body-default-v1,6f140249866e6815e9284fe1c8c959a8bb1b8cab252cfbe8c7c397f9a7eb9b01,worth-ui-windows-dx12-v1,1c937a22f42660267480a055e48256b25decf0c4cd5d4d7b493e5df034c6c65b,pollster=0.4.0;winit=0.30.13;winit-features=rwh_06;wgpu=29.0.4;wgpu-features=std+parking_lot+dx12+wgsl;xcap=0.9.7;xcap-features=wgc;winsafe=0.0.28;winsafe-features=dwm+kernel+user;uiautomation=0.25.0;uiautomation-features=control+input+screenshot;win32job=2.0.3;protocol=4,world=1,observed:retained-rgba-47-129-247-255,observed:three-client-pixels-47-129-247-255,PROVED,none,true,2c6b735cfca47ebf198369b0673249c16927a79abb55c43d46118e00c46e76a1
3,P3-BASELINE-REPLAY-01,worth-ui-host-native,damage replay against the registered transparent baseline,maximum-overlap-rectangle-world,1,ordered-pixel,worth-ui-ledger-evidence-v3,not-recorded,opaque-baseline-clear,not-applicable,worth_ui_host_native::presentation::damage,not-bound,not-bound,family=baseline-substitution;case=opaque-baseline-clear,after-effects-may-have-begun,not-produced,not-applicable,not-measured,not-measured,not-bound,0,not-run,not-produced,not-recorded,not-recorded,not-recorded,not-issued,not-bound,worth-ui-body-default-v1,6f140249866e6815e9284fe1c8c959a8bb1b8cab252cfbe8c7c397f9a7eb9b01,worth-ui-windows-dx12-v1,1c937a22f42660267480a055e48256b25decf0c4cd5d4d7b493e5df034c6c65b,protocol=4,baseline-clears=open,not-applicable,not-applicable,OPEN,new-phase,false,not-produced
3,P3-CLOSE-01,worth-ui-certification,phase three final source closure,phase-three-ledger-world,1,ledger-closure,worth-ui-ledger-evidence-v3,not-recorded,open-requirement,not-applicable,worth_ui_certification::phase_three_ledger,not-bound,not-bound,family=ledger;case=open-requirement,not-applicable,not-produced,not-applicable,not-measured,not-measured,not-bound,0,not-run,not-produced,not-recorded,not-recorded,not-recorded,not-issued,not-bound,worth-ui-body-default-v1,6f140249866e6815e9284fe1c8c959a8bb1b8cab252cfbe8c7c397f9a7eb9b01,worth-ui-windows-dx12-v1,1c937a22f42660267480a055e48256b25decf0c4cd5d4d7b493e5df034c6c65b,protocol=4,requirements=open,not-applicable,not-applicable,OPEN,new-phase,false,not-produced
3,P3-DAMAGE-INDEX-01,worth-ui-host-native,derived damage intersection index,maximum-overlap-rectangle-world,1,runtime-model,worth-ui-ledger-evidence-v3,not-recorded,full-retained-scan,not-applicable,worth_ui_host_native::presentation::damage,not-bound,not-bound,family=retained-scan;case=full-retained-scan,not-applicable,not-produced,not-applicable,not-measured,not-measured,not-bound,0,not-run,not-produced,not-recorded,not-recorded,not-recorded,not-issued,not-bound,worth-ui-body-default-v1,6f140249866e6815e9284fe1c8c959a8bb1b8cab252cfbe8c7c397f9a7eb9b01,worth-ui-windows-dx12-v1,1c937a22f42660267480a055e48256b25decf0c4cd5d4d7b493e5df034c6c65b,protocol=4,damage-probes=open,not-applicable,not-applicable,OPEN,new-phase,false,not-produced
3,P3-DAMAGE-REPLAY-01,worth-ui-host-native,ordered damage replay,maximum-overlap-rectangle-world,1,ordered-pixel,worth-ui-ledger-evidence-v3,not-recorded,omitted-vacated-replay,not-applicable,worth_ui_host_native::presentation::damage,not-bound,not-bound,family=vacated-replay;case=omitted-vacated-replay,not-applicable,not-produced,not-applicable,not-measured,not-measured,not-bound,0,not-run,not-produced,not-recorded,not-recorded,not-recorded,not-issued,not-bound,worth-ui-body-default-v1,6f140249866e6815e9284fe1c8c959a8bb1b8cab252cfbe8c7c397f9a7eb9b01,worth-ui-windows-dx12-v1,1c937a22f42660267480a055e48256b25decf0c4cd5d4d7b493e5df034c6c65b,protocol=4,replayed-commands=open,not-applicable,not-applicable,OPEN,new-phase,false,not-produced
3,P3-DELTA-SOURCE-01,worth-ui-runtime,mounting issued exact successor scope,mixed-carrier-world,1,runtime-model,worth-ui-ledger-evidence-v3,not-recorded,successor-rediscovery,not-applicable,worth_ui_runtime::mounting::projection,not-bound,not-bound,family=delta-rediscovery;case=successor-rediscovery,not-applicable,not-produced,not-applicable,not-measured,not-measured,not-bound,0,not-run,not-produced,not-recorded,not-recorded,not-recorded,not-issued,not-bound,worth-ui-body-default-v1,6f140249866e6815e9284fe1c8c959a8bb1b8cab252cfbe8c7c397f9a7eb9b01,worth-ui-windows-dx12-v1,1c937a22f42660267480a055e48256b25decf0c4cd5d4d7b493e5df034c6c65b,protocol=4,source-rows=open,not-applicable,not-applicable,OPEN,new-phase,false,not-produced
3,P3-DRAW-LIST-01,worth-ui-host-native,receipt keyed retained draw list,maximum-overlap-rectangle-world,1,runtime-model,worth-ui-ledger-evidence-v3,not-recorded,complete-map-clone,not-applicable,worth_ui_host_native::presentation::draw_list,not-bound,not-bound,family=retained-clone;case=complete-map-clone,not-applicable,not-produced,not-applicable,not-measured,not-measured,not-bound,0,not-run,not-produced,not-recorded,not-recorded,not-recorded,not-issued,not-bound,worth-ui-body-default-v1,6f140249866e6815e9284fe1c8c959a8bb1b8cab252cfbe8c7c397f9a7eb9b01,worth-ui-windows-dx12-v1,1c937a22f42660267480a055e48256b25decf0c4cd5d4d7b493e5df034c6c65b,protocol=4,draw-list-mutations=open,not-applicable,not-applicable,OPEN,new-phase,false,not-produced
3,P3-HEADLESS-COST-01,worth-ui-host-headless,indexed headless delta consumption,mixed-carrier-world,1,slope-model,worth-ui-ledger-evidence-v3,not-recorded,complete-transcript-clone,not-applicable,worth_ui_host_headless::presentation,not-bound,not-bound,family=retained-clone;case=complete-transcript-clone,not-applicable,not-produced,not-applicable,not-measured,not-measured,not-bound,0,not-run,not-produced,not-recorded,not-recorded,not-recorded,not-issued,not-bound,worth-ui-body-default-v1,6f140249866e6815e9284fe1c8c959a8bb1b8cab252cfbe8c7c397f9a7eb9b01,worth-ui-windows-dx12-v1,1c937a22f42660267480a055e48256b25decf0c4cd5d4d7b493e5df034c6c65b,protocol=4,retained-scans=open,not-applicable,not-applicable,OPEN,new-phase,false,not-produced
3,P3-HP02-WORLD-01,worth-ui-certification,phase three dual courtroom,maximum-overlap-phase-three-world,1,integration-model,worth-ui-ledger-evidence-v3,not-recorded,synthetic-successor,not-applicable,worth_ui_certification::host_platform,not-bound,not-bound,family=world-substitution;case=synthetic-successor,after-effects-may-have-begun,not-produced,not-applicable,not-measured,not-measured,not-bound,0,not-run,not-produced,not-recorded,not-recorded,not-recorded,not-issued,not-bound,worth-ui-body-default-v1,6f140249866e6815e9284fe1c8c959a8bb1b8cab252cfbe8c7c397f9a7eb9b01,worth-ui-windows-dx12-v1,1c937a22f42660267480a055e48256b25decf0c4cd5d4d7b493e5df034c6c65b,protocol=4,worlds=open,not-applicable,not-applicable,OPEN,new-phase,false,not-produced
3,P3-PHYSICAL-AMPLIFICATION-01,worth-ui-host-native,logical damage versus physical presentation,maximum-overlap-rectangle-world,1,cost-model,worth-ui-ledger-evidence-v3,not-recorded,hidden-full-surface-copy,not-applicable,worth_ui_host_native::presentation::cost,not-bound,not-bound,family=local-present-relabel;case=hidden-full-surface-copy,after-effects-may-have-begun,not-produced,not-applicable,not-measured,not-measured,not-bound,0,not-run,not-produced,not-recorded,not-recorded,not-recorded,not-issued,not-bound,worth-ui-body-default-v1,6f140249866e6815e9284fe1c8c959a8bb1b8cab252cfbe8c7c397f9a7eb9b01,worth-ui-windows-dx12-v1,1c937a22f42660267480a055e48256b25decf0c4cd5d4d7b493e5df034c6c65b,protocol=4,physical-pixels=open,not-applicable,not-applicable,OPEN,new-phase,false,not-produced
3,P3-PREDECESSOR-01,worth-ui-certification,current source predecessor handoff,phase-three-ledger-world,1,operational-revalidation,worth-ui-ledger-evidence-v3,not-recorded,stale-phase-two-source,not-applicable,worth_ui_certification::phase_three_ledger,not-bound,not-bound,family=stale-predecessor;case=stale-phase-two-source,not-applicable,not-produced,not-applicable,not-measured,not-measured,not-bound,0,not-run,not-produced,not-recorded,not-recorded,not-recorded,not-issued,not-bound,worth-ui-body-default-v1,6f140249866e6815e9284fe1c8c959a8bb1b8cab252cfbe8c7c397f9a7eb9b01,worth-ui-windows-dx12-v1,1c937a22f42660267480a055e48256b25decf0c4cd5d4d7b493e5df034c6c65b,protocol=4,requirements=open,not-applicable,not-applicable,OPEN,new-phase,false,not-produced
3,P3-PRODUCER-SLOPE-01,worth-ui-runtime,incremental presentation work production,mixed-carrier-world,1,slope-model,worth-ui-ledger-evidence-v3,not-recorded,complete-successor-scan,not-applicable,worth_ui_runtime::mounting::presentation,not-bound,not-bound,family=retained-scan;case=complete-successor-scan,not-applicable,not-produced,not-applicable,not-measured,not-measured,not-bound,0,not-run,not-produced,not-recorded,not-recorded,not-recorded,not-issued,not-bound,worth-ui-body-default-v1,6f140249866e6815e9284fe1c8c959a8bb1b8cab252cfbe8c7c397f9a7eb9b01,worth-ui-windows-dx12-v1,1c937a22f42660267480a055e48256b25decf0c4cd5d4d7b493e5df034c6c65b,protocol=4,retained-scans=open,not-applicable,not-applicable,OPEN,new-phase,false,not-produced
3,P3-RECONSTRUCTION-01,worth-ui-runtime,cold reconstruction from mounted authority,maximum-overlap-phase-three-world,1,reconstruction,worth-ui-ledger-evidence-v3,not-recorded,stale-derived-state,not-applicable,worth_ui_runtime::mounting::presentation,not-bound,not-bound,family=derived-state-reuse;case=stale-derived-state,not-applicable,not-produced,not-applicable,not-measured,not-measured,not-bound,0,not-run,not-produced,not-recorded,not-recorded,not-recorded,not-issued,not-bound,worth-ui-body-default-v1,6f140249866e6815e9284fe1c8c959a8bb1b8cab252cfbe8c7c397f9a7eb9b01,worth-ui-windows-dx12-v1,1c937a22f42660267480a055e48256b25decf0c4cd5d4d7b493e5df034c6c65b,protocol=4,reconstructed-commands=open,not-applicable,not-applicable,OPEN,new-phase,false,not-produced
3,P3-STALE-DELTA-01,worth-ui-runtime,affine predecessor admission for mounted deltas,mixed-carrier-world,1,runtime-model,worth-ui-ledger-evidence-v3,not-recorded,stale-affinity-acceptance,not-applicable,worth_ui_runtime::mounting::presentation,not-bound,not-bound,family=stale-delta;case=stale-affinity-acceptance,not-applicable,not-produced,not-applicable,not-measured,not-measured,not-bound,0,not-run,not-produced,not-recorded,not-recorded,not-recorded,not-issued,not-bound,worth-ui-body-default-v1,6f140249866e6815e9284fe1c8c959a8bb1b8cab252cfbe8c7c397f9a7eb9b01,worth-ui-windows-dx12-v1,1c937a22f42660267480a055e48256b25decf0c4cd5d4d7b493e5df034c6c65b,protocol=4,stale-denials=open,not-applicable,not-applicable,OPEN,new-phase,false,not-produced
3,P3-TOTAL-ORDER-01,worth-ui-runtime,indexed total paint order mutation,mixed-carrier-world,1,runtime-model,worth-ui-ledger-evidence-v3,not-recorded,identity-ordering,not-applicable,worth_ui_runtime::mounting::presentation,not-bound,not-bound,family=identity-tie-break;case=identity-ordering,not-applicable,not-produced,not-applicable,not-measured,not-measured,not-bound,0,not-run,not-produced,not-recorded,not-recorded,not-recorded,not-issued,not-bound,worth-ui-body-default-v1,6f140249866e6815e9284fe1c8c959a8bb1b8cab252cfbe8c7c397f9a7eb9b01,worth-ui-windows-dx12-v1,1c937a22f42660267480a055e48256b25decf0c4cd5d4d7b493e5df034c6c65b,protocol=4,order-mutations=open,not-applicable,not-applicable,OPEN,new-phase,false,not-produced
3,P3-TRANSACTION-01,worth-ui-host-native,staged retained presentation transaction,maximum-overlap-rectangle-world,1,lifecycle-model,worth-ui-ledger-evidence-v3,not-recorded,commit-before-handoff,not-applicable,worth_ui_host_native::presentation::transaction,not-bound,not-bound,family=premature-commit;case=commit-before-handoff,after-effects-may-have-begun,not-produced,not-applicable,not-measured,not-measured,not-bound,0,not-run,not-produced,not-recorded,not-recorded,not-recorded,not-issued,not-bound,worth-ui-body-default-v1,6f140249866e6815e9284fe1c8c959a8bb1b8cab252cfbe8c7c397f9a7eb9b01,worth-ui-windows-dx12-v1,1c937a22f42660267480a055e48256b25decf0c4cd5d4d7b493e5df034c6c65b,protocol=4,transactions=open,not-applicable,not-applicable,OPEN,new-phase,false,not-produced
3,P3-UNCHANGED-01,worth-ui-runtime,retained equivalent unchanged progression,mixed-carrier-world,1,runtime-model,worth-ui-ledger-evidence-v3,not-recorded,fresh-unchanged-epoch,not-applicable,worth_ui_runtime::mounting::presentation,not-bound,not-bound,family=epoch-mint;case=fresh-unchanged-epoch,not-applicable,not-produced,not-applicable,not-measured,not-measured,not-bound,0,not-run,not-produced,not-recorded,not-recorded,not-recorded,not-issued,not-bound,worth-ui-body-default-v1,6f140249866e6815e9284fe1c8c959a8bb1b8cab252cfbe8c7c397f9a7eb9b01,worth-ui-windows-dx12-v1,1c937a22f42660267480a055e48256b25decf0c4cd5d4d7b493e5df034c6c65b,protocol=4,unchanged-work=open,not-applicable,not-applicable,OPEN,new-phase,false,not-produced
4,P4-BIDI-01,worth-ui-text,Unicode bidirectional analysis,qualified-text-world,1,unicode-conformance,worth-ui-ledger-evidence-v3,not-recorded,logical-order-rendering,not-applicable,worth_ui_text::analysis::bidi,not-bound,not-bound,family=visual-source-order;case=logical-order-rendering,not-applicable,not-produced,not-applicable,not-measured,not-measured,not-bound,0,not-run,not-produced,not-recorded,not-recorded,not-recorded,not-issued,not-bound,worth-ui-global-text-v2,not-qualified,worth-ui-windows-dx12-v1,1c937a22f42660267480a055e48256b25decf0c4cd5d4d7b493e5df034c6c65b,protocol=5;text-profile=worth-ui-global-text-v2;qualification=open,bidi-runs=open,not-applicable,not-applicable,OPEN,new-phase,false,not-produced
4,P4-CAPACITY-01,worth-ui-text,text capacity admission before analysis or shaping,qualified-text-world,1,capacity-boundary,worth-ui-ledger-evidence-v3,not-recorded,shape-before-capacity-denial,not-applicable,worth_ui_text::profile::admission,not-bound,not-bound,family=post-admission-overflow;case=shape-before-capacity-denial,not-applicable,not-produced,not-applicable,not-measured,not-measured,not-bound,0,not-run,not-produced,not-recorded,not-recorded,not-recorded,not-issued,not-bound,worth-ui-global-text-v2,not-qualified,worth-ui-windows-dx12-v1,1c937a22f42660267480a055e48256b25decf0c4cd5d4d7b493e5df034c6c65b,protocol=5;text-profile=worth-ui-global-text-v2;qualification=open,denied-before-analysis=open,not-applicable,not-applicable,OPEN,new-phase,false,not-produced
4,P4-EMOJI-SEQUENCE-01,worth-ui-text,Unicode 17 RGI emoji sequence analysis and layout,qualified-text-world,1,emoji-conformance,worth-ui-ledger-evidence-v3,not-recorded,variation-or-zwj-decomposition,not-applicable,worth_ui_text::analysis::emoji,not-bound,not-bound,family=emoji-sequence-decomposition;case=variation-or-zwj-decomposition,not-applicable,not-produced,not-applicable,not-measured,not-measured,not-bound,0,not-run,not-produced,not-recorded,not-recorded,not-recorded,not-issued,not-bound,worth-ui-global-text-v2,not-qualified,worth-ui-windows-dx12-v1,1c937a22f42660267480a055e48256b25decf0c4cd5d4d7b493e5df034c6c65b,protocol=5;text-profile=worth-ui-global-text-v2;qualification=open,rgi-sequences=open,not-applicable,not-applicable,OPEN,new-phase,false,not-produced
4,P4-FALLBACK-01,worth-ui-text,deterministic cluster font fallback,qualified-text-world,1,font-oracle,worth-ui-ledger-evidence-v3,not-recorded,emoji-or-indic-split,not-applicable,worth_ui_text::font_collection,not-bound,not-bound,family=cluster-split;case=emoji-or-indic-split,not-applicable,not-produced,not-applicable,not-measured,not-measured,not-bound,0,not-run,not-produced,not-recorded,not-recorded,not-recorded,not-issued,not-bound,worth-ui-global-text-v2,not-qualified,worth-ui-windows-dx12-v1,1c937a22f42660267480a055e48256b25decf0c4cd5d4d7b493e5df034c6c65b,protocol=5;text-profile=worth-ui-global-text-v2;qualification=open,fallback-probes=open,not-applicable,not-applicable,OPEN,new-phase,false,not-produced
4,P4-FONT-COLLECTION-01,worth-ui-text,qualified default and application font collections,qualified-text-world,1,manifest-qualification,worth-ui-ledger-evidence-v3,not-recorded,ambient-font-fallback,not-applicable,worth_ui_text::font_collection,not-bound,not-bound,family=system-font;case=ambient-font-fallback,not-applicable,not-produced,not-applicable,not-measured,not-measured,not-bound,0,not-run,not-produced,not-recorded,not-recorded,not-recorded,not-issued,not-bound,worth-ui-global-text-v2,not-qualified,worth-ui-windows-dx12-v1,1c937a22f42660267480a055e48256b25decf0c4cd5d4d7b493e5df034c6c65b,protocol=5;text-profile=worth-ui-global-text-v2;qualification=open,font-faces=open,not-applicable,not-applicable,OPEN,new-phase,false,not-produced
4,P4-LINE-LAYOUT-01,worth-ui-text,Unicode line fitting and overflow,qualified-text-world,1,layout-oracle,worth-ui-ledger-evidence-v3,not-recorded,mid-cluster-wrap,not-applicable,worth_ui_text::layout,not-bound,not-bound,family=cluster-break;case=mid-cluster-wrap,not-applicable,not-produced,not-applicable,not-measured,not-measured,not-bound,0,not-run,not-produced,not-recorded,not-recorded,not-recorded,not-issued,not-bound,worth-ui-global-text-v2,not-qualified,worth-ui-windows-dx12-v1,1c937a22f42660267480a055e48256b25decf0c4cd5d4d7b493e5df034c6c65b,protocol=5;text-profile=worth-ui-global-text-v2;qualification=open,lines=open,not-applicable,not-applicable,OPEN,new-phase,false,not-produced
4,P4-MEASUREMENT-IDENTITY-01,worth-ui-text,canonical layout measurement identity,qualified-text-world,1,identity-model,worth-ui-ledger-evidence-v3,not-recorded,independent-measurement-pass,not-applicable,worth_ui_text::layout,not-bound,not-bound,family=duplicate-shaper;case=independent-measurement-pass,not-applicable,not-produced,not-applicable,not-measured,not-measured,not-bound,0,not-run,not-produced,not-recorded,not-recorded,not-recorded,not-issued,not-bound,worth-ui-global-text-v2,not-qualified,worth-ui-windows-dx12-v1,1c937a22f42660267480a055e48256b25decf0c4cd5d4d7b493e5df034c6c65b,protocol=5;text-profile=worth-ui-global-text-v2;qualification=open,layout-identities=open,not-applicable,not-applicable,OPEN,new-phase,false,not-produced
4,P4-ORIGINAL-RANGE-01,worth-ui-text,original UTF-8 range and caret geometry,qualified-text-world,1,range-oracle,worth-ui-ledger-evidence-v3,not-recorded,normalized-offset-substitution,not-applicable,worth_ui_text::analysis,not-bound,not-bound,family=range-normalization;case=normalized-offset-substitution,not-applicable,not-produced,not-applicable,not-measured,not-measured,not-bound,0,not-run,not-produced,not-recorded,not-recorded,not-recorded,not-issued,not-bound,worth-ui-global-text-v2,not-qualified,worth-ui-windows-dx12-v1,1c937a22f42660267480a055e48256b25decf0c4cd5d4d7b493e5df034c6c65b,protocol=5;text-profile=worth-ui-global-text-v2;qualification=open,original-ranges=open,not-applicable,not-applicable,OPEN,new-phase,false,not-produced
4,P4-SHAPING-01,worth-ui-text,qualified complex script shaping,qualified-text-world,1,harfbuzz-fixture,worth-ui-ledger-evidence-v3,not-recorded,one-run-latin,not-applicable,worth_ui_text::layout::shaping,not-bound,not-bound,family=glyph-substitution;case=one-run-latin,not-applicable,not-produced,not-applicable,not-measured,not-measured,not-bound,0,not-run,not-produced,not-recorded,not-recorded,not-recorded,not-issued,not-bound,worth-ui-global-text-v2,not-qualified,worth-ui-windows-dx12-v1,1c937a22f42660267480a055e48256b25decf0c4cd5d4d7b493e5df034c6c65b,protocol=5;text-profile=worth-ui-global-text-v2;qualification=open,shaped-glyphs=open,not-applicable,not-applicable,OPEN,new-phase,false,not-produced
4,P4-TEXT-COST-01,worth-ui-text,incremental paragraph analysis and layout,qualified-text-world,1,slope-model,worth-ui-ledger-evidence-v3,not-recorded,complete-document-rescan,not-applicable,worth_ui_text::layout::cost,not-bound,not-bound,family=paragraph-rescan;case=complete-document-rescan,not-applicable,not-produced,not-applicable,not-measured,not-measured,not-bound,0,not-run,not-produced,not-recorded,not-recorded,not-recorded,not-issued,not-bound,worth-ui-global-text-v2,not-qualified,worth-ui-windows-dx12-v1,1c937a22f42660267480a055e48256b25decf0c4cd5d4d7b493e5df034c6c65b,protocol=5;text-profile=worth-ui-global-text-v2;qualification=open,retained-scans=open,not-applicable,not-applicable,OPEN,new-phase,false,not-produced
4,P4-TEXT-PROFILE-01,worth-ui-text,global Unicode text profile qualification,text-profile-qualification-world,1,manifest-qualification,worth-ui-ledger-evidence-v3,not-recorded,font-or-unicode-digest-drift,not-applicable,worth_ui_text::profile,not-bound,not-bound,family=profile-drift;case=font-or-unicode-digest-drift,not-applicable,not-produced,not-applicable,not-measured,not-measured,not-bound,0,not-run,not-produced,not-recorded,not-recorded,not-recorded,not-issued,not-bound,worth-ui-global-text-v2,not-qualified,worth-ui-windows-dx12-v1,1c937a22f42660267480a055e48256b25decf0c4cd5d4d7b493e5df034c6c65b,protocol=5;text-profile=worth-ui-global-text-v2;qualification=open,qualified-assets=open,not-applicable,not-applicable,OPEN,new-phase,false,not-produced
4,P4-TEXT-RECONSTRUCTION-01,worth-ui-text,layout reconstruction from admitted text,qualified-text-world,1,reconstruction,worth-ui-ledger-evidence-v3,not-recorded,stale-layout-reuse,not-applicable,worth_ui_text::layout,not-bound,not-bound,family=derived-state-reuse;case=stale-layout-reuse,not-applicable,not-produced,not-applicable,not-measured,not-measured,not-bound,0,not-run,not-produced,not-recorded,not-recorded,not-recorded,not-issued,not-bound,worth-ui-global-text-v2,not-qualified,worth-ui-windows-dx12-v1,1c937a22f42660267480a055e48256b25decf0c4cd5d4d7b493e5df034c6c65b,protocol=5;text-profile=worth-ui-global-text-v2;qualification=open,reconstructed-layouts=open,not-applicable,not-applicable,OPEN,new-phase,false,not-produced
4,P4-UNCHANGED-01,worth-ui-text,unchanged paragraph layout identity reuse,qualified-text-world,1,slope-model,worth-ui-ledger-evidence-v3,not-recorded,unchanged-paragraph-rescan,not-applicable,worth_ui_text::layout::retention,not-bound,not-bound,family=unchanged-analysis;case=unchanged-paragraph-rescan,not-applicable,not-produced,not-applicable,not-measured,not-measured,not-bound,0,not-run,not-produced,not-recorded,not-recorded,not-recorded,not-issued,not-bound,worth-ui-global-text-v2,not-qualified,worth-ui-windows-dx12-v1,1c937a22f42660267480a055e48256b25decf0c4cd5d4d7b493e5df034c6c65b,protocol=5;text-profile=worth-ui-global-text-v2;qualification=open,unchanged-analysis=open,not-applicable,not-applicable,OPEN,new-phase,false,not-produced
4,P4-UNICODE-SEGMENTATION-01,worth-ui-text,Unicode grapheme word and line segmentation,qualified-text-world,1,unicode-conformance,worth-ui-ledger-evidence-v3,not-recorded,zwj-or-flag-split,not-applicable,worth_ui_text::analysis,not-bound,not-bound,family=emoji-sequence-split;case=zwj-or-flag-split,not-applicable,not-produced,not-applicable,not-measured,not-measured,not-bound,0,not-run,not-produced,not-recorded,not-recorded,not-recorded,not-issued,not-bound,worth-ui-global-text-v2,not-qualified,worth-ui-windows-dx12-v1,1c937a22f42660267480a055e48256b25decf0c4cd5d4d7b493e5df034c6c65b,protocol=5;text-profile=worth-ui-global-text-v2;qualification=open,conformance-cases=open,not-applicable,not-applicable,OPEN,new-phase,false,not-produced
