rename_id,crate,source_set,relative_file,line,visibility,current_name,roadmap_tokens,proposed_name,disposition,confidence,collision_count,boundary_review,rationale
FS-FN-0001,forge-store-blob-chunks,production_path,workspaces/forge-store/crates/forge-store-blob-chunks/src/harness_execution/certification_test_authority/placement_readiness.rs,71,private,lower_s5_reclaim_reachability_for_region,s5,lower_physical_isolation_reclaim_reachability_for_region,rename,medium,1,callsite_validation,The final name preserves the domain operation while removing roadmap-order vocabulary.
FS-FN-0002,forge-store-blob-chunks,production_path,workspaces/forge-store/crates/forge-store-blob-chunks/src/harness_execution/chunk_sequence.rs,114,private,phase22_execution_topology,phase22,blob_harness_execution_topology,rename,high,1,callsite_validation,The final name describes the permanent constructor or operation rather than roadmap order.
FS-FN-0003,forge-store-blob-chunks,test_or_support,workspaces/forge-store/crates/forge-store-blob-chunks/src/heavy_fixture.rs,204,pub,canonical_phase23_patterns,phase23,canonical_heavy_blob_patterns,rename,high,1,callsite_validation,The final name describes the permanent constructor or operation rather than roadmap order.
FS-FN-0004,forge-store-blob-chunks,test_or_support,workspaces/forge-store/crates/forge-store-blob-chunks/src/heavy_fixture.rs,213,pub,is_canonical_phase23_pattern,phase23,is_canonical_pattern,rename,medium,1,callsite_validation,The final name preserves the domain operation while removing roadmap-order vocabulary.
FS-FN-0005,forge-store-blob-chunks,test_or_support,workspaces/forge-store/crates/forge-store-blob-chunks/src/heavy_fixture.rs,341,pub,admit_canonical_phase23_qualification_lane,phase23,admit_canonical_qualification_lane,rename,medium,1,callsite_validation,The final name preserves the domain operation while removing roadmap-order vocabulary.
FS-FN-0006,forge-store-blob-chunks,test_or_support,workspaces/forge-store/crates/forge-store-blob-chunks/src/layout_projection/tests.rs,31,private,phase24_layout_admission_uses_published_and_verified_runtime_path,phase24,layout_admission_uses_published_and_verified_runtime_path,rename,medium,1,callsite_validation,The final name preserves the domain operation while removing roadmap-order vocabulary.
FS-FN-0007,forge-store-blob-chunks,test_or_support,workspaces/forge-store/crates/forge-store-blob-chunks/src/layout_projection/tests.rs,83,private,phase25_layout_admission_uses_runtime_maintenance_authority,phase25,layout_admission_uses_runtime_maintenance_authority,rename,medium,1,callsite_validation,The final name preserves the domain operation while removing roadmap-order vocabulary.
FS-FN-0008,forge-store-blob-chunks,test_or_support,workspaces/forge-store/crates/forge-store-blob-chunks/src/layout_projection/tests.rs,212,private,phase24_layout_rejects_proxy_authority_inputs,phase24,layout_rejects_proxy_authority_inputs,rename,medium,1,callsite_validation,The final name preserves the domain operation while removing roadmap-order vocabulary.
FS-FN-0009,forge-store-blob-chunks,test_or_support,workspaces/forge-store/crates/forge-store-blob-chunks/src/layout_projection/tests.rs,252,private,phase24_streaming_layout_denies_whole_blob_residency,phase24,streaming_layout_denies_whole_blob_residency,rename,medium,1,callsite_validation,The final name preserves the domain operation while removing roadmap-order vocabulary.
FS-FN-0010,forge-store-blob-chunks,production_path,workspaces/forge-store/crates/forge-store-blob-chunks/src/lifecycle/denial.rs,37,pub,reject_s3_integrity_report_as_lifecycle_receipt,s3,reject_physical_integrity_report_as_lifecycle_receipt,rename,medium,1,callsite_validation,The final name preserves the domain operation while removing roadmap-order vocabulary.
FS-FN-0011,forge-store-blob-chunks,production_path,workspaces/forge-store/crates/forge-store-blob-chunks/src/lifecycle/denial.rs,49,pub,reject_s6_placement_seed_as_lifecycle_receipt,s6,reject_io_qos_placement_seed_as_lifecycle_receipt,rename,medium,1,callsite_validation,The final name preserves the domain operation while removing roadmap-order vocabulary.
FS-FN-0012,forge-store-blob-chunks,test_or_support,workspaces/forge-store/crates/forge-store-blob-chunks/src/placement/movement/tests.rs,130,private,lower_physical_execution_receipt_must_match_s5_interlock,s5,lower_physical_execution_receipt_must_match_physical_isolation_interlock,rename,medium,1,callsite_validation,The final name preserves the domain operation while removing roadmap-order vocabulary.
FS-FN-0013,forge-store-blob-chunks,production_path,workspaces/forge-store/crates/forge-store-blob-chunks/src/placement/movement/types/read_hold.rs,10,pub,from_s5_stable_read_and_movement_interlock,s5,from_physical_isolation_stable_read_and_movement_interlock,rename,medium,1,callsite_validation,The final name preserves the domain operation while removing roadmap-order vocabulary.
FS-FN-0014,forge-store-blob-chunks,production_path,workspaces/forge-store/crates/forge-store-blob-chunks/src/reachability/holds.rs,91,pub(crate),from_s10_backup_handoff,s10,from_backup_repair_backup_handoff,rename,medium,1,callsite_validation,The final name preserves the domain operation while removing roadmap-order vocabulary.
FS-FN-0015,forge-store-blob-chunks,production_path,workspaces/forge-store/crates/forge-store-blob-chunks/src/reachability/orchestration/lifecycle_admission.rs,98,pub,admit_s10_backup_hold,s10,admit_backup_repair_backup_hold,rename,medium,1,callsite_validation,The final name preserves the domain operation while removing roadmap-order vocabulary.
FS-FN-0016,forge-store-blob-chunks,test_or_support,workspaces/forge-store/crates/forge-store-blob-chunks/src/reachability/tests.rs,181,private,backup_requires_s10_handoff_and_export_uses_s7_readiness,s10;s7,backup_requires_backup_repair_handoff_and_export_uses_blob_lifecycle_readiness,rename,medium,1,callsite_validation,The final name preserves the domain operation while removing roadmap-order vocabulary.
FS-FN-0017,forge-store-blob-chunks,test_or_support,workspaces/forge-store/crates/forge-store-blob-chunks/src/recovery/resume_session/orphan_reclaim_tests.rs,5,private,abandoned_partial_chunks_require_s7_orphan_reclaim_proof,s7,abandoned_partial_chunks_require_blob_lifecycle_orphan_reclaim_proof,rename,medium,1,callsite_validation,The final name preserves the domain operation while removing roadmap-order vocabulary.
FS-FN-0018,forge-store-blob-chunks,production_path,workspaces/forge-store/crates/forge-store-blob-chunks/src/retention_reclaim/orchestration/admission_authority.rs,49,pub,deny_missing_s6_reclaim_posture,s6,deny_missing_io_qos_reclaim_posture,rename,medium,1,callsite_validation,The final name preserves the domain operation while removing roadmap-order vocabulary.
FS-FN-0019,forge-store-blob-chunks,test_or_support,workspaces/forge-store/crates/forge-store-blob-chunks/src/retention_reclaim/test_support.rs,123,private,s6_handoff_for_metadata,s6,io_qos_handoff_for_metadata,rename,medium,1,callsite_validation,The final name preserves the domain operation while removing roadmap-order vocabulary.
FS-FN-0020,forge-store-blob-chunks,test_or_support,workspaces/forge-store/crates/forge-store-blob-chunks/src/retention_reclaim/test_support.rs,132,private,s6_handoff_from_parts,s6,io_qos_handoff_from_parts,rename,medium,1,callsite_validation,The final name preserves the domain operation while removing roadmap-order vocabulary.
FS-FN-0021,forge-store-blob-chunks,test_or_support,workspaces/forge-store/crates/forge-store-blob-chunks/src/retention_reclaim/tests.rs,34,private,missing_s6_reclaim_posture_denies_before_permit,s6,missing_io_qos_reclaim_posture_denies_before_permit,rename,medium,1,callsite_validation,The final name preserves the domain operation while removing roadmap-order vocabulary.
FS-FN-0022,forge-store-blob-chunks,test_or_support,workspaces/forge-store/crates/forge-store-blob-chunks/src/retention_reclaim/tests.rs,47,private,mismatched_s6_reclaim_scope_denies_before_permit,s6,mismatched_io_qos_reclaim_scope_denies_before_permit,rename,medium,1,callsite_validation,The final name preserves the domain operation while removing roadmap-order vocabulary.
FS-FN-0023,forge-store-blob-chunks,production_path,workspaces/forge-store/crates/forge-store-blob-chunks/src/streaming/ingest/admission/pressure.rs,19,pub,from_s6_background_capacity,s6,from_io_qos_background_capacity,rename,medium,1,callsite_validation,The final name preserves the domain operation while removing roadmap-order vocabulary.
FS-FN-0024,forge-store-blob-chunks,test_or_support,workspaces/forge-store/crates/forge-store-blob-chunks/src/streaming/ingest/pressure_tests.rs,28,private,non_blob_s6_background_capacity_cannot_enter_blob_ingest_pressure,s6,non_blob_io_qos_background_capacity_cannot_enter_blob_ingest_pressure,rename,medium,1,callsite_validation,The final name preserves the domain operation while removing roadmap-order vocabulary.
FS-FN-0025,forge-store-blob-chunks,test_or_support,workspaces/forge-store/crates/forge-store-blob-chunks/src/streaming/read/test_support.rs,26,pub(crate),phase24_layout_runtime_case,phase24,layout_runtime_case,rename,medium,1,callsite_validation,The final name preserves the domain operation while removing roadmap-order vocabulary.
FS-FN-0026,forge-store-branch-deltas,test_or_support,workspaces/forge-store/crates/forge-store-branch-deltas/tests/scenarios/layout/lsm/branch_layout.rs,8,private,phase23_branch_delta_family_binds_layers_to_admitted_lineage_support,phase23,branch_delta_family_binds_layers_to_admitted_lineage_support,rename,medium,1,callsite_validation,The final name preserves the domain operation while removing roadmap-order vocabulary.
FS-FN-0027,forge-store-branch-deltas,test_or_support,workspaces/forge-store/crates/forge-store-branch-deltas/tests/scenarios/layout/lsm/continuation_layout.rs,11,private,phase23_stable_basis_and_continuation_families_bind_support_to_admitted_windows,phase23,stable_basis_and_continuation_families_bind_support_to_admitted_windows,rename,medium,1,callsite_validation,The final name preserves the domain operation while removing roadmap-order vocabulary.
FS-FN-0028,forge-store-buffer-pool,production_path,workspaces/forge-store/crates/forge-store-buffer-pool/src/access_policy_lifecycle.rs,19,pub(crate),pinned_s2_lease,s2,pinned_physical_substrate_lease,rename,medium,1,callsite_validation,The final name preserves the domain operation while removing roadmap-order vocabulary.
FS-FN-0029,forge-store-buffer-pool,production_path,workspaces/forge-store/crates/forge-store-buffer-pool/src/access_policy_lifecycle.rs,34,pub,for_certification_pinned_s2_lease,s2,for_certification_pinned_physical_substrate_lease,rename,medium,1,callsite_validation,The final name preserves the domain operation while removing roadmap-order vocabulary.
FS-FN-0030,forge-store-buffer-pool,test_or_support,workspaces/forge-store/crates/forge-store-buffer-pool/src/dirty_pages/dirty_state_test_support.rs,126,private,accepted_s1_readiness,s1,accepted_physical_format_readiness,rename,medium,1,callsite_validation,The final name preserves the domain operation while removing roadmap-order vocabulary.
FS-FN-0031,forge-store-buffer-pool,test_or_support,workspaces/forge-store/crates/forge-store-buffer-pool/src/pinning/pin_lifecycle_tests.rs,260,private,accepted_s1_readiness,s1,accepted_physical_format_readiness,rename,medium,1,callsite_validation,The final name preserves the domain operation while removing roadmap-order vocabulary.
FS-FN-0032,forge-store-buffer-pool,test_or_support,workspaces/forge-store/crates/forge-store-buffer-pool/src/residency/entry_tests.rs,15,private,buffer_pool_entry_consumes_s1_readiness_and_budget,s1,buffer_pool_entry_consumes_physical_format_readiness_and_budget,rename,medium,1,callsite_validation,The final name preserves the domain operation while removing roadmap-order vocabulary.
FS-FN-0033,forge-store-buffer-pool,test_or_support,workspaces/forge-store/crates/forge-store-buffer-pool/src/residency/entry_tests.rs,53,private,independent_s1_handoffs_lower_to_same_s2_entry_facts_and_vocabulary,s1;s2,independent_physical_format_handoffs_lower_to_same_physical_substrate_entry_facts_and_vocabulary,rename,medium,1,callsite_validation,The final name preserves the domain operation while removing roadmap-order vocabulary.
FS-FN-0034,forge-store-buffer-pool,test_or_support,workspaces/forge-store/crates/forge-store-buffer-pool/src/residency/entry_tests.rs,74,private,residency_vocabulary_freezes_phase_one_authority_terms,phase_one,residency_vocabulary_freezes_authority_terms,rename,medium,1,callsite_validation,The final name preserves the domain operation while removing roadmap-order vocabulary.
FS-FN-0035,forge-store-buffer-pool,test_or_support,workspaces/forge-store/crates/forge-store-buffer-pool/src/residency/entry_tests.rs,113,private,s2_physical_substrate_readiness,s2,physical_substrate_readiness,rename,medium,1,callsite_validation,The final name preserves the domain operation while removing roadmap-order vocabulary.
FS-FN-0036,forge-store-buffer-pool,test_or_support,workspaces/forge-store/crates/forge-store-buffer-pool/src/residency/entry_tests.rs,126,private,accepted_s1_readiness,s1,accepted_physical_format_readiness,rename,medium,1,callsite_validation,The final name preserves the domain operation while removing roadmap-order vocabulary.
FS-FN-0037,forge-store-buffer-pool,production_path,workspaces/forge-store/crates/forge-store-buffer-pool/src/residency/resident_frame_bytes.rs,10,pub,from_s1_payload_admission,s1,from_physical_format_payload_admission,rename,medium,1,callsite_validation,The final name preserves the domain operation while removing roadmap-order vocabulary.
FS-FN-0038,forge-store-buffer-pool,production_path,workspaces/forge-store/crates/forge-store-buffer-pool/src/residency/resident_frame_denials.rs,96,pub,s2_phase_two_forbidden_attempts,s2;phase_two,physical_substrate_forbidden_attempts,rename,medium,1,callsite_validation,The final name preserves the domain operation while removing roadmap-order vocabulary.
FS-FN-0039,forge-store-buffer-pool,production_path,workspaces/forge-store/crates/forge-store-buffer-pool/src/residency/resident_frame_request.rs,41,pub,from_s1_physical_frame,s1,from_physical_format_physical_frame,rename,medium,1,callsite_validation,The final name preserves the domain operation while removing roadmap-order vocabulary.
FS-FN-0040,forge-store-buffer-pool,production_path,workspaces/forge-store/crates/forge-store-buffer-pool/src/residency/resident_frame_source.rs,16,pub(crate),from_s1_frame_witnesses,s1,from_physical_format_frame_witnesses,rename,medium,1,callsite_validation,The final name preserves the domain operation while removing roadmap-order vocabulary.
FS-FN-0041,forge-store-buffer-pool,test_or_support,workspaces/forge-store/crates/forge-store-buffer-pool/src/residency/resident_frame_tests.rs,323,private,accepted_s1_readiness,s1,accepted_physical_format_readiness,rename,medium,1,callsite_validation,The final name preserves the domain operation while removing roadmap-order vocabulary.
FS-FN-0042,forge-store-buffer-pool,production_path,workspaces/forge-store/crates/forge-store-buffer-pool/src/residency_vocabulary.rs,5,pub,s2_phase_one,s2;phase_one,physical_substrate_vocabulary,rename,high,1,callsite_validation,The final name describes the permanent constructor or operation rather than roadmap order.
FS-FN-0043,forge-store-buffer-pool,test_or_support,workspaces/forge-store/crates/forge-store-buffer-pool/src/speculative_work/speculative_work_honesty_tests.rs,97,private,unsupported_qos_claim_defers_without_phase8_scheduling_denial,phase8,unsupported_qos_claim_defers_without_scheduling_denial,rename,medium,1,callsite_validation,The final name preserves the domain operation while removing roadmap-order vocabulary.
FS-FN-0044,forge-store-certification,production_path,workspaces/forge-store/crates/forge-store-certification/src/courtroom/cross_cutting/certification_matrix.rs,51,pub,required_for_s1,s1,required_for_physical_format,rename,medium,1,callsite_validation,The final name preserves the domain operation while removing roadmap-order vocabulary.
FS-FN-0045,forge-store-certification,production_path,workspaces/forge-store/crates/forge-store-certification/src/courtroom/cross_cutting/oracles.rs,317,private,judge_s3_damaged_bytes_deny_before_logical_decode,s3,judge_physical_integrity_damaged_bytes_deny_before_logical_decode,rename,medium,1,callsite_validation,The final name preserves the domain operation while removing roadmap-order vocabulary.
FS-FN-0046,forge-store-certification,test_or_support,workspaces/forge-store/crates/forge-store-certification/src/courtroom/durability/wal_frame_integrity_tests.rs,18,private,intact_wal_frame_independent_reads_produce_same_report_and_s4_input_identity,s4,intact_wal_frame_independent_reads_produce_same_report_and_recovery_input_identity,rename,medium,1,callsite_validation,The final name preserves the domain operation while removing roadmap-order vocabulary.
FS-FN-0047,forge-store-certification,test_or_support,workspaces/forge-store/crates/forge-store-certification/src/courtroom/foundational/digest_authority_denial_tests.rs,66,private,phase_six_production_authority_sources,phase_six,production_authority_sources,rename,medium,1,callsite_validation,The final name preserves the domain operation while removing roadmap-order vocabulary.
FS-FN-0048,forge-store-certification,test_or_support,workspaces/forge-store/crates/forge-store-certification/src/courtroom/foundational/handoff_contract_tests.rs,42,private,s0_handoff_is_native_boundary_artifact,s0,foundational_handoff_is_native_boundary_artifact,rename,medium,1,callsite_validation,The final name preserves the domain operation while removing roadmap-order vocabulary.
FS-FN-0049,forge-store-certification,test_or_support,workspaces/forge-store/crates/forge-store-certification/src/courtroom/foundational/handoff_contract_tests.rs,55,private,s0_handoff_artifact_denies_symbolic_readiness_without_boundary_receipts,s0,foundational_handoff_artifact_denies_symbolic_readiness_without_boundary_receipts,rename,medium,1,callsite_validation,The final name preserves the domain operation while removing roadmap-order vocabulary.
FS-FN-0050,forge-store-certification,test_or_support,workspaces/forge-store/crates/forge-store-certification/src/courtroom/foundational/handoff_contract_tests.rs,66,private,s0_handoff_artifact_denies_symbolic_readiness_without_diagnostics,s0,foundational_handoff_artifact_denies_symbolic_readiness_without_diagnostics,rename,medium,1,callsite_validation,The final name preserves the domain operation while removing roadmap-order vocabulary.
FS-FN-0051,forge-store-certification,test_or_support,workspaces/forge-store/crates/forge-store-certification/src/courtroom/foundational/handoff_contract_tests.rs,77,private,s0_handoff_artifact_denies_symbolic_readiness_without_performance_evidence,s0,foundational_handoff_artifact_denies_symbolic_readiness_without_performance_evidence,rename,medium,1,callsite_validation,The final name preserves the domain operation while removing roadmap-order vocabulary.
FS-FN-0052,forge-store-certification,test_or_support,workspaces/forge-store/crates/forge-store-certification/src/courtroom/foundational/handoff_contract_tests.rs,88,private,s0_rejects_terminal_projection_as_handoff,s0,foundational_handoff_rejects_terminal_projection_as_handoff,rename,medium,1,callsite_validation,The final name preserves the domain operation while removing roadmap-order vocabulary.
FS-FN-0053,forge-store-certification,test_or_support,workspaces/forge-store/crates/forge-store-certification/src/courtroom/foundational/handoff_contract_tests.rs,101,private,s0_handoff_replays_from_native_evidence,s0,foundational_handoff_replays_from_native_evidence,rename,medium,1,callsite_validation,The final name preserves the domain operation while removing roadmap-order vocabulary.
FS-FN-0054,forge-store-certification,test_or_support,workspaces/forge-store/crates/forge-store-certification/src/courtroom/foundational/handoff_contract_tests.rs,122,private,s0_handoff_uses_current_gate_proof_evidence_not_symbolic_labels,s0,foundational_handoff_uses_current_gate_proof_evidence_not_symbolic_labels,rename,medium,1,callsite_validation,The final name preserves the domain operation while removing roadmap-order vocabulary.
FS-FN-0055,forge-store-certification,test_or_support,workspaces/forge-store/crates/forge-store-certification/src/courtroom/foundational/handoff_contract_tests.rs,147,private,s0_handoff_tests_do_not_use_symbolic_required_negative_proof_shortcut,s0,foundational_handoff_tests_do_not_use_symbolic_required_negative_proof_shortcut,rename,medium,1,callsite_validation,The final name preserves the domain operation while removing roadmap-order vocabulary.
FS-FN-0056,forge-store-certification,test_or_support,workspaces/forge-store/crates/forge-store-certification/src/courtroom/harness/test_support/bounded_memory_closeout_test_support.rs,127,pub(crate),s2_readiness,s2,physical_substrate_readiness,rename,medium,1,callsite_validation,The final name preserves the domain operation while removing roadmap-order vocabulary.
FS-FN-0057,forge-store-certification,test_or_support,workspaces/forge-store/crates/forge-store-certification/src/courtroom/harness/test_support/dirty_publication_evidence_test_support.rs,114,private,accepted_s1_readiness,s1,accepted_physical_format_readiness,rename,medium,1,callsite_validation,The final name preserves the domain operation while removing roadmap-order vocabulary.
FS-FN-0058,forge-store-certification,test_or_support,workspaces/forge-store/crates/forge-store-certification/src/courtroom/harness/test_support/integrity_handoff_test_support.rs,35,pub(crate),admit_s4_handoff_payload,s4,admit_recovery_handoff_payload,rename,medium,1,callsite_validation,The final name preserves the domain operation while removing roadmap-order vocabulary.
FS-FN-0059,forge-store-certification,test_or_support,workspaces/forge-store/crates/forge-store-certification/src/courtroom/harness/test_support/integrity_readiness_test_support.rs,10,pub(crate),s3_integrity_readiness,s3,physical_integrity_readiness,rename,medium,1,callsite_validation,The final name preserves the domain operation while removing roadmap-order vocabulary.
FS-FN-0060,forge-store-certification,test_or_support,workspaces/forge-store/crates/forge-store-certification/src/courtroom/harness/test_support/physical_integrity_closeout_harness_test_support.rs,12,pub(crate),s3_harness,s3,physical_integrity_harness,rename,medium,1,callsite_validation,The final name preserves the domain operation while removing roadmap-order vocabulary.
FS-FN-0061,forge-store-certification,test_or_support,workspaces/forge-store/crates/forge-store-certification/src/courtroom/harness/test_support/physical_integrity_closeout_harness_test_support.rs,22,pub(crate),s3_synthetic_transcript,s3,physical_integrity_synthetic_transcript,rename,medium,1,callsite_validation,The final name preserves the domain operation while removing roadmap-order vocabulary.
FS-FN-0062,forge-store-certification,test_or_support,workspaces/forge-store/crates/forge-store-certification/src/courtroom/harness/test_support/physical_integrity_closeout_line_cap_test_support.rs,62,pub(crate),s3_owned_closeout_file_evidence,s3,physical_integrity_owned_closeout_file_evidence,rename,medium,1,callsite_validation,The final name preserves the domain operation while removing roadmap-order vocabulary.
FS-FN-0063,forge-store-certification,test_or_support,workspaces/forge-store/crates/forge-store-certification/src/courtroom/harness/test_support/physical_integrity_closeout_test_support.rs,42,pub(crate),complete_s3_closeout_suite,s3,complete_physical_integrity_closeout_suite,rename,medium,1,callsite_validation,The final name preserves the domain operation while removing roadmap-order vocabulary.
FS-FN-0064,forge-store-certification,test_or_support,workspaces/forge-store/crates/forge-store-certification/src/courtroom/harness/test_support/physical_integrity_closeout_test_support.rs,48,pub(crate),complete_s3_closeout_evidence,s3,complete_physical_integrity_closeout_evidence,rename,medium,1,callsite_validation,The final name preserves the domain operation while removing roadmap-order vocabulary.
FS-FN-0065,forge-store-certification,test_or_support,workspaces/forge-store/crates/forge-store-certification/src/courtroom/harness/test_support/physical_integrity_closeout_test_support.rs,128,pub(crate),s3_readiness,s3,physical_integrity_readiness,rename,medium,1,callsite_validation,The final name preserves the domain operation while removing roadmap-order vocabulary.
FS-FN-0066,forge-store-certification,test_or_support,workspaces/forge-store/crates/forge-store-certification/src/courtroom/harness/test_support/physical_integrity_closeout_test_support.rs,134,pub(crate),copied_s2_synthetic_rejections,s2,copied_physical_substrate_synthetic_rejections,rename,medium,1,callsite_validation,The final name preserves the domain operation while removing roadmap-order vocabulary.
FS-FN-0067,forge-store-certification,test_or_support,workspaces/forge-store/crates/forge-store-certification/src/courtroom/harness/test_support/physical_integrity_closeout_test_support.rs,230,private,s3_synthetic_rejections,s3,physical_integrity_synthetic_rejections,rename,medium,1,callsite_validation,The final name preserves the domain operation while removing roadmap-order vocabulary.
FS-FN-0068,forge-store-certification,test_or_support,workspaces/forge-store/crates/forge-store-certification/src/courtroom/memory/bounded_memory_closeout_tests.rs,17,private,bounded_memory_closeout_publishes_concrete_s3_readiness,s3,bounded_memory_closeout_publishes_concrete_physical_integrity_readiness,rename,medium,1,callsite_validation,The final name preserves the domain operation while removing roadmap-order vocabulary.
FS-FN-0069,forge-store-certification,test_or_support,workspaces/forge-store/crates/forge-store-certification/src/courtroom/physical_integrity/checksum_declaration_tests.rs,281,private,explicit_s1_coverage,s1,explicit_physical_format_coverage,rename,medium,1,callsite_validation,The final name preserves the domain operation while removing roadmap-order vocabulary.
FS-FN-0070,forge-store-certification,test_or_support,workspaces/forge-store/crates/forge-store-certification/src/courtroom/physical_integrity/checksum_declaration_tests.rs,302,private,explicit_s1_builder,s1,explicit_physical_format_builder,rename,medium,1,callsite_validation,The final name preserves the domain operation while removing roadmap-order vocabulary.
FS-FN-0071,forge-store-certification,test_or_support,workspaces/forge-store/crates/forge-store-certification/src/courtroom/physical_integrity/integrity_handoff_tests.rs,15,private,intact_inputs_publish_stable_s4_handoff_identity_across_independent_runs,s4,intact_inputs_publish_stable_recovery_handoff_identity_across_independent_runs,rename,medium,1,callsite_validation,The final name preserves the domain operation while removing roadmap-order vocabulary.
FS-FN-0072,forge-store-certification,test_or_support,workspaces/forge-store/crates/forge-store-certification/src/courtroom/physical_integrity/integrity_handoff_tests.rs,56,private,s4_handoff_payload_exposes_required_integrity_surfaces_and_exact_counters,s4,recovery_handoff_payload_exposes_required_integrity_surfaces_and_exact_counters,rename,medium,1,callsite_validation,The final name preserves the domain operation while removing roadmap-order vocabulary.
FS-FN-0073,forge-store-certification,production_path,workspaces/forge-store/crates/forge-store-certification/src/courtroom/physical_integrity/physical_integrity_closeout_bundle.rs,64,pub,s3_readiness,s3,physical_integrity_readiness,rename,medium,1,callsite_validation,The final name preserves the domain operation while removing roadmap-order vocabulary.
FS-FN-0074,forge-store-certification,production_path,workspaces/forge-store/crates/forge-store-certification/src/courtroom/physical_integrity/physical_integrity_closeout_bundle.rs,68,pub,s4_handoff,s4,recovery_handoff,rename,medium,1,callsite_validation,The final name preserves the domain operation while removing roadmap-order vocabulary.
FS-FN-0075,forge-store-certification,production_path,workspaces/forge-store/crates/forge-store-certification/src/courtroom/physical_integrity/physical_integrity_closeout_bundle.rs,77,pub,close_s3_physical_integrity_from_executed_evidence,s3,close_physical_integrity_from_executed_evidence,rename,medium,1,callsite_validation,The final name preserves the domain operation while removing roadmap-order vocabulary.
FS-FN-0076,forge-store-certification,production_path,workspaces/forge-store/crates/forge-store-certification/src/courtroom/physical_integrity/physical_integrity_closeout_bundle.rs,148,private,s3_suite_harness,s3,physical_integrity_suite_harness,rename,medium,1,callsite_validation,The final name preserves the domain operation while removing roadmap-order vocabulary.
FS-FN-0077,forge-store-certification,production_path,workspaces/forge-store/crates/forge-store-certification/src/courtroom/physical_integrity/physical_integrity_closeout_bundle.rs,192,private,require_s3_readiness_scope,s3,require_physical_integrity_readiness_scope,rename,medium,1,callsite_validation,The final name preserves the domain operation while removing roadmap-order vocabulary.
FS-FN-0078,forge-store-certification,production_path,workspaces/forge-store/crates/forge-store-certification/src/courtroom/physical_integrity/physical_integrity_closeout_bundle.rs,202,private,require_s4_handoff,s4,require_recovery_handoff,rename,medium,1,callsite_validation,The final name preserves the domain operation while removing roadmap-order vocabulary.
FS-FN-0079,forge-store-certification,production_path,workspaces/forge-store/crates/forge-store-certification/src/courtroom/physical_integrity/physical_integrity_closeout_bundle.rs,221,private,require_s4_handoff_suite_evidence,s4,require_recovery_handoff_suite_evidence,rename,medium,1,callsite_validation,The final name preserves the domain operation while removing roadmap-order vocabulary.
FS-FN-0080,forge-store-certification,production_path,workspaces/forge-store/crates/forge-store-certification/src/courtroom/physical_integrity/physical_integrity_closeout_line_cap.rs,146,private,require_s3_owned_closeout_files,s3,require_physical_integrity_owned_closeout_files,rename,medium,1,callsite_validation,The final name preserves the domain operation while removing roadmap-order vocabulary.
FS-FN-0081,forge-store-certification,production_path,workspaces/forge-store/crates/forge-store-certification/src/courtroom/physical_integrity/physical_integrity_closeout_report.rs,104,pub,s4_handoff_identity,s4,recovery_handoff_identity,rename,medium,1,callsite_validation,The final name preserves the domain operation while removing roadmap-order vocabulary.
FS-FN-0082,forge-store-certification,production_path,workspaces/forge-store/crates/forge-store-certification/src/courtroom/physical_integrity/physical_integrity_closeout_report.rs,108,pub,s4_counters,s4,recovery_counters,rename,medium,1,callsite_validation,The final name preserves the domain operation while removing roadmap-order vocabulary.
FS-FN-0083,forge-store-certification,production_path,workspaces/forge-store/crates/forge-store-certification/src/courtroom/physical_integrity/physical_integrity_closeout_suite.rs,66,pub,s4_handoff,s4,recovery_handoff,rename,medium,1,callsite_validation,The final name preserves the domain operation while removing roadmap-order vocabulary.
FS-FN-0084,forge-store-certification,production_path,workspaces/forge-store/crates/forge-store-certification/src/courtroom/physical_integrity/physical_integrity_closeout_suite.rs,114,pub,s4_handoff_evidence,s4,recovery_handoff_evidence,rename,medium,1,callsite_validation,The final name preserves the domain operation while removing roadmap-order vocabulary.
FS-FN-0085,forge-store-certification,production_path,workspaces/forge-store/crates/forge-store-certification/src/courtroom/physical_integrity/physical_integrity_closeout_suite.rs,160,private,with_s4_handoff,s4,with_recovery_handoff,rename,medium,1,callsite_validation,The final name preserves the domain operation while removing roadmap-order vocabulary.
FS-FN-0086,forge-store-certification,production_path,workspaces/forge-store/crates/forge-store-certification/src/courtroom/physical_integrity/physical_integrity_closeout_suite.rs,350,private,require_s4_handoff,s4,require_recovery_handoff,rename,medium,1,callsite_validation,The final name preserves the domain operation while removing roadmap-order vocabulary.
FS-FN-0087,forge-store-certification,test_or_support,workspaces/forge-store/crates/forge-store-certification/src/courtroom/physical_integrity/physical_integrity_closeout_tests.rs,26,private,physical_integrity_closeout_publishes_s3_report_and_s4_handoff,s3;s4,physical_integrity_closeout_publishes_physical_integrity_report_and_recovery_handoff,rename,medium,1,callsite_validation,The final name preserves the domain operation while removing roadmap-order vocabulary.
FS-FN-0088,forge-store-certification,test_or_support,workspaces/forge-store/crates/forge-store-certification/src/courtroom/physical_integrity/physical_integrity_closeout_tests.rs,64,private,closeout_facade_runs_s3_harness_from_executed_evidence,s3,closeout_facade_runs_physical_integrity_harness_from_executed_evidence,rename,medium,1,callsite_validation,The final name preserves the domain operation while removing roadmap-order vocabulary.
FS-FN-0089,forge-store-certification,test_or_support,workspaces/forge-store/crates/forge-store-certification/src/courtroom/physical_integrity/physical_integrity_closeout_tests.rs,186,private,s3_synthetic_closeout_rejects_expected_errors_buffers_and_fixture_labels,s3,physical_integrity_synthetic_closeout_rejects_expected_errors_buffers_and_fixture_labels,rename,medium,1,callsite_validation,The final name preserves the domain operation while removing roadmap-order vocabulary.
FS-FN-0090,forge-store-certification,test_or_support,workspaces/forge-store/crates/forge-store-certification/src/courtroom/physical_integrity/physical_integrity_closeout_tests.rs,208,private,s3_harness_closeout_rejects_non_integrity_lane_transcripts,s3,physical_integrity_harness_closeout_rejects_non_integrity_lane_transcripts,rename,medium,1,callsite_validation,The final name preserves the domain operation while removing roadmap-order vocabulary.
FS-FN-0091,forge-store-certification,test_or_support,workspaces/forge-store/crates/forge-store-certification/src/courtroom/physical_integrity/physical_integrity_closeout_tests.rs,225,private,s3_synthetic_closeout_does_not_count_mismatched_transcript_as_rejection,s3,physical_integrity_synthetic_closeout_does_not_count_mismatched_transcript_as_rejection,rename,medium,1,callsite_validation,The final name preserves the domain operation while removing roadmap-order vocabulary.
FS-FN-0092,forge-store-certification,test_or_support,workspaces/forge-store/crates/forge-store-certification/src/courtroom/physical_integrity/physical_integrity_closeout_tests.rs,242,private,closeout_rejects_s4_suite_evidence_copied_from_another_handoff,s4,closeout_rejects_recovery_suite_evidence_copied_from_another_handoff,rename,medium,1,callsite_validation,The final name preserves the domain operation while removing roadmap-order vocabulary.
FS-FN-0093,forge-store-certification,test_or_support,workspaces/forge-store/crates/forge-store-certification/src/courtroom/physical_integrity/physical_integrity_entry_authority_tests.rs,19,private,equivalent_s2_closeouts_lower_to_same_s3_entry_basis_and_scrub_limits,s2;s3,equivalent_physical_substrate_closeouts_lower_to_same_physical_integrity_entry_basis_and_scrub_limits,rename,medium,1,callsite_validation,The final name preserves the domain operation while removing roadmap-order vocabulary.
FS-FN-0094,forge-store-certification,test_or_support,workspaces/forge-store/crates/forge-store-certification/src/courtroom/physical_integrity/physical_integrity_entry_authority_tests.rs,27,private,s3_entry_admits_only_live_protected_s2_views,s3;s2,physical_integrity_entry_admits_only_live_protected_physical_substrate_views,rename,medium,1,callsite_validation,The final name preserves the domain operation while removing roadmap-order vocabulary.
FS-FN-0095,forge-store-certification,test_or_support,workspaces/forge-store/crates/forge-store-certification/src/courtroom/physical_integrity/physical_integrity_entry_authority_tests.rs,35,private,s3_entry_denies_empty_live_protected_s2_view_before_witness_minting,s3;s2,physical_integrity_entry_denies_empty_live_protected_physical_substrate_view_before_witness_minting,rename,medium,1,callsite_validation,The final name preserves the domain operation while removing roadmap-order vocabulary.
FS-FN-0096,forge-store-certification,production_path,workspaces/forge-store/crates/forge-store-certification/src/courtroom/physical_integrity/physical_substrate_certification_authority.rs,23,pub(crate),certify_s2_physical_substrate_readiness,s2,certify_physical_substrate_readiness,rename,medium,1,callsite_validation,The final name preserves the domain operation while removing roadmap-order vocabulary.
FS-FN-0097,forge-store-certification,production_path,workspaces/forge-store/crates/forge-store-certification/src/courtroom/physical_integrity/physical_substrate_certification_scan.rs,120,pub(crate),s2_readiness,s2,physical_substrate_readiness,rename,medium,1,callsite_validation,The final name preserves the domain operation while removing roadmap-order vocabulary.
FS-FN-0098,forge-store-certification,production_path,workspaces/forge-store/crates/forge-store-certification/src/courtroom/physical_integrity/physical_substrate_closeout.rs,127,pub(crate),s2_readiness,s2,physical_substrate_readiness,rename,medium,1,callsite_validation,The final name preserves the domain operation while removing roadmap-order vocabulary.
FS-FN-0099,forge-store-certification,production_path,workspaces/forge-store/crates/forge-store-certification/src/courtroom/physical_integrity/physical_substrate_closeout.rs,175,pub(crate),into_s2_readiness,s2,into_physical_substrate_readiness,rename,medium,1,callsite_validation,The final name preserves the domain operation while removing roadmap-order vocabulary.
FS-FN-0100,forge-store-certification,production_path,workspaces/forge-store/crates/forge-store-certification/src/courtroom/physical_integrity/physical_substrate_closeout.rs,332,private,require_s2_readiness_scope,s2,require_physical_substrate_readiness_scope,rename,medium,1,callsite_validation,The final name preserves the domain operation while removing roadmap-order vocabulary.
FS-FN-0101,forge-store-certification,test_or_support,workspaces/forge-store/crates/forge-store-certification/src/courtroom/physical_integrity/physical_substrate_closeout_tests.rs,18,private,physical_page_segment_extent_substrate_closeout_mints_s2_readiness,s2,physical_page_segment_extent_substrate_closeout_mints_physical_substrate_readiness,rename,medium,1,callsite_validation,The final name preserves the domain operation while removing roadmap-order vocabulary.
FS-FN-0102,forge-store-certification,test_or_support,workspaces/forge-store/crates/forge-store-certification/src/courtroom/physical_integrity/physical_substrate_closeout_tests.rs,55,private,physical_substrate_authority_mints_s2_readiness_without_raw_descriptors,s2,physical_substrate_authority_mints_physical_substrate_readiness_without_raw_descriptors,rename,medium,1,callsite_validation,The final name preserves the domain operation while removing roadmap-order vocabulary.
FS-FN-0103,forge-store-certification,test_or_support,workspaces/forge-store/crates/forge-store-certification/src/courtroom/physical_integrity/physical_substrate_closeout_tests.rs,81,private,closeout_rejects_missing_shortcut_evidence_before_s2_readiness,s2,closeout_rejects_missing_shortcut_evidence_before_physical_substrate_readiness,rename,medium,1,callsite_validation,The final name preserves the domain operation while removing roadmap-order vocabulary.
FS-FN-0104,forge-store-certification,test_or_support,workspaces/forge-store/crates/forge-store-certification/src/courtroom/physical_integrity/physical_substrate_closeout_tests.rs,94,private,closeout_rejects_missing_legacy_overclaim_story_before_s2_readiness,s2,closeout_rejects_missing_legacy_overclaim_story_before_physical_substrate_readiness,rename,medium,1,callsite_validation,The final name preserves the domain operation while removing roadmap-order vocabulary.
FS-FN-0105,forge-store-certification,test_or_support,workspaces/forge-store/crates/forge-store-certification/src/courtroom/physical_integrity/quarantine_sealing_tests.rs,60,private,lifecycle_postures_are_representable_without_s3_performing_later_transitions,s3,lifecycle_postures_are_representable_without_physical_integrity_performing_later_transitions,rename,medium,1,callsite_validation,The final name preserves the domain operation while removing roadmap-order vocabulary.
FS-FN-0106,forge-store-certification,production_path,workspaces/forge-store/crates/forge-store-certification/src/courtroom/physical_integrity/readiness_handoff.rs,15,pub,publish_s3_physical_integrity_readiness,s3,publish_physical_integrity_readiness,rename,medium,1,callsite_validation,The final name preserves the domain operation while removing roadmap-order vocabulary.
FS-FN-0107,forge-store-certification,production_path,workspaces/forge-store/crates/forge-store-certification/src/courtroom/physical_isolation/closeout/reservations.rs,17,pub,s5_closeout_reservations,s5,physical_isolation_closeout_reservations,rename,medium,1,callsite_validation,The final name preserves the domain operation while removing roadmap-order vocabulary.
FS-FN-0108,forge-store-certification,production_path,workspaces/forge-store/crates/forge-store-certification/src/courtroom/physical_isolation/closeout/suite.rs,260,pub,from_s45_readiness,s45,from_simulation_harness_readiness,rename,medium,1,callsite_validation,The final name preserves the domain operation while removing roadmap-order vocabulary.
FS-FN-0109,forge-store-certification,production_path,workspaces/forge-store/crates/forge-store-certification/src/courtroom/physical_isolation/closeout/suite.rs,289,pub,s45_readiness,s45,simulation_harness_readiness,rename,medium,1,callsite_validation,The final name preserves the domain operation while removing roadmap-order vocabulary.
FS-FN-0110,forge-store-certification,production_path,workspaces/forge-store/crates/forge-store-certification/src/courtroom/physical_substrate/acceptance_suite_transcript.rs,151,private,covers_s3_readiness_handoff,s3,covers_physical_integrity_readiness_handoff,rename,medium,1,callsite_validation,The final name preserves the domain operation while removing roadmap-order vocabulary.
FS-FN-0111,forge-store-certification,production_path,workspaces/forge-store/crates/forge-store-certification/src/courtroom/recovery/admission_flow.rs,12,private,intact_s3_handoff_and_recovery_envelope_produce_stable_entry_identity,s3,intact_physical_integrity_handoff_and_recovery_envelope_produce_stable_entry_identity,rename,medium,1,callsite_validation,The final name preserves the domain operation while removing roadmap-order vocabulary.
FS-FN-0112,forge-store-certification,production_path,workspaces/forge-store/crates/forge-store-certification/src/courtroom/recovery/harness/certification/entry.rs,14,pub,certify_s4_ci,s4,certify_recovery_ci,rename,medium,1,callsite_validation,The final name preserves the domain operation while removing roadmap-order vocabulary.
FS-FN-0113,forge-store-certification,production_path,workspaces/forge-store/crates/forge-store-certification/src/courtroom/recovery/harness/certification/shortcut_rejection.rs,15,pub,required_s4_denials,s4,required_recovery_denials,rename,medium,1,callsite_validation,The final name preserves the domain operation while removing roadmap-order vocabulary.
FS-FN-0114,forge-store-certification,production_path,workspaces/forge-store/crates/forge-store-certification/src/courtroom/recovery/harness/scenario/crash_matrix.rs,19,pub,roadmap_2_s4,roadmap_2;s4,recovery_crash_matrix,rename,high,1,callsite_validation,The final name describes the permanent constructor or operation rather than roadmap order.
FS-FN-0115,forge-store-certification,test_or_support,workspaces/forge-store/crates/forge-store-certification/src/courtroom/recovery/harness/tests.rs,18,private,s4_recovery_crash_matrix_contains_required_lanes,s4,recovery_crash_matrix_contains_required_lanes,rename,medium,1,callsite_validation,The final name preserves the domain operation while removing roadmap-order vocabulary.
FS-FN-0116,forge-store-certification,test_or_support,workspaces/forge-store/crates/forge-store-certification/src/courtroom/recovery/harness/tests.rs,37,private,s4_recovery_crash_matrix_denies_live_runtime_reuse_before_execution,s4,recovery_crash_matrix_denies_live_runtime_reuse_before_execution,rename,medium,1,callsite_validation,The final name preserves the domain operation while removing roadmap-order vocabulary.
FS-FN-0117,forge-store-certification,test_or_support,workspaces/forge-store/crates/forge-store-certification/src/courtroom/recovery/harness/tests.rs,50,private,s4_recovery_plan_denies_mismatched_boundary_events_before_certification,s4,recovery_plan_denies_mismatched_boundary_events_before_certification,rename,medium,1,callsite_validation,The final name preserves the domain operation while removing roadmap-order vocabulary.
FS-FN-0118,forge-store-certification,test_or_support,workspaces/forge-store/crates/forge-store-certification/src/courtroom/recovery/harness/tests.rs,82,private,s4_recovery_certification_transcripts_name_harness_evidence,s4,recovery_certification_transcripts_name_harness_evidence,rename,medium,1,callsite_validation,The final name preserves the domain operation while removing roadmap-order vocabulary.
FS-FN-0119,forge-store-certification,test_or_support,workspaces/forge-store/crates/forge-store-certification/src/courtroom/recovery/harness/tests.rs,122,private,s4_recovery_shortcuts_fail_certification_with_boundary_specific_evidence,s4,recovery_shortcuts_fail_certification_with_boundary_specific_evidence,rename,medium,1,callsite_validation,The final name preserves the domain operation while removing roadmap-order vocabulary.
FS-FN-0120,forge-store-certification,test_or_support,workspaces/forge-store/crates/forge-store-certification/src/courtroom/recovery/harness/tests.rs,157,private,s4_recovery_mutation_validation_matrix_fails_required_mutants,s4,recovery_mutation_validation_matrix_fails_required_mutants,rename,medium,1,callsite_validation,The final name preserves the domain operation while removing roadmap-order vocabulary.
FS-FN-0121,forge-store-certification,test_or_support,workspaces/forge-store/crates/forge-store-certification/src/courtroom/recovery/harness/tests.rs,178,private,s4_recovery_mutation_validation_denies_missing_or_wrong_suite_evidence,s4,recovery_mutation_validation_denies_missing_or_wrong_suite_evidence,rename,medium,1,callsite_validation,The final name preserves the domain operation while removing roadmap-order vocabulary.
FS-FN-0122,forge-store-certification,production_path,workspaces/forge-store/crates/forge-store-certification/src/courtroom/scheduling/backend_capability_admission.rs,54,pub,publish_s6_backend_capability_readiness,s6,publish_io_qos_backend_capability_readiness,rename,medium,1,callsite_validation,The final name preserves the domain operation while removing roadmap-order vocabulary.
FS-FN-0123,forge-store-certification,production_path,workspaces/forge-store/crates/forge-store-certification/src/courtroom/scheduling/backend_capability_admission.rs,120,pub,certify_s6_backend_capability_admission,s6,certify_io_qos_backend_capability_admission,rename,medium,1,callsite_validation,The final name preserves the domain operation while removing roadmap-order vocabulary.
FS-FN-0124,forge-store-certification,test_or_support,workspaces/forge-store/crates/forge-store-certification/src/courtroom/scheduling/backend_capability_admission_tests.rs,9,private,s6_backend_capability_certification_preserves_exact_witness_and_readiness_fields,s6,io_qos_backend_capability_certification_preserves_exact_witness_and_readiness_fields,rename,medium,1,callsite_validation,The final name preserves the domain operation while removing roadmap-order vocabulary.
FS-FN-0125,forge-store-certification,test_or_support,workspaces/forge-store/crates/forge-store-certification/src/courtroom/scheduling/backend_capability_admission_tests.rs,26,private,s6_backend_capability_certification_denies_mismatched_readiness,s6,io_qos_backend_capability_certification_denies_mismatched_readiness,rename,medium,1,callsite_validation,The final name preserves the domain operation while removing roadmap-order vocabulary.
FS-FN-0126,forge-store-certification,production_path,workspaces/forge-store/crates/forge-store-certification/src/courtroom/scheduling/background_pacing.rs,28,pub,certify_s6_background_pacing,s6,certify_io_qos_background_pacing,rename,medium,1,callsite_validation,The final name preserves the domain operation while removing roadmap-order vocabulary.
FS-FN-0127,forge-store-certification,test_or_support,workspaces/forge-store/crates/forge-store-certification/src/courtroom/scheduling/background_pacing_tests.rs,33,private,s6_background_pacing_certification_preserves_all_phase3_outcomes,s6;phase3,io_qos_background_pacing_certification_preserves_all_outcomes,rename,medium,1,callsite_validation,The final name preserves the domain operation while removing roadmap-order vocabulary.
FS-FN-0128,forge-store-certification,test_or_support,workspaces/forge-store/crates/forge-store-certification/src/courtroom/scheduling/background_pacing_tests.rs,90,private,s6_background_pacing_certification_denies_mismatched_outcomes,s6,io_qos_background_pacing_certification_denies_mismatched_outcomes,rename,medium,1,callsite_validation,The final name preserves the domain operation while removing roadmap-order vocabulary.
FS-FN-0129,forge-store-certification,test_or_support,workspaces/forge-store/crates/forge-store-certification/src/courtroom/scheduling/background_pacing_tests.rs,349,private,s6_readiness,s6,io_qos_readiness,rename,medium,1,callsite_validation,The final name preserves the domain operation while removing roadmap-order vocabulary.
FS-FN-0130,forge-store-certification,test_or_support,workspaces/forge-store/crates/forge-store-certification/src/courtroom/scheduling/background_pacing_tests.rs,356,private,s6_security_scope_admission,s6,io_qos_security_scope_admission,rename,medium,1,callsite_validation,The final name preserves the domain operation while removing roadmap-order vocabulary.
FS-FN-0131,forge-store-certification,production_path,workspaces/forge-store/crates/forge-store-certification/src/courtroom/scheduling/foreground_reservation.rs,80,pub,certify_s6_foreground_reservation,s6,certify_io_qos_foreground_reservation,rename,medium,1,callsite_validation,The final name preserves the domain operation while removing roadmap-order vocabulary.
FS-FN-0132,forge-store-certification,test_or_support,workspaces/forge-store/crates/forge-store-certification/src/courtroom/scheduling/foreground_reservation_tests.rs,9,private,s6_foreground_reservation_certification_preserves_exact_receipt_fields,s6,io_qos_foreground_reservation_certification_preserves_exact_receipt_fields,rename,medium,1,callsite_validation,The final name preserves the domain operation while removing roadmap-order vocabulary.
FS-FN-0133,forge-store-certification,test_or_support,workspaces/forge-store/crates/forge-store-certification/src/courtroom/scheduling/foreground_reservation_tests.rs,39,private,s6_foreground_reservation_certification_denies_mismatched_receipts,s6,io_qos_foreground_reservation_certification_denies_mismatched_receipts,rename,medium,1,callsite_validation,The final name preserves the domain operation while removing roadmap-order vocabulary.
FS-FN-0134,forge-store-certification,production_path,workspaces/forge-store/crates/forge-store-certification/src/courtroom/scheduling/unsupported_qos_claims.rs,11,pub,canonical_s5_non_claims,s5,canonical_physical_isolation_non_claims,rename,medium,1,callsite_validation,The final name preserves the domain operation while removing roadmap-order vocabulary.
FS-FN-0135,forge-store-certification,test_or_support,workspaces/forge-store/crates/forge-store-certification/src/courtroom/security/blob_chunk_scope_dedupe_tests.rs,31,private,s5_1_blob_chunk_scope_and_dedupe_readiness_public_api_courtroom,s5_1,security_scope_blob_chunk_scope_and_dedupe_readiness_public_api_courtroom,rename,medium,1,callsite_validation,The final name preserves the domain operation while removing roadmap-order vocabulary.
FS-FN-0136,forge-store-certification,production_path,workspaces/forge-store/crates/forge-store-certification/src/courtroom/security/closeout/api_adoption.rs,100,pub,uses_required_s5_1_foundational_lanes,s5_1,uses_required_security_scope_foundational_lanes,rename,medium,1,callsite_validation,The final name preserves the domain operation while removing roadmap-order vocabulary.
FS-FN-0137,forge-store-certification,test_or_support,workspaces/forge-store/crates/forge-store-certification/src/courtroom/security/cross_family_wrong_scope_tests.rs,90,private,s2_resident_generation_cannot_refresh_s1_durable_generation,s2;s1,physical_substrate_resident_generation_cannot_refresh_physical_format_durable_generation,rename,medium,1,callsite_validation,The final name preserves the domain operation while removing roadmap-order vocabulary.
FS-FN-0138,forge-store-certification,production_path,workspaces/forge-store/crates/forge-store-certification/src/evidence/cross_cutting/extent_record_framing_evidence.rs,28,pub,s1_required,s1,physical_format_required,rename,medium,1,callsite_validation,The final name preserves the domain operation while removing roadmap-order vocabulary.
FS-FN-0139,forge-store-certification,production_path,workspaces/forge-store/crates/forge-store-certification/src/evidence/cross_cutting/header_decode_evidence.rs,29,pub,s1_required,s1,physical_format_required,rename,medium,1,callsite_validation,The final name preserves the domain operation while removing roadmap-order vocabulary.
FS-FN-0140,forge-store-certification,production_path,workspaces/forge-store/crates/forge-store-certification/src/evidence/cross_cutting/offline_verifier_evidence.rs,19,pub,s1_required,s1,physical_format_required,rename,medium,1,callsite_validation,The final name preserves the domain operation while removing roadmap-order vocabulary.
FS-FN-0141,forge-store-certification,production_path,workspaces/forge-store/crates/forge-store-certification/src/evidence/cross_cutting/offline_verifier_evidence.rs,188,private,denial_is_phase9_evidence,phase9,denial_is_evidence,rename,medium,1,callsite_validation,The final name preserves the domain operation while removing roadmap-order vocabulary.
FS-FN-0142,forge-store-certification,production_path,workspaces/forge-store/crates/forge-store-certification/src/evidence/cross_cutting/page_record_framing_evidence.rs,26,pub,s1_required,s1,physical_format_required,rename,medium,1,callsite_validation,The final name preserves the domain operation while removing roadmap-order vocabulary.
FS-FN-0143,forge-store-certification,production_path,workspaces/forge-store/crates/forge-store-certification/src/evidence/cross_cutting/platform_facade_evidence.rs,17,pub,s1_required,s1,physical_format_required,rename,medium,1,callsite_validation,The final name preserves the domain operation while removing roadmap-order vocabulary.
FS-FN-0144,forge-store-certification,production_path,workspaces/forge-store/crates/forge-store-certification/src/evidence/cross_cutting/speculative_work_evidence.rs,182,private,read_ahead_admission_makes_no_s6_claim,s6,read_ahead_admission_makes_no_io_qos_claim,rename,medium,1,callsite_validation,The final name preserves the domain operation while removing roadmap-order vocabulary.
FS-FN-0145,forge-store-certification,production_path,workspaces/forge-store/crates/forge-store-certification/src/evidence/cross_cutting/speculative_work_evidence.rs,191,private,prefetch_admission_makes_no_s6_claim,s6,prefetch_admission_makes_no_io_qos_claim,rename,medium,1,callsite_validation,The final name preserves the domain operation while removing roadmap-order vocabulary.
FS-FN-0146,forge-store-certification,production_path,workspaces/forge-store/crates/forge-store-certification/src/evidence/cross_cutting/speculative_work_evidence.rs,200,private,write_behind_admission_makes_no_s6_claim,s6,write_behind_admission_makes_no_io_qos_claim,rename,medium,1,callsite_validation,The final name preserves the domain operation while removing roadmap-order vocabulary.
FS-FN-0147,forge-store-certification,production_path,workspaces/forge-store/crates/forge-store-certification/src/evidence/cross_cutting/speculative_work_evidence.rs,209,private,denial_is_phase8_boundary,phase8,denial_is_boundary,rename,medium,1,callsite_validation,The final name preserves the domain operation while removing roadmap-order vocabulary.
FS-FN-0148,forge-store-certification,test_or_support,workspaces/forge-store/crates/forge-store-certification/src/evidence/cross_cutting/speculative_work_evidence_tests.rs,126,private,speculative_work_evidence_rejects_unsupported_qos_as_s2_denial_proof,s2,speculative_work_evidence_rejects_unsupported_qos_as_physical_substrate_denial_proof,rename,medium,1,callsite_validation,The final name preserves the domain operation while removing roadmap-order vocabulary.
FS-FN-0149,forge-store-certification,test_or_support,workspaces/forge-store/crates/forge-store-certification/src/evidence/cross_cutting/speculative_work_evidence_tests.rs,268,private,accepted_s1_readiness,s1,accepted_physical_format_readiness,rename,medium,1,callsite_validation,The final name preserves the domain operation while removing roadmap-order vocabulary.
FS-FN-0150,forge-store-certification,production_path,workspaces/forge-store/crates/forge-store-certification/src/evidence/foundational/handoff_gate_evidence.rs,16,pub,certify_s0_handoff_gate_proof_evidence,s0,certify_foundational_handoff_gate_proof_evidence,rename,medium,1,callsite_validation,The final name preserves the domain operation while removing roadmap-order vocabulary.
FS-FN-0151,forge-store-certification,test_or_support,workspaces/forge-store/crates/forge-store-certification/src/evidence/memory/pin_lifecycle_evidence_tests.rs,237,private,accepted_s1_readiness,s1,accepted_physical_format_readiness,rename,medium,1,callsite_validation,The final name preserves the domain operation while removing roadmap-order vocabulary.
FS-FN-0152,forge-store-certification,production_path,workspaces/forge-store/crates/forge-store-certification/src/evidence/memory/resident_frame_authority_evidence.rs,65,pub,s2_phase_two_table_rows,s2;phase_two,physical_substrate_table_rows,rename,medium,1,callsite_validation,The final name preserves the domain operation while removing roadmap-order vocabulary.
FS-FN-0153,forge-store-certification,test_or_support,workspaces/forge-store/crates/forge-store-certification/src/evidence/memory/resident_frame_authority_evidence_tests.rs,213,private,accepted_s1_readiness,s1,accepted_physical_format_readiness,rename,medium,1,callsite_validation,The final name preserves the domain operation while removing roadmap-order vocabulary.
FS-FN-0154,forge-store-certification,production_path,workspaces/forge-store/crates/forge-store-certification/src/evidence/physical_integrity/manifest_discovery_evidence.rs,16,pub,s1_required,s1,physical_format_required,rename,medium,1,callsite_validation,The final name preserves the domain operation while removing roadmap-order vocabulary.
FS-FN-0155,forge-store-certification,production_path,workspaces/forge-store/crates/forge-store-certification/src/evidence/physical_integrity/physical_foundation_evidence.rs,171,private,evidence_bundle_accepts_complete_s1_field_set,s1,evidence_bundle_accepts_complete_physical_format_field_set,rename,medium,1,callsite_validation,The final name preserves the domain operation while removing roadmap-order vocabulary.
FS-FN-0156,forge-store-certification,production_path,workspaces/forge-store/crates/forge-store-certification/src/evidence/physical_integrity/physical_identity_evidence.rs,21,pub,s1_required,s1,physical_format_required,rename,medium,1,callsite_validation,The final name preserves the domain operation while removing roadmap-order vocabulary.
FS-FN-0157,forge-store-certification,production_path,workspaces/forge-store/crates/forge-store-certification/src/evidence/physical_isolation/bundle.rs,101,pub,materialize_s5_executed_isolation_evidence,s5,materialize_physical_isolation_executed_isolation_evidence,rename,medium,1,callsite_validation,The final name preserves the domain operation while removing roadmap-order vocabulary.
FS-FN-0158,forge-store-certification,production_path,workspaces/forge-store/crates/forge-store-certification/src/evidence/physical_substrate/entry_boundary_evidence.rs,43,pub,s2_phase_one_readiness_rows,s2;phase_one,physical_substrate_readiness_rows,rename,medium,1,callsite_validation,The final name preserves the domain operation while removing roadmap-order vocabulary.
FS-FN-0159,forge-store-certification,production_path,workspaces/forge-store/crates/forge-store-certification/src/evidence/physical_substrate/entry_boundary_evidence.rs,70,pub,s2_phase_one_forbidden_attempts,s2;phase_one,physical_substrate_forbidden_attempts,rename,medium,1,callsite_validation,The final name preserves the domain operation while removing roadmap-order vocabulary.
FS-FN-0160,forge-store-certification,production_path,workspaces/forge-store/crates/forge-store-certification/src/evidence/physical_substrate/entry_boundary_evidence.rs,108,private,s2_entry_boundary_reports_every_readiness_consumption_row,s2,physical_substrate_entry_boundary_reports_every_readiness_consumption_row,rename,medium,1,callsite_validation,The final name preserves the domain operation while removing roadmap-order vocabulary.
FS-FN-0161,forge-store-certification,production_path,workspaces/forge-store/crates/forge-store-certification/src/evidence/physical_substrate/entry_boundary_evidence.rs,118,private,s2_entry_boundary_reports_every_forbidden_shortcut_with_buffer_pool_denial,s2,physical_substrate_entry_boundary_reports_every_forbidden_shortcut_with_buffer_pool_denial,rename,medium,1,callsite_validation,The final name preserves the domain operation while removing roadmap-order vocabulary.
FS-FN-0162,forge-store-certification,production_path,workspaces/forge-store/crates/forge-store-certification/src/evidence/scheduling/adoption.rs,43,pub,adopt_materialized_s6_certification_evidence_for_closeout,s6,adopt_materialized_io_qos_certification_evidence_for_closeout,rename,medium,1,callsite_validation,The final name preserves the domain operation while removing roadmap-order vocabulary.
FS-FN-0163,forge-store-certification,production_path,workspaces/forge-store/crates/forge-store-certification/src/evidence/scheduling/adoption.rs,49,pub,reject_materialized_s6_certification_as_runtime_authority,s6,reject_materialized_io_qos_certification_as_runtime_authority,rename,medium,1,callsite_validation,The final name preserves the domain operation while removing roadmap-order vocabulary.
FS-FN-0164,forge-store-certification,test_or_support,workspaces/forge-store/crates/forge-store-certification/src/evidence/scheduling/background_envelope_evidence_tests.rs,89,private,evidence_rejects_each_missing_phase10_interference_report,phase10,evidence_rejects_each_missing_interference_report,rename,medium,1,callsite_validation,The final name preserves the domain operation while removing roadmap-order vocabulary.
FS-FN-0165,forge-store-certification,test_or_support,workspaces/forge-store/crates/forge-store-certification/src/evidence/scheduling/background_envelope_evidence_tests.rs,149,private,complete_phase10_interference_reports,phase10,complete_interference_reports,rename,medium,1,callsite_validation,The final name preserves the domain operation while removing roadmap-order vocabulary.
FS-FN-0166,forge-store-certification,test_or_support,workspaces/forge-store/crates/forge-store-certification/src/evidence/scheduling/background_envelope_evidence_tests.rs,295,private,phase10_report_matches_required_kind,phase10,report_matches_required_kind,rename,medium,1,callsite_validation,The final name preserves the domain operation while removing roadmap-order vocabulary.
FS-FN-0167,forge-store-certification,production_path,workspaces/forge-store/crates/forge-store-certification/src/evidence/scheduling/bundle.rs,20,pub,materialize_s6_certification_evidence,s6,materialize_io_qos_certification_evidence,rename,medium,1,callsite_validation,The final name preserves the domain operation while removing roadmap-order vocabulary.
FS-FN-0168,forge-store-certification,production_path,workspaces/forge-store/crates/forge-store-certification/src/evidence/security/boundary_evidence.rs,214,pub,proves_required_s5_1_lanes,s5_1,proves_required_security_scope_lanes,rename,medium,1,callsite_validation,The final name preserves the domain operation while removing roadmap-order vocabulary.
FS-FN-0169,forge-store-certification,production_path,workspaces/forge-store/crates/forge-store-certification/src/evidence/security/boundary_evidence.rs,226,private,required_s5_1_foundational_fields,s5_1,required_security_scope_foundational_fields,rename,medium,1,callsite_validation,The final name preserves the domain operation while removing roadmap-order vocabulary.
FS-FN-0170,forge-store-certification,production_path,workspaces/forge-store/crates/forge-store-certification/src/replay/layout/layout.rs,13,pub,assemble_s8_layout_replay_bundle,s8,assemble_layout_index_layout_replay_bundle,rename,medium,1,callsite_validation,The final name preserves the domain operation while removing roadmap-order vocabulary.
FS-FN-0171,forge-store-certification,production_path,workspaces/forge-store/crates/forge-store-certification/src/scenario/cross_cutting/harness.rs,13,pub,roadmap_2,roadmap_2,cross_cutting_scenario,rename,high,1,callsite_validation,The final name describes the permanent constructor or operation rather than roadmap order.
FS-FN-0172,forge-store-certification,test_or_support,workspaces/forge-store/crates/forge-store-certification/src/scenario/cross_cutting/harness_tests.rs,88,private,all_s1_certification_rows_map_to_physical_substrate_lanes,s1,all_physical_format_certification_rows_map_to_physical_substrate_lanes,rename,medium,1,callsite_validation,The final name preserves the domain operation while removing roadmap-order vocabulary.
FS-FN-0173,forge-store-certification,production_path,workspaces/forge-store/crates/forge-store-certification/src/scenario/layout/layout.rs,11,pub,certify_s8_layout_scenario,s8,certify_layout_index_layout_scenario,rename,medium,1,callsite_validation,The final name preserves the domain operation while removing roadmap-order vocabulary.
FS-FN-0174,forge-store-certification,production_path,workspaces/forge-store/crates/forge-store-certification/src/scenario/physical_integrity/physical_integrity_closeout_harness_execution.rs,61,pub(crate),s4_handoff,s4,recovery_handoff,rename,medium,1,callsite_validation,The final name preserves the domain operation while removing roadmap-order vocabulary.
FS-FN-0175,forge-store-certification,production_path,workspaces/forge-store/crates/forge-store-certification/src/scenario/physical_integrity/physical_integrity_closeout_harness_runner.rs,20,pub(crate),run_s3_closeout_harness,s3,run_physical_integrity_closeout_harness,rename,medium,1,callsite_validation,The final name preserves the domain operation while removing roadmap-order vocabulary.
FS-FN-0176,forge-store-certification,production_path,workspaces/forge-store/crates/forge-store-certification/src/scenario/physical_integrity/physical_integrity_closeout_harness_runner.rs,31,pub(crate),s3_closeout_suite_plan_and_transcript,s3,physical_integrity_closeout_suite_plan_and_transcript,rename,medium,1,callsite_validation,The final name preserves the domain operation while removing roadmap-order vocabulary.
FS-FN-0177,forge-store-certification,test_or_support,workspaces/forge-store/crates/forge-store-certification/tests/compile_fail/scheduling/evidence_materialization_runner.rs,2,private,phase_13_materialized_authority_boundaries_reject_public_forgery,phase_13,materialized_authority_boundaries_reject_public_forgery,rename,medium,1,callsite_validation,The final name preserves the domain operation while removing roadmap-order vocabulary.
FS-FN-0178,forge-store-certification,test_or_support,workspaces/forge-store/crates/forge-store-certification/tests/compile_fail/scheduling/io_qos_readiness_handoff_runner.rs,2,private,s6_readiness_handoff_denies_public_raw_materialization_paths,s6,io_qos_readiness_handoff_denies_public_raw_materialization_paths,rename,medium,1,callsite_validation,The final name preserves the domain operation while removing roadmap-order vocabulary.
FS-FN-0179,forge-store-certification,test_or_support,workspaces/forge-store/crates/forge-store-certification/tests/compile_fail/scheduling/io_qos_readiness_handoff_runner.rs,14,private,s6_readiness_handoff_fixtures,s6,io_qos_readiness_handoff_fixtures,rename,medium,1,callsite_validation,The final name preserves the domain operation while removing roadmap-order vocabulary.
FS-FN-0180,forge-store-certification,test_or_support,workspaces/forge-store/crates/forge-store-certification/tests/compile_fail/scheduling/io_qos_readiness_handoff_runner.rs,79,private,s6_readiness_handoff_fixture_path,s6,io_qos_readiness_handoff_fixture_path,rename,medium,1,callsite_validation,The final name preserves the domain operation while removing roadmap-order vocabulary.
FS-FN-0181,forge-store-certification,test_or_support,workspaces/forge-store/crates/forge-store-certification/tests/compile_fail/scheduling/io_qos_readiness_handoff_runner.rs,91,private,s6_readiness_handoff_compile_fail_case_dir,s6,io_qos_readiness_handoff_compile_fail_case_dir,rename,medium,1,callsite_validation,The final name preserves the domain operation while removing roadmap-order vocabulary.
FS-FN-0182,forge-store-certification,test_or_support,workspaces/forge-store/crates/forge-store-certification/tests/compile_fail/scheduling/secure_io_authority_runner.rs,2,private,s6_secure_io_authority_rejects_lower_authority_sources,s6,io_qos_secure_io_authority_rejects_lower_authority_sources,rename,medium,1,callsite_validation,The final name preserves the domain operation while removing roadmap-order vocabulary.
FS-FN-0183,forge-store-certification,test_or_support,workspaces/forge-store/crates/forge-store-certification/tests/compile_fail/security/certification_closeout_runner.rs,2,private,phase_11_closeout_rejects_certification_owned_authority_shortcuts,phase_11,closeout_rejects_certification_owned_authority_shortcuts,rename,medium,1,callsite_validation,The final name preserves the domain operation while removing roadmap-order vocabulary.
FS-FN-0184,forge-store-certification,test_or_support,workspaces/forge-store/crates/forge-store-certification/tests/s4_5_physical_simulation_harness_closeout/support.rs,38,pub(crate),s4_recovery_slice_evidence,s4,recovery_slice_evidence,rename,medium,1,callsite_validation,The final name preserves the domain operation while removing roadmap-order vocabulary.
FS-FN-0185,forge-store-certification,test_or_support,workspaces/forge-store/crates/forge-store-certification/tests/s4_5_physical_simulation_harness_closeout/support.rs,45,pub(crate),alternate_s4_recovery_slice_evidence,s4,alternate_recovery_slice_evidence,rename,medium,1,callsite_validation,The final name preserves the domain operation while removing roadmap-order vocabulary.
FS-FN-0186,forge-store-certification,test_or_support,workspaces/forge-store/crates/forge-store-certification/tests/s4_5_physical_simulation_harness_closeout/support.rs,215,private,s4_recovery_slice_evidence_named,s4,recovery_slice_evidence_named,rename,medium,1,callsite_validation,The final name preserves the domain operation while removing roadmap-order vocabulary.
FS-FN-0187,forge-store-certification,test_or_support,workspaces/forge-store/crates/forge-store-certification/tests/s4_5_physical_simulation_harness_closeout/support.rs,236,private,public_s4_recovery_dogfood_scenario,s4,public_recovery_dogfood_scenario,rename,medium,1,callsite_validation,The final name preserves the domain operation while removing roadmap-order vocabulary.
FS-FN-0188,forge-store-certification,test_or_support,workspaces/forge-store/crates/forge-store-certification/tests/s4_5_physical_simulation_harness_closeout/support.rs,292,private,s4_recovery_replay_bundle,s4,recovery_replay_bundle,rename,medium,1,callsite_validation,The final name preserves the domain operation while removing roadmap-order vocabulary.
FS-FN-0189,forge-store-certification,test_or_support,workspaces/forge-store/crates/forge-store-certification/tests/s4_5_physical_simulation_harness_closeout/support.rs,321,private,s4_recovery_trace,s4,recovery_trace,rename,medium,1,callsite_validation,The final name preserves the domain operation while removing roadmap-order vocabulary.
FS-FN-0190,forge-store-certification,test_or_support,workspaces/forge-store/crates/forge-store-certification/tests/s4_recovery_source_precedence/wal_only_tail_fixture/construction.rs,141,pub(crate),s3_readiness,s3,physical_integrity_readiness,rename,medium,1,callsite_validation,The final name preserves the domain operation while removing roadmap-order vocabulary.
FS-FN-0191,forge-store-certification,test_or_support,workspaces/forge-store/crates/forge-store-certification/tests/s4_recovery_source_precedence/wal_only_tail_fixture/construction.rs,163,private,s2_readiness,s2,physical_substrate_readiness,rename,medium,1,callsite_validation,The final name preserves the domain operation while removing roadmap-order vocabulary.
FS-FN-0192,forge-store-certification,test_or_support,workspaces/forge-store/crates/forge-store-certification/tests/s4_recovery_source_precedence/wal_only_tail_fixture/construction.rs,170,private,accepted_s1_readiness,s1,accepted_physical_format_readiness,rename,medium,1,callsite_validation,The final name preserves the domain operation while removing roadmap-order vocabulary.
FS-FN-0193,forge-store-certification,test_or_support,workspaces/forge-store/crates/forge-store-certification/tests/scenarios/blobs/tier_movement_future_chunk_stability/tier_movement_future_chunk_stability.rs,146,private,s7_and_s6_authority_requests_remain_explicit_non_claims,s7;s6,blob_lifecycle_and_io_qos_authority_requests_remain_explicit_non_claims,rename,medium,1,callsite_validation,The final name preserves the domain operation while removing roadmap-order vocabulary.
FS-FN-0194,forge-store-certification,test_or_support,workspaces/forge-store/crates/forge-store-certification/tests/scenarios/layout/layout_access_path_harness/layout_access_path_harness.rs,2,private,scenario_metadata_alone_cannot_form_s8_layout_replay_bundle,s8,scenario_metadata_alone_cannot_form_layout_index_layout_replay_bundle,rename,medium,1,callsite_validation,The final name preserves the domain operation while removing roadmap-order vocabulary.
FS-FN-0195,forge-store-certification,test_or_support,workspaces/forge-store/crates/forge-store-certification/tests/scenarios/physical_isolation/evidence_materialization/evidence_materialization.rs,21,private,executed_s5_replay_materializes_foundational_and_proof_projections,s5,executed_physical_isolation_replay_materializes_foundational_and_proof_projections,rename,medium,1,callsite_validation,The final name preserves the domain operation while removing roadmap-order vocabulary.
FS-FN-0196,forge-store-certification,test_or_support,workspaces/forge-store/crates/forge-store-certification/tests/scenarios/physical_isolation/evidence_materialization/evidence_materialization.rs,283,private,s5_source_authority,s5,physical_isolation_source_authority,rename,medium,1,callsite_validation,The final name preserves the domain operation while removing roadmap-order vocabulary.
FS-FN-0197,forge-store-certification,test_or_support,workspaces/forge-store/crates/forge-store-certification/tests/scenarios/physical_isolation/interleaving_harness_consumption/interleaving_harness_consumption.rs,18,private,s5_scenario_families_lower_replay_cover_and_emit_evidence_through_s4_5_pipeline,s5;s4_5,physical_isolation_scenario_families_lower_replay_cover_and_emit_evidence_through_simulation_harness_pipeline,rename,medium,1,callsite_validation,The final name preserves the domain operation while removing roadmap-order vocabulary.
FS-FN-0198,forge-store-certification,test_or_support,workspaces/forge-store/crates/forge-store-certification/tests/scenarios/physical_isolation/interleaving_harness_consumption/interleaving_harness_consumption.rs,73,private,s5_family_lowering_is_readiness_gated_and_rejects_missing_required_s4_5_surfaces,s5;s4_5,physical_isolation_family_lowering_is_readiness_gated_and_rejects_missing_required_simulation_harness_surfaces,rename,medium,1,callsite_validation,The final name preserves the domain operation while removing roadmap-order vocabulary.
FS-FN-0199,forge-store-certification,test_or_support,workspaces/forge-store/crates/forge-store-certification/tests/scenarios/physical_isolation/interleaving_harness_consumption/interleaving_harness_consumption.rs,107,private,s5_interleaving_oracle_is_bound_to_family_specific_observations,s5,physical_isolation_interleaving_oracle_is_bound_to_family_specific_observations,rename,medium,1,callsite_validation,The final name preserves the domain operation while removing roadmap-order vocabulary.
FS-FN-0200,forge-store-certification,test_or_support,workspaces/forge-store/crates/forge-store-certification/tests/scenarios/physical_isolation/interleaving_harness_consumption/interleaving_harness_consumption.rs,128,private,readiness_shape_probe_remains_non_claiming_and_not_s5_closeout_authority,s5,readiness_shape_probe_remains_non_claiming_and_not_physical_isolation_closeout_authority,rename,medium,1,callsite_validation,The final name preserves the domain operation while removing roadmap-order vocabulary.
FS-FN-0201,forge-store-certification,test_or_support,workspaces/forge-store/crates/forge-store-certification/tests/scenarios/physical_isolation/interleaving_harness_consumption/interleaving_harness_consumption.rs,253,private,row_for_matrix_contains_s5_mutation,s5,row_for_matrix_contains_physical_isolation_mutation,rename,medium,1,callsite_validation,The final name preserves the domain operation while removing roadmap-order vocabulary.
FS-FN-0202,forge-store-certification,test_or_support,workspaces/forge-store/crates/forge-store-certification/tests/scenarios/physical_isolation/interleaving_harness_denials/interleaving_harness_denials.rs,18,private,s5_interleaving_oracle_rejects_wrong_family_observation_topology,s5,physical_isolation_interleaving_oracle_rejects_wrong_family_observation_topology,rename,medium,1,callsite_validation,The final name preserves the domain operation while removing roadmap-order vocabulary.
FS-FN-0203,forge-store-certification,test_or_support,workspaces/forge-store/crates/forge-store-certification/tests/scenarios/physical_isolation/interleaving_harness_denials/interleaving_harness_denials.rs,53,private,s5_observer_requires_scheduled_mutation_rows_for_mutation_bound_families,s5,physical_isolation_observer_requires_scheduled_mutation_rows_for_mutation_bound_families,rename,medium,1,callsite_validation,The final name preserves the domain operation while removing roadmap-order vocabulary.
FS-FN-0204,forge-store-certification,test_or_support,workspaces/forge-store/crates/forge-store-certification/tests/scenarios/physical_isolation/interleaving_harness_denials/interleaving_harness_denials.rs,90,private,s5_mutation_evidence_rejects_missing_or_wrong_family_rows,s5,physical_isolation_mutation_evidence_rejects_missing_or_wrong_family_rows,rename,medium,1,callsite_validation,The final name preserves the domain operation while removing roadmap-order vocabulary.
FS-FN-0205,forge-store-certification,test_or_support,workspaces/forge-store/crates/forge-store-certification/tests/scenarios/physical_isolation/physical_isolation_closeout/physical_isolation_closeout.rs,35,private,phase15_closeout_aggregates_all_s5_hostile_lanes_with_machine_evidence,phase15;s5,closeout_aggregates_all_physical_isolation_hostile_lanes_with_machine_evidence,rename,medium,1,callsite_validation,The final name preserves the domain operation while removing roadmap-order vocabulary.
FS-FN-0206,forge-store-certification,test_or_support,workspaces/forge-store/crates/forge-store-certification/tests/scenarios/physical_isolation/physical_isolation_closeout/physical_isolation_closeout.rs,90,private,phase15_closeout_denies_smoke_profile_lane_evidence,phase15,closeout_denies_smoke_profile_lane_evidence,rename,medium,1,callsite_validation,The final name preserves the domain operation while removing roadmap-order vocabulary.
FS-FN-0207,forge-store-certification,test_or_support,workspaces/forge-store/crates/forge-store-certification/tests/scenarios/physical_isolation/physical_isolation_closeout/physical_isolation_closeout.rs,133,private,phase15_closeout_denies_missing_or_duplicate_hostile_lanes,phase15,closeout_denies_missing_or_duplicate_hostile_lanes,rename,medium,1,callsite_validation,The final name preserves the domain operation while removing roadmap-order vocabulary.
FS-FN-0208,forge-store-certification,test_or_support,workspaces/forge-store/crates/forge-store-certification/tests/scenarios/physical_isolation/physical_isolation_closeout/physical_isolation_closeout.rs,154,private,phase15_closeout_denies_mismatched_lane_evidence_fragments,phase15,closeout_denies_mismatched_lane_evidence_fragments,rename,medium,1,callsite_validation,The final name preserves the domain operation while removing roadmap-order vocabulary.
FS-FN-0209,forge-store-certification,test_or_support,workspaces/forge-store/crates/forge-store-certification/tests/scenarios/physical_isolation/physical_isolation_closeout/physical_isolation_closeout.rs,200,private,phase15_closeout_seals_handoff_evidence_without_minting_production_readiness,phase15,closeout_seals_handoff_evidence_without_minting_production_readiness,rename,medium,1,callsite_validation,The final name preserves the domain operation while removing roadmap-order vocabulary.
FS-FN-0210,forge-store-certification,test_or_support,workspaces/forge-store/crates/forge-store-certification/tests/scenarios/physical_isolation/physical_isolation_closeout/physical_isolation_closeout.rs,233,private,s45_readiness,s45,simulation_harness_readiness,rename,medium,1,callsite_validation,The final name preserves the domain operation while removing roadmap-order vocabulary.
FS-FN-0211,forge-store-certification,test_or_support,workspaces/forge-store/crates/forge-store-certification/tests/scenarios/physical_isolation/physical_isolation_closeout/physical_isolation_closeout.rs,311,private,s5_source_authority,s5,physical_isolation_source_authority,rename,medium,1,callsite_validation,The final name preserves the domain operation while removing roadmap-order vocabulary.
FS-FN-0212,forge-store-certification,test_or_support,workspaces/forge-store/crates/forge-store-certification/tests/scenarios/physical_isolation/physical_isolation_entry/physical_isolation_entry.rs,43,private,s5_entry_admits_only_typed_recovery_completion,s5,physical_isolation_entry_admits_only_typed_recovery_completion,rename,medium,1,callsite_validation,The final name preserves the domain operation while removing roadmap-order vocabulary.
FS-FN-0213,forge-store-certification,test_or_support,workspaces/forge-store/crates/forge-store-certification/tests/scenarios/physical_isolation/physical_isolation_entry/physical_isolation_entry.rs,158,private,s5_entry_rejects_copied_runtime_semantic_projection_and_json_authority,s5,physical_isolation_entry_rejects_copied_runtime_semantic_projection_and_json_authority,rename,medium,1,callsite_validation,The final name preserves the domain operation while removing roadmap-order vocabulary.
FS-FN-0214,forge-store-certification,test_or_support,workspaces/forge-store/crates/forge-store-certification/tests/scenarios/physical_isolation/physical_isolation_entry/physical_isolation_entry.rs,196,private,physical_isolation_lane_requires_entry_and_s45_harness_readiness,s45,physical_isolation_lane_requires_entry_and_simulation_harness_readiness,rename,medium,1,callsite_validation,The final name preserves the domain operation while removing roadmap-order vocabulary.
FS-FN-0215,forge-store-certification,test_or_support,workspaces/forge-store/crates/forge-store-certification/tests/scenarios/physical_isolation/physical_isolation_entry/physical_isolation_entry.rs,215,private,physical_isolation_lane_denies_near_miss_s45_receipts_before_registration,s45,physical_isolation_lane_denies_near_miss_simulation_harness_receipts_before_registration,rename,medium,1,callsite_validation,The final name preserves the domain operation while removing roadmap-order vocabulary.
FS-FN-0216,forge-store-certification,test_or_support,workspaces/forge-store/crates/forge-store-certification/tests/scenarios/physical_isolation/physical_isolation_entry/physical_isolation_entry.rs,261,private,s45_harness_readiness_receipt,s45,simulation_harness_readiness_receipt,rename,medium,1,callsite_validation,The final name preserves the domain operation while removing roadmap-order vocabulary.
FS-FN-0217,forge-store-certification,test_or_support,workspaces/forge-store/crates/forge-store-certification/tests/scenarios/physical_isolation/physical_isolation_entry/physical_isolation_entry.rs,365,private,shortcut_report_names_required_s5_entry_boundaries,s5,shortcut_report_names_required_physical_isolation_entry_boundaries,rename,medium,1,callsite_validation,The final name preserves the domain operation while removing roadmap-order vocabulary.
FS-FN-0218,forge-store-certification,test_or_support,workspaces/forge-store/crates/forge-store-certification/tests/scenarios/physical_isolation/reclaim_reachability_hazard_barriers/reclaim_reachability_hazard_barriers.rs,199,private,every_phase_ten_hazard_kind_blocks_reclaim_with_exact_overlap,phase_ten,every_hazard_kind_blocks_reclaim_with_exact_overlap,rename,medium,1,callsite_validation,The final name preserves the domain operation while removing roadmap-order vocabulary.
FS-FN-0219,forge-store-certification,test_or_support,workspaces/forge-store/crates/forge-store-certification/tests/scenarios/physical_isolation/simulation_harness_readiness/simulation_harness_readiness.rs,26,private,s5_receives_store_owned_simulation_harness_readiness,s5,physical_isolation_receives_store_owned_simulation_harness_readiness,rename,medium,1,callsite_validation,The final name preserves the domain operation while removing roadmap-order vocabulary.
FS-FN-0220,forge-store-certification,test_or_support,workspaces/forge-store/crates/forge-store-certification/tests/scenarios/physical_isolation/stable_read_plan_scenarios/stable_read_plan_scenarios.rs,27,private,stable_read_plan_scenarios_execute_through_s4_5_evidence_pipeline,s4_5,stable_read_plan_scenarios_execute_through_simulation_harness_evidence_pipeline,rename,medium,1,callsite_validation,The final name preserves the domain operation while removing roadmap-order vocabulary.
FS-FN-0221,forge-store-certification,test_or_support,workspaces/forge-store/crates/forge-store-certification/tests/scenarios/physical_isolation/stable_read_plan_scenarios/stable_read_plan_scenarios.rs,201,private,s5_fault_events,s5,physical_isolation_fault_events,rename,medium,1,callsite_validation,The final name preserves the domain operation while removing roadmap-order vocabulary.
FS-FN-0222,forge-store-certification,test_or_support,workspaces/forge-store/crates/forge-store-certification/tests/scenarios/recovery/checkpoint_publication_oracle_hardening/checkpoint_publication_oracle_hardening.rs,23,private,checkpoint_publication_observation_satisfies_s5_reader_oracles,s5,checkpoint_publication_observation_satisfies_physical_isolation_reader_oracles,rename,medium,1,callsite_validation,The final name preserves the domain operation while removing roadmap-order vocabulary.
FS-FN-0223,forge-store-certification,test_or_support,workspaces/forge-store/crates/forge-store-certification/tests/scenarios/recovery/checkpoint_publication_oracle_hardening/checkpoint_publication_oracle_hardening.rs,128,private,checkpoint_publication_lane_is_paired_with_s4_crash_replay_proof,s4,checkpoint_publication_lane_is_paired_with_recovery_crash_replay_proof,rename,medium,1,callsite_validation,The final name preserves the domain operation while removing roadmap-order vocabulary.
FS-FN-0224,forge-store-certification,test_or_support,workspaces/forge-store/crates/forge-store-certification/tests/scenarios/recovery/compaction_mutation_coverage/compaction_mutation_coverage.rs,10,private,compaction_mutation_coverage_requires_all_s5_interleaving_mutants,s5,compaction_mutation_coverage_requires_all_physical_isolation_interleaving_mutants,rename,medium,1,callsite_validation,The final name preserves the domain operation while removing roadmap-order vocabulary.
FS-FN-0225,forge-store-certification,test_or_support,workspaces/forge-store/crates/forge-store-certification/tests/scenarios/recovery/compaction_mutation_coverage/compaction_mutation_coverage.rs,29,private,compaction_mutation_coverage_rejects_replay_without_s5_interleaving_mutants,s5,compaction_mutation_coverage_rejects_replay_without_physical_isolation_interleaving_mutants,rename,medium,1,callsite_validation,The final name preserves the domain operation while removing roadmap-order vocabulary.
FS-FN-0226,forge-store-certification,test_or_support,workspaces/forge-store/crates/forge-store-certification/tests/scenarios/recovery/compaction_mutation_coverage/compaction_mutation_coverage.rs,40,private,compaction_mutation_observation_rejects_each_missing_s5_interleaving_mutant,s5,compaction_mutation_observation_rejects_each_missing_physical_isolation_interleaving_mutant,rename,medium,1,callsite_validation,The final name preserves the domain operation while removing roadmap-order vocabulary.
FS-FN-0227,forge-store-certification,test_or_support,workspaces/forge-store/crates/forge-store-certification/tests/scenarios/recovery/compaction_mutation_coverage/compaction_mutation_coverage.rs,71,private,compaction_mutation_observation_rejects_duplicate_s5_interleaving_mutant,s5,compaction_mutation_observation_rejects_duplicate_physical_isolation_interleaving_mutant,rename,medium,1,callsite_validation,The final name preserves the domain operation while removing roadmap-order vocabulary.
FS-FN-0228,forge-store-certification,test_or_support,workspaces/forge-store/crates/forge-store-certification/tests/scenarios/recovery/counter_contract_profile/counter_contract_profile.rs,231,private,s5_scenario,s5,physical_isolation_scenario,rename,medium,1,callsite_validation,The final name preserves the domain operation while removing roadmap-order vocabulary.
FS-FN-0229,forge-store-certification,test_or_support,workspaces/forge-store/crates/forge-store-certification/tests/scenarios/recovery/deterministic_schedule_replay/deterministic_schedule_replay.rs,205,private,s5_scenario,s5,physical_isolation_scenario,rename,medium,1,callsite_validation,The final name preserves the domain operation while removing roadmap-order vocabulary.
FS-FN-0230,forge-store-certification,test_or_support,workspaces/forge-store/crates/forge-store-certification/tests/scenarios/recovery/foundational_proof_evidence/foundational_proof_evidence.rs,5,private,phase12_foundational_proof_evidence_split_suite_smoke,phase12,foundational_proof_evidence_split_suite_smoke,rename,medium,1,callsite_validation,The final name preserves the domain operation while removing roadmap-order vocabulary.
FS-FN-0231,forge-store-certification,test_or_support,workspaces/forge-store/crates/forge-store-certification/tests/scenarios/recovery/generated_coverage_matrix/generated_coverage_matrix.rs,116,private,generated_maturity_maps_s5_ci_dependencies_without_s5_correctness_claim,s5;s5,generated_maturity_maps_physical_isolation_ci_dependencies_without_physical_isolation_correctness_claim,rename,medium,1,callsite_validation,The final name preserves the domain operation while removing roadmap-order vocabulary.
FS-FN-0232,forge-store-certification,test_or_support,workspaces/forge-store/crates/forge-store-certification/tests/scenarios/recovery/observer_oracle_boundaries/observer_oracle_boundaries.rs,197,private,physical_isolation_readiness_family_is_reusable_without_claiming_s5_correctness,s5,physical_isolation_readiness_family_is_reusable_without_claiming_physical_isolation_correctness,rename,medium,1,callsite_validation,The final name preserves the domain operation while removing roadmap-order vocabulary.
FS-FN-0233,forge-store-certification,test_or_support,workspaces/forge-store/crates/forge-store-certification/tests/scenarios/recovery/observer_oracle_boundaries/observer_oracle_boundaries.rs,242,private,lower_s5_plan,s5,lower_physical_isolation_plan,rename,medium,1,callsite_validation,The final name preserves the domain operation while removing roadmap-order vocabulary.
FS-FN-0234,forge-store-certification,test_or_support,workspaces/forge-store/crates/forge-store-certification/tests/scenarios/recovery/observer_oracle_boundaries/observer_oracle_boundaries.rs,259,private,s5_scenario,s5,physical_isolation_scenario,rename,medium,1,callsite_validation,The final name preserves the domain operation while removing roadmap-order vocabulary.
FS-FN-0235,forge-store-certification,test_or_support,workspaces/forge-store/crates/forge-store-certification/tests/scenarios/recovery/observer_oracle_execution/observer_oracle_execution.rs,176,private,lower_s5_plan,s5,lower_physical_isolation_plan,rename,medium,1,callsite_validation,The final name preserves the domain operation while removing roadmap-order vocabulary.
FS-FN-0236,forge-store-certification,test_or_support,workspaces/forge-store/crates/forge-store-certification/tests/scenarios/recovery/observer_oracle_execution/observer_oracle_execution.rs,180,private,lower_named_s5_plan,s5,lower_named_physical_isolation_plan,rename,medium,1,callsite_validation,The final name preserves the domain operation while removing roadmap-order vocabulary.
FS-FN-0237,forge-store-certification,test_or_support,workspaces/forge-store/crates/forge-store-certification/tests/scenarios/recovery/observer_oracle_execution/observer_oracle_execution.rs,201,private,s5_scenario,s5,physical_isolation_scenario,rename,medium,1,callsite_validation,The final name preserves the domain operation while removing roadmap-order vocabulary.
FS-FN-0238,forge-store-certification,test_or_support,workspaces/forge-store/crates/forge-store-certification/tests/scenarios/recovery/page_lsn_publication/dirty_publication_paths.rs,125,private,accepted_s1_readiness,s1,accepted_physical_format_readiness,rename,medium,1,callsite_validation,The final name preserves the domain operation while removing roadmap-order vocabulary.
FS-FN-0239,forge-store-certification,test_or_support,workspaces/forge-store/crates/forge-store-certification/tests/scenarios/recovery/physical_simulation_harness_closeout/physical_simulation_harness_closeout.rs,28,private,s45_closeout_dogfoods_public_authoring_and_publishes_physical_isolation_readiness,s45,simulation_harness_closeout_dogfoods_public_authoring_and_publishes_physical_isolation_readiness,rename,medium,1,callsite_validation,The final name preserves the domain operation while removing roadmap-order vocabulary.
FS-FN-0240,forge-store-certification,test_or_support,workspaces/forge-store/crates/forge-store-certification/tests/scenarios/recovery/production_driver_contracts/production_driver_contracts.rs,164,private,phase_four_actor_contracts_admit_concrete_production_facing_roles,phase_four,actor_contracts_admit_concrete_production_facing_roles,rename,medium,1,callsite_validation,The final name preserves the domain operation while removing roadmap-order vocabulary.
FS-FN-0241,forge-store-certification,test_or_support,workspaces/forge-store/crates/forge-store-certification/tests/scenarios/recovery/production_driver_contracts/production_driver_contracts.rs,214,private,s5_scenario,s5,physical_isolation_scenario,rename,medium,1,callsite_validation,The final name preserves the domain operation while removing roadmap-order vocabulary.
FS-FN-0242,forge-store-certification,test_or_support,workspaces/forge-store/crates/forge-store-certification/tests/scenarios/recovery/recovery_harness_ui/recovery_harness_ui.rs,2,private,s4_recovery_harness_public_facade_rejects_shortcut_authority,s4,recovery_harness_public_facade_rejects_shortcut_authority,rename,medium,1,callsite_validation,The final name preserves the domain operation while removing roadmap-order vocabulary.
FS-FN-0243,forge-store-certification,test_or_support,workspaces/forge-store/crates/forge-store-certification/tests/scenarios/recovery/recovery_harness_ui/recovery_harness_ui.rs,14,private,s4_recovery_harness_public_facade_compile_fail_fixtures,s4,recovery_harness_public_facade_compile_fail_fixtures,rename,medium,1,callsite_validation,The final name preserves the domain operation while removing roadmap-order vocabulary.
FS-FN-0244,forge-store-certification,test_or_support,workspaces/forge-store/crates/forge-store-certification/tests/scenarios/recovery/recovery_harness_ui/recovery_harness_ui.rs,91,private,s4_recovery_harness_fixture_path,s4,recovery_harness_fixture_path,rename,medium,1,callsite_validation,The final name preserves the domain operation while removing roadmap-order vocabulary.
FS-FN-0245,forge-store-certification,test_or_support,workspaces/forge-store/crates/forge-store-certification/tests/scenarios/recovery/recovery_harness_ui/recovery_harness_ui.rs,103,private,s4_recovery_harness_compile_fail_case_dir,s4,recovery_harness_compile_fail_case_dir,rename,medium,1,callsite_validation,The final name preserves the domain operation while removing roadmap-order vocabulary.
FS-FN-0246,forge-store-certification,test_or_support,workspaces/forge-store/crates/forge-store-certification/tests/scenarios/recovery/recovery_source_precedence/recovery_source_precedence.rs,59,private,stale_residue_orphans_invalid_compaction_and_s3_blocked_records_deny,s3,stale_residue_orphans_invalid_compaction_and_physical_integrity_blocked_records_deny,rename,medium,1,callsite_validation,The final name preserves the domain operation while removing roadmap-order vocabulary.
FS-FN-0247,forge-store-certification,test_or_support,workspaces/forge-store/crates/forge-store-certification/tests/scenarios/recovery/recovery_source_precedence/recovery_source_precedence.rs,307,private,wal_only_tail_rejects_torn_s3_tail_posture,s3,wal_only_tail_rejects_torn_physical_integrity_tail_posture,rename,medium,1,callsite_validation,The final name preserves the domain operation while removing roadmap-order vocabulary.
FS-FN-0248,forge-store-certification,test_or_support,workspaces/forge-store/crates/forge-store-certification/tests/scenarios/recovery/schedule_replay_denials/schedule_replay_denials.rs,93,private,s5_scenario,s5,physical_isolation_scenario,rename,medium,1,callsite_validation,The final name preserves the domain operation while removing roadmap-order vocabulary.
FS-FN-0249,forge-store-certification,test_or_support,workspaces/forge-store/crates/forge-store-certification/tests/scenarios/recovery/schedule_shrink_trace/schedule_shrink_trace.rs,106,private,s5_scenario,s5,physical_isolation_scenario,rename,medium,1,callsite_validation,The final name preserves the domain operation while removing roadmap-order vocabulary.
FS-FN-0250,forge-store-certification,test_or_support,workspaces/forge-store/crates/forge-store-certification/tests/scenarios/recovery/simulation_harness_entry_boundary/simulation_harness_entry_boundary.rs,144,private,s45_inventory_classifies_existing_surfaces,s45,simulation_harness_inventory_classifies_existing_surfaces,rename,medium,1,callsite_validation,The final name preserves the domain operation while removing roadmap-order vocabulary.
FS-FN-0251,forge-store-certification,test_or_support,workspaces/forge-store/crates/forge-store-certification/tests/scenarios/recovery/simulation_harness_entry_boundary/simulation_harness_entry_boundary.rs,157,private,s45_inventory_registered_test_support_surfaces_stay_mechanics,s45,simulation_harness_inventory_registered_test_support_surfaces_stay_mechanics,rename,medium,1,callsite_validation,The final name preserves the domain operation while removing roadmap-order vocabulary.
FS-FN-0252,forge-store-certification,test_or_support,workspaces/forge-store/crates/forge-store-certification/tests/scenarios/recovery/simulation_harness_entry_boundary/simulation_harness_entry_boundary.rs,175,private,s45_inventory_denies_missing_registered_baseline_surface,s45,simulation_harness_inventory_denies_missing_registered_baseline_surface,rename,medium,1,callsite_validation,The final name preserves the domain operation while removing roadmap-order vocabulary.
FS-FN-0253,forge-store-certification,test_or_support,workspaces/forge-store/crates/forge-store-certification/tests/scenarios/recovery/simulation_harness_entry_boundary/simulation_harness_entry_boundary.rs,199,private,s45_inventory_denies_missing_milestone_local_surface,s45,simulation_harness_inventory_denies_missing_milestone_local_surface,rename,medium,1,callsite_validation,The final name preserves the domain operation while removing roadmap-order vocabulary.
FS-FN-0254,forge-store-certification,test_or_support,workspaces/forge-store/crates/forge-store-certification/tests/scenarios/recovery/simulation_harness_entry_boundary/simulation_harness_entry_boundary.rs,223,private,s45_inventory_denies_legacy_harness_as_authority,s45,simulation_harness_inventory_denies_legacy_harness_as_authority,rename,medium,1,callsite_validation,The final name preserves the domain operation while removing roadmap-order vocabulary.
FS-FN-0255,forge-store-certification,test_or_support,workspaces/forge-store/crates/forge-store-certification/tests/scenarios/recovery/simulation_harness_entry_boundary_hardening/simulation_harness_entry_boundary_hardening.rs,45,private,simulation_harness_entry_identity_changes_when_s4_recovered_outcome_changes,s4,simulation_harness_entry_identity_changes_when_recovery_recovered_outcome_changes,rename,medium,1,callsite_validation,The final name preserves the domain operation while removing roadmap-order vocabulary.
FS-FN-0256,forge-store-certification,test_or_support,workspaces/forge-store/crates/forge-store-certification/tests/scenarios/recovery/simulation_harness_entry_boundary_hardening/simulation_harness_entry_boundary_hardening.rs,103,private,s45_inventory_classifies_every_registered_surface_exactly,s45,simulation_harness_inventory_classifies_every_registered_surface_exactly,rename,medium,1,callsite_validation,The final name preserves the domain operation while removing roadmap-order vocabulary.
FS-FN-0257,forge-store-certification,test_or_support,workspaces/forge-store/crates/forge-store-certification/tests/scenarios/recovery/simulation_harness_entry_boundary_hardening/simulation_harness_entry_boundary_hardening.rs,116,private,s45_inventory_denies_missing_reusable_mechanics_surface,s45,simulation_harness_inventory_denies_missing_reusable_mechanics_surface,rename,medium,1,callsite_validation,The final name preserves the domain operation while removing roadmap-order vocabulary.
FS-FN-0258,forge-store-certification,test_or_support,workspaces/forge-store/crates/forge-store-certification/tests/scenarios/recovery/simulation_plan_lowering/simulation_plan_lowering.rs,147,private,mismatched_scenario_meaning_denies_instead_of_defaulting_to_s5_shape,s5,mismatched_scenario_meaning_denies_instead_of_defaulting_to_physical_isolation_shape,rename,medium,1,callsite_validation,The final name preserves the domain operation while removing roadmap-order vocabulary.
FS-FN-0259,forge-store-certification,test_or_support,workspaces/forge-store/crates/forge-store-certification/tests/scenarios/recovery/simulation_plan_lowering/simulation_plan_lowering.rs,252,private,lower_s5_plan,s5,lower_physical_isolation_plan,rename,medium,1,callsite_validation,The final name preserves the domain operation while removing roadmap-order vocabulary.
FS-FN-0260,forge-store-certification,test_or_support,workspaces/forge-store/crates/forge-store-certification/tests/scenarios/recovery/simulation_plan_lowering/simulation_plan_lowering.rs,286,private,s5_scenario,s5,physical_isolation_scenario,rename,medium,1,callsite_validation,The final name preserves the domain operation while removing roadmap-order vocabulary.
FS-FN-0261,forge-store-certification,test_or_support,workspaces/forge-store/crates/forge-store-certification/tests/scenarios/recovery/simulation_plan_lowering/simulation_plan_lowering.rs,312,private,s4_scenario,s4,recovery_scenario,rename,medium,1,callsite_validation,The final name preserves the domain operation while removing roadmap-order vocabulary.
FS-FN-0262,forge-store-certification,test_or_support,workspaces/forge-store/crates/forge-store-certification/tests/scenarios/recovery/simulation_plan_support_denials/simulation_plan_support_denials.rs,145,private,s5_scenario,s5,physical_isolation_scenario,rename,medium,1,callsite_validation,The final name preserves the domain operation while removing roadmap-order vocabulary.
FS-FN-0263,forge-store-certification,test_or_support,workspaces/forge-store/crates/forge-store-certification/tests/scenarios/recovery/simulation_plan_support_denials/simulation_plan_support_denials.rs,164,private,s4_scenario,s4,recovery_scenario,rename,medium,1,callsite_validation,The final name preserves the domain operation while removing roadmap-order vocabulary.
FS-FN-0264,forge-store-certification,test_or_support,workspaces/forge-store/crates/forge-store-certification/tests/scenarios/recovery/transcript_replay_oracle_authority/transcript_replay_oracle_authority.rs,25,private,shortcut_plan_gets_generic_replay_evidence_without_s5_authority,s5,shortcut_plan_gets_generic_replay_evidence_without_physical_isolation_authority,rename,medium,1,callsite_validation,The final name preserves the domain operation while removing roadmap-order vocabulary.
FS-FN-0265,forge-store-certification,test_or_support,workspaces/forge-store/crates/forge-store-certification/tests/scenarios/recovery/transcript_replay_oracle_authority/transcript_replay_oracle_authority.rs,63,private,s4_recovery_plan_produces_replay_evidence_without_s5_authority,s4;s5,recovery_plan_produces_replay_evidence_without_physical_isolation_authority,rename,medium,1,callsite_validation,The final name preserves the domain operation while removing roadmap-order vocabulary.
FS-FN-0266,forge-store-certification,test_or_support,workspaces/forge-store/crates/forge-store-certification/tests/scenarios/recovery/transcript_replay_oracle_authority/transcript_replay_oracle_authority.rs,105,private,failed_s4_recovery_oracle_materializes_failure_digest,s4,failed_recovery_oracle_materializes_failure_digest,rename,medium,1,callsite_validation,The final name preserves the domain operation while removing roadmap-order vocabulary.
FS-FN-0267,forge-store-certification,test_or_support,workspaces/forge-store/crates/forge-store-certification/tests/scenarios/scheduling/evidence_materialization/evidence_materialization.rs,20,private,materialized_s6_evidence_binds_store_witnesses_to_foundational_and_proof_surfaces,s6,materialized_io_qos_evidence_binds_store_witnesses_to_foundational_and_proof_surfaces,rename,medium,1,callsite_validation,The final name preserves the domain operation while removing roadmap-order vocabulary.
FS-FN-0268,forge-store-certification,test_or_support,workspaces/forge-store/crates/forge-store-certification/tests/scenarios/scheduling/evidence_materialization/evidence_materialization.rs,109,private,materialized_s6_evidence_is_adopted_by_closeout_without_runtime_authority,s6,materialized_io_qos_evidence_is_adopted_by_closeout_without_runtime_authority,rename,medium,1,callsite_validation,The final name preserves the domain operation while removing roadmap-order vocabulary.
FS-FN-0269,forge-store-certification,test_or_support,workspaces/forge-store/crates/forge-store-certification/tests/scenarios/scheduling/io_qos_readiness_handoff/io_qos_readiness_handoff.rs,31,private,executed_s5_closeout_publishes_typed_s6_io_qos_readiness,s5;s6,executed_physical_isolation_closeout_publishes_typed_io_qos_readiness,rename,medium,1,callsite_validation,The final name preserves the domain operation while removing roadmap-order vocabulary.
FS-FN-0270,forge-store-certification,test_or_support,workspaces/forge-store/crates/forge-store-certification/tests/scenarios/scheduling/io_qos_readiness_handoff/io_qos_readiness_handoff.rs,81,private,identical_executed_s5_evidence_produces_equivalent_s6_handoff,s5;s6,identical_executed_physical_isolation_evidence_produces_equivalent_io_qos_handoff,rename,medium,1,callsite_validation,The final name preserves the domain operation while removing roadmap-order vocabulary.
FS-FN-0271,forge-store-certification,test_or_support,workspaces/forge-store/crates/forge-store-certification/tests/scenarios/scheduling/io_qos_readiness_handoff/io_qos_readiness_handoff.rs,106,private,shortcuts_cannot_satisfy_s6_readiness,s6,shortcuts_cannot_satisfy_io_qos_readiness,rename,medium,1,callsite_validation,The final name preserves the domain operation while removing roadmap-order vocabulary.
FS-FN-0272,forge-store-certification,test_or_support,workspaces/forge-store/crates/forge-store-certification/tests/scenarios/scheduling/io_qos_readiness_handoff/io_qos_readiness_handoff.rs,122,private,missing_latch_reclaim_or_footprint_counters_deny_s6_readiness,s6,missing_latch_reclaim_or_footprint_counters_deny_io_qos_readiness,rename,medium,1,callsite_validation,The final name preserves the domain operation while removing roadmap-order vocabulary.
FS-FN-0273,forge-store-certification,test_or_support,workspaces/forge-store/crates/forge-store-certification/tests/scenarios/scheduling/io_qos_readiness_handoff/io_qos_readiness_handoff.rs,138,private,s5_names_every_qos_claim_it_does_not_make,s5,physical_isolation_names_every_qos_claim_it_does_not_make,rename,medium,1,callsite_validation,The final name preserves the domain operation while removing roadmap-order vocabulary.
FS-FN-0274,forge-store-certification,test_or_support,workspaces/forge-store/crates/forge-store-certification/tests/scenarios/scheduling/io_qos_readiness_handoff/io_qos_readiness_handoff.rs,148,private,s6_readiness_exposes_scheduler_required_surfaces_without_qos_authority,s6,io_qos_readiness_exposes_scheduler_required_surfaces_without_qos_authority,rename,medium,1,callsite_validation,The final name preserves the domain operation while removing roadmap-order vocabulary.
FS-FN-0275,forge-store-certification,test_or_support,workspaces/forge-store/crates/forge-store-certification/tests/scenarios/scheduling/io_qos_readiness_handoff/io_qos_readiness_handoff.rs,216,private,readiness_from_executed_s5_closeout,s5,readiness_from_executed_physical_isolation_closeout,rename,medium,1,callsite_validation,The final name preserves the domain operation while removing roadmap-order vocabulary.
FS-FN-0276,forge-store-certification,test_or_support,workspaces/forge-store/crates/forge-store-certification/tests/scenarios/scheduling/latency_interference/latency_interference.rs,191,private,s6_security_scope_admission,s6,io_qos_security_scope_admission,rename,medium,1,callsite_validation,The final name preserves the domain operation while removing roadmap-order vocabulary.
FS-FN-0277,forge-store-certification,test_or_support,workspaces/forge-store/crates/forge-store-certification/tests/scenarios/scheduling/reclaim_policy/reclaim_policy.rs,29,private,reclaim_policy_consumes_real_s5_reachability_removal,s5,reclaim_policy_consumes_real_physical_isolation_reachability_removal,rename,medium,1,callsite_validation,The final name preserves the domain operation while removing roadmap-order vocabulary.
FS-FN-0278,forge-store-certification,test_or_support,workspaces/forge-store/crates/forge-store-certification/tests/scenarios/scheduling/reclaim_policy/reclaim_policy.rs,80,private,reclaim_policy_executes_distinct_byte_interpretations_through_real_s5_removal,s5,reclaim_policy_executes_distinct_byte_interpretations_through_real_physical_isolation_removal,rename,medium,1,callsite_validation,The final name preserves the domain operation while removing roadmap-order vocabulary.
FS-FN-0279,forge-store-certification,test_or_support,workspaces/forge-store/crates/forge-store-certification/tests/scenarios/scheduling/reclaim_policy/reclaim_policy.rs,110,private,reclaim_policy_denies_region_not_covered_by_s5_reachability_removal,s5,reclaim_policy_denies_region_not_covered_by_physical_isolation_reachability_removal,rename,medium,1,callsite_validation,The final name preserves the domain operation while removing roadmap-order vocabulary.
FS-FN-0280,forge-store-certification,test_or_support,workspaces/forge-store/crates/forge-store-certification/tests/scenarios/scheduling/reclaim_policy/reclaim_policy.rs,157,private,reclaim_policy_denies_live_hazard_before_s6_admission_exists,s6,reclaim_policy_denies_live_hazard_before_io_qos_admission_exists,rename,medium,1,callsite_validation,The final name preserves the domain operation while removing roadmap-order vocabulary.
FS-FN-0281,forge-store-certification,test_or_support,workspaces/forge-store/crates/forge-store-certification/tests/scenarios/scheduling/secure_io_execution/secure_io_execution.rs,133,private,s6_security_scope_admission,s6,io_qos_security_scope_admission,rename,medium,1,callsite_validation,The final name preserves the domain operation while removing roadmap-order vocabulary.
FS-FN-0282,forge-store-certification,test_or_support,workspaces/forge-store/crates/forge-store-certification/tests/scenarios/security/certification_closeout/certification_closeout.rs,48,private,phase_11_certifies_closeout_from_lower_store_evidence_and_counter_receipts,phase_11,certifies_closeout_from_lower_store_evidence_and_counter_receipts,rename,medium,1,callsite_validation,The final name preserves the domain operation while removing roadmap-order vocabulary.
FS-FN-0283,forge-store-certification,test_or_support,workspaces/forge-store/crates/forge-store-certification/tests/scenarios/security/certification_closeout/certification_closeout.rs,203,private,phase_11_rejects_harness_evidence_with_mismatched_lower_store_counters,phase_11,rejects_harness_evidence_with_mismatched_lower_store_counters,rename,medium,1,callsite_validation,The final name preserves the domain operation while removing roadmap-order vocabulary.
FS-FN-0284,forge-store-certification,test_or_support,workspaces/forge-store/crates/forge-store-certification/tests/scenarios/security/security_scope_simulation_harness/security_scope_simulation_harness.rs,266,private,security_scope_physical_replay_denies_wrong_s5_family_binding,s5,security_scope_physical_replay_denies_wrong_physical_isolation_family_binding,rename,medium,1,callsite_validation,The final name preserves the domain operation while removing roadmap-order vocabulary.
FS-FN-0285,forge-store-certification,test_or_support,workspaces/forge-store/crates/forge-store-certification/tests/support/physical_isolation/executed_closeout_fixture/executed_closeout_fixture.rs,24,pub(crate),honest_executed_s5_closeout,s5,honest_executed_physical_isolation_closeout,rename,medium,1,callsite_validation,The final name preserves the domain operation while removing roadmap-order vocabulary.
FS-FN-0286,forge-store-certification,test_or_support,workspaces/forge-store/crates/forge-store-certification/tests/support/physical_isolation/executed_closeout_fixture/executed_closeout_fixture.rs,63,pub(crate),assert_expected_s6_closeout_counters,s6,assert_expected_io_qos_closeout_counters,rename,medium,1,callsite_validation,The final name preserves the domain operation while removing roadmap-order vocabulary.
FS-FN-0287,forge-store-certification,test_or_support,workspaces/forge-store/crates/forge-store-certification/tests/support/physical_isolation/interleaving_harness_support/interleaving_harness_support.rs,38,pub(crate),context_without_s5_lane_registration,s5,context_without_physical_isolation_lane_registration,rename,medium,1,callsite_validation,The final name preserves the domain operation while removing roadmap-order vocabulary.
FS-FN-0288,forge-store-certification,test_or_support,workspaces/forge-store/crates/forge-store-certification/tests/support/physical_isolation/interleaving_harness_support/interleaving_harness_support.rs,128,private,s5_lane_registration,s5,physical_isolation_lane_registration,rename,medium,1,callsite_validation,The final name preserves the domain operation while removing roadmap-order vocabulary.
FS-FN-0289,forge-store-certification,test_or_support,workspaces/forge-store/crates/forge-store-certification/tests/support/physical_isolation/interleaving_harness_support/interleaving_harness_support.rs,137,pub(crate),s45_harness_readiness_receipt,s45,simulation_harness_readiness_receipt,rename,medium,1,callsite_validation,The final name preserves the domain operation while removing roadmap-order vocabulary.
FS-FN-0290,forge-store-certification,test_or_support,workspaces/forge-store/crates/forge-store-certification/tests/support/physical_isolation/stable_read_execution/support.rs,284,private,accepted_s1_readiness,s1,accepted_physical_format_readiness,rename,medium,1,callsite_validation,The final name preserves the domain operation while removing roadmap-order vocabulary.
FS-FN-0291,forge-store-certification,test_or_support,workspaces/forge-store/crates/forge-store-certification/tests/support/recovery/counter_strength/support.rs,214,pub(crate),lower_s5_plan,s5,lower_physical_isolation_plan,rename,medium,1,callsite_validation,The final name preserves the domain operation while removing roadmap-order vocabulary.
FS-FN-0292,forge-store-certification,test_or_support,workspaces/forge-store/crates/forge-store-certification/tests/support/recovery/counter_strength/support.rs,218,pub(crate),lower_s5_plan_for_profile,s5,lower_physical_isolation_plan_for_profile,rename,medium,1,callsite_validation,The final name preserves the domain operation while removing roadmap-order vocabulary.
FS-FN-0293,forge-store-certification,test_or_support,workspaces/forge-store/crates/forge-store-certification/tests/support/recovery/counter_strength/support.rs,228,pub(crate),lower_s5_shortcut_plan,s5,lower_physical_isolation_shortcut_plan,rename,medium,1,callsite_validation,The final name preserves the domain operation while removing roadmap-order vocabulary.
FS-FN-0294,forge-store-certification,test_or_support,workspaces/forge-store/crates/forge-store-certification/tests/support/recovery/counter_strength/support.rs,232,pub(crate),lower_s5_shortcut_plan_for_profile,s5,lower_physical_isolation_shortcut_plan_for_profile,rename,medium,1,callsite_validation,The final name preserves the domain operation while removing roadmap-order vocabulary.
FS-FN-0295,forge-store-certification,test_or_support,workspaces/forge-store/crates/forge-store-certification/tests/support/recovery/counter_strength/support.rs,277,pub(crate),s5_scenario,s5,physical_isolation_scenario,rename,medium,1,callsite_validation,The final name preserves the domain operation while removing roadmap-order vocabulary.
FS-FN-0296,forge-store-certification,test_or_support,workspaces/forge-store/crates/forge-store-certification/tests/support/recovery/counter_strength/support.rs,281,private,named_s5_scenario,s5,named_physical_isolation_scenario,rename,medium,1,callsite_validation,The final name preserves the domain operation while removing roadmap-order vocabulary.
FS-FN-0297,forge-store-certification,test_or_support,workspaces/forge-store/crates/forge-store-certification/tests/support/recovery/counter_strength/support.rs,318,pub(crate),s5_shortcut_scenario,s5,physical_isolation_shortcut_scenario,rename,medium,1,callsite_validation,The final name preserves the domain operation while removing roadmap-order vocabulary.
FS-FN-0298,forge-store-certification,test_or_support,workspaces/forge-store/crates/forge-store-certification/tests/support/recovery/recovery_source_precedence/source_precedence_fixture.rs,75,pub(crate),s3_integrity_readiness,s3,physical_integrity_readiness,rename,medium,1,callsite_validation,The final name preserves the domain operation while removing roadmap-order vocabulary.
FS-FN-0299,forge-store-certification,test_or_support,workspaces/forge-store/crates/forge-store-certification/tests/support/scheduling/reclaim_policy/support.rs,195,pub,reachability_from_s5_removal,s5,reachability_from_physical_isolation_removal,rename,medium,1,callsite_validation,The final name preserves the domain operation while removing roadmap-order vocabulary.
FS-FN-0300,forge-store-contracts,production_path,workspaces/forge-store/crates/forge-store-contracts/src/handoff_readiness.rs,71,pub,from_s0_artifacts,s0,from_foundational_handoff_artifacts,rename,medium,1,callsite_validation,The final name preserves the domain operation while removing roadmap-order vocabulary.
FS-FN-0301,forge-store-contracts,production_path,workspaces/forge-store/crates/forge-store-contracts/src/physical_authority.rs,61,pub,for_s1_vocabulary,s1,for_physical_format_vocabulary,rename,medium,1,callsite_validation,The final name preserves the domain operation while removing roadmap-order vocabulary.
FS-FN-0302,forge-store-contracts,production_path,workspaces/forge-store/crates/forge-store-contracts/src/physical_integrity/readiness/payload.rs,163,pub,from_s2_closeout_evidence,s2,from_physical_substrate_closeout_evidence,rename,medium,1,callsite_validation,The final name preserves the domain operation while removing roadmap-order vocabulary.
FS-FN-0303,forge-store-contracts,production_path,workspaces/forge-store/crates/forge-store-contracts/src/physical_integrity/readiness/recap.rs,138,pub,from_s1_authority,s1,from_physical_format_authority,rename,medium,1,callsite_validation,The final name preserves the domain operation while removing roadmap-order vocabulary.
FS-FN-0304,forge-store-contracts,production_path,workspaces/forge-store/crates/forge-store-contracts/src/physical_integrity/readiness/recap.rs,181,pub,s2_authority,s2,physical_substrate_authority,rename,medium,1,callsite_validation,The final name preserves the domain operation while removing roadmap-order vocabulary.
FS-FN-0305,forge-store-extensions,test_or_support,workspaces/forge-store/crates/forge-store-extensions/src/customization/tests.rs,31,private,phase_nine_extensions_registered_targets_preserve_store_customization_admission,phase_nine,extensions_registered_targets_preserve_store_customization_admission,rename,medium,1,callsite_validation,The final name preserves the domain operation while removing roadmap-order vocabulary.
FS-FN-0306,forge-store-extensions,test_or_support,workspaces/forge-store/crates/forge-store-extensions/src/customization/tests.rs,58,private,phase_nine_extensions_rebuild_and_rejected_targets_do_not_mint_store_authority,phase_nine,extensions_rebuild_and_rejected_targets_do_not_mint_store_authority,rename,medium,1,callsite_validation,The final name preserves the domain operation while removing roadmap-order vocabulary.
FS-FN-0307,forge-store-extensions,test_or_support,workspaces/forge-store/crates/forge-store-extensions/src/customization/tests.rs,94,private,phase_nine_extensions_targets_own_capability_and_workload_semantics,phase_nine,extensions_targets_own_capability_and_workload_semantics,rename,medium,1,callsite_validation,The final name preserves the domain operation while removing roadmap-order vocabulary.
FS-FN-0308,forge-store-extensions,test_or_support,workspaces/forge-store/crates/forge-store-extensions/src/customization/tests.rs,134,private,admit_phase_five_scope,phase_five,admit_strategy_scope,rename,high,1,callsite_validation,The final name describes the permanent constructor or operation rather than roadmap order.
FS-FN-0309,forge-store-io-scheduler,production_path,workspaces/forge-store/crates/forge-store-io-scheduler/src/admission/isolation.rs,111,pub,required_from_s5,s5,required_physical_stability_assumptions,rename,high,1,callsite_validation,The final name describes the permanent constructor or operation rather than roadmap order.
FS-FN-0310,forge-store-io-scheduler,production_path,workspaces/forge-store/crates/forge-store-io-scheduler/src/admission/isolation.rs,122,pub,required_from_s5,s5,required_unsupported_qos_non_claims,rename,high,1,callsite_validation,The final name describes the permanent constructor or operation rather than roadmap order.
FS-FN-0311,forge-store-io-scheduler,production_path,workspaces/forge-store/crates/forge-store-io-scheduler/src/admission/isolation.rs,364,private,verify_s6_non_claims,s6,verify_io_qos_non_claims,rename,medium,1,callsite_validation,The final name preserves the domain operation while removing roadmap-order vocabulary.
FS-FN-0312,forge-store-io-scheduler,production_path,workspaces/forge-store/crates/forge-store-io-scheduler/src/admission/isolation.rs,387,private,assemble_s6_readiness_admission,s6,assemble_io_qos_readiness_admission,rename,medium,1,callsite_validation,The final name preserves the domain operation while removing roadmap-order vocabulary.
FS-FN-0313,forge-store-io-scheduler,test_or_support,workspaces/forge-store/crates/forge-store-io-scheduler/src/backend_capability/tests/secure_frame_security_binding.rs,53,private,secure_frame_claim_rejects_wrong_s5_1_scope_identity,s5_1,secure_frame_claim_rejects_wrong_security_scope_identity,rename,medium,1,callsite_validation,The final name preserves the domain operation while removing roadmap-order vocabulary.
FS-FN-0314,forge-store-io-scheduler,test_or_support,workspaces/forge-store/crates/forge-store-io-scheduler/src/background_pacing/tests/test_support.rs,332,private,s6_readiness,s6,io_qos_readiness,rename,medium,1,callsite_validation,The final name preserves the domain operation while removing roadmap-order vocabulary.
FS-FN-0315,forge-store-io-scheduler,production_path,workspaces/forge-store/crates/forge-store-io-scheduler/src/foreground_reservation/request.rs,75,pub,reject_copied_s5_counters_as_foreground_reservation,s5,reject_copied_physical_isolation_counters_as_foreground_reservation,rename,medium,1,callsite_validation,The final name preserves the domain operation while removing roadmap-order vocabulary.
FS-FN-0316,forge-store-io-scheduler,production_path,workspaces/forge-store/crates/forge-store-io-scheduler/src/foreground_reservation/test_authority.rs,168,private,s6_readiness_admission,s6,io_qos_readiness_admission,rename,medium,1,callsite_validation,The final name preserves the domain operation while removing roadmap-order vocabulary.
FS-FN-0317,forge-store-io-scheduler,test_or_support,workspaces/forge-store/crates/forge-store-io-scheduler/src/foreground_reservation/tests/common.rs,51,pub(super),s6_readiness_admission,s6,io_qos_readiness_admission,rename,medium,1,callsite_validation,The final name preserves the domain operation while removing roadmap-order vocabulary.
FS-FN-0318,forge-store-io-scheduler,test_or_support,workspaces/forge-store/crates/forge-store-io-scheduler/src/foreground_reservation/tests/common.rs,55,pub(super),s6_readiness_admission_with_counts,s6,io_qos_readiness_admission_with_counts,rename,medium,1,callsite_validation,The final name preserves the domain operation while removing roadmap-order vocabulary.
FS-FN-0319,forge-store-io-scheduler,test_or_support,workspaces/forge-store/crates/forge-store-io-scheduler/src/foreground_reservation/tests/common.rs,245,pub(super),s6_security_scope_admission,s6,io_qos_security_scope_admission,rename,medium,1,callsite_validation,The final name preserves the domain operation while removing roadmap-order vocabulary.
FS-FN-0320,forge-store-io-scheduler,test_or_support,workspaces/forge-store/crates/forge-store-io-scheduler/src/foreground_reservation/tests/common.rs,249,private,s6_security_scope_admission_from,s6,io_qos_security_scope_admission_from,rename,medium,1,callsite_validation,The final name preserves the domain operation while removing roadmap-order vocabulary.
FS-FN-0321,forge-store-io-scheduler,test_or_support,workspaces/forge-store/crates/forge-store-io-scheduler/src/queue_execution/test_support.rs,100,private,s6_security_scope_admission,s6,io_qos_security_scope_admission,rename,medium,1,callsite_validation,The final name preserves the domain operation while removing roadmap-order vocabulary.
FS-FN-0322,forge-store-io-scheduler,production_path,workspaces/forge-store/crates/forge-store-io-scheduler/src/security_scope_io/receipt.rs,28,pub,from_s5_1_admission,s5_1,from_security_scope_admission,rename,medium,1,callsite_validation,The final name preserves the domain operation while removing roadmap-order vocabulary.
FS-FN-0323,forge-store-layout-indexes,production_path,workspaces/forge-store/crates/forge-store-layout-indexes/src/bootstrap/bootstrap_only_path.rs,10,pub,s8_fixed,s8,fixed_bootstrap_access_path,rename,high,1,callsite_validation,The final name describes the permanent constructor or operation rather than roadmap order.
FS-FN-0324,forge-store-layout-indexes,production_path,workspaces/forge-store/crates/forge-store-layout-indexes/src/bootstrap/facade.rs,14,pub,s8,s8,new,rename,high,1,callsite_validation,The final name describes the permanent constructor or operation rather than roadmap order.
FS-FN-0325,forge-store-layout-indexes,test_or_support,workspaces/forge-store/crates/forge-store-layout-indexes/src/catalog/phase_three_tests.rs,17,private,phase_three_role_accuracy_and_scope_are_typed,phase_three,role_accuracy_and_scope_are_typed,rename,medium,1,callsite_validation,The final name preserves the domain operation while removing roadmap-order vocabulary.
FS-FN-0326,forge-store-layout-indexes,test_or_support,workspaces/forge-store/crates/forge-store-layout-indexes/src/catalog/phase_three_tests.rs,56,private,phase_three_accuracy_claims_deny_inexact_families,phase_three,accuracy_claims_deny_inexact_families,rename,medium,1,callsite_validation,The final name preserves the domain operation while removing roadmap-order vocabulary.
FS-FN-0327,forge-store-layout-indexes,test_or_support,workspaces/forge-store/crates/forge-store-layout-indexes/src/catalog/phase_three_tests.rs,85,private,phase_three_scope_partition_denies_wrong_admitted_scope,phase_three,scope_partition_denies_wrong_admitted_scope,rename,medium,1,callsite_validation,The final name preserves the domain operation while removing roadmap-order vocabulary.
FS-FN-0328,forge-store-layout-indexes,test_or_support,workspaces/forge-store/crates/forge-store-layout-indexes/src/catalog/phase_two_tests.rs,152,private,certification_and_verifier_paths_cannot_bypass_phase_two_admission,phase_two,certification_and_verifier_paths_cannot_bypass_admission,rename,medium,1,callsite_validation,The final name preserves the domain operation while removing roadmap-order vocabulary.
FS-FN-0329,forge-store-layout-indexes,test_or_support,workspaces/forge-store/crates/forge-store-layout-indexes/src/catalog/tests.rs,106,private,every_declaration_carries_complete_phase_one_classification,phase_one,every_declaration_carries_complete_classification,rename,medium,1,callsite_validation,The final name preserves the domain operation while removing roadmap-order vocabulary.
FS-FN-0330,forge-store-layout-indexes,production_path,workspaces/forge-store/crates/forge-store-layout-indexes/src/customization/capability.rs,63,pub,phase_eight_capability,phase_eight,requested_capability,rename,high,1,callsite_validation,The final name describes the permanent constructor or operation rather than roadmap order.
FS-FN-0331,forge-store-layout-indexes,test_or_support,workspaces/forge-store/crates/forge-store-layout-indexes/src/customization/tests.rs,17,private,phase_nine_customization_admits_supported_foreground_requests_as_registry_snapshots,phase_nine,customization_admits_supported_foreground_requests_as_registry_snapshots,rename,medium,1,callsite_validation,The final name preserves the domain operation while removing roadmap-order vocabulary.
FS-FN-0332,forge-store-layout-indexes,test_or_support,workspaces/forge-store/crates/forge-store-layout-indexes/src/customization/tests.rs,50,private,phase_nine_customization_denies_envelope_masquerade_and_unready_projection_requests,phase_nine,customization_denies_envelope_masquerade_and_unready_projection_requests,rename,medium,1,callsite_validation,The final name preserves the domain operation while removing roadmap-order vocabulary.
FS-FN-0333,forge-store-layout-indexes,test_or_support,workspaces/forge-store/crates/forge-store-layout-indexes/src/customization/tests.rs,91,private,phase_nine_customization_propagates_store_missing_layout_facts_honestly,phase_nine,customization_propagates_store_missing_layout_facts_honestly,rename,medium,1,callsite_validation,The final name preserves the domain operation while removing roadmap-order vocabulary.
FS-FN-0334,forge-store-layout-indexes,test_or_support,workspaces/forge-store/crates/forge-store-layout-indexes/src/customization/tests.rs,138,private,phase_nine_customization_denies_key_domains_without_supported_store_strategy,phase_nine,customization_denies_key_domains_without_supported_store_strategy,rename,medium,1,callsite_validation,The final name preserves the domain operation while removing roadmap-order vocabulary.
FS-FN-0335,forge-store-layout-indexes,test_or_support,workspaces/forge-store/crates/forge-store-layout-indexes/src/keyspace/blob_replay_tests.rs,16,private,phase_four_wal_blob_and_physical_reference_domains_prove_real_hash_and_replay_behavior,phase_four,wal_blob_and_physical_reference_domains_prove_real_hash_and_replay_behavior,rename,medium,1,callsite_validation,The final name preserves the domain operation while removing roadmap-order vocabulary.
FS-FN-0336,forge-store-layout-indexes,test_or_support,workspaces/forge-store/crates/forge-store-layout-indexes/src/keyspace/replay_tests.rs,11,private,phase_four_scope_partitioning_denies_cross_scope_key_reuse_on_the_public_lane,phase_four,scope_partitioning_denies_cross_scope_key_reuse_on_the_public_lane,rename,medium,1,callsite_validation,The final name preserves the domain operation while removing roadmap-order vocabulary.
FS-FN-0337,forge-store-layout-indexes,test_or_support,workspaces/forge-store/crates/forge-store-layout-indexes/src/keyspace/tests.rs,16,private,phase_four_pages_admit_concrete_bytes_order_prefix_and_range,phase_four,pages_admit_concrete_bytes_order_prefix_and_range,rename,medium,1,callsite_validation,The final name preserves the domain operation while removing roadmap-order vocabulary.
FS-FN-0338,forge-store-layout-indexes,test_or_support,workspaces/forge-store/crates/forge-store-layout-indexes/src/keyspace/tests.rs,90,private,phase_four_root_manifest_denies_prefix_and_range_but_keeps_exact_identity,phase_four,root_manifest_denies_prefix_and_range_but_keeps_exact_identity,rename,medium,1,callsite_validation,The final name preserves the domain operation while removing roadmap-order vocabulary.
FS-FN-0339,forge-store-layout-indexes,test_or_support,workspaces/forge-store/crates/forge-store-layout-indexes/src/keyspace/tests.rs,139,private,phase_four_denies_cross_domain_concrete_key_shortcuts,phase_four,denies_cross_domain_concrete_key_shortcuts,rename,medium,1,callsite_validation,The final name preserves the domain operation while removing roadmap-order vocabulary.
FS-FN-0340,forge-store-layout-indexes,test_or_support,workspaces/forge-store/crates/forge-store-layout-indexes/src/keyspace/tests.rs,162,private,phase_four_denies_families_without_explicit_concrete_key_law,phase_four,denies_families_without_explicit_concrete_key_law,rename,medium,1,callsite_validation,The final name preserves the domain operation while removing roadmap-order vocabulary.
FS-FN-0341,forge-store-layout-indexes,production_path,workspaces/forge-store/crates/forge-store-layout-indexes/src/keyspace/tests_support.rs,66,pub(crate),admit_phase_four_scope,phase_four,admit_key_domain_scope,rename,high,1,callsite_validation,The final name describes the permanent constructor or operation rather than roadmap order.
FS-FN-0342,forge-store-layout-indexes,test_or_support,workspaces/forge-store/crates/forge-store-layout-indexes/src/strategy/btree/tests.rs,2,private,phase_five_btree_invariants_cover_lookup_mutation_integrity_and_recovery,phase_five,btree_invariants_cover_lookup_mutation_integrity_and_recovery,rename,medium,1,callsite_validation,The final name preserves the domain operation while removing roadmap-order vocabulary.
FS-FN-0343,forge-store-layout-indexes,test_or_support,workspaces/forge-store/crates/forge-store-layout-indexes/src/strategy/tests.rs,2,private,phase_seven_denies_unsupported_or_incomplete_strategy_claims_before_declaration,phase_seven,denies_unsupported_or_incomplete_strategy_claims_before_declaration,rename,medium,1,callsite_validation,The final name preserves the domain operation while removing roadmap-order vocabulary.
FS-FN-0344,forge-store-layout-indexes,test_or_support,workspaces/forge-store/crates/forge-store-layout-indexes/src/strategy/tests.rs,95,private,phase_seven_admission_binds_counter_profiles_and_posture_to_strategy_families,phase_seven,admission_binds_counter_profiles_and_posture_to_strategy_families,rename,medium,1,callsite_validation,The final name preserves the domain operation while removing roadmap-order vocabulary.
FS-FN-0345,forge-store-layout-indexes,test_or_support,workspaces/forge-store/crates/forge-store-layout-indexes/src/strategy/tests.rs,257,private,phase_seven_strategy_identity_preserves_family_and_lane_posture,phase_seven,strategy_identity_preserves_family_and_lane_posture,rename,medium,1,callsite_validation,The final name preserves the domain operation while removing roadmap-order vocabulary.
FS-FN-0346,forge-store-layout-indexes,test_or_support,workspaces/forge-store/crates/forge-store-layout-indexes/src/strategy/tests.rs,320,private,phase_seventeen_btree_strategy_counter_surface_requires_shape_specific_lookup_truth,phase_seventeen,btree_strategy_counter_surface_requires_shape_specific_lookup_truth,rename,medium,1,callsite_validation,The final name preserves the domain operation while removing roadmap-order vocabulary.
FS-FN-0347,forge-store-layout-indexes,production_path,workspaces/forge-store/crates/forge-store-layout-indexes/src/strategy/tests_support.rs,28,pub(crate),admit_phase_five_scope,phase_five,admit_strategy_scope,rename,high,1,callsite_validation,The final name describes the permanent constructor or operation rather than roadmap order.
FS-FN-0348,forge-store-operations,production_path,workspaces/forge-store/crates/forge-store-operations/src/backup/export/backup_export_custody_readiness.rs,29,pub,from_s10_handoff,s10,from_backup_repair_handoff,rename,medium,1,callsite_validation,The final name preserves the domain operation while removing roadmap-order vocabulary.
FS-FN-0349,forge-store-operations,production_path,workspaces/forge-store/crates/forge-store-operations/src/repair/blast_radius/repair_blast_radius_readiness.rs,59,pub,from_s10_handoff,s10,from_backup_repair_handoff,rename,medium,1,callsite_validation,The final name preserves the domain operation while removing roadmap-order vocabulary.
FS-FN-0350,forge-store-operations-vocabulary,production_path,workspaces/forge-store/crates/forge-store-operations-vocabulary/src/backup_export_custody_handoff.rs,23,pub,from_s10_permission,s10,from_backup_repair_permission,rename,medium,1,callsite_validation,The final name preserves the domain operation while removing roadmap-order vocabulary.
FS-FN-0351,forge-store-operations-vocabulary,production_path,workspaces/forge-store/crates/forge-store-operations-vocabulary/src/backup_export_custody_readiness.rs,30,pub,from_s10_handoff,s10,from_backup_repair_handoff,rename,medium,1,callsite_validation,The final name preserves the domain operation while removing roadmap-order vocabulary.
FS-FN-0352,forge-store-physical-backend,test_or_support,workspaces/forge-store/crates/forge-store-physical-backend/src/access_policy/dirty_mmap_lifecycle_tests.rs,240,private,accepted_s1_readiness,s1,accepted_physical_format_readiness,rename,medium,1,callsite_validation,The final name preserves the domain operation while removing roadmap-order vocabulary.
FS-FN-0353,forge-store-physical-backend,production_path,workspaces/forge-store/crates/forge-store-physical-backend/src/operation_boundary.rs,33,pub,phase4_registered_seams,phase4,registered_backend_operation_seams,rename,high,1,callsite_validation,The final name describes the permanent constructor or operation rather than roadmap order.
FS-FN-0354,forge-store-physical-certification,production_path,workspaces/forge-store/crates/forge-store-physical-certification/src/closeout/acceptance_catalog.rs,58,pub,required_s45,s45,required_simulation_harness,rename,medium,1,callsite_validation,The final name preserves the domain operation while removing roadmap-order vocabulary.
FS-FN-0355,forge-store-physical-certification,production_path,workspaces/forge-store/crates/forge-store-physical-certification/src/closeout/dogfood.rs,116,pub,s4_recovery_slice,s4,recovery_slice,rename,medium,1,callsite_validation,The final name preserves the domain operation while removing roadmap-order vocabulary.
FS-FN-0356,forge-store-physical-certification,production_path,workspaces/forge-store/crates/forge-store-physical-certification/src/closeout/report.rs,42,pub,s4_recovery_matrix,s4,recovery_matrix,rename,medium,1,callsite_validation,The final name preserves the domain operation while removing roadmap-order vocabulary.
FS-FN-0357,forge-store-physical-certification,production_path,workspaces/forge-store/crates/forge-store-physical-certification/src/closeout/vertical_slice.rs,155,pub,s4_recovery,s4,recovery,rename,medium,1,callsite_validation,The final name preserves the domain operation while removing roadmap-order vocabulary.
FS-FN-0358,forge-store-physical-certification,production_path,workspaces/forge-store/crates/forge-store-physical-certification/src/coverage/harness_maturity/denial.rs,48,pub,reject_missing_s5_correctness_non_claim,s5,reject_missing_physical_isolation_correctness_non_claim,rename,medium,1,callsite_validation,The final name preserves the domain operation while removing roadmap-order vocabulary.
FS-FN-0359,forge-store-physical-certification,production_path,workspaces/forge-store/crates/forge-store-physical-certification/src/coverage/harness_maturity/denial.rs,53,pub,reject_copied_s5_simulation_harness_readiness_fields,s5,reject_copied_physical_isolation_simulation_harness_readiness_fields,rename,medium,1,callsite_validation,The final name preserves the domain operation while removing roadmap-order vocabulary.
FS-FN-0360,forge-store-physical-certification,test_or_support,workspaces/forge-store/crates/forge-store-physical-certification/src/harness/blob/heavy_qualification_tests.rs,19,private,heavy_replay_bundle_carries_phase23_evidence_oracles,phase23,heavy_replay_bundle_carries_evidence_oracles,rename,medium,1,callsite_validation,The final name preserves the domain operation while removing roadmap-order vocabulary.
FS-FN-0361,forge-store-physical-certification,production_path,workspaces/forge-store/crates/forge-store-physical-certification/src/harness/blob/profile.rs,73,pub,phase8_required,phase8,required_qualification_profiles,rename,high,1,callsite_validation,The final name describes the permanent constructor or operation rather than roadmap order.
FS-FN-0362,forge-store-physical-certification,production_path,workspaces/forge-store/crates/forge-store-physical-certification/src/harness/blob/replay.rs,246,private,phase22_shortcut_rejections,phase22,blob_replay_shortcut_rejections,rename,high,1,callsite_validation,The final name describes the permanent constructor or operation rather than roadmap order.
FS-FN-0363,forge-store-physical-certification,test_or_support,workspaces/forge-store/crates/forge-store-physical-certification/src/harness/blob/tests.rs,237,private,coverage_rows_include_phase22_blob_axes,phase22,coverage_rows_include_blob_axes,rename,medium,1,callsite_validation,The final name preserves the domain operation while removing roadmap-order vocabulary.
FS-FN-0364,forge-store-physical-certification,test_or_support,workspaces/forge-store/crates/forge-store-physical-certification/src/harness/blob/tests.rs,275,private,canonical_heavy_fixture_identity_binds_phase23_basis,phase23,canonical_heavy_fixture_identity_binds_basis,rename,medium,1,callsite_validation,The final name preserves the domain operation while removing roadmap-order vocabulary.
FS-FN-0365,forge-store-physical-certification,test_or_support,workspaces/forge-store/crates/forge-store-physical-certification/src/harness/blob/tests.rs,330,private,hostile_phase23_lanes_are_typed_denials,phase23,hostile_lanes_are_typed_denials,rename,medium,1,callsite_validation,The final name preserves the domain operation while removing roadmap-order vocabulary.
FS-FN-0366,forge-store-physical-certification,production_path,workspaces/forge-store/crates/forge-store-physical-certification/src/layout_harness/scenario/queries.rs,8,pub,all_s8_layout_scenarios,s8,all_layout_index_layout_scenarios,rename,medium,1,callsite_validation,The final name preserves the domain operation while removing roadmap-order vocabulary.
FS-FN-0367,forge-store-physical-certification,production_path,workspaces/forge-store/crates/forge-store-physical-certification/src/layout_harness/scenario/queries.rs,21,pub,canonical_s8_layout_supported_scenarios,s8,canonical_layout_index_layout_supported_scenarios,rename,medium,1,callsite_validation,The final name preserves the domain operation while removing roadmap-order vocabulary.
FS-FN-0368,forge-store-physical-certification,production_path,workspaces/forge-store/crates/forge-store-physical-certification/src/layout_harness/scenario/queries.rs,32,pub,canonical_s8_layout_production_apis,s8,canonical_layout_index_layout_production_apis,rename,medium,1,callsite_validation,The final name preserves the domain operation while removing roadmap-order vocabulary.
FS-FN-0369,forge-store-physical-certification,production_path,workspaces/forge-store/crates/forge-store-physical-certification/src/layout_harness/scenario/queries.rs,39,pub,canonical_s8_layout_required_transitions,s8,canonical_layout_index_layout_required_transitions,rename,medium,1,callsite_validation,The final name preserves the domain operation while removing roadmap-order vocabulary.
FS-FN-0370,forge-store-physical-certification,production_path,workspaces/forge-store/crates/forge-store-physical-certification/src/layout_harness/scenario/queries.rs,46,pub,canonical_s8_layout_shortcut_denials,s8,canonical_layout_index_layout_shortcut_denials,rename,medium,1,callsite_validation,The final name preserves the domain operation while removing roadmap-order vocabulary.
FS-FN-0371,forge-store-physical-certification,production_path,workspaces/forge-store/crates/forge-store-physical-certification/src/layout_harness/scenario_inventory.rs,35,pub,verify_canonical_s8_layout_scenario_inventory,s8,verify_canonical_layout_index_layout_scenario_inventory,rename,medium,1,callsite_validation,The final name preserves the domain operation while removing roadmap-order vocabulary.
FS-FN-0372,forge-store-physical-certification,test_or_support,workspaces/forge-store/crates/forge-store-physical-certification/src/layout_harness/tests.rs,13,private,canonical_s8_layout_aggregate_vocabulary_matches_scenario_inventory,s8,canonical_layout_index_layout_aggregate_vocabulary_matches_scenario_inventory,rename,medium,1,callsite_validation,The final name preserves the domain operation while removing roadmap-order vocabulary.
FS-FN-0373,forge-store-physical-certification,test_or_support,workspaces/forge-store/crates/forge-store-physical-certification/src/layout_harness/tests.rs,68,private,every_s8_layout_scenario_binds_a_complete_canonical_contract,s8,every_layout_index_layout_scenario_binds_a_complete_canonical_contract,rename,medium,1,callsite_validation,The final name preserves the domain operation while removing roadmap-order vocabulary.
FS-FN-0374,forge-store-physical-certification,test_or_support,workspaces/forge-store/crates/forge-store-physical-certification/src/layout_harness/tests.rs,82,private,canonical_s8_layout_inventory_receipt_covers_the_whole_phase_contract,s8,canonical_layout_index_layout_inventory_receipt_covers_the_whole_phase_contract,rename,medium,1,callsite_validation,The final name preserves the domain operation while removing roadmap-order vocabulary.
FS-FN-0375,forge-store-physical-certification,test_or_support,workspaces/forge-store/crates/forge-store-physical-certification/src/layout_harness/tests.rs,99,private,s8_layout_scenarios_bind_expected_transcripts_and_closeout_lanes,s8,layout_index_layout_scenarios_bind_expected_transcripts_and_closeout_lanes,rename,medium,1,callsite_validation,The final name preserves the domain operation while removing roadmap-order vocabulary.
FS-FN-0376,forge-store-physical-certification,production_path,workspaces/forge-store/crates/forge-store-physical-certification/src/layout_harness/transcripts.rs,37,pub,admit_s8_layout_exact_counter_execution,s8,admit_layout_index_layout_exact_counter_execution,rename,medium,1,callsite_validation,The final name preserves the domain operation while removing roadmap-order vocabulary.
FS-FN-0377,forge-store-physical-certification,production_path,workspaces/forge-store/crates/forge-store-physical-certification/src/layout_harness/transcripts.rs,67,private,admit_s8_layout_executed_scenario,s8,admit_layout_index_layout_executed_scenario,rename,medium,1,callsite_validation,The final name preserves the domain operation while removing roadmap-order vocabulary.
FS-FN-0378,forge-store-physical-certification,production_path,workspaces/forge-store/crates/forge-store-physical-certification/src/oracles/family.rs,56,pub,s4_recovery_dogfood,s4,recovery_dogfood,rename,medium,1,callsite_validation,The final name preserves the domain operation while removing roadmap-order vocabulary.
FS-FN-0379,forge-store-physical-certification,production_path,workspaces/forge-store/crates/forge-store-physical-certification/src/oracles/verdict.rs,200,pub,phase7_verdict_topology,phase7,oracle_verdict_topology,rename,high,1,callsite_validation,The final name describes the permanent constructor or operation rather than roadmap order.
FS-FN-0380,forge-store-physical-certification,production_path,workspaces/forge-store/crates/forge-store-physical-certification/src/planning/capabilities.rs,32,pub,s4_recovery_dogfood,s4,recovery_dogfood,rename,medium,1,callsite_validation,The final name preserves the domain operation while removing roadmap-order vocabulary.
FS-FN-0381,forge-store-physical-certification,production_path,workspaces/forge-store/crates/forge-store-physical-certification/src/planning/requirements/replay_requirements.rs,8,pub(super),s4_recovery_shape,s4,recovery_shape,rename,medium,1,callsite_validation,The final name preserves the domain operation while removing roadmap-order vocabulary.
FS-FN-0382,forge-store-physical-certification,test_or_support,workspaces/forge-store/crates/forge-store-physical-certification/src/pressure_harness/tests/io_pressure_harness_tests.rs,239,private,expected_phase10_dimensions,phase10,expected_pressure_dimensions,rename,high,1,callsite_validation,The final name describes the permanent constructor or operation rather than roadmap order.
FS-FN-0383,forge-store-physical-certification,test_or_support,workspaces/forge-store/crates/forge-store-physical-certification/src/qualification/scheduling/backends/tests/backend_qualification_cross_backend_tests.rs,159,private,phase_11_capabilities,phase_11,backend_qualification_capabilities,rename,high,1,callsite_validation,The final name describes the permanent constructor or operation rather than roadmap order.
FS-FN-0384,forge-store-physical-certification,test_or_support,workspaces/forge-store/crates/forge-store-physical-certification/src/qualification/scheduling/backends/tests/backend_qualification_matrix_surface_tests.rs,17,private,publisher_materializes_all_phase_11_capability_rows_from_executed_evidence,phase_11,publisher_materializes_all_capability_rows_from_executed_evidence,rename,medium,1,callsite_validation,The final name preserves the domain operation while removing roadmap-order vocabulary.
FS-FN-0385,forge-store-physical-certification,test_or_support,workspaces/forge-store/crates/forge-store-physical-certification/src/qualification/scheduling/backends/tests/backend_qualification_matrix_surface_tests.rs,142,private,phase_11_capabilities,phase_11,backend_qualification_capabilities,rename,high,1,callsite_validation,The final name describes the permanent constructor or operation rather than roadmap order.
FS-FN-0386,forge-store-physical-certification,production_path,workspaces/forge-store/crates/forge-store-physical-certification/src/scenario/expectation.rs,27,pub,s4_recovery_dogfood,s4,recovery_dogfood,rename,medium,1,callsite_validation,The final name preserves the domain operation while removing roadmap-order vocabulary.
FS-FN-0387,forge-store-physical-certification,production_path,workspaces/forge-store/crates/forge-store-physical-certification/src/scenarios/physical_isolation/replay.rs,79,private,s5_fault_events,s5,physical_isolation_fault_events,rename,medium,1,callsite_validation,The final name preserves the domain operation while removing roadmap-order vocabulary.
FS-FN-0388,forge-store-physical-certification,production_path,workspaces/forge-store/crates/forge-store-physical-certification/src/security_scope_harness/oracle.rs,115,pub,no_s11_claim,s11,no_operator_authorization_claim,rename,medium,1,callsite_validation,The final name preserves the domain operation while removing roadmap-order vocabulary.
FS-FN-0389,forge-store-physical-format,production_path,workspaces/forge-store/crates/forge-store-physical-format/src/binary_format/alignment.rs,13,pub,required_for_s1,s1,required_for_physical_format,rename,medium,1,callsite_validation,The final name preserves the domain operation while removing roadmap-order vocabulary.
FS-FN-0390,forge-store-physical-format,production_path,workspaces/forge-store/crates/forge-store-physical-format/src/binary_format/declaration.rs,61,pub,s1_canonical,s1,physical_format_canonical,rename,medium,1,callsite_validation,The final name preserves the domain operation while removing roadmap-order vocabulary.
FS-FN-0391,forge-store-physical-format,production_path,workspaces/forge-store/crates/forge-store-physical-format/src/binary_format/field_widths.rs,13,pub,required_for_s1,s1,required_for_physical_format,rename,medium,1,callsite_validation,The final name preserves the domain operation while removing roadmap-order vocabulary.
FS-FN-0392,forge-store-physical-format,production_path,workspaces/forge-store/crates/forge-store-physical-format/src/binary_format/golden_bytes.rs,9,pub,s1_canonical,s1,physical_format_canonical,rename,medium,1,callsite_validation,The final name preserves the domain operation while removing roadmap-order vocabulary.
FS-FN-0393,forge-store-physical-format,production_path,workspaces/forge-store/crates/forge-store-physical-format/src/binary_format/operation_complexity.rs,14,pub,s1_required,s1,required_physical_operations,rename,high,1,callsite_validation,The final name describes the permanent constructor or operation rather than roadmap order.
FS-FN-0394,forge-store-physical-format,production_path,workspaces/forge-store/crates/forge-store-physical-format/src/binary_format/operation_complexity.rs,78,pub,s1_required,s1,required_complexity_contract,rename,high,1,callsite_validation,The final name describes the permanent constructor or operation rather than roadmap order.
FS-FN-0395,forge-store-physical-format,production_path,workspaces/forge-store/crates/forge-store-physical-format/src/binary_format/operation_complexity.rs,128,pub,is_s1_declared,s1,is_physical_format_declared,rename,medium,1,callsite_validation,The final name preserves the domain operation while removing roadmap-order vocabulary.
FS-FN-0396,forge-store-physical-format,production_path,workspaces/forge-store/crates/forge-store-physical-format/src/binary_format/operation_complexity.rs,133,private,s1_locality,s1,physical_format_locality,rename,medium,1,callsite_validation,The final name preserves the domain operation while removing roadmap-order vocabulary.
FS-FN-0397,forge-store-physical-format,production_path,workspaces/forge-store/crates/forge-store-physical-format/src/binary_format/operation_complexity.rs,150,private,s1_bound,s1,physical_format_bound,rename,medium,1,callsite_validation,The final name preserves the domain operation while removing roadmap-order vocabulary.
FS-FN-0398,forge-store-physical-format,test_or_support,workspaces/forge-store/crates/forge-store-physical-format/src/binary_format/operation_complexity_tests.rs,10,private,every_required_s1_operation_has_verified_complexity_contract,s1,every_required_physical_format_operation_has_verified_complexity_contract,rename,medium,1,callsite_validation,The final name preserves the domain operation while removing roadmap-order vocabulary.
FS-FN-0399,forge-store-physical-format,test_or_support,workspaces/forge-store/crates/forge-store-physical-format/src/binary_format/tests.rs,140,private,incomplete_format_declarations_do_not_imply_s1_law,s1,incomplete_format_declarations_do_not_imply_physical_format_law,rename,medium,1,callsite_validation,The final name preserves the domain operation while removing roadmap-order vocabulary.
FS-FN-0400,forge-store-physical-format,production_path,workspaces/forge-store/crates/forge-store-physical-format/src/binary_format/witness.rs,23,pub,s1_canonical,s1,physical_format_canonical,rename,medium,1,callsite_validation,The final name preserves the domain operation while removing roadmap-order vocabulary.
FS-FN-0401,forge-store-physical-format,production_path,workspaces/forge-store/crates/forge-store-physical-format/src/bootstrap/catalog.rs,84,pub,s8_minimal,s8,minimal_layout_bootstrap_catalog,rename,high,1,callsite_validation,The final name describes the permanent constructor or operation rather than roadmap order.
FS-FN-0402,forge-store-physical-format,production_path,workspaces/forge-store/crates/forge-store-physical-format/src/checksum/coverage.rs,38,pub,s1_page_and_frame_crc32c,s1,physical_format_page_and_frame_crc32c,rename,medium,1,callsite_validation,The final name preserves the domain operation while removing roadmap-order vocabulary.
FS-FN-0403,forge-store-physical-format,production_path,workspaces/forge-store/crates/forge-store-physical-format/src/checksum/coverage.rs,318,pub,s1_required_covered_header_fields,s1,physical_format_required_covered_header_fields,rename,medium,1,callsite_validation,The final name preserves the domain operation while removing roadmap-order vocabulary.
FS-FN-0404,forge-store-physical-format,production_path,workspaces/forge-store/crates/forge-store-physical-format/src/checksum/coverage.rs,331,private,require_s1_header_fields,s1,require_physical_format_header_fields,rename,medium,1,callsite_validation,The final name preserves the domain operation while removing roadmap-order vocabulary.
FS-FN-0405,forge-store-physical-format,production_path,workspaces/forge-store/crates/forge-store-physical-format/src/extent_record/authority.rs,17,pub,s1,s1,for_canonical_physical_format,rename,high,1,callsite_validation,The final name describes the permanent constructor or operation rather than roadmap order.
FS-FN-0406,forge-store-physical-format,production_path,workspaces/forge-store/crates/forge-store-physical-format/src/facade/reopen.rs,12,pub,open_s1,s1,open_physical_format,rename,medium,1,callsite_validation,The final name preserves the domain operation while removing roadmap-order vocabulary.
FS-FN-0407,forge-store-physical-format,production_path,workspaces/forge-store/crates/forge-store-physical-format/src/facade/reopen.rs,25,pub,reopen_s1,s1,reopen,rename,high,1,callsite_validation,The final name describes the permanent constructor or operation rather than roadmap order.
FS-FN-0408,forge-store-physical-format,production_path,workspaces/forge-store/crates/forge-store-physical-format/src/facade/reopen.rs,80,pub(crate),reopen_s1,s1,reopen_from_verified_layout,rename,high,1,callsite_validation,The final name describes the permanent constructor or operation rather than roadmap order.
FS-FN-0409,forge-store-physical-format,production_path,workspaces/forge-store/crates/forge-store-physical-format/src/facade/replay_artifact.rs,25,pub,reopen_s1,s1,reopen_physical_format,rename,medium,1,callsite_validation,The final name preserves the domain operation while removing roadmap-order vocabulary.
FS-FN-0410,forge-store-physical-format,production_path,workspaces/forge-store/crates/forge-store-physical-format/src/facade/requests.rs,16,pub,s1_canonical,s1,physical_format_canonical,rename,medium,1,callsite_validation,The final name preserves the domain operation while removing roadmap-order vocabulary.
FS-FN-0411,forge-store-physical-format,production_path,workspaces/forge-store/crates/forge-store-physical-format/src/format_identity/magic.rs,7,pub,s1_store,s1,store_format_magic,rename,high,1,callsite_validation,The final name describes the permanent constructor or operation rather than roadmap order.
FS-FN-0412,forge-store-physical-format,production_path,workspaces/forge-store/crates/forge-store-physical-format/src/format_identity/magic.rs,24,pub,s1_initial,s1,initial_format_version,rename,high,1,callsite_validation,The final name describes the permanent constructor or operation rather than roadmap order.
FS-FN-0413,forge-store-physical-format,production_path,workspaces/forge-store/crates/forge-store-physical-format/src/generation/authority.rs,14,pub,s1,s1,for_canonical_physical_format,rename,high,1,callsite_validation,The final name describes the permanent constructor or operation rather than roadmap order.
FS-FN-0414,forge-store-physical-format,production_path,workspaces/forge-store/crates/forge-store-physical-format/src/header/authority.rs,18,pub,s1,s1,for_canonical_physical_format,rename,high,1,callsite_validation,The final name describes the permanent constructor or operation rather than roadmap order.
FS-FN-0415,forge-store-physical-format,production_path,workspaces/forge-store/crates/forge-store-physical-format/src/manifest/authority.rs,15,pub,s1,s1,for_canonical_physical_format,rename,high,1,callsite_validation,The final name describes the permanent constructor or operation rather than roadmap order.
FS-FN-0416,forge-store-physical-format,production_path,workspaces/forge-store/crates/forge-store-physical-format/src/manifest/universe.rs,87,pub,s1,s1,for_canonical_physical_format,rename,high,1,callsite_validation,The final name describes the permanent constructor or operation rather than roadmap order.
FS-FN-0417,forge-store-physical-format,production_path,workspaces/forge-store/crates/forge-store-physical-format/src/offline_verifier/verifier.rs,23,pub,s1,s1,for_canonical_physical_format,rename,high,1,callsite_validation,The final name describes the permanent constructor or operation rather than roadmap order.
FS-FN-0418,forge-store-physical-format,production_path,workspaces/forge-store/crates/forge-store-physical-format/src/page_record/authority.rs,20,pub,s1,s1,for_canonical_physical_format,rename,high,1,callsite_validation,The final name describes the permanent constructor or operation rather than roadmap order.
FS-FN-0419,forge-store-physical-format,production_path,workspaces/forge-store/crates/forge-store-physical-format/src/reference/authority.rs,15,pub,s1,s1,for_canonical_physical_format,rename,high,1,callsite_validation,The final name describes the permanent constructor or operation rather than roadmap order.
FS-FN-0420,forge-store-physical-integrity,production_path,workspaces/forge-store/crates/forge-store-physical-integrity/src/admission/entry/entry_admission.rs,13,pub,from_s3_payload,s3,from_physical_integrity_payload,rename,medium,1,callsite_validation,The final name preserves the domain operation while removing roadmap-order vocabulary.
FS-FN-0421,forge-store-physical-integrity,production_path,workspaces/forge-store/crates/forge-store-physical-integrity/src/checksums/checksum_declaration.rs,102,pub,admit_for_s3_entry,s3,admit_for_physical_integrity_entry,rename,medium,1,callsite_validation,The final name preserves the domain operation while removing roadmap-order vocabulary.
FS-FN-0422,forge-store-physical-integrity,production_path,workspaces/forge-store/crates/forge-store-physical-integrity/src/chunk_integrity.rs,18,pub,s3,s3,new,rename,high,1,callsite_validation,The final name describes the permanent constructor or operation rather than roadmap order.
FS-FN-0423,forge-store-physical-integrity,production_path,workspaces/forge-store/crates/forge-store-physical-integrity/src/index_page_integrity.rs,21,pub,s3,s3,new,rename,high,1,callsite_validation,The final name describes the permanent constructor or operation rather than roadmap order.
FS-FN-0424,forge-store-physical-integrity,production_path,workspaces/forge-store/crates/forge-store-physical-integrity/src/manifests/manifest_integrity.rs,17,pub,s3,s3,new,rename,high,1,callsite_validation,The final name describes the permanent constructor or operation rather than roadmap order.
FS-FN-0425,forge-store-physical-integrity,production_path,workspaces/forge-store/crates/forge-store-physical-integrity/src/quarantine/quarantine_posture.rs,12,pub,is_s3_mintable,s3,is_physical_integrity_mintable,rename,medium,1,callsite_validation,The final name preserves the domain operation while removing roadmap-order vocabulary.
FS-FN-0426,forge-store-physical-integrity,production_path,workspaces/forge-store/crates/forge-store-physical-integrity/src/quarantine/quarantine_posture.rs,16,pub,sealed_after_s3_mint,s3,sealed_after_physical_integrity_mint,rename,medium,1,callsite_validation,The final name preserves the domain operation while removing roadmap-order vocabulary.
FS-FN-0427,forge-store-physical-integrity,production_path,workspaces/forge-store/crates/forge-store-physical-integrity/src/wal_frame_integrity.rs,20,pub,s3,s3,new,rename,high,1,callsite_validation,The final name describes the permanent constructor or operation rather than roadmap order.
FS-FN-0428,forge-store-physical-isolation,production_path,workspaces/forge-store/crates/forge-store-physical-isolation/src/epoch/ordering.rs,83,pub,required_s5_ordering_contracts,s5,required_physical_isolation_ordering_contracts,rename,medium,1,callsite_validation,The final name preserves the domain operation while removing roadmap-order vocabulary.
FS-FN-0429,forge-store-physical-isolation,production_path,workspaces/forge-store/crates/forge-store-physical-isolation/src/epoch/publication.rs,109,pub(crate),s7_placeholder,s7,blob_placement_placeholder,rename,high,1,callsite_validation,The final name describes the permanent constructor or operation rather than roadmap order.
FS-FN-0430,forge-store-physical-isolation,production_path,workspaces/forge-store/crates/forge-store-physical-isolation/src/executed_isolation_evidence/authority_denial.rs,50,pub,reject_foundational_projection_as_s5_store_authority,s5,reject_foundational_projection_as_physical_isolation_store_authority,rename,medium,1,callsite_validation,The final name preserves the domain operation while removing roadmap-order vocabulary.
FS-FN-0431,forge-store-physical-isolation,production_path,workspaces/forge-store/crates/forge-store-physical-isolation/src/executed_isolation_evidence/authority_denial.rs,60,pub,reject_proof_projection_as_s5_store_authority,s5,reject_proof_projection_as_physical_isolation_store_authority,rename,medium,1,callsite_validation,The final name preserves the domain operation while removing roadmap-order vocabulary.
FS-FN-0432,forge-store-physical-isolation,production_path,workspaces/forge-store/crates/forge-store-physical-isolation/src/executed_isolation_evidence/authority_denial.rs,69,pub,reject_log_or_json_projection_as_s5_store_authority,s5,reject_log_or_json_projection_as_physical_isolation_store_authority,rename,medium,1,callsite_validation,The final name preserves the domain operation while removing roadmap-order vocabulary.
FS-FN-0433,forge-store-physical-isolation,production_path,workspaces/forge-store/crates/forge-store-physical-isolation/src/executed_isolation_evidence/authority_denial.rs,78,pub,reject_planned_or_support_projection_as_s5_store_authority,s5,reject_planned_or_support_projection_as_physical_isolation_store_authority,rename,medium,1,callsite_validation,The final name preserves the domain operation while removing roadmap-order vocabulary.
FS-FN-0434,forge-store-physical-isolation,production_path,workspaces/forge-store/crates/forge-store-physical-isolation/src/executed_isolation_evidence/executed.rs,89,private,assemble_executed_s5_closeout,s5,assemble_executed_physical_isolation_closeout,rename,medium,1,callsite_validation,The final name preserves the domain operation while removing roadmap-order vocabulary.
FS-FN-0435,forge-store-physical-isolation,production_path,workspaces/forge-store/crates/forge-store-physical-isolation/src/executed_isolation_evidence/interference_snapshot.rs,81,private,s6_handoff_interference_snapshot_declares_exact_store_counter_strength,s6,io_qos_handoff_interference_snapshot_declares_exact_store_counter_strength,rename,medium,1,callsite_validation,The final name preserves the domain operation while removing roadmap-order vocabulary.
FS-FN-0436,forge-store-physical-isolation,production_path,workspaces/forge-store/crates/forge-store-physical-isolation/src/executed_isolation_evidence/performance_receipt.rs,22,pub(crate),construct_s6_foundational_counter_receipt,s6,construct_io_qos_foundational_counter_receipt,rename,medium,1,callsite_validation,The final name preserves the domain operation while removing roadmap-order vocabulary.
FS-FN-0437,forge-store-physical-isolation,production_path,workspaces/forge-store/crates/forge-store-physical-isolation/src/executed_isolation_evidence/performance_receipt.rs,61,private,construct_s6_executed_performance_bundle,s6,construct_io_qos_executed_performance_bundle,rename,medium,1,callsite_validation,The final name preserves the domain operation while removing roadmap-order vocabulary.
FS-FN-0438,forge-store-physical-isolation,production_path,workspaces/forge-store/crates/forge-store-physical-isolation/src/movable_stability/counters.rs,23,pub,with_s7_promotion_denial,s7,with_blob_lifecycle_promotion_denial,rename,medium,1,callsite_validation,The final name preserves the domain operation while removing roadmap-order vocabulary.
FS-FN-0439,forge-store-physical-isolation,production_path,workspaces/forge-store/crates/forge-store-physical-isolation/src/movable_stability/counters.rs,28,pub,with_s6_qos_denial,s6,with_io_qos_denial,rename,medium,1,callsite_validation,The final name preserves the domain operation while removing roadmap-order vocabulary.
FS-FN-0440,forge-store-physical-isolation,production_path,workspaces/forge-store/crates/forge-store-physical-isolation/src/movable_stability/counters.rs,56,pub,denied_s7_promotions,s7,denied_blob_lifecycle_promotions,rename,medium,1,callsite_validation,The final name preserves the domain operation while removing roadmap-order vocabulary.
FS-FN-0441,forge-store-physical-isolation,production_path,workspaces/forge-store/crates/forge-store-physical-isolation/src/movable_stability/counters.rs,60,pub,denied_s6_qos_promotions,s6,denied_io_qos_promotions,rename,medium,1,callsite_validation,The final name preserves the domain operation while removing roadmap-order vocabulary.
FS-FN-0442,forge-store-physical-isolation,production_path,workspaces/forge-store/crates/forge-store-physical-isolation/src/movable_stability/non_claim.rs,40,pub,s5_stability_only,s5,physical_isolation_stability_only,rename,medium,1,callsite_validation,The final name preserves the domain operation while removing roadmap-order vocabulary.
FS-FN-0443,forge-store-physical-isolation,production_path,workspaces/forge-store/crates/forge-store-physical-isolation/src/readiness/proof_progression.rs,127,private,s5_entry_authority_witness,s5,physical_isolation_entry_authority_witness,rename,medium,1,callsite_validation,The final name preserves the domain operation while removing roadmap-order vocabulary.
FS-FN-0444,forge-store-physical-isolation,production_path,workspaces/forge-store/crates/forge-store-physical-isolation/src/readiness/proof_progression.rs,131,private,s5_entry_lowering_capability,s5,physical_isolation_entry_lowering_capability,rename,medium,1,callsite_validation,The final name preserves the domain operation while removing roadmap-order vocabulary.
FS-FN-0445,forge-store-physical-isolation,production_path,workspaces/forge-store/crates/forge-store-physical-isolation/src/readiness/scheduler_capability.rs,22,private,canonical_s5_non_claims,s5,canonical_physical_isolation_non_claims,rename,medium,1,callsite_validation,The final name preserves the domain operation while removing roadmap-order vocabulary.
FS-FN-0446,forge-store-physical-isolation,production_path,workspaces/forge-store/crates/forge-store-physical-isolation/src/readiness/scheduler_capability.rs,112,private,from_executed_s5_closeout,s5,from_executed_physical_isolation_closeout,rename,medium,1,callsite_validation,The final name preserves the domain operation while removing roadmap-order vocabulary.
FS-FN-0447,forge-store-physical-isolation,production_path,workspaces/forge-store/crates/forge-store-physical-isolation/src/readiness/shortcut_denials.rs,43,pub,require_rebound_s4_recovery_readiness_for_physical_isolation_entry,s4,require_rebound_recovery_readiness_for_physical_isolation_entry,rename,medium,1,callsite_validation,The final name preserves the domain operation while removing roadmap-order vocabulary.
FS-FN-0448,forge-store-physical-isolation,production_path,workspaces/forge-store/crates/forge-store-physical-isolation/src/reclaim_reachability/eligibility.rs,142,pub,lower_for_s6_reclaim_policy,s6,lower_for_io_qos_reclaim_policy,rename,medium,1,callsite_validation,The final name preserves the domain operation while removing roadmap-order vocabulary.
FS-FN-0449,forge-store-physical-isolation,production_path,workspaces/forge-store/crates/forge-store-physical-isolation/src/root_protocol/root_kinds.rs,67,pub,from_s5_entry,s5,from_physical_isolation_entry,rename,medium,1,callsite_validation,The final name preserves the domain operation while removing roadmap-order vocabulary.
FS-FN-0450,forge-store-readiness,production_path,workspaces/forge-store/crates/forge-store-readiness/src/evidence_fields.rs,39,pub,required_for_s1,s1,required_for_physical_format,rename,medium,1,callsite_validation,The final name preserves the domain operation while removing roadmap-order vocabulary.
FS-FN-0451,forge-store-readiness,production_path,workspaces/forge-store/crates/forge-store-readiness/src/evidence_fields.rs,56,pub,required_for_s2_foundational_residency,s2,required_for_physical_substrate_foundational_residency,rename,medium,1,callsite_validation,The final name preserves the domain operation while removing roadmap-order vocabulary.
FS-FN-0452,forge-store-readiness,test_or_support,workspaces/forge-store/crates/forge-store-readiness/src/evidence_fields_tests.rs,4,private,s2_foundational_residency_fields_keep_counter_boundary_terms_distinct,s2,physical_substrate_foundational_residency_fields_keep_counter_boundary_terms_distinct,rename,medium,1,callsite_validation,The final name preserves the domain operation while removing roadmap-order vocabulary.
FS-FN-0453,forge-store-readiness,production_path,workspaces/forge-store/crates/forge-store-readiness/src/foundational_adoption.rs,40,pub,required_for_s1,s1,required_for_physical_format,rename,medium,1,callsite_validation,The final name preserves the domain operation while removing roadmap-order vocabulary.
FS-FN-0454,forge-store-readiness,production_path,workspaces/forge-store/crates/forge-store-readiness/src/foundational_adoption.rs,150,pub,s1_all_public_lanes,s1,physical_format_all_public_lanes,rename,medium,1,callsite_validation,The final name preserves the domain operation while removing roadmap-order vocabulary.
FS-FN-0455,forge-store-readiness,production_path,workspaces/forge-store/crates/forge-store-readiness/src/physical_integrity/readiness.rs,14,pub,from_s2_bounded_residency_closeout,s2,from_physical_substrate_bounded_residency_closeout,rename,medium,1,callsite_validation,The final name preserves the domain operation while removing roadmap-order vocabulary.
FS-FN-0456,forge-store-readiness,production_path,workspaces/forge-store/crates/forge-store-readiness/src/physical_integrity/readiness.rs,30,pub,s2_readiness,s2,physical_substrate_readiness,rename,high,1,callsite_validation,The final name describes the permanent constructor or operation rather than roadmap order.
FS-FN-0457,forge-store-readiness,production_path,workspaces/forge-store/crates/forge-store-readiness/src/physical_integrity/readiness.rs,39,private,require_physical_recap_matches_s2_facts,s2,require_physical_recap_matches_physical_substrate_facts,rename,medium,1,callsite_validation,The final name preserves the domain operation while removing roadmap-order vocabulary.
FS-FN-0458,forge-store-readiness,production_path,workspaces/forge-store/crates/forge-store-readiness/src/physical_integrity/readiness.rs,109,private,s2_readiness,s2,physical_substrate_readiness_fixture,rename,high,1,callsite_validation,The final name describes the permanent constructor or operation rather than roadmap order.
FS-FN-0459,forge-store-readiness,production_path,workspaces/forge-store/crates/forge-store-readiness/src/physical_substrate/facts.rs,21,private,from_s1_closeout_counts,s1,from_physical_format_closeout_counts,rename,medium,1,callsite_validation,The final name preserves the domain operation while removing roadmap-order vocabulary.
FS-FN-0460,forge-store-readiness,production_path,workspaces/forge-store/crates/forge-store-readiness/src/physical_substrate/facts.rs,129,pub(crate),from_s1_physical_witnesses,s1,from_physical_format_physical_witnesses,rename,medium,1,callsite_validation,The final name preserves the domain operation while removing roadmap-order vocabulary.
FS-FN-0461,forge-store-readiness,production_path,workspaces/forge-store/crates/forge-store-readiness/src/physical_substrate/facts.rs,155,pub(crate),from_s1_closeout_evidence,s1,from_physical_format_closeout_evidence,rename,medium,1,callsite_validation,The final name preserves the domain operation while removing roadmap-order vocabulary.
FS-FN-0462,forge-store-readiness,production_path,workspaces/forge-store/crates/forge-store-readiness/src/physical_substrate/proof.rs,56,private,prove_s1_physical_handoff_evidence,s1,prove_physical_format_physical_handoff_evidence,rename,medium,1,callsite_validation,The final name preserves the domain operation while removing roadmap-order vocabulary.
FS-FN-0463,forge-store-readiness,production_path,workspaces/forge-store/crates/forge-store-readiness/src/physical_substrate/readiness.rs,15,pub(crate),from_s1_handoff_evidence,s1,from_physical_format_handoff_evidence,rename,medium,1,callsite_validation,The final name preserves the domain operation while removing roadmap-order vocabulary.
FS-FN-0464,forge-store-readiness,production_path,workspaces/forge-store/crates/forge-store-readiness/src/physical_substrate/readiness.rs,71,private,readiness_requires_s1_scope,s1,readiness_requires_physical_format_scope,rename,medium,1,callsite_validation,The final name preserves the domain operation while removing roadmap-order vocabulary.
FS-FN-0465,forge-store-reclaim-policy,production_path,workspaces/forge-store/crates/forge-store-reclaim-policy/src/reclaim_policy/reachability.rs,20,pub,from_s5_reclaim_reachability_removal,s5,from_physical_isolation_reclaim_reachability_removal,rename,medium,1,callsite_validation,The final name preserves the domain operation while removing roadmap-order vocabulary.
FS-FN-0466,forge-store-recovery-physics,production_path,workspaces/forge-store/crates/forge-store-recovery-physics/src/checkpoint_cutover/checkpoint_capture_mode.rs,37,pub,missing_s5_interleaving_assumptions,s5,missing_physical_isolation_interleaving_assumptions,rename,medium,1,callsite_validation,The final name preserves the domain operation while removing roadmap-order vocabulary.
FS-FN-0467,forge-store-recovery-physics,production_path,workspaces/forge-store/crates/forge-store-recovery-physics/src/offline_verifier/persisted_artifacts.rs,7,pub,strict_s4,s4,strict_offline_recovery_artifacts,rename,high,1,callsite_validation,The final name describes the permanent constructor or operation rather than roadmap order.
FS-FN-0468,forge-store-recovery-physics,production_path,workspaces/forge-store/crates/forge-store-recovery-physics/src/page_lsn_publication/dirty_publication_evidence.rs,18,pub,from_s2_publication,s2,from_physical_substrate_publication,rename,medium,1,callsite_validation,The final name preserves the domain operation while removing roadmap-order vocabulary.
FS-FN-0469,forge-store-recovery-physics,production_path,workspaces/forge-store/crates/forge-store-recovery-physics/src/page_lsn_publication/dirty_publication_evidence.rs,40,pub,s2_dirty_counters,s2,physical_substrate_dirty_counters,rename,medium,1,callsite_validation,The final name preserves the domain operation while removing roadmap-order vocabulary.
FS-FN-0470,forge-store-recovery-physics,production_path,workspaces/forge-store/crates/forge-store-recovery-physics/src/page_lsn_publication/no_undo_publication.rs,24,private,s4_redo_only,s4,recovery_redo_only,rename,medium,1,callsite_validation,The final name preserves the domain operation while removing roadmap-order vocabulary.
FS-FN-0471,forge-store-recovery-physics,test_or_support,workspaces/forge-store/crates/forge-store-recovery-physics/src/page_lsn_publication/tests.rs,358,private,accepted_s1_readiness,s1,accepted_physical_format_readiness,rename,medium,1,callsite_validation,The final name preserves the domain operation while removing roadmap-order vocabulary.
FS-FN-0472,forge-store-recovery-physics,test_or_support,workspaces/forge-store/crates/forge-store-recovery-physics/tests/scenarios/layout/btree/crash_boundary_layout.rs,10,private,phase22_recovery_source_and_crash_boundary_families_deny_residue_and_rollback_shortcuts,phase22,recovery_source_and_crash_boundary_families_deny_residue_and_rollback_shortcuts,rename,medium,1,callsite_validation,The final name preserves the domain operation while removing roadmap-order vocabulary.
FS-FN-0473,forge-store-recovery-physics,test_or_support,workspaces/forge-store/crates/forge-store-recovery-physics/tests/scenarios/layout/btree/readmission_layout.rs,9,private,phase22_readmission_binds_record_backed_readmission_to_an_admitted_lane,phase22,readmission_binds_record_backed_readmission_to_an_admitted_lane,rename,medium,1,callsite_validation,The final name preserves the domain operation while removing roadmap-order vocabulary.
FS-FN-0474,forge-store-recovery-physics,test_or_support,workspaces/forge-store/crates/forge-store-recovery-physics/tests/scenarios/layout/btree/replay_layout.rs,9,private,phase22_replay_index_and_bounded_tail_families_consume_phase21_authority,phase22;phase21,replay_index_and_bounded_tail_families_consume_authority,rename,medium,1,callsite_validation,The final name preserves the domain operation while removing roadmap-order vocabulary.
FS-FN-0475,forge-store-recovery-physics,test_or_support,workspaces/forge-store/crates/forge-store-recovery-physics/tests/scenarios/layout/btree/replay_layout.rs,53,private,phase22_bounded_source_and_valid_prefix_production_paths_consume_family_authority,phase22,bounded_source_and_valid_prefix_production_paths_consume_family_authority,rename,medium,1,callsite_validation,The final name preserves the domain operation while removing roadmap-order vocabulary.
FS-FN-0476,forge-store-recovery-physics,test_or_support,workspaces/forge-store/crates/forge-store-recovery-physics/tests/scenarios/layout/strategy_admission/checkpoint_cutover_layout.rs,23,private,phase21_recovery_manifest_and_cutover_rules_consume_checkpoint_authority,phase21,recovery_manifest_and_cutover_rules_consume_checkpoint_authority,rename,medium,1,callsite_validation,The final name preserves the domain operation while removing roadmap-order vocabulary.
FS-FN-0477,forge-store-s0-reclassification,production_path,workspaces/forge-store/crates/forge-store-s0-reclassification/src/handoff_claims.rs,237,pub,certify_current_s0_handoff_gate_proof_evidence,s0,certify_current_foundational_handoff_gate_proof_evidence,rename,medium,1,callsite_validation,The final name preserves the domain operation while removing roadmap-order vocabulary.
FS-FN-0478,forge-store-s0-reclassification,production_path,workspaces/forge-store/crates/forge-store-s0-reclassification/src/handoff_gate_proof_scan.rs,16,pub(crate),scan_current_s0_handoff_gate_proof_surfaces,s0,scan_current_foundational_handoff_gate_proof_surfaces,rename,medium,1,callsite_validation,The final name preserves the domain operation while removing roadmap-order vocabulary.
FS-FN-0479,forge-store-security,production_path,workspaces/forge-store/crates/forge-store-security/src/scope/security_scope_test_authority.rs,18,pub,admitted_store_internal_security_scope_for_s6_test,s6,admitted_store_internal_security_scope_for_io_qos_test,rename,medium,1,callsite_validation,The final name preserves the domain operation while removing roadmap-order vocabulary.
FS-FN-0480,forge-store-security,production_path,workspaces/forge-store/crates/forge-store-security/src/scope/security_scope_test_authority.rs,43,pub,admitted_wrong_s6_io_qos_security_scope_for_test,s6,admitted_wrong_io_qos_security_scope_for_test,rename,medium,1,callsite_validation,The final name preserves the domain operation while removing roadmap-order vocabulary.
FS-FN-0481,forge-store-snapshots,test_or_support,workspaces/forge-store/crates/forge-store-snapshots/tests/scenarios/layout/lsm/snapshot_layout.rs,8,private,phase23_snapshot_family_binds_snapshot_reads_to_admitted_image_authority,phase23,snapshot_family_binds_snapshot_reads_to_admitted_image_authority,rename,medium,1,callsite_validation,The final name preserves the domain operation while removing roadmap-order vocabulary.
FS-FN-0482,forge-store-test-support,production_path,workspaces/forge-store/crates/forge-store-test-support/src/harness/recovery/drivers/fresh_runtime.rs,7,pub,deterministic_s4_fresh_runtime_driver,s4,deterministic_recovery_fresh_runtime_driver,rename,medium,1,callsite_validation,The final name preserves the domain operation while removing roadmap-order vocabulary.
FS-FN-0483,forge-store-test-support,test_or_support,workspaces/forge-store/crates/forge-store-test-support/src/harness/recovery/fixtures/persisted_recovery.rs,8,pub,deterministic_s4_recovery_artifacts,s4,deterministic_recovery_artifacts,rename,medium,1,callsite_validation,The final name preserves the domain operation while removing roadmap-order vocabulary.
FS-FN-0484,forge-store-test-support,test_or_support,workspaces/forge-store/crates/forge-store-test-support/src/harness/recovery/fixtures/persisted_recovery.rs,12,pub,s4_recovery_artifacts_with_operation_digest,s4,recovery_artifacts_with_operation_digest,rename,medium,1,callsite_validation,The final name preserves the domain operation while removing roadmap-order vocabulary.
FS-FN-0485,forge-store-test-support,test_or_support,workspaces/forge-store/crates/forge-store-test-support/src/harness/recovery/fixtures/persisted_recovery.rs,18,pub,reordered_s4_recovery_artifacts,s4,reordered_recovery_artifacts,rename,medium,1,callsite_validation,The final name preserves the domain operation while removing roadmap-order vocabulary.
FS-FN-0486,forge-store-test-support,test_or_support,workspaces/forge-store/crates/forge-store-test-support/src/harness/recovery/fixtures/persisted_recovery.rs,25,pub,runtime_disagreement_s4_recovery_artifacts,s4,runtime_disagreement_recovery_artifacts,rename,medium,1,callsite_validation,The final name preserves the domain operation while removing roadmap-order vocabulary.
FS-FN-0487,forge-store-test-support,test_or_support,workspaces/forge-store/crates/forge-store-test-support/src/harness/recovery/fixtures/persisted_recovery.rs,29,pub,runtime_state_mismatch_s4_recovery_artifacts,s4,runtime_state_mismatch_recovery_artifacts,rename,medium,1,callsite_validation,The final name preserves the domain operation while removing roadmap-order vocabulary.
FS-FN-0488,forge-store-test-support,test_or_support,workspaces/forge-store/crates/forge-store-test-support/src/harness/recovery/fixtures/persisted_recovery.rs,33,pub,incomplete_s4_recovery_artifacts,s4,incomplete_recovery_artifacts,rename,medium,1,callsite_validation,The final name preserves the domain operation while removing roadmap-order vocabulary.
FS-FN-0489,forge-store-test-support,test_or_support,workspaces/forge-store/crates/forge-store-test-support/src/harness/recovery/fixtures/persisted_recovery.rs,38,pub,duplicate_role_s4_recovery_artifacts,s4,duplicate_role_recovery_artifacts,rename,medium,1,callsite_validation,The final name preserves the domain operation while removing roadmap-order vocabulary.
FS-FN-0490,forge-store-test-support,test_or_support,workspaces/forge-store/crates/forge-store-test-support/src/harness/recovery/fixtures/persisted_recovery.rs,48,pub,malformed_s4_recovery_record,s4,malformed_recovery_record,rename,medium,1,callsite_validation,The final name preserves the domain operation while removing roadmap-order vocabulary.
FS-FN-0491,forge-store-test-support,test_or_support,workspaces/forge-store/crates/forge-store-test-support/src/harness/recovery/fixtures/recovery_entry.rs,10,pub,admitted_s4_recovery_entry,s4,admitted_recovery_entry,rename,medium,1,callsite_validation,The final name preserves the domain operation while removing roadmap-order vocabulary.
FS-FN-0492,forge-store-test-support,test_or_support,workspaces/forge-store/crates/forge-store-test-support/src/harness/recovery/fixtures/recovery_entry.rs,14,pub,admitted_s4_partial_publication_recovery_entry,s4,admitted_recovery_partial_publication_recovery_entry,rename,medium,1,callsite_validation,The final name preserves the domain operation while removing roadmap-order vocabulary.
FS-FN-0493,forge-store-test-support,test_or_support,workspaces/forge-store/crates/forge-store-test-support/src/harness/recovery/fixtures/recovery_entry.rs,18,private,admit_recovery_entry_from_s4_handoff,s4,admit_recovery_entry_from_recovery_handoff,rename,medium,1,callsite_validation,The final name preserves the domain operation while removing roadmap-order vocabulary.
FS-FN-0494,forge-store-test-support,test_or_support,workspaces/forge-store/crates/forge-store-test-support/src/harness/recovery/fixtures/recovery_readiness.rs,19,pub(super),s3_readiness,s3,physical_integrity_readiness,rename,medium,1,callsite_validation,The final name preserves the domain operation while removing roadmap-order vocabulary.
FS-FN-0495,forge-store-test-support,test_or_support,workspaces/forge-store/crates/forge-store-test-support/src/harness/recovery/fixtures/recovery_readiness.rs,41,pub(super),s2_readiness,s2,physical_substrate_readiness,rename,medium,1,callsite_validation,The final name preserves the domain operation while removing roadmap-order vocabulary.
FS-FN-0496,forge-store-wal,test_or_support,workspaces/forge-store/crates/forge-store-wal/tests/scenarios/layout/strategy_admission/layout_families.rs,19,private,phase21_wal_append_tail_and_checkpoint_rules_drive_public_layout_access,phase21,wal_append_tail_and_checkpoint_rules_drive_public_layout_access,rename,medium,1,callsite_validation,The final name preserves the domain operation while removing roadmap-order vocabulary.
FS-FN-0497,forge-store-wal,test_or_support,workspaces/forge-store/crates/forge-store-wal/tests/scenarios/layout/strategy_admission/layout_families.rs,99,private,phase21_replay_tail_rejects_non_replay_record_kinds,phase21,replay_tail_rejects_non_replay_record_kinds,rename,medium,1,callsite_validation,The final name preserves the domain operation while removing roadmap-order vocabulary.
